301769 141538 2 7,9,11,6,4,4,4
32259 55142 3 14,6,4,4
294248 241802 2 13,5,3
161636 14391 1 8,7,5,2,4,8
316152 377825 2 12,4,12,3,4,13
220507 174669 2 1,15,4,14,10
220715 381161 2 3,9,9,5
194125 42885 2 5,9
309887 168753 2 1,1,6,1,5,7,3
281687 98184 1 6,8,14,11,1,4,13
193431 337452 3 11,8
110646 266709 3 3,15,11,9,7,4,7
142344 320991 3 6,10,8,4,0
245969 211839 3 13,3,5,10,3,7,4
59144 81371 3 1,8
363742 331707 1 4,12,7,0,8
15225 3952 3 6,8,6,8,2
262237 172332 2 8,7,9,8,8,15
201250 163590 2 12,8,4
145119 289166 2 0,4,0
53356 348434 3 7,2,15,2
260830 196140 2 4,3,6,4
8913 92837 3 8,3,4,8,15,2,7,12
376054 364908 3 10,0,3,14,6,10,1
326529 31197 2 1,7,0,1
107238 233703 1 2,8,1,1,14,2
66233 104383 3 13,8,4,1,8
241413 230373 2 7,5,1,4,2,4,1,3
316810 99100 1 4,7,5,10
238809 262799 2 6,1,6,1,12,0
373569 20702 3 3,4,3,7
349238 155622 1 9,1,12,11,7,1,14
189167 14922 3 14,12
90616 3988 1 12,8,1,13,14,12,6
150328 358639 1 3,3,5,4,5,7,4
238635 161639 3 12,14
135837 320515 3 4,12,0,12,1,4,8
211644 85637 1 9,5,14,2,6,5,4
108676 213741 3 6,15,15,9,6,8,0,8
268831 104752 2 0,8,12,15
29152 238763 1 7,3,13,8,4,6,6,10
110099 73822 3 7,14
151430 8956 3 1,8,1,1
28229 370834 3 1,13,8,12,14,5,12,3
363826 176227 3 8,14,2,1,9
33575 151032 1 4,7
329577 160117 1 4,4,8,5
136326 56504 1 2,7,14,3,4,13
213547 123211 3 4,14,13,3,12,7,5
321058 288813 2 8,6,13
171127 295955 3 5,14,1
313443 264840 1 5,4
298685 59898 3 4,5,4,4,12,0,7
248638 165772 1 8,6,4,13,1,5,14
217901 328671 2 6,1,2
283331 81056 1 3,0,0,4,11
296238 197687 2 4,14,3,3
289602 75690 3 6,3,14
256933 296100 1 5,12,4,10,3,8
347671 324934 3 4,13,6,5,7,14
324701 165277 3 8,3,5,6,14,2
65939 172976 3 2,3,12,9,6,4,14,7
112777 231968 3 3,6,6,1
1099 165278 1 3,13,4
331973 292898 3 13,13
257890 138627 1 10,4
311476 273812 2 3,7,8,5,6,3
308130 38143 2 1,12,1,4,8,15
287374 184653 3 2,7,13,3
309854 13051 1 1,8,5,4
275089 252536 3 7,2,8,13,10
69060 25353 3 5,2,8,8,3,14
332865 148784 1 4,8,1,9,9,11
85135 379741 1 4,4,8,14
3791 295673 3 8,5,13,7,3
228566 132871 3 6,9
7421 149741 2 4,2,9,4,1,6,8
334478 228862 2 3,9,14
380858 91738 2 1,5,10,4,6,1,9,8
52987 88419 3 0,14,8,14,10,13,7,1
345975 49854 2 6,0,9,6,9,8
149360 372931 1 5,1,7,14,14,14,5
174763 333293 2 6,7,4,7,12,1,6,3
115464 131904 2 4,11,13,11,12
152777 201073 3 0,2,10,15
93190 307919 2 4,5,8
142865 287544 3 12,7,13
135168 222283 3 4,9,0,4,6,9,5,7
269994 29110 2 12,7
128587 103726 2 12,3
323405 333785 3 8,3,3,10
14953 273034 1 7,2,12,0,10,1
252412 203849 1 7,11,12,4,1,4
168118 315915 3 7,12,12,6,13,7
14240 362175 2 2,14,10,12,9
46940 365782 3 9,13
348634 88121 2 5,1,11
209408 291313 1 4,4,1,5,4,3,9
170067 268118 2 1,5
216031 47529 1 5,3,8
329406 167905 2 11,1,5,3,4
281938 337334 1 8,10,7,2,3,5
186396 325591 2 12,2,5,7
69249 216144 2 8,7
107168 97949 3 4,4,3,7,13,3,8
203528 29842 1 7,8,3,15
133939 247625 1 12,7,4,6
28836 175624 3 4,13
66316 268074 2 12,15,4,1
345903 319001 3 14,12,7
123096 14096 2 5,9,5,6,12,1,3
30051 327587 3 6,12,6,7
193428 92098 3 8,4,4,1,8,5
244505 122790 3 9,3,3,10,4,1
202982 338711 1 11,3,13,0,0
190291 316338 3 14,5,1,3,5
182149 173806 1 10,6,3,5,1,3,12,10
308309 101109 2 6,2,4,9,1,6
81699 342585 2 9,1,4
368024 259513 3 11,12,1,8,7
204739 129136 2 8,12,0,3,14,13
211818 280445 2 4,1,7,1,11
53739 223947 2 8,5,0,12,13,6,12
354698 119267 3 6,8
225471 179992 3 7,12,8
346048 165531 1 2,4,9,12,9,7,8
117092 65861 1 14,0,6,10,2,8,1,11
335351 280318 2 5,1,15
33533 97853 1 11,0,8,2,14,11,8
281737 374295 2 6,3,7,9
324852 167514 1 7,4,14,6,7,12,1
155188 149870 1 7,1,4,14
190119 188777 3 13,0,12,11,7,7
67210 218361 2 8,12,1
338804 234861 3 7,1,3,7,13,10,4,1
332467 210325 2 3,14,8,3,12
7937 229843 1 4,7,12,4,8
295777 297302 3 13,12,12,12,9,0
154260 269351 2 11,1,3,8,4,1
215147 229166 3 2,5
12370 36933 2 0,7,7,1,8
83378 348798 2 3,12,3,8,5
287537 180039 2 7,8,3,3,4
134066 132418 3 8,5
303328 367912 2 7,5,4,4
279129 3094 2 3,3,4,13,2,11
253565 112633 3 7,14,4,4
330867 61865 1 5,7,7
298758 189433 2 11,10,7,12,4,15,14,6
205467 142017 1 12,13
233553 252846 3 12,13,1,8,9
255323 141367 2 13,1
48284 357980 3 6,1,8,1,8,1,12,8
201274 226207 2 6,3,1,12,13,14,11,14
85412 234962 1 13,0
230228 327648 3 12,13,13,4
88224 195205 2 12,0,4
2148 233211 2 3,8
141184 183586 1 4,1,9,4,5,3
6903 222199 1 7,4,2,15,6,9,2
49708 160854 2 4,13,3,2,13,7,9,4
202395 16672 3 3,0
256360 252722 1 3,9
40339 124792 1 0,6,3,4,14
170545 151721 2 1,12,4,13,3,1,6,9
223770 340730 3 7,4
73396 93773 1 8,14,9,14,1,11
131276 297114 2 7,0,2,11,12,13,6
198164 66204 3 15,2,13,1
229927 217508 3 10,15
285999 78943 3 4,9,3,8
163045 149200 1 10,13,3,7,9,4,12,13
330532 256297 1 4,9,5,3,5
375424 101459 1 8,0,5,8,4,14,7,13
71975 338208 2 8,14,2
119332 19312 2 6,0,3,14,1,11,2
374327 125539 3 13,4,1,5,15,10
342204 156129 2 2,0,13,8,13
46901 40881 1 13,12,10,1,13
286438 61972 1 8,8,13,2,9,0,6
325688 46273 3 3,7,1,1,2
129187 23180 3 5,5,3,13,4
118722 82728 1 15,9,5,11,11,1,14
338248 135804 3 4,13,3,5,14,2,4
351328 46629 3 6,1,8,14,4
300562 335052 1 13,7,5,15,8
68614 117308 2 14,5,7,4,15,1
228717 8564 1 15,14,1,3,2,8
77317 306196 3 1,15,14,7,3,10
284755 77514 2 6,4,5,7,3
27063 329374 3 7,3,13
276240 175917 2 4,7,14,5
131875 221992 3 0,11,7,5,3,9,10
24349 231262 1 8,8,0,7,9,15,0
101881 317707 3 7,6,12,1,8,8,14
79370 286768 3 3,12,3,5,3,3
162798 17201 2 14,10,7,4,3,13,4,14
3721 129088 1 4,6,1,6,1,2
294089 339527 2 7,11,3,9,12,4
146215 319648 2 14,13,1,2,8,5,3
334370 314061 1 6,12
175556 257202 1 4,7,6,12
237628 8285 1 7,1,14,3,12,12,3,7
145177 322739 1 13,3
306393 101211 3 8,14,8
4537 97023 2 2,6,6,3,3,6,8,9
249840 118467 3 6,4,0,8,12,3,14,1
120987 81790 3 12,8,4,13,2,12,3
269850 360378 1 1,8,7,5
114098 258871 3 2,7,10,2,12
109486 284418 2 4,6,3,7,3,11,1
255306 200260 3 3,5,3,5,1,14,8,3
100503 240495 1 5,7,8,14,5,12,3,4
79457 52871 1 7,3,5
104406 62571 1 3,3,6
243880 359785 2 7,11
155837 373253 3 9,14,4,9,9,3,8
23028 317026 2 9,4,1,8,14
93054 312788 2 12,12,10,11,8
213366 309432 1 4,8,0,14,9,10,8,3
191905 212520 3 1,13,8,9,0,1,14,5
34852 113940 1 7,1,1,7,3,7,3,12
296726 49163 1 2,9,9,7
91409 31748 1 9,4,15,1,14,14,14,5
309072 206797 1 8,5,12,0,7,5,8,12
55815 69979 2 5,6
194914 101134 2 7,7,11,12,10,6,6,9
230976 283500 3 15,7,3,7,6,2,1
58091 340433 3 1,8,8,7
235668 325614 1 12,1,5,4,3,4
11524 211252 2 14,12,7
77380 311314 2 8,1,2,6,8
51152 51745 2 6,12,8
5274 129876 1 8,3,4,12,4
323439 331946 1 7,4,12,5,2,7,5
170770 333378 3 5,5,8,0,15,4
237092 202635 2 11,14,1,10
328795 96141 1 10,7,12
338469 335819 3 9,3
154784 104266 1 13,0,12,8,13,0,14,11
337 107493 1 8,1,3
172240 5928 1 12,8
208578 361165 1 13,6,10,13,6,11,12,5
285346 280979 3 8,0,2,1
366252 30946 3 11,13,7,13
121123 115234 3 8,13,4,13,5,9,7
219179 322570 1 8,14,10,3,12,8
60910 120132 1 12,3,4
99237 194190 2 13,7,3,5
312730 86362 2 3,4,4
19365 123083 2 3,1,3,5,12,6,5
3157 214977 2 8,8,9
201903 314032 2 3,1,5,8
298395 67758 1 3,0,2,13
291151 369213 3 1,9,7,11,6,13,1,3
4705 281889 3 14,6,5,8,8
138724 222201 2 5,0,8,11,8,4
241218 93825 3 8,15,5,13,6,7,14
286089 321562 1 1,5,10
38819 15738 1 14,12,8
98079 304963 3 8,4
186185 234700 2 3,7,5,4,9
258597 177718 3 1,5,7
341409 367584 2 13,13,8,6,6,3,13
195669 187953 3 5,4,12,11,3,7,7
265126 162393 2 1,1,6,3,10
109531 195137 1 8,12,9,8,4,3,12,1
77528 353012 2 12,3,12,8,6,8,4
369683 354039 2 13,2,14
265498 80691 2 3,5,3
152555 344579 2 3,4
101753 88759 2 3,12
231978 217594 3 5,0,6,5,4,1,7
222468 260526 2 7,12,8
48275 231147 1 6,3,4,5,13,3,0,14
202519 79667 3 1,8,8,8,0,5,7,13
347518 39051 2 4,13,4,7,5,5,4,3
220180 357739 3 11,7,3,11
9263 234711 2 4,3,13,3,6
175494 106044 3 9,12,7,4,6,1
149506 304414 2 1,14
269739 285774 2 3,8,14,1,7,5
245383 88959 1 8,6,3,5,6,14,15,4
367366 208724 3 4,6
213025 10702 2 7,8,7,14,0
29844 275928 1 6,7,14,12,3,4,1,5
347533 126445 3 7,4,9
213223 363513 2 4,6,7,4,2,1
76755 38444 1 2,5,1,12
329918 165664 3 9,12,3,4,6,8,13
135885 210948 3 4,2,5
336307 231149 1 5,15
127981 217400 3 3,11,13,11
310818 368133 1 5,15
278569 376782 2 4,8,9,7,4,6,8,1
346194 83944 3 4,7,7,6,8,4,1
314654 28136 1 12,7,7
158504 79807 2 5,0,6,12,3,8
181034 191749 2 5,15
235874 183148 1 10,5,0,9,7,9,5
343810 162254 1 12,9,3,2,1,15,7
250887 138937 3 5,3,6,13,11,5
105427 125939 2 7,5,8,6
302959 114508 2 9,6,2,3
354745 382109 1 8,4,2,3
122294 293674 3 5,0,8,7,12
179090 35207 2 10,7,1,2,5
289410 232669 2 8,1,13,7,5
374679 22665 3 13,5,12
182670 174686 1 4,5
52441 356134 1 5,7
11354 231404 1 4,6,12,11,5,13,8
3822 247157 1 8,6,2,15,1
7920 247915 3 6,8,8,2,10,7,4,6
152410 167368 3 8,9,15,15
4859 126083 1 12,5,11,4,3,12,7
175425 332611 2 3,9,4,1,13,13,1,5
81620 46175 3 1,15,9,9,6,7,4,12
242087 21978 3 12,9,6,4,1,7,7
95346 37772 1 6,3,5,4,2,6,6,9
144676 130530 1 5,12,1,14,6,8,14,2
272842 139639 2 6,5,14,4,13,13,14,5
369680 342267 1 14,3,13,7,14
334763 326123 1 4,8,7,6,8,1,2
271545 111119 3 4,5,4,12,5,3,3,5
318983 97389 3 4,13,1,8,3,5,7
120548 135824 2 5,5,4
201807 195136 1 11,1,5,10,4,7
201239 373241 3 8,1,8
368983 321225 3 3,6,7,5,4,12
207299 144810 2 12,6
160860 75024 1 6,8,13,2,5
51458 84338 1 1,8,1,1,3
142806 56304 1 9,15,8,6,4
372613 320994 3 7,3,2,8,9,7,2
362515 191474 1 10,9,0
365598 378581 3 8,12,4,2,9,10,2,10
298989 138348 1 1,13,6,4,3,12,10,8
346838 253390 2 4,13,6,14,7,4
136419 145519 1 4,15,8,11,5
58071 178301 1 8,4,13,8,7
174291 294424 1 5,5,9
139344 153203 1 5,0,8,13,12,5,3,5
97385 376170 1 11,2,4,7,2,14,4
4036 160756 1 3,12,2,3,1
225326 310706 3 0,7,4,13,8,5,2,15
305182 152517 1 7,5,15,3
266879 284419 2 5,15,5,6,1,7,3,10
59954 209010 3 3,2,6,6,7,12
88245 264846 1 3,3,15,4,5,15
61916 57624 1 15,6,4
175206 259057 2 12,7,8
260338 261671 1 7,13
376129 373780 3 5,6,14,12
25368 35679 2 7,4,5,6,5,3,4
292718 120150 3 1,8,3,7
352915 324762 2 4,3,6,10
269304 285591 2 4,14,1
75053 4050 3 1,15,5,7,12,5,2,5
356560 101415 2 5,6
26449 324562 3 5,5,4,15,6,5
15723 327662 3 0,12,10,3,14
299609 248644 1 0,8
236991 283850 1 10,5,12,12
34125 337852 3 2,12,5,7
357208 155602 1 13,5,8,15,6,2,3
292887 203719 1 3,3,4,5,7,8,10,7
78080 255177 2 2,1
360294 225557 1 8,3,7
321207 366917 1 14,6,3,5,6,2
250903 183516 2 2,2,12,8,2
294082 168406 3 12,1
139830 238692 2 1,2,3
88205 250835 2 8,4
250639 130992 1 8,0,7,8
155248 335505 2 4,4,12
41482 271448 2 11,1,8,14,1,15,4,5
158673 256530 2 11,8,8,4,6,6
182742 261695 1 2,0,4
141728 323034 3 10,8,15
174005 174681 2 7,4,4,9,5,10,13,3
19594 12969 3 3,6
275891 368335 2 5,1,5,4,6
177001 122011 1 4,7
332014 266375 2 7,2
288633 248361 1 3,15,5
227386 278150 1 1,5,4,7,6,4,3
39133 192528 2 5,3,15,5,4,3
44687 104140 3 8,8,6,7,6,13,5,4
14994 94577 2 1,0,3,10,6,4,3
150007 244394 1 10,9,3,15
301011 377819 1 1,4,3
98117 378358 1 14,5,1,8,1,15,7,8
273562 143714 1 9,3,13,1,4,7,7
258004 125234 2 1,5
352206 232953 2 8,14,4,5,3
50278 38266 2 4,9,0,3,5,4,1,8
138946 243667 1 2,6,8
99990 45961 3 3,7,3,3,9,6
117853 19672 3 4,3,7
187234 61359 2 4,10,15,14
179427 30170 2 14,14,3,7,1
332908 304821 2 4,8,14,14,12,0,2
314763 231440 2 15,3,12,10,9,2,4
292553 44335 1 3,3,14,15
187797 293309 3 12,11,1,4,12,3
66773 179545 1 7,6,4,10,3,1,9,2
117358 175095 2 7,15,4,8,9,3
281590 155644 1 4,7,1,3,8,3,7
44282 33715 3 8,11,4,0,1,5,4
108241 158117 2 15,12,0,12,6,4
128836 39756 3 8,7,10
160015 335847 1 3,7
303693 76311 2 6,3,3
353287 240550 1 0,6,5,4,11
138845 46399 2 8,3,7
145786 192923 1 12,14
213462 319759 2 3,7,6,15,1,14,10,0
135586 299885 2 6,3,14,10,3
78873 247905 1 2,12,10,5,13
910 252974 2 7,4,1,14
129935 123035 2 7,8,9,3,5
288629 319901 3 13,8,1,12,6,4,3,8
125635 193957 1 9,12,1,12,4,9,15,1
279871 82859 2 0,13,5,15,7
65141 348145 1 7,8,7,0,2
275107 250201 3 3,5,0,0
293651 34387 3 3,3,2,7,9,14,0,7
184577 111702 2 13,6,1,13,6
250112 17758 1 12,13,15,3,1,15,7,5
53884 14425 1 12,11,4,2,15,14
369831 69741 2 13,13,1
353445 42799 3 1,9,4,8,6
345340 60750 2 10,4
334337 32111 3 10,0,9,8,5,11,1,7
239292 164786 3 12,15,8
292039 140838 3 12,3,3,11,8,13,1,6
358262 84660 2 0,9,4,7,6,3,3,4
116869 339835 2 15,6
255191 298311 2 0,6,15,1,4
320648 285653 2 5,4
383078 187024 3 3,5,0,6,13,8,11
366124 346453 1 4,8,3,8,9,3,14,8
81868 215044 1 1,7,2,1,1
162028 310975 3 9,1,7,3,7,1
282871 326823 3 3,14,7,10
280580 142664 2 4,0,7,13,3,1
248245 191339 3 15,8
321028 49020 3 1,6,15
98993 381549 1 2,0,5,2,2,4,4,14
214178 82283 1 7,0,4,8
288347 22329 1 3,4,3,6,5,8,14
230989 65736 1 12,4,10,6,8,9
116377 93599 2 5,3,8,11,12
226821 348781 3 5,4,13,3,12
309725 321461 3 6,5
303509 114993 3 1,3
152654 47311 3 10,9
11322 138806 1 8,0,8,5
357608 118152 2 14,0
82456 131788 1 6,8,8,6,7,2,1
75894 150837 1 2,7,15
209882 265485 1 8,1,1,6,14
79452 87716 1 5,3,6,3,5,14
78915 207050 1 1,14,13,1,13,9
278326 328056 3 5,14,2,5,3,8
149931 288429 1 8,12,1,1
101490 323960 3 6,13,8,8,15,3
331850 310505 3 8,8,6,8,3,12,3,7
81734 182158 3 0,6,6,10,13,3,14,4
137188 356906 2 8,15,6
56435 244279 3 10,11,0,9,10,6
269862 98956 2 9,0,5,7
83627 347157 3 4,7,10,7
362348 159300 2 4,13
370545 19349 3 15,4
273056 332660 1 5,15,7,3,7,7
112121 142345 3 7,5,9,0,7
138283 215927 3 1,12,8
301968 252365 1 6,5,8
216246 163049 1 3,15,2,8,3
263426 279458 2 8,8
234966 127759 3 2,0,14,8,2
290036 47957 2 12,9,3,0,14,9
207618 85692 1 3,13,13,7,10,4,4
358851 318836 3 8,5,13,11,3,6
183040 81938 2 2,14,6,13,0,11
74946 142494 1 5,8,5,6
217873 100928 1 7,12,5,7
168561 48433 3 8,11
96317 54810 3 13,7,5,5,8,13
4116 58858 3 5,4,4,0,4,4,12
312410 71048 2 4,12,7,13,4,5,9
358493 218629 1 5,14,11,1,5
321470 234892 2 13,12,7,1,15
84052 337544 1 1,1,3,0
326597 131523 1 14,6,8,12,10,15,8
30029 186057 2 3,13,2,4
175386 147545 1 8,4,9
120984 227274 2 4,5,12,1,13,10,8
142988 342922 2 8,13,9
222506 357208 3 7,13
229540 211609 2 8,9,8,13,8,3,1,14
175771 15362 3 8,5,8
106575 317499 2 7,0
280812 370390 1 4,1,3,2,7,8,12
352247 279755 1 8,3
145856 13725 1 12,12,7,9
66981 357268 3 4,1,7
193560 316025 1 6,9,14,3,14,12,2,4
371385 203762 2 4,11,6
38940 253169 2 3,12,7,0,8,1,11,2
174661 43824 2 13,1,1,4,6,7,13
313902 48422 3 7,6,2
248905 10078 1 12,1,8
192733 186057 1 7,1,2,12,8,14,12,6
204099 104418 2 5,11,2,9,8,8,7,14
200779 113199 1 7,3,14,8,12,13
16957 148398 2 9,5,4,11,13,2,3
118243 140899 1 7,2,7,14,0,6
61353 170573 3 3,14,2
153803 269265 1 6,5,7,5
343659 37090 1 3,1,8,5,4,1,5
268218 220686 1 7,12,4,5
157048 175416 1 4,6,2,4,12,0,7,9
349782 346785 2 12,4
80478 226351 3 7,9,1
195711 250822 2 15,6,14
142743 194221 1 7,4,4,13,12,6,11
313216 47360 2 12,7,9
5789 46745 1 14,9,3,14
114724 329692 3 2,15,5,3,3,14,5
312931 305128 3 4,8,1,3
335667 171677 3 7,2,1,3,8,3
378191 320312 1 7,7
293934 264734 2 6,12
76956 295462 1 4,1
23753 278659 1 3,12,12
108384 8091 1 8,4
295809 368296 2 2,4,0
213181 311291 1 5,2
72037 124606 3 10,13
211887 14966 1 1,5
223645 32632 1 8,13,9,12,1
154013 272859 2 13,3,7,9,3,7
192453 262152 3 5,2,4
55309 13571 2 6,4,6,5
23708 305733 3 12,7,5,3,5,5,7,1
336457 175175 1 1,2,7,4
106310 224443 1 7,5
72701 269110 3 14,0
154302 86344 2 15,7
313997 302317 3 1,5,4,9,7,1
372104 146291 1 13,8,13,0,14,2
147779 358467 2 11,6,6,8
169309 235906 2 5,1,7,12,8,4,4,14
56873 294458 2 5,8,7,8,0,1,3,12
92325 294301 1 3,13,5,0,14,11,15,5
102676 365926 1 15,1,0,5,8,6,12
93309 286921 2 2,2,3,8
278185 119720 1 5,5
253916 358679 3 4,15
288989 324741 2 5,1,9,1
314199 189414 1 1,14,8,7,0,8,6,4
164924 240425 1 11,6
211562 199457 1 15,8,13,5
56049 105609 2 14,0,1
374099 54219 3 3,4,1,6
280507 119776 2 8,4,0,6,7,4,12,7
377175 128387 1 13,4,13,4,9,3,7,7
213816 281573 1 8,4
245232 326502 2 1,8,6,13,3,15,12
258403 41152 1 2,9,5,3,5,5
38272 239365 2 6,5,8,4,12,4,2,12
358788 83076 1 7,1,12,3,14
220671 323189 2 5,3,7,8,3,3,4,3
347347 150004 3 6,5
7522 36855 1 14,6,5,14,10,8,7
68967 258919 1 15,4,15,1,4,6
71047 125744 1 9,8
213653 27705 2 11,7,12,6,4,3,12,12
40265 331368 2 0,9
140953 163149 2 0,1,1,0,12,3,0
382880 116574 1 1,7
184302 185650 1 14,8,1,13,1,7,4
371879 90064 1 3,11,2
176827 81504 2 4,3,1,15,14,7
367191 306712 3 2,8,15,6
162977 189699 3 4,4
305895 69638 2 0,8,3,2,7,8,4,8
290594 186985 3 9,4,0,6,1,4,8
18364 279007 3 6,1,1,4,1,8,15
337762 200621 3 10,6,1,14,5,4,7
183365 12764 1 6,4,15,3,8
290986 213733 1 14,8,9
59948 10487 3 4,8,1,3,13
297323 16382 1 8,5
261118 255896 2 3,4,7,7,1,5,7,10
17856 5728 2 14,13,1,13,8,8,15,8
329511 146355 2 3,15,4,10,9
241994 53917 1 7,5,0
187857 108457 1 5,6,1,3,2
382619 364323 1 4,8
119940 272442 3 6,8,11
62245 325489 2 8,11,1,10
125326 276757 2 6,7
145744 217697 2 12,1
221780 204052 2 1,7,6,11,12,9,3
335231 134379 2 1,12,5,12,1
95629 251831 1 8,5,9,9
28944 53723 3 5,4,15,1,3,7
227236 154750 2 0,15,4,4,3,3,7
350937 74699 1 14,8,8,5,12,2
300868 162961 3 3,7,8,14,11
82257 374597 2 13,8,6,2
115267 348398 1 6,6,5
40030 295768 2 1,12,6,9,6,7,2,12
183250 152820 1 1,7,12,7,7,4,4
52574 46753 3 5,5,3,7
47293 86863 3 1,8,2,12
337642 368901 2 8,7,2,15,4,3
369486 91685 1 2,8,15
167284 273459 1 4,8,10,8,14,4
273234 344770 3 15,12,3,7,2,5
30424 358488 2 5,3,7,7,9,9
248571 81534 2 12,4,7,4,9,12,4
52272 62006 2 1,9,5,7,12
195348 14545 3 2,1,7
16985 8423 2 1,0,14
309027 60585 2 1,0,11
7696 379686 1 3,12,7
121004 302987 1 5,5,14,4,12,13,9
281808 39522 1 10,7,8,0,6
76971 142720 2 3,12,8,3,13,12
266775 320018 3 2,8
7081 96817 3 12,13,1,3
175190 197653 2 1,9,15
180063 238545 2 13,8,1,6,3
49363 205705 2 14,13,13,5
238420 141270 2 11,3,14,4,6,3,8,7
80045 9485 3 4,0,5
180452 143591 2 4,4,10,3
173239 192467 2 15,2,4,15
16721 347627 3 10,13,7,9,0,6,6
313314 115460 2 15,4,3,7,15,12,2,15
367500 130514 3 4,12,15,13,8,5
57684 99988 1 6,6,5,7
232653 46382 3 14,8,3,3,9,6,8
1821 97347 3 3,13
105906 96763 2 9,5,3,0
284931 217539 3 0,15,5,7,7
260887 345721 3 1,8
373840 302463 3 2,13
232299 9162 1 10,1,12,4,4,14,1
224616 156459 1 7,12,6
211532 92395 2 8,7
307992 318345 3 12,15,3,4
26821 76975 2 6,2
310080 84647 1 1,14,9
259697 381348 2 5,4,12,6,3,14,4
383419 111541 1 6,4,4,6,3,7,1
161581 102919 2 3,7,8,4,8,1
318900 246236 1 15,3,15,0,1,8
340317 98447 3 14,1,4,3,15
187178 76417 3 5,8
279271 39183 3 6,7,8,6,6,14,1,2
35764 36418 3 13,15,8,9,7,3
250428 252015 3 4,7,4,12,14,6,15,7
85665 91711 3 8,7,8,0
261678 211953 1 6,4,8,3,13,8,6,5
352353 283291 1 5,15,7,1,1,8
298356 208084 2 13,7,3,15,13,5
93019 352269 3 1,6,8,13,3,8
312862 234649 3 2,7,8,2,3,3,6,6
116196 351645 1 15,6,8,7,12,5,3
115158 216416 1 7,11,4,8,0
32888 25325 3 9,1,4,1
128996 52415 3 1,15,12,3,15,15,0,1
87409 87973 3 7,10,3
114340 382211 1 12,3
250786 226670 2 1,1,2
282002 76207 3 8,8,6,3,4,7,8
225764 207738 3 9,12,9
178976 106707 3 4,5,5,8,13,14
176355 33086 3 7,7,12,4,8,8
135171 242651 2 1,15,10,14,11,5,13
201282 132613 3 1,3,6,1,5,12,7,14
342141 163065 1 5,8,10,13,4,5
198593 138237 1 13,6,8,1,1,5
164241 18974 2 1,15,5,1,1,6,8,4
370402 64404 1 7,3,13
246326 170062 2 2,4,5
50115 224120 2 8,1
171054 275877 2 6,6
135929 350659 2 15,0
200114 382600 1 4,14,3
49552 290910 3 14,1,12,11,1,1,13,10
10279 232831 3 4,5,3,5,8,4
93047 15902 2 11,4,13,7
135427 63155 1 1,5,9,4,5
247738 375894 3 11,8,6,7,6
179814 161912 1 7,4,5,5,1,3
72970 129919 2 7,15,8,1
53256 63654 2 14,14,8
278077 163733 3 8,0,4,7,0
165079 277112 2 12,4,14,3,12,1
133854 302532 1 13,7
192514 253777 2 8,3,3
109621 324272 2 14,3,9,6,10
161130 119298 1 3,4,1,7,12,5
382020 160545 1 2,8,8,10
31865 56578 2 6,5,13
96960 144144 1 6,13,0
40679 194846 2 0,8,14,2,5,11
91261 327644 3 14,1,1,8
146070 336860 3 5,8
351910 176669 3 9,14,13,6,3
304038 219539 2 1,8,10,2,6,13,4,14
214353 164187 2 5,3,7
320470 239985 2 4,12,8,6,12,8,7
335288 201508 3 8,8,0,8,7,3,6,4
289308 75058 3 4,5
221219 29917 3 10,9
322510 158202 1 6,10,14,5,3,9,7,1
348940 62848 1 3,13,7,14
231299 320894 1 3,1,4,6,6,8,9
181119 228722 2 9,4,13,2,9
166732 223282 2 8,4,7,11
151651 199792 2 1,7,4,1,10,12,0
341099 77690 2 3,4,13,10,6
336344 323987 1 14,7,11
226794 2956 1 6,3,5,2,9
177129 74255 1 9,1,1,9,3,10
256677 96629 3 6,5,5,0,12
130628 192435 2 12,0
245906 185340 2 13,2,4,1
267960 255724 3 8,6,4,6,12,1
169263 190532 1 7,7,14,14,1,3,12
361289 98641 1 12,6
82672 82579 3 2,14,3
111199 271006 3 11,14,13,15,7
341057 210131 1 9,1,5,6,9,12,4
42707 127040 1 8,9,14,3,1,10,5,7
368201 340869 3 13,5,5,8,2
180103 145782 3 8,13
114048 90368 3 1,6,11,4
163016 16294 2 7,7,5
71735 6277 1 3,3,1,8,4,4
380314 306065 2 5,5,14
299028 149023 3 15,14,9,3,7
184851 40893 3 1,13,4
101436 111826 3 12,4,3,1,12,0,4,6
300353 272137 2 3,4,3,8,12,6
358308 318251 2 12,4,8,14,6,1
111266 91425 1 12,1,7,1
306493 141384 2 1,8,6,11,6,8
178082 293046 3 3,8,8,14,10,7,1
165739 26258 2 3,8,11,5,4,3,8,4
150028 281576 1 5,2,9
20779 296199 1 4,4
331596 95236 3 5,3,2,1
77268 42901 2 15,15,7,12
88439 219139 3 14,1,3,12,12,10,5,7
132397 1967 3 0,4,13,3,5,9,15,8
43418 193686 1 1,12,8,6,13,5
129235 374106 1 1,1,11,6,4,11
25433 208928 3 14,12,8,5,7,11
173508 25654 1 13,8,1,4,9,5,7
260533 149656 2 12,13,15,4,12
342110 197757 1 0,7,4,1,7,4,12,1
320862 305330 2 12,9,12,4
219733 140765 1 8,8,7,13,1,7,1,3
142468 208225 2 5,14,14,13,5
106161 382870 2 7,5,1
359966 236004 3 1,6,1,3,1
348326 261094 3 4,4,5,8,7,14,4,3
72425 210978 2 13,1,15,4,8
28890 230866 3 2,6,6,11,2,2
101452 275464 1 6,4,6,4
63767 30574 1 1,12,6
301733 145034 2 6,6
350849 328967 1 14,4,5,5,4,5,3,4
172982 373398 1 1,13,10,13
178144 207081 1 6,14,6
280616 149062 2 9,15,5,8,7,8,4
324718 69022 3 6,8,15,12
321288 244250 3 13,5
327765 334059 1 4,14,4,0
110354 339082 1 4,15,8,5
349783 326028 2 4,12
10536 35687 2 3,13,8,7,15
95214 202883 1 8,3,7
109693 136306 3 1,7,12,1,12,4
363404 281325 2 15,13,2,8
328142 304545 3 3,4,14,1,6,5,3,1
223447 34406 2 7,4,0
44324 53725 1 5,5,7,7,14,6,5
82098 84056 1 5,15,9,12,6
228171 11335 1 3,7,6,13
275216 179909 1 3,3,0,0,12,5,14
51635 233841 3 4,1,1,7
250005 284042 3 1,9,3,3,12,10
216791 68158 2 3,12,8,9,8,9,6,4
42858 360112 1 1,5,8,4,1,11
16756 13583 3 1,15,1,12,0,14,15,4
131324 138105 1 4,12,2,11
207513 335969 2 12,14,12,1,1,13,4,13
62137 244471 3 5,5,1
90794 126961 2 5,7,8,10,1,12,8,8
27649 241908 3 1,7,2,11
273886 292840 3 1,0,4,5
61557 329618 2 6,4,1,7,4,6,3,5
156869 348184 3 0,8
310348 225421 2 3,1,7,7,9,7,5
105656 223608 3 2,7,9
180392 232032 3 5,8,6,11,1,5,5
109224 201247 2 3,14,2
83778 163633 1 7,8,3,4
114541 9479 1 3,13,1,1
74173 318182 2 13,10
358423 354688 2 9,14,8,8,2,14,9,13
368270 67163 1 5,4,3,5,8
36807 65097 3 7,13,12,12,5
6898 241155 3 9,8,1,4,4,0,3,3
273915 144233 2 1,12,5,1,5,6,4,3
167017 139649 2 12,6,5,7,6,6
22298 355624 3 9,4,1,4
158115 131652 3 7,6,6,12,8,3,7
270984 250297 1 12,13,4,0,7,15,11
34973 244640 3 4,3,14,3,7,4,7,5
19928 286991 1 7,12,8,8,9,15,4,1
221514 374535 2 13,12,3,7,5,11,5
21554 295508 2 6,2,3,12,5,3,3,15
48224 156874 3 8,3,3,1,12,0
170597 223761 3 2,4,4,13,14,5,4,3
93514 8450 1 1,5,7,15
41510 377741 1 8,8,10,8,5
11233 111475 1 4,1,6,4,8,5,12,4
181705 136829 2 4,8
65971 242812 2 3,15,4,5,8,3,4,3
306812 207236 1 6,4,7,13
185834 123707 1 6,2,3,13
329231 23907 1 7,3,3,15,9,14
185941 95836 1 10,3,9,8,1,2,8
21492 135052 1 1,9,8,7,1,15,8
293407 161818 3 3,1,12,2,11,3,8,1
301661 123660 3 3,1,10,14
184590 306892 1 3,10,14,2,9,12,2,3
270319 73296 3 6,15,9,6,2,3,7
272796 121733 2 2,0,7,5,6,7,10
111431 365109 2 4,7,3,3,1,6,14
248217 75483 3 5,12,1
30345 137911 2 4,1
334277 358911 1 3,2
292359 188843 1 3,5
113418 85786 1 5,3,4,14,9,15,12
37336 200659 3 12,1,3,13,12,5,7,7
247897 60182 1 9,5,6,7,14,5,1
8715 176321 1 4,7,13,4,3
347771 27860 1 4,8,7,13,8,10,9
209676 372694 1 12,3,5,5,8,14
253547 73149 1 7,5,7,9,2,5,6,7
232753 52752 3 11,6,15
277560 292356 1 6,1,6
159796 299043 2 4,11,13
133223 29628 1 6,5,1,3,10
228505 317202 3 7,7,9,12,5,4
19393 244798 2 7,6,12,3,9,1
94781 115311 3 5,2,14,15,8,9,1,7
353933 342815 1 14,2,1,6
350361 210560 1 8,12,7,0
43265 352593 2 12,13,13,8,3
115306 281762 3 8,7,8,4,8,7,3,6
61460 234573 2 13,8,13,7,9,4,3,5
28203 94290 2 2,8,7,4,13
304406 54212 3 5,7,4,4,1,5,0,4
174368 348291 2 6,15,11,12,3,6
382976 307358 3 5,8
214090 122231 1 9,6,9,7,4,7
188364 229599 1 5,13,14,7,5,3
24454 208009 1 1,4,0,7
314820 52550 2 9,3
341621 4529 1 7,4,5,3
362519 147841 1 10,4,7,1,14,5,4
24206 48809 3 8,15,4,7,2,8,4
16146 57836 3 8,4,11,4,4,1,11,7
242269 36544 2 10,6,8,12
369186 205120 2 5,4,5
372931 374849 1 9,13,1
162988 7204 3 4,1,6,9,5
344244 41554 2 13,4,3,8,13,8
178548 98620 1 13,1,8,13,1
38210 14138 3 5,8,3,12,15,7,5
117459 144684 1 7,7,1,5
126394 98705 2 7,0,4,14,12,5,5,7
233906 297664 1 3,5,7,3,14,1,9,3
67954 312857 1 7,12,4
256616 361016 2 7,8,14,9,8,15
359749 38249 1 7,4,8,0,8
67559 222722 3 1,7,1,3,13,1
180520 239304 1 1,7,5,12,3
248811 358336 3 4,4
173844 149076 1 4,13,12
120852 195293 2 6,13,4
40481 4107 3 4,3,14,6,4,1,9,14
41802 193755 2 14,6,1,7,0,14,6
137034 181365 1 13,10,3,6,8
339686 106613 3 3,4,10,5
368215 17310 1 8,10,8,13,1
10056 259115 3 10,7
54748 96583 3 7,13,3,8
47640 53326 2 5,11,7
240203 331897 2 1,7,6,14
72567 164937 2 3,8,3,13,8,12,12
146071 346447 1 5,7
31769 197543 1 7,14,1,14,15
330610 148285 3 7,12,2,15,4,7,6
326391 240390 1 7,12,0,6,0,10
363437 354098 3 1,8,5,15
363090 234655 2 5,13,14,14
161886 125302 1 4,15,7,8,0,4
190133 349805 2 12,3,4,8,9,7,3
147431 283404 2 4,13
357928 121719 3 3,2,3,7,14,1,13,3
341105 373805 3 4,8,2
243031 243286 3 4,8,5
177771 163740 3 3,15,4,8,4,3,6,0
350726 120769 1 15,5,4,13,14
217402 118493 2 5,6,15
64441 290005 2 3,6
161737 195837 2 2,1
183881 308138 2 1,3,1,4,12,14
236512 384038 2 7,5,14,3,10,7,8,13
76192 163699 3 1,3,3,7
60616 369966 2 12,6,8
372193 79357 1 4,5,7,8,15
17171 341131 3 4,4,7,12,5,10
198061 238543 2 11,7,8,2
140783 82121 2 3,7,8,13,5,8,1
99930 252551 2 1,6
361919 27523 1 6,10
146574 350226 3 2,14,5,1,13,14,4
370767 226907 3 8,4,0,1
139323 166380 1 9,1,5,12,8,5
144143 112632 3 8,4,6,4,4,5,8,5
17861 136994 1 5,13
73969 69590 2 12,2
373734 365854 3 3,12,0
371113 299657 2 2,2
189615 245351 2 5,8,6,7
5514 292623 3 5,6,7,7,7,4
245524 146026 1 12,3,6,1,8,12
195398 359361 3 8,5,8,15,10,15,3,8
224560 194835 1 11,12,8,5
173005 329575 3 12,12,14,4,8
126863 156304 3 3,1,10,6,9
259045 10746 3 7,4,8,8
123608 338127 2 4,11,7,8,5
278999 104747 1 9,4,4,5,8
336872 74762 1 8,12,14,4,14,5
86474 302047 3 4,14
351970 294289 2 8,7,15,3
147260 218406 3 13,3,4,12,0,3
109790 237803 3 8,7,6,12,7
215778 183777 1 14,1,5,0,14,3,8,2
287126 97974 2 7,8,12,7,4,10,5,4
20573 132372 2 13,6,5,5,4,10
35133 14163 1 7,12,4,15
128940 161852 3 6,4,1,6,1,7,15
107607 208652 1 8,4
326889 13583 2 7,9,11,10,7,8,7,1
23287 227220 2 14,1,12,15,8
241279 56441 2 7,9,8
324742 212312 1 5,4,4,0,7,7,12
50652 247291 1 13,3,5,9
176153 324918 1 3,3,10,8
317268 11604 1 13,8,6
357781 10077 2 10,4,6
235559 145612 1 14,14
14669 283330 1 5,6,7,10,1,12
104747 361813 1 3,12,5,1,3,11
151930 224254 2 4,8
234787 230202 3 7,4,1,13,4
315621 346631 3 3,12,4,12,5
357657 8174 1 15,6,0,3,2
173344 36257 2 14,5,13,1,7,15,13,14
323481 252105 3 1,4,8,7,12,6
122036 82443 3 12,14,3,6
53340 361672 3 14,10,4,3
251033 325621 1 8,14,14,14,10,6,14
123198 294618 3 7,2,3,2,7,6,14,15
292066 314824 3 4,5,4,4,1,8,8,11
294583 223551 2 4,12,15,14
369154 176131 1 5,3
302331 310608 1 1,7,4,7,5
12666 121125 1 4,3,12,1
126141 22194 2 8,13,4,4,10,9,10,7
267659 57114 2 10,3,8,8,15,3
84960 380223 3 13,5,8,10,7,3
49644 333679 3 4,14
112932 348876 3 3,4,15,8,11
270257 290757 2 9,12,9,1
324792 158729 3 4,5,11,6,11,8,10,3
203430 55134 3 5,2,13,6,7,0,8
283581 370658 1 13,9,12,6
22650 170530 2 8,6,15,2,2,9,3
146191 169943 2 5,6,14,5,13,15,5
90507 272498 2 8,12
255815 214092 3 9,12,10,8,3
5662 261788 1 6,14
320141 331997 1 2,4,0,7,4
334029 262899 2 3,5
53425 333150 1 15,6
97786 319858 3 7,4,10
45945 323798 1 14,12
27487 331972 2 8,2,4,3,7,14,2
67226 200636 3 10,7,5,5,7,11,3,4
241580 98822 3 6,8,6,14,6,12
254524 238568 3 6,5,7
175492 10771 2 15,5,9,9,7,12,6,12
50422 371154 1 7,3,12,1
342254 365153 1 3,5,2,12,7,10
132939 279765 2 14,14
187959 195741 1 13,5,3,3,0,7
159794 24639 2 6,13,5,7,2,6,7,4
93394 187967 1 9,4,14,15,7,8
80951 306182 3 12,6
351303 181808 2 1,10,10,1
330224 54612 2 4,3,12
263510 247062 1 4,13,6,15,7,2
236930 299539 1 15,10,3,15,12
91775 178862 2 1,5,7,7,14,14,0,2
331623 95025 2 8,14,12,4
33676 126903 2 9,8,3,8,3,1
185228 250821 1 6,12
359608 155907 3 7,8,5,12
97889 88039 1 12,1,11,1,8,8
135610 167091 2 0,6,13,8
288510 152328 2 3,5
149074 282004 3 7,1,14,5,15
185427 97577 1 4,5,9,9,14,7,7,12
203723 371619 2 1,10,8,5,1,7
53209 243093 1 12,5
188822 176075 1 7,10,6,5,7,5
298847 362063 1 6,9
182679 292403 1 14,12,1,3,5,5,5,14
186274 128245 3 4,3
244628 298935 1 0,8,15,5,7
170225 148895 1 6,5,5,8,10
246474 115526 2 13,2
124507 306427 1 6,1,7,14,5
153422 276656 2 1,4,0,2,9,15,8
234306 299659 2 3,4,2,3,0,6,11,8
116110 227977 1 9,6,3,4,7,9,1,3
185477 335043 1 3,6,7,3,12,14,7,4
173448 368784 2 1,12,10,1,3,3,14,8
74991 226940 2 3,3,1,5,4,7,2
289075 291185 1 2,6,4,7,8,15,3
82554 238822 2 5,13
346387 52837 1 5,11,2,8,5,6,5,14
185872 275347 1 3,9,4,7,4,7,9
89190 201294 2 3,5,5,3,10
204448 40571 3 6,10,5
9181 184746 2 6,13,2,8,7,4
105490 131691 3 9,4,15,3,13,1,6
216856 219139 3 4,6,11,4,6,8,8,4
302733 342735 2 3,1,7,1,5,9
304715 219025 3 3,6,1,9,8,10,14
316466 236204 3 15,8,0,3,3,2
381940 191510 2 2,4,15,5,15
376630 28433 2 6,3
83492 259245 1 13,6,8,2,1,4
267108 254641 3 0,0,13,1,5,8,4,13
248987 293413 3 1,14
350051 329929 3 12,10
63848 47 1 3,7
49539 346611 3 15,7,6,4,1,9,6
192781 109401 2 5,15,13,14
219636 338014 2 5,3
350176 210080 1 4,1
290984 355050 2 2,1,0,7
50021 366044 3 7,1,6
220756 32824 1 1,5,8,4,5
128977 178129 3 8,8,5,3,10,14,15,3
204965 272504 3 15,14,2,4,11
258469 201975 1 10,13,5,2,7
220205 133714 3 1,3,1
6283 15513 3 5,3,8
111141 229116 2 10,12,10,1
206733 246187 1 12,4,8,3
128593 371183 2 1,4
209760 349622 1 13,11
328005 220199 2 1,8,2,10,6,3,12
237653 305261 1 14,4,9,5
145955 288557 2 8,4,3,5,3,6
356852 309367 3 13,5,3,7,12,12,10,7
36425 79284 1 8,1,8,13,13,3
327291 77463 2 4,12,0,3,1,13,7
296563 332411 1 4,6,7,4
301126 4455 2 3,2
108295 134206 3 9,9
66765 307726 3 13,8,4,5
68757 363125 3 2,7,7,12,12,3,8
152858 62292 3 6,6
24201 191812 1 15,15
156802 302952 1 15,6,1,4,3,5,6
22737 214086 2 6,5,7,1,7,15,8
210594 55975 1 14,13,4,6,14,8,6,12
281308 26071 1 6,13,1,4,9
359667 352303 1 12,9,3
143293 318823 3 9,11
108628 11529 3 4,6,6,14,11,4,3
75676 278268 3 13,2,7
50760 140337 3 5,8,3,7
305359 287038 2 9,7,8,4,13,6,3,12
4508 353192 1 10,1,3,15,14
105043 184437 1 0,8,7,8,12
63879 13992 1 0,14,5,5,13,5,5
264425 100250 1 12,5,12,7,6,15,12,11
249038 145905 3 7,3
88997 228673 3 3,8,5,7,6
274366 113038 3 12,8,6,12
69012 280111 3 15,7
210727 228688 3 15,15,5,4,15,12
350760 84608 3 9,3,8,1,12,6,10
196980 257908 1 3,12,0,9,6,8
13689 79476 2 4,6
146461 246665 2 3,12,6,1,9
98680 318058 3 7,1,9,11,6,5,15,1
324707 99013 1 5,13,4
328880 71815 3 6,13,2
5551 48227 2 8,2,2,5,0
287774 311328 2 11,3,8,14,1,0
294672 342156 1 9,12,0,5,9,6,8,1
121164 26408 1 12,8,2,7,2,2,1,4
194989 359540 1 3,3,3,4,12,14,12
128610 59625 3 9,0,8,12,4,8
87674 239131 1 5,6,3,6,7,12,7,7
293273 143686 1 13,5,13,13,6,14,5
196343 224260 3 8,9,4,7,15,12
354857 233224 3 1,7,1,1,4,13,14
343531 75771 1 15,4,8,6,14,2,11
30838 262302 3 7,1,15,12,13,14
183822 188435 2 9,4,7,8,15,6,0,8
107788 292677 3 5,1,6,5,1,7,4
61219 54301 3 0,9,11,8,5,8,8
197844 196888 1 1,10,6,3,4,14
383982 180627 2 9,9,4,6
306864 242127 3 6,6,12,8,1
122799 300812 1 12,4,13
154926 280109 2 4,11,1
197754 98596 1 12,7,5,11,1
361752 21852 2 3,5
270007 192563 2 6,6,2
262367 308545 2 3,0,8
154970 363354 2 2,3,15,7,7
213156 264755 1 4,7,15,10,11,7,8
155880 233181 3 11,4,0,7,5,12
95325 368417 3 14,8,1,5,4,8,7
179158 60218 1 13,1,7,7,9,1,0,12
24668 146426 3 9,8
170130 211599 3 11,1,8,15
81256 143077 2 8,3,3,5
12148 71978 1 3,5,1,0,6,6,11
9668 344309 2 8,5,8,4,3,13,12
336995 90797 2 4,13,14,9,9,8,11
343042 360346 1 7,12,1,4
24254 362943 2 12,8,7,13,4
615 206880 3 0,4,3,15,5,0,14,5
5648 347146 2 3,9,9,3,3,13
203756 40269 2 14,7,6,8,10,7,6
252487 174491 3 5,0,1,11
62424 20106 1 10,7,13,11,3
40267 16626 3 7,3,4,6,3
251832 23119 3 7,5,1,14,3,14,12
321496 172758 1 4,5,2
269456 311473 2 8,15,14
47564 291930 3 3,7
207276 271999 1 7,7,14,9,1
206949 27726 2 12,2,1
270625 206241 2 8,1,4
170156 349791 3 1,14
192398 216438 2 1,1,9
338754 135607 1 4,4,8
30555 299827 1 14,12,8,5,5
116651 374217 2 6,4,10,2,7,6,1
319260 274797 3 13,8,1,15,7,3
250671 164032 2 9,9,7,6,4,6
335803 171301 1 12,5,7,9,3,15,8
116431 223487 3 8,11,13
16088 75718 2 1,3,3,15,12,4,3,4
108072 227764 1 4,14,14,7,8
5788 350781 2 1,12,14,0,6,12,4
366825 154032 2 4,5,7,3,13,4,3,7
18285 233727 3 3,3,4,7,12,1,1
73287 154060 3 0,14,1,8,15
89347 54849 2 3,14
221638 144490 1 13,3,12,3
92505 21844 2 3,9,7,12
33170 363980 2 3,9,8,0,15,13
279678 48851 3 12,8,3
62845 53583 1 4,8,1,1
121870 52587 1 5,14,3
34192 192542 2 14,12,2,8,0,7,5
89105 79778 2 12,4,2,8
284047 331826 1 14,6,3,8
286956 80232 3 14,4,0
181986 276127 3 4,8,14,7,3,4
47606 176769 1 12,8,8,5,3,14
356119 179691 1 3,9,0,11,1,6,7,12
94788 135434 1 4,13,2,4,13,6
88423 41989 3 7,4,13,15,0,12,7,0
243288 283847 3 1,0
276326 366639 2 1,11,0,3
235611 98816 1 4,6,4,5,12,6,9,13
338421 296359 1 13,13,8
282787 43810 1 0,9,7
48181 115966 3 1,4,12,8,2,13,8,1
37519 178040 2 13,7,15,3,2
123663 33211 2 10,14,6,3,7,12,14,8
90289 344143 2 4,5,1,3,14,5
105748 361061 1 9,10,6,5,3,8,5
371241 236314 2 3,6,2,1,8,8
315215 280719 3 1,12,3,0,4
353012 364094 3 4,15,6,11,15,4,4
348973 127577 2 6,12,12,13,7,7,4,4
246757 176090 1 14,4
177297 376084 2 0,13,3,4,13,12
223954 172159 2 6,15,8
241072 22679 3 6,10,4,7,12
56736 35187 1 6,3
181139 80513 2 13,13,4,6,7,5,12
262415 149082 3 7,8,8,8,12
77035 256162 1 3,12,8,5,8,10,6
267656 293949 3 4,8,10,9,7,1,3
55362 358787 3 0,6,4,12,14,6,6
19613 18010 1 9,14,4,4,8,1,7,13
62028 39052 2 10,0,3
315856 177059 1 5,11,12,3
69548 376096 1 0,10,12,4
158440 345900 1 11,1
186783 144608 1 13,12,7,10,8,14,3
255893 337318 2 4,8,5,8,5
271081 182474 2 7,5,14
50805 219039 2 7,15,7,1
383052 362221 3 8,14,8,8,4,8
154444 159572 2 15,1,3,6,11
92329 72032 2 14,8,8,6,5,5,8
122963 233730 2 5,5,3,1,15,4,6
168867 299101 2 3,1
267999 72075 1 9,1,1,7,3,6,4
303973 216084 2 6,8,8,5
80211 218952 1 8,3,6,4
86455 15861 3 8,14,7,13,5,3
65024 56551 2 3,4,3,0,9,7,7,1
78940 18216 3 14,8,4,13,5
293317 331061 3 6,1,8,15
197213 85249 3 13,8,0
383950 116637 1 0,14,1,3
87455 116089 2 8,6
163328 55823 2 10,12
284025 96242 1 8,1,4
359881 205439 1 6,4,4
48096 113155 3 12,12
168915 1574 1 6,13,10,8
175967 34954 3 1,2,6,7,3,13,13
104114 324005 1 1,2,3,12,14
295772 296690 3 15,5,15
329988 227469 3 5,3,3,13
340866 200058 3 13,7,4,1,6,7,5
63281 101941 2 8,2,8,13,3,8
39667 360579 2 2,14,7
305717 46280 3 4,9,8,12,4,15,4
120548 128814 3 13,1,13,4
210825 164893 2 0,3
201416 237681 2 6,6,2,12,9,4,13
333051 119001 1 8,6,8,9,8,1
99433 61861 2 4,8,14,8,4,12,5
16805 203651 3 14,5,14,13,2,4
258242 343252 3 7,15,1,4,5,8
153781 3844 1 0,8,3,9,13,3,13
63411 356402 2 7,3,13
396 316788 2 2,8,6,2,0,2,6
244882 349006 2 12,1,3,14,2,14
356266 89060 3 7,5,5,14
211711 327024 2 6,4,7,3,3
164280 189057 3 15,8
39999 210649 2 1,13,8,1
120883 60584 3 7,8,5,10,4,3,1,11
348085 329329 1 7,5,3
81794 46565 3 13,0
68029 243434 1 5,0
50257 269472 3 12,8
34902 67811 2 7,7,8,13,12
15030 249484 1 0,1,14,5
361401 139850 1 0,7,1,8,11,7,2
101927 112942 1 1,7
295398 289928 1 7,12,12,5,6,5,1,3
261259 71177 2 15,14,6,4,5,14
375369 119097 3 7,8,15,13,3
250551 54405 2 14,12,13,8,3
141239 273268 1 0,5,2
23823 377986 1 3,1,3,4
53394 268700 2 4,14,8,3
199494 343594 3 8,1,13,5,1,15,7,9
9488 296796 3 12,7,6,5,0
164015 210530 3 3,10,6,1,3,6,4
248977 28038 1 6,6,8,1,5,5
205880 320672 1 6,3
199520 263519 1 4,12,7,7,15,7,13
143606 138724 3 1,5,9
15344 252233 2 14,8,10
82732 28762 3 5,8,9,9,7,15,12,4
25888 84336 2 1,3,1,3,4,9,2,3
230270 27727 3 10,6,3,6,2,9,12
248740 245069 1 1,6,6,1
363901 361107 2 8,14,3,1,1,7,14
186077 36418 3 7,2,7,4,5,14,9
213538 197953 1 3,6
383881 98468 1 5,10,4
35617 52769 1 9,3,8
90381 234607 2 6,7,7,6,6,5,4
291553 8396 1 6,11,10
136317 297137 2 12,4
104872 376824 3 1,1,13,12,3,9,0
32472 102947 1 8,5,3,6,13,13,1,0
283085 278214 1 12,15,7,4,7,1,9
279594 214263 1 10,13,12,2
148244 104164 1 9,13,4
102083 61909 1 4,3
20133 342414 1 9,13
247457 326588 3 8,3
115139 370276 3 3,12,15,4,3,0,3,7
269089 252630 2 12,8,15,15,7,7,3
57395 92016 1 1,8,12,4,8,3
99497 126504 3 7,4,7,5
128751 65971 3 7,3
96131 381361 2 8,6,4
270091 363169 1 0,4
362906 348597 3 11,14,13
327678 338061 3 10,9,9
375478 256119 2 7,3,3,7,0,12,8,15
173210 376872 3 5,5,0,1,4
265098 269054 3 2,4,5
11936 134115 1 7,12,8,3,3
192850 69953 2 8,9,4
147259 177980 1 9,6,7,4,4,4
264607 6080 3 6,13,7,13
118889 211758 3 9,2,8,14,12,8
166742 98704 3 14,10,5,15,9,15,12,4
132082 305623 3 6,15,6,4
188983 219066 2 8,1,5,10,2
373469 201073 1 7,9,3,14,4,0
172197 201914 1 1,15,5,4,1
260154 265035 2 9,1,5,1,4
6488 293454 3 12,13,8,0,5,13,12
165224 163914 2 1,4,12,15,12,14,2
78404 234150 3 3,8,7,7
34542 367590 1 8,15,3,4,14
258728 331428 2 7,6,3,10,0
338163 125513 1 6,7,6,4
105410 247168 3 13,8,13,1
373882 376777 1 4,14,1,14,13
143249 145506 2 2,12,6,13,12,4,12
302811 104065 3 13,11,15,15,5,9
371201 154415 2 8,2,7,13,1,6
250360 271648 1 3,9,1,8,8,7,4
69857 255628 3 6,14,4,7,1
125760 68108 1 12,0,9,8,4,3,13,5
317328 175712 2 9,7,1,1,8,4,14
146935 354177 3 12,14,0
157952 279355 3 1,2,7,12,7,1
378686 86132 1 8,14
195292 145230 3 4,4
300839 375933 1 6,15,11
170600 362981 2 4,3,8,7,4,4
144207 340301 3 1,1,4,5,3,5,11,6
976 179567 1 3,12,12,13,8
250155 284234 1 4,14
341946 383389 3 8,9,9,13,7,4,13
288720 251955 1 8,9,14,8,5,15,1
89059 379901 1 14,1
139709 383130 3 14,12,1,10,5,8,1
205739 199350 1 3,1
83057 144523 1 4,12
110842 92388 1 3,8,12,6,6,8,13
344960 330029 1 13,4,13,5,7
111127 122569 1 14,13,12,7
53190 115030 1 1,15,7,12,7
99576 319854 2 1,15,9
187463 377001 2 14,3
161531 290620 3 6,15,15,11,13
325305 143335 2 5,5
203161 132796 1 7,11,7,13,5,3,8,6
232874 92630 2 4,2,2
56244 99639 1 3,1,5,13
207656 347960 2 5,3,12,1,1,3,5
127126 11757 3 12,9
304301 248494 2 3,1,1,10,7,10,5
237314 112190 3 12,4,2,9,7
209426 262719 2 4,15,0,9,1
220194 181491 1 5,5,4,8
78240 270152 3 2,2,4,6,6
126630 300904 2 3,12,1,3,5,3,3,6
342346 234528 3 7,6,3,5,13
6837 109314 1 14,6,12
245076 215889 2 9,10,5,13,5,8,2,3
10118 357962 3 10,9,7,3,4,4,5,2
114532 360814 3 3,5,1
2295 290454 3 8,5,8,6,8
179480 254280 3 5,15,8
191629 141997 3 13,1,1,14,0,5,2,4
254355 196546 3 4,3,7,2
254815 309518 2 14,15,14,4,7
156644 184609 1 5,12,7,14,14
230402 183380 1 10,4,9,3,7,0
289689 16910 1 8,8
284454 116314 1 12,2,8,4,3
314509 135495 3 5,11,0,7
168056 344693 2 1,5,7,5
30615 194627 2 5,8,5,7,4,8,5
154210 239288 3 2,9,5,15,6,10,0,4
261238 19869 1 4,5,0,14,14,5,1
354572 29684 1 6,6
148434 183031 3 14,0,0,7,3,2,13,8
175485 360879 3 14,8,12,5
136309 163616 1 9,0
285436 41891 2 0,10,3,1,4,3,4,6
79815 266123 3 9,14,3
193191 32248 1 8,13,8,9,10
87930 198755 1 7,6,12,6,7,9,8
304073 263351 1 8,11,8,6,8,7,0
141437 30517 2 0,13,3,7,7,15,12,9
157050 56780 1 3,9,13,4,5,3,7,14
29111 68896 1 3,1
149436 270177 2 1,3,3
374386 224735 2 6,1,12,5
205476 47643 1 3,7
235272 131749 1 0,8,2,8,4,1
203373 184987 3 3,4,10,6,0,4,4
354197 9205 2 10,7,1,15,14,8,4,4
125059 308819 1 9,3,10,4,15,6,14
117866 185489 2 3,3,9
468 70530 2 10,4,6
275973 107441 2 4,4,8,1,14,2,2
113455 45996 3 12,4,1,7,7
17322 379159 1 1,12,3,12
213741 356784 3 1,13,0,8,6,6,4
213413 64811 2 8,8,7
31877 236932 2 8,4,3
231468 225766 2 9,5,7,3,5,13
71350 145587 3 7,3,8,15,3,10
184192 297760 1 10,4,8,0,8
103271 29588 1 8,3,15,5,9
288162 148429 1 3,8,9
368842 322936 2 13,6
106792 18765 1 8,5
375729 375774 3 8,7
315944 268350 3 8,1,3,9,3,2,1
253745 54988 1 2,2
169257 56296 2 3,6,7,11,1,4
219389 343931 3 3,5,13,11,3
280953 363450 2 1,2,1,3,10,5,7
190863 206567 1 14,4
165565 331234 1 10,4,8,2,8,4,7
302904 110033 3 13,12,7,6,5,7,14
89352 230613 3 12,8,10,1,3
72129 95649 3 6,8,10,9,6
12076 171313 1 10,5,15,1,12,7
224983 139756 1 1,8,3,4,9,8,13
124609 358238 2 5,7,13,7,7
365072 302573 3 6,4,1,4,13
57074 207138 2 6,5,8,8,4,3,3
74773 341741 3 9,6,8,4,4,9,5,7
159404 296338 3 8,4,1,15,7
142802 216162 3 5,4,2,2,11
348240 262574 1 1,8,0,3,8,7,12
322698 113077 2 7,9
359786 101840 3 1,14,14,3,4,7,4,8
229881 32632 2 14,7,3,4,8,8
124385 88644 1 14,15,4,8,2,6
366937 209285 3 1,6,15,14
196652 153310 1 4,12,8,15,3,4,6
235654 383612 1 7,5
103423 310282 1 12,14,5
303982 19296 1 7,15
248515 42687 3 1,7,9,10,7
253387 283171 3 15,9,6,5,3,9
361096 318685 3 3,9,7,3,7,14
175797 181609 1 1,0,9,5
332624 117696 1 4,7,10,4,4,7
102190 251346 1 12,0,6
109832 120672 2 5,8,7
194282 154440 3 3,7
166750 173285 1 0,13,3,15,6,11,12,4
266041 218228 1 12,8,7,7,14
288208 318221 1 12,3,9
95905 81288 3 7,7,8,9,8,1,5,1
202937 329488 2 14,11,1
192593 109462 1 3,12,11
335296 54106 1 5,5,9,4,8,1
100816 137387 3 6,15,6,13,12,3
277083 214295 3 11,3,15,9,5,5,9,12
133351 45721 1 13,3,3,4,14,4,13
2332 187771 3 0,3,6,1
9394 277353 1 3,10,1,14,3,7,15
288971 264254 3 5,4,15,14,1,5
260628 305802 2 14,0,5,4,8,7,2
130057 18209 1 14,5,9
363371 126946 2 5,1,1,9,7,4,1,7
366801 11101 2 4,9,8,7,3
87610 211194 2 3,0,7,4,12,5
35098 115916 2 6,4,2,12,6
373107 357155 1 7,0,8,12,5
177366 16715 3 5,13,3
6996 157020 1 7,4,3,7,7,3
224834 13563 3 15,6
315125 36646 3 6,14,14,1,15
337196 78048 2 12,3,6,15,6,2,9,3
325588 348186 1 8,13,5,1,1,6
198312 293634 1 3,4,6
237759 97108 1 14,8,3,7,8,4
273646 286889 1 7,3,1,13,7,0
131251 331038 1 3,1,4,6
99036 272202 3 8,13,6,8
118808 218827 3 14,7,10
63997 5304 2 4,8
99537 369781 3 6,14,4,5,14,7
196167 154544 1 2,3,3,9,2,4
20583 178099 2 7,3,13
240256 178006 3 14,15,10,7,1,5,13,0
196940 304289 3 3,11
210669 11566 2 12,1,4,13
328282 171770 3 7,8,6,10,8,13,1
178996 257249 1 5,0
95754 372205 1 4,4,9,8,15,14,5,5
17976 176697 3 5,5,1,9,7
60448 48583 3 1,4,5,12,4,8,7
49169 170863 1 15,8
192542 69213 1 12,10,13
123315 188044 2 13,3,3
153979 54973 2 8,5,7,7,3
89872 30810 3 7,1,3,8,3,12
37125 142777 2 1,0,5
342402 12682 1 2,7,5,11
25473 135599 3 6,7
257965 123753 3 15,4,5,5
50012 118578 3 13,2,3,7,8,3,6
360403 274114 1 8,0
20128 157575 2 10,4,10,8,8,6,14,6
25368 194149 2 13,12,8
174607 60667 1 6,3,1,11,7,1,0
121740 105865 2 6,6,8
293079 258241 2 3,14,7,8,8,3,14
60055 264613 3 15,2,7,13,0,6
358497 306662 1 0,0,8,15,7,6,6,7
122918 291807 3 5,12,7,4,8,8,2,1
205653 219202 2 1,12,14,13,4,3
68132 223697 3 8,5,12,7,7,15
185934 278953 1 4,12,3,4,12,8,1,4
289628 130502 2 2,6
222631 352751 1 11,1
88167 313257 3 12,4,1,11,0,11,7
284912 65904 3 7,3,6,5
187333 351567 2 1,7,7,2,12,0,4,13
255913 236605 3 6,4
120434 82459 3 0,4,6,4,0
69695 251773 1 1,5
127948 78271 1 6,12,5,9,12
92599 191430 2 6,3,12,6,8,9
291419 29843 3 2,4,7,5,3,6
27975 287208 2 3,7,4
88072 374774 3 7,9,5,0,12
347321 173088 3 14,8,7,4,5,9,11,7
33563 263600 3 9,8,10,13,6,1,7
318384 203445 1 4,4,8,4,5,1,15,9
370404 170449 3 14,8,7,12
287423 146606 1 5,1,9,6,15,6,15
56690 51011 1 11,12,15,4,15,13,4,13
115850 344780 1 12,3,7,11,6,4,4,8
228731 281435 1 13,3,4,2
100502 24636 3 7,5,1,6
84044 143322 3 7,8,8,13,11,4,15
181698 210701 1 2,5
375837 133815 2 14,2,4,5
21616 373640 2 9,4,4,10,7,3,4
247134 230839 3 6,4
207872 55625 3 12,8,4,14,12
172620 157133 3 13,4,6,8,8,11
9794 218314 2 14,1,2,6
13538 278623 2 4,4,13,1,7,1
86784 239430 3 8,4
30889 145730 3 10,7,2,0,3,3,15
369729 167819 2 14,8,11,9,4
126866 241261 2 6,4,1,12,12
180675 28689 2 4,13,6
223736 59612 3 8,4
92010 252435 3 12,9,9,5,0,8,14
98499 22352 1 6,2,1,0,3,12,4,5
50492 230338 1 4,13,4,7,8
253103 327370 3 10,6
287101 154116 3 13,4,14,0,14,4,6
245981 252019 3 1,12
12956 377545 1 13,5,7,14,7,12,8
80191 379709 1 14,7,12,11,12,3,12,10
20374 157802 3 9,4,3,3,3,1,8
371243 213128 3 3,13
250544 201558 2 10,14,13,5,7,8
277067 23847 2 10,5,4,4,5,15,3
133004 151900 3 12,7,5,1
128835 148721 1 6,4,3,4
354077 331573 3 13,3,10,1
240247 37544 1 3,12,5,3,10,5
304797 231374 3 3,9,8,12,1,13
132948 250380 2 8,7,5
380670 9869 1 0,13,15,3,6,7,11,7
276843 74003 1 13,3
46429 218131 3 7,1,5,8,11
372830 213482 1 12,6,5,4,12,13,12,5
339175 32627 1 1,6,4
25047 223145 2 3,2
247525 319586 3 14,7,8,7,4,11
180792 92371 1 8,1,8,13,8,0
112913 243061 3 3,5,5,12,7,0,6,12
219338 187526 1 4,8,13,7,2
171052 312400 3 8,9,5,1,4,12
254707 79528 2 4,3,1,6,7,13,14
300723 170722 3 13,13,6,5,8
231081 185132 3 3,5,15
63918 219862 3 1,10
202137 257845 3 12,14,4,3,6
53149 275053 2 6,8,5,1,3,15,7,11
173000 48972 3 8,8,4,0,7,3,8
133266 67725 2 13,13
48127 228690 2 13,5
45692 144812 2 6,7,7,3
138253 164649 1 3,6,2,13,8
53416 165802 3 5,7
145837 8874 1 9,14
17257 210558 1 7,3,1,1,10,8
163757 355428 2 8,12,4,1,1,10
161063 89582 3 2,12,9
333291 67002 3 6,14,3,7,4,12,15,8
252496 53914 3 8,11
209877 320244 1 8,14,5,7,3,6,10
26541 303068 1 4,7
104073 137582 2 8,4,4
343760 95107 2 12,5
354005 292999 1 5,5
25760 41548 3 15,8,4,9,7
61742 5737 1 0,3,14
337783 282384 2 1,7,2,9,14,12,5,7
350718 172807 3 4,1,1,8,14,15
178880 214934 2 8,15
154514 33531 3 3,9,9,0
128836 172424 2 9,6,4,6,9,8,2
287929 131643 2 8,2,5,12,15
235760 22350 3 9,13,14,5,4,8,7,3
314916 120418 3 15,5,9,3,7,4
189327 115900 2 3,14,4,5,1,6
157748 146317 3 12,4,5,8,7,7,1
382402 203815 2 3,7,4
64692 195897 1 8,4,3
168781 31600 1 10,13,7
292072 62135 3 0,5,1,4,7,5,6,9
135049 13972 2 8,5,13,13,1
372573 84225 1 8,12,2,1,3,14
193769 97479 3 0,13,7,15,9,7
113702 4658 3 11,15,12,1,4,4,10,6
323792 287903 3 2,4,3,5,10
109062 88808 2 5,5,5,7,13,7,7,8
77937 102341 1 14,8,1,3,3
225179 258997 2 8,1,12,4,11,4,3
41351 380733 1 8,13,3,9,13,12,9,6
254876 28761 2 12,7,5,11,12,5
110344 29652 3 15,0,13,8
61956 213813 1 11,14
241945 204986 1 1,1,3,1,10,1,6
180701 313590 1 6,10
92352 303320 3 4,7,8,13,9,9,1,12
215867 78615 1 4,13,6,7,1,6,7,10
18907 209799 2 7,2,5,12,4,10
11686 37274 1 8,7,12
260889 218182 2 0,7,6,4
99870 103064 2 7,5,3,11
100893 239181 2 12,8,10,15,12
142677 315718 3 1,9,5,3,5
317660 39471 1 9,4,3,5
285090 32835 2 3,3,3,4,3,15
271276 375184 3 14,7
227022 38717 3 14,15,8,5
188940 294105 3 7,9,13,14
119829 200739 1 7,7,0,4,1
19236 346895 1 7,11,5,10
18871 202756 3 12,14,1,6
262470 205916 3 15,0,4,8,7,7
31958 199932 3 4,3,13,12,3
218492 137631 2 0,13,3,7,4,15,9,8
122005 278355 2 7,7,10,3,12,14,14
24680 342596 2 9,9,0,12,1,6,4
316871 236327 3 5,12,2,7,13
316797 146524 1 1,5,10,12,5,8,1
152026 136276 3 3,14,6,0,5
257924 378880 1 7,12,7,3,0,3,3
205138 297117 2 3,10,1,2
184402 82950 1 1,10,7,4,0
352297 246830 1 8,3,14
191393 359747 2 12,10,10,15,1,5
22568 270512 3 9,7,15,4,9,4,4
163111 70976 3 3,4,14
363578 357995 1 5,7,12,15,3,3,10
183097 284538 3 13,7,7,15
223641 277231 3 5,4,10,4
40405 255045 3 3,4,7
276984 232146 1 4,7
287312 354295 3 12,4,5,1,13,7,7
262611 268621 1 4,4,3
82715 284735 3 7,8,9,3,2
368852 29851 1 4,1,12,4,12
275790 182935 2 3,9,12,5,11,12
308013 135910 1 5,6
74902 178964 2 13,0,14,3,12,2,4
275415 343905 1 13,3,7,7,4
47794 248252 1 15,3,0,12,15,1
215763 351911 2 8,4
174089 12821 3 12,10,5
181061 245190 1 6,1
67667 7640 1 2,15,3
57091 370588 2 8,4,3,3,4
362356 334903 2 7,7,1,5
197194 274482 1 4,15,13
173604 76243 3 14,2,3,5
136510 194369 1 6,14,4
72136 216689 1 6,0,14,3
189246 190234 3 2,3,9
270873 254875 2 4,13,8
331770 357420 1 7,4,7,12,4,1,4
377344 216636 2 10,2,12,3,7,8
35720 33308 1 4,15,2,8,12,4,5,2
334678 267154 2 1,7
246130 176612 2 9,4,14,4,3,12
171950 12017 2 3,2,4,10
66103 297425 3 3,4,15,2,8
303846 126216 3 1,5,7,7
180275 269494 2 3,1,3,6,1,2,8
45315 242935 2 8,8,4,6,3
174507 122633 2 7,6,9,4
320679 98882 3 8,14,7
322910 23275 1 2,3,8
350034 185098 3 4,15,6,2,1,5
216538 195420 2 5,0,3,14,9,6,13,5
104542 40033 3 8,1,14
288031 340728 3 8,1,6,4
359781 306538 1 14,13,6,5
339864 138338 1 8,3,7,15,13,3,3,12
333379 377204 3 7,7,7,15,2,7
226614 124319 3 6,1,0,13
354386 291105 2 9,9,6,9,8,0,1
284014 316898 3 6,0,5
153736 232605 2 0,8,1,14,6,14,12,3
213745 281523 2 4,12,5,7,3
313251 318263 2 8,9
270906 171520 1 8,12,5,8
342247 268042 1 8,12,0,12
339221 158514 2 15,0,15,8,12,14
341542 80265 3 9,3,12,4,8,3,6,15
13571 178789 2 13,9,6,5,6
285676 266141 2 4,1,14,7,8,12,8,11
142844 137308 1 7,7,7,13,1,1,6,4
241045 104586 2 8,3,13
307101 335163 1 6,3,7,0
124290 240913 1 5,14,5
32412 69065 2 8,2,5,1,8,7,15
88329 374109 3 12,14,14,3,5
325086 57064 3 14,14,14,11,10,1,14,1
131612 383060 3 8,3,1
7133 108926 1 9,3,1,11,11,7,8
76666 374780 1 6,8,15,12,4
217823 377114 1 12,3,0,3,2
324772 185854 2 12,5,7,1,8,3,12
131636 245834 3 7,4,12,3,1
70000 373278 2 7,4,12
249853 316833 2 12,13,6,5,14,14,4
187096 293476 2 4,6,3,1,1,13,3,3
150196 255501 2 15,1,5,3
174512 65798 3 3,4,3,3
292897 201369 2 6,6,9,8
330434 37918 1 7,3,7,8,11,7
252535 311778 1 13,6,3
99918 34494 1 6,4,3,3,5,14,8,7
269261 139194 3 5,3,0,5,5,0,2,7
158753 210724 3 2,7,5,4,4,5,12,10
18907 22039 2 14,11,1,0
175377 83627 1 3,5,8,15,13,3
32500 325701 1 2,8
164154 333040 2 13,1,7,7,3,3,1
96765 117557 2 6,12,3,1,8,2,4
148876 8993 1 13,3,9,5
206372 372827 1 9,0,6,6,4,3
353964 66388 2 6,3,8
243611 178643 2 5,14,5
267487 332171 1 12,2,3,0,6,3,2,1
317642 102059 3 9,15,8,3,13,8,2
2311 262457 1 5,15,1,3
242512 14319 2 4,2
354248 258795 2 4,4,1,3,2,3,1
175179 232666 1 3,15,4,13,9,7
281141 247303 2 2,2,4,6,10,12,3,6
373831 31890 1 12,7,1,12,12,3
354536 174250 2 4,8,1,12,7
79695 87590 3 10,4
290171 200420 3 13,8,6,15,14,7,3
366015 126794 2 6,4,6,4,14,8,8
238174 304470 2 14,8,14,14,8,4,4,4
211178 125593 1 14,7,4,4,4,11,7,1
187990 376963 3 7,4,3,0,15,13,1,8
377606 37504 2 7,10,7,13,14,6,14,7
13900 361147 1 3,9,3,5,10,0,10
57946 314556 2 4,12,1
104610 4321 3 15,3,3,7,0,7
303434 193535 2 8,1
327059 86718 2 7,3,5,5,6,9,6
41789 88495 3 3,12,5,4,8,6,4
154274 367572 2 13,12,11,0,3,14,0,3
383267 166900 2 7,9,8,6,14,11,5
231526 74822 1 1,13
235375 213170 3 13,8,12
379409 254628 1 9,14
255016 153992 3 10,15,3,15
165920 332912 3 13,8,1,8,7,1,4,0
249652 357398 3 3,3,6,2,5,8,3
195758 136325 1 7,4,7,3,7,4,12
331310 145498 1 13,7,1,6
161928 223653 1 4,8,12
86463 14421 2 0,6,5,5,8,9
346129 365245 2 12,14,3,6,4,3
206231 376505 1 8,8,8,9,9,0,8,4
182582 146089 1 1,4,11,15,2,1,12,4
282746 376493 2 5,9,0,12,12,13
346619 157226 2 15,5,3,13,6
243898 356571 1 4,12,8,7,4,1,14
328782 208478 2 9,9,6,6,6,13,2,7
126964 194519 2 10,13,7,3,14,2,1
30418 83800 3 7,0,12,9,14
233069 179567 3 14,13
230381 106060 1 4,3,6,5,6,4
106526 368013 3 7,6,8,8,5
341503 179036 2 8,0,0,3
103445 288429 3 2,6,7
49372 222005 2 8,11
184639 96728 1 4,1,1
2842 289493 1 6,4,3,4,7,6
260427 150195 3 15,2,3,9,6,8,9
381690 65428 1 3,0,10,4
215702 113670 2 2,1,14,4
174091 255480 1 5,1,3,2
378761 141794 1 12,1,13
12830 335799 1 2,12
317065 209479 2 3,14,0,0,3
159304 12798 2 5,7,4,9,14,12
103500 96914 2 8,10,2,11,2,1
3669 329018 2 0,7
109330 142428 1 4,1,2
273758 324954 1 7,12,13
97261 106396 1 6,13,8,9
2400 215438 3 3,13
267768 46143 2 4,11,4
275838 227332 1 2,0,1
81865 320103 2 6,15,4
277079 118695 3 5,10,3,4,13,8
182182 72057 1 5,13,9,11
158120 149382 2 6,3
132204 4030 2 7,0,0,15,4
295445 183735 2 6,7,13,13,1,9,0
38297 368510 1 7,5
77689 196305 3 14,5,6
111627 165236 3 12,0,4,8,6,14,8,8
246012 204465 3 13,13
161956 3379 1 8,4,13,4,0,8
167013 249173 2 6,4,4,3,7,7
363264 12521 3 12,14,12,1,8,8,1
360483 110617 1 12,2,8,4,5,11,4
299852 325396 3 2,2,8,13,2,1
56996 234193 2 0,8
102345 107317 1 8,11,0,8
39386 122868 1 1,3
104504 265650 2 0,3,4,14,7,7,12
169705 42508 3 2,4,3
45593 242993 3 2,9
108054 363511 2 2,13,1,1,8,7,12,11
141370 314860 3 3,5,13
23825 173428 3 14,7,1
320669 266499 1 9,15,3,8
51016 243795 1 3,0,3,8,8
229723 373589 3 7,12
374153 18876 1 9,5,7
76797 108097 2 0,3,8,12,0,1,5,13
51121 341960 3 14,12,4,8
80678 85518 3 14,6,2,6,5
307046 179681 2 3,5,6,2,14,7
200596 105087 3 13,1,3,6,13,14
174875 335275 2 7,7,9
70344 146387 1 1,5,1,3,8,2,5
366669 79172 2 14,15,2,4,8,8
198014 164026 1 6,7,13,0,5,5
226362 101930 1 7,5,3,7,4,8,15
376575 135977 1 3,9,5
4734 324804 2 8,3,8,8
360641 181295 3 11,4,13,8,3,3,13
123546 350558 1 3,7,10,15,3
99768 48026 1 2,8,10,4,13,8,7,14
81206 329388 2 3,15,3
264301 102570 2 0,2,0,8,14,14,6,14
157381 162704 2 7,7
330684 382876 3 12,11,2,8,6,0,2
373350 121307 3 14,6,6,7,3,8,7
133697 276049 2 7,14,5,12,15
271031 354847 1 3,11,1,8,7
356650 153980 2 8,6,5,3,3,0
230395 334624 2 8,14,4,4,8
379428 189491 1 1,5,14,3
381683 100859 2 7,8,12
337321 353611 1 5,1,14,13,8,10,4
130946 187063 1 0,7,0,5,8,13
334564 15232 3 8,11,4,12
378286 318398 2 2,14,8,5,5,2
338586 87861 1 6,14,5,6
346839 158278 1 15,6,1,6,4,10
8984 56031 3 1,0,3,4
339778 309349 1 3,1,12,4,0
35547 191672 2 15,4
69177 4692 1 13,7,8,15,11,3,4,6
260463 181555 2 15,7,4,13,0,13,7
218581 55608 3 14,5,7,8,0
194338 124399 1 8,14
73734 207702 3 10,5,12,6,13
27824 304673 1 11,8,7,5,7,4,7
367752 354444 2 11,13,6
142296 14914 2 15,7
179517 165253 1 3,10
309961 248508 3 8,7,2,6,1,6,6
380087 363535 2 4,13,14,8
381620 237283 2 8,8,6,5,9
41126 76349 3 13,8,5,10,7,6,9
194017 207450 3 4,3,12,12,4,4
64732 186585 1 13,4,3,9,15,14,1,14
272335 173960 1 2,4,5,11,7,15
153195 336510 3 3,1,15,13,13,10,5
267391 183933 3 0,8,14
167944 233045 2 10,14,2,6,1,15,2,3
117023 383395 3 12,8,5
27666 130132 1 7,7
262111 82721 3 3,11
327799 112524 1 3,5,5,0,0
323208 275335 3 6,6,9
128352 122745 3 14,7,4,7,8,4
239201 55382 2 5,11,4
274360 280302 2 0,10,4,14,6,7,4
183450 73879 1 1,9,3,7
228152 331415 1 15,0,15,6
178541 178225 1 11,9,6,6
297359 18022 1 8,6,12,5,3,5,14,0
305630 287846 3 2,2,0,6,10,15,6
317237 343413 1 14,7,3,1,2,6
191051 255317 1 3,13,2
128648 225425 2 4,1,4,8,8,0,5
362259 268515 1 0,5,2,7,10,8
171322 90185 3 13,1,13
204981 293926 1 5,6,3,3,14,12,3,8
23244 96612 3 6,1
156434 320603 2 4,12,1,12,6,12
160568 331033 3 7,4,7,7
317722 159024 1 4,10,13
233478 215636 1 11,4,7,13,3
104726 112043 3 2,13,1,5,3,2,11,13
327264 20568 1 1,3
345628 66406 3 14,4
327824 58457 2 1,15
180806 82221 3 4,1,4,8,7
294038 113616 2 4,3,14,9
213642 205094 2 12,1,13,12
78926 342542 1 1,9,13
46825 83946 1 5,14
192906 257825 3 1,10,8,0,12,14,3
293578 350770 1 3,13,1,12,14,5,4
316946 163920 1 3,4,0,7,12
187563 91747 3 3,7,5,2
278334 265941 3 4,6,1,0,5
380007 64687 2 14,8,1,2,14,0,0
311317 25096 1 8,7,7,5,8,3,9,6
175454 331722 1 13,6,9,3
62406 64102 3 1,13,0,9,12
65749 12883 3 11,3,4,14
355339 263460 2 4,3,10
41782 218916 1 14,9,8
63916 64881 1 12,1,14,4
320991 137877 2 5,6,9,9,6
214056 76444 2 7,7,5,13,8,3,3,5
96512 191190 2 3,14,1,3,1,0,12
118261 294385 3 1,8,5
125212 298209 2 13,8
38549 48853 2 4,1,14,4,1,5
273241 110816 1 14,8
134137 4872 2 12,4,3,3,11,13,3,4
136988 233277 1 3,4,3,4,6,5,12
7915 103886 3 7,3,8,13,9,8,3
174957 52947 3 3,10
109205 15097 1 3,4,10,8
349099 216882 1 3,4,10,1,14,15,0,6
379852 258600 2 9,3,11,1,11,4,3
251963 327580 1 12,5,6,1,7,12,14,1
195734 249770 2 15,14,6,11,10,4,12
200821 376465 2 7,8
248128 316596 2 5,12,4
60839 147793 1 5,14,7,14,3
181838 3064 3 2,11,14,4,10,9,12
337066 79373 2 5,1,4
31293 165123 1 12,8
17879 133838 1 3,12,12,7
228882 209267 3 14,7,12,7,1,5,0
51836 1905 3 12,6,0
262845 346351 1 4,4,6,12,4
350415 154749 1 4,3,7,1,4,4,3
234732 60793 1 8,7,7
109859 124095 3 5,1,9,14,3
273448 294841 2 11,1,13,10,12,11,15,12
236655 264556 1 15,13,12,4,6,14,5
376380 156838 1 11,7,5,5,7
25145 124740 2 8,6,7,4,8,1
63300 288360 1 6,8,13,5,3,3,4
272550 305611 3 3,4,11,4
153027 339747 1 8,7,10,14,14,3
91361 315846 2 4,6,3,13
102499 305182 2 9,7
75160 283553 1 3,2,13,6,2,5,7
102767 346809 3 8,5,1,1,14,5,5
116919 376011 1 4,11,15
57049 18678 2 3,5,3,2
68293 140011 1 0,11,8
201791 61177 3 9,6,6,6,1,12,7,14
127170 143541 2 13,4,4,13,5,5,12,13
331350 260280 2 2,5,0,5
77032 294725 2 10,3
48544 135869 1 3,3
25041 368277 3 4,7
167774 7571 2 5,7,5,8,12,14,12
202785 370630 2 2,11
253293 118476 3 12,1,15,8,8
135964 25365 3 1,14,12,12,5,8,8
272493 346899 2 11,1,10,1,3,13,8,14
248064 184239 1 7,7,15,6,4,14
188047 121781 1 1,4,6,5,3,7,12,5
91140 193286 1 6,6,7,9
340970 190579 2 12,5
2329 163496 2 12,0,12,3
271442 249175 1 3,14
353276 259635 2 4,7,10,15,12,13,1,1
186101 251107 1 13,2
229119 340463 2 15,12,5,6,12,11
326979 294989 2 2,9,10
64621 248877 1 10,10,11,5,4,8,4
145622 254958 1 3,7,0
188276 221761 1 0,11,7,1,7,4
161094 132033 3 5,11,6,4,12,1
16794 318722 2 0,10,0,4,7
380734 336691 2 8,2,13,6,5,15,4
337828 289470 1 12,7,9,13,2,4,6,5
35380 354511 3 4,13
359849 374722 1 9,8,5,1
274298 332833 2 13,15,11,5,5,8
154479 56665 2 3,6,1
141510 6553 1 3,13,14,14,2,12,13,1
54141 14362 2 13,6,10
178762 128906 2 8,2,8,7,4
141155 54343 3 5,3
184519 282632 2 1,8
232527 35320 2 9,4,8,3,5,0,12
13766 75971 2 15,13,11,3
10841 126527 3 12,2,8
212419 316796 3 8,4,1
330979 300794 1 9,7,7
157080 159402 3 3,12,12,5,14,8,7,7
175416 359316 2 15,8,5,3,6,6,12
193273 176523 2 4,1,6,4,12,8
20660 214122 3 4,6,7,8,8,8,13,3
122665 363017 3 8,7
222619 42695 1 6,5,3,4,13,4,12,2
51087 223231 2 2,8,1,1,1,8,1,0
44194 35863 2 8,6,13,3,5,4,9,8
83512 115783 2 9,8,8,14,12
198960 167950 2 7,7
318667 66102 2 3,12,6,3,7,12,5
364235 14467 3 5,3
8494 117495 2 8,3,5,14,5,13,0,9
200288 41755 2 4,2,10,5,11,3
301065 249065 3 13,12,13,7,4,2,11,3
345927 264693 1 3,8,8,6,12,15,12
91042 343669 3 1,1
96044 282768 2 8,4
67828 151352 2 3,0,4,3,1,6,5
238071 120564 1 6,8,1,5,5,9
181877 54461 2 13,13,14
32471 336023 1 7,1,12,5,8,6
327498 302650 2 14,9,5,15,8,6
307035 332063 3 3,3,8,13,7
24640 38120 3 1,5,5,3,8,1,0,0
4236 93946 1 1,3,11,4
373858 97827 1 0,11
249102 39647 2 5,1,6,7,4
121716 189392 3 8,1,0
103198 9080 2 3,2,1
180197 157939 3 0,4
9296 121746 3 1,4,9,2
21985 131691 3 3,4,5,5,8
151635 104960 2 10,4,5,5,13
348488 177545 3 14,4,12,5,14,4,10
127110 35532 3 4,15,8,3
212964 311402 3 3,14,4
335693 167481 1 14,15,10,4,1
226790 193375 3 12,0,9,6
377899 57141 1 7,8,14,7,8,4,7,5
217441 28126 3 4,13,3,11,1,9,11,8
41049 80997 2 4,3,7,14,3,14,15
210094 150457 2 4,7,12,4,13,3
329846 192603 2 11,11,14,12,3,4,4
239425 51922 3 13,14,13,15,7,7
18221 345579 3 5,8,8
195253 222258 2 13,8,7,4,11,8,7
333496 2871 3 5,0,0,9,9
93886 313037 1 1,12,7,14,5,13
288843 59595 2 7,7,6,8
186986 54747 1 6,3,12,14,14,13
175770 314927 1 9,1,15,1,13,13
21929 130809 1 1,6,8,0,5,6
90667 252588 1 8,2,4,6,1,3
39160 120091 3 3,2,3,8
310021 169256 1 8,12,0,5
151048 71835 1 5,3,6,14
171892 227662 2 3,7,2
207475 188853 2 6,5,13,2,5,9,3,3
347833 368597 3 3,4,13,2,11,2,5
337590 76712 1 14,0,4,8
339558 162809 1 7,2,8,5,11
296111 61279 1 6,1,5
156589 295584 2 4,1,4,1,5
119372 257703 3 14,2,1,0,4,7
321944 279060 3 8,6
54478 131759 1 14,6,4,4,5,4
247991 383328 3 7,4,8,7
353993 143645 1 12,9,8,3,8,6
216760 121808 3 7,4,10,5,6,13,5
128437 164587 2 10,8,7,3
137773 216175 2 1,2,12,5,12
220043 362098 1 10,10,1,1,2,6
144998 333302 2 4,4,1,4,12,3
213830 11907 1 12,10,2,5,3,7,7
105154 118793 1 3,9,1,15,9
292744 40840 3 4,3,13,3,9,13
103430 118536 1 0,8,12,0,14,12,3,3
342906 238325 3 9,0,5,12,1,10
302139 62576 3 7,13,1,3,1,8,10,4
366171 298017 1 14,15,3
118114 237482 1 5,14,4,5
289688 326317 2 1,7,2
97313 114109 3 5,7
91156 330912 2 14,5
361990 84366 2 14,1,1,7
79229 270827 3 3,13,3,12,8
73423 379717 3 3,10,11
238886 248447 2 5,1,5,8,5
146670 342306 2 5,14
14549 49714 1 6,2,8,2,7,10,7,1
125896 177298 3 1,7,0
334076 270764 3 10,3,3,8,4,13,5,7
176831 269261 1 5,13,14,14,3,8,7,13
41695 126263 2 15,14,6
39440 260254 2 15,7,15,14,10,3,3,5
364093 283377 1 4,10
171787 265828 3 6,8,5,15,8,7,15
371472 123644 3 15,5,5,8
261958 240625 1 11,4,4,1,15,1,0,7
339805 268303 3 9,1,0,15,15
290931 252227 2 3,7,14,8,4,11,5
287673 9988 3 8,9,9,4
374335 374206 1 8,0,5,13,2,7,8
92353 332210 3 2,8,5,14,7,1
350728 95368 1 4,4,8,12,8
380122 222685 3 2,5,3,11,7,1
232659 46978 2 3,11,11,15,6,1,3
170905 222818 3 0,5,6,8,8,1,12
220747 219859 2 1,1
21648 11006 1 7,5,4,14,1,6
200396 258712 2 3,12,0,6,3,1,15,15
330295 68954 2 3,12,4
368162 101192 3 6,5,13,13
80979 34377 2 9,12,1,15
66687 285956 3 4,8,3,6,5
370970 376438 3 12,3,8,14,14
246048 232070 1 2,7,5,14,12,1,1,7
351502 48220 1 1,8,14,4,4,15
204096 45109 1 7,4,4,3,0,3,12,3
44105 369478 1 7,13,4,4,1,14
171683 10310 2 8,8,3,12,7
367017 41294 2 7,12,8
58289 369491 3 5,8,7,3,8,1,4
176849 7244 2 13,3
155452 292816 3 11,7
73643 46469 3 6,13,6,6,12,4
44643 257256 3 15,4,8
178620 193703 1 3,12,0
363967 222325 3 7,7,12,8,1,3,15,12
67043 134208 2 7,14,1,13
28039 237097 2 4,12
256294 359781 3 7,15
378369 64545 1 8,8
253401 80935 1 15,14,1,8,4
96627 24132 1 6,7,0,12
352308 205416 3 1,8,7,8,13,4
278277 382158 1 11,8,1,8,12
349709 361367 3 11,6,12
142371 162347 3 12,4,8,10,1,8
37117 198111 3 14,10,11,8
44703 102816 2 14,1,8
45846 184321 2 3,1,14,1
71370 381069 3 7,3,3,1
129066 337435 3 7,13,5
64032 137634 3 8,13,3,10,4,9,3,1
28049 91239 3 6,15,14,0,3,0,7,5
8229 350671 1 3,6,2,12,12,3,13,1
293812 165499 3 13,1,2,11,8
37552 153181 2 0,4,8,3,6,10,1,6
95438 373986 1 6,4,7,4,8,11,1,3
296278 244307 3 8,11,4,3,8,13,1
103539 311333 1 7,7,1,4
367531 250707 1 6,3,4,10,3,8
198173 187417 1 14,8,7
110978 231237 3 4,13,4,1,7,8,3,7
168218 352394 2 13,10,4,14,5,8,6,6
273157 318531 3 3,4,13,15,4,12
81910 383114 2 7,10
134055 192581 3 9,5,1,6,5,13,12
229580 70154 3 5,7,5,12,9,5
313442 219490 1 1,1
354547 130080 2 13,6,3,15
375817 26164 1 5,4,15,5
381710 1876 1 14,1,3,5
337557 177974 3 0,1,9,9,7,10,14,0
229522 340126 1 9,13,13,13,6,13,12,6
221448 166817 3 4,8,1,9
237117 304260 3 5,3,2,6
164884 115264 3 4,4,12,0,8,15,4
359139 69036 3 3,8,1,5,15,6,1,2
169129 217603 2 3,6,1,3,5
245291 40894 3 5,9,3,1,15,3
330348 29577 2 4,10,8,1,5
228549 339785 1 7,15,13
29046 143700 1 4,7,9,12,5
242989 110014 3 15,7,13,5,1,6
297747 179100 2 4,1,10,15,13,15,5,11
341672 123083 1 8,8,7
137760 8236 1 14,9,5,3,15,4,14,3
279593 268972 3 7,3,10,15,7,2,7,7
339511 301749 2 3,8,9,4,4,12,12
256885 171780 2 10,8,8
320874 294530 3 1,5,1,5
113828 37295 3 7,9,7,4,15,5,5,5
135723 207515 2 4,10,14
21386 34011 1 7,14
374900 118874 3 8,4,8,9,9,13,14
288108 16319 2 13,11,14,4,1,6,1,6
296680 28659 2 8,14,8,3,2,6,4
150074 365967 1 9,8,5,10,6,12,7,8
176873 373975 3 13,3,6,3,8
161359 17209 3 3,7
104523 18551 1 6,1,4,3,5
109161 70556 3 4,6,4,3,15,15,11,6
5892 166969 3 8,0,13,12
145586 271234 3 15,3,2,4,12,13
297190 161706 2 0,3,14,5,9
345805 213936 2 1,5,1,3,11,12,8,4
184119 118176 2 6,3,15,10,9,3,13,7
212596 205416 2 1,3,7,10,15,4,7,8
252672 242262 3 14,3,3
357042 305840 2 13,8,8,2
165943 64051 1 1,5,13,8,14,14,0,1
193523 89467 1 5,6,6,7,0,3
47977 159128 3 8,4,4
70736 270915 3 15,9,6,1,9,4,2
51881 343091 1 5,7,7,5,3,7,5,3
217252 212055 2 4,8,4,5
326750 65588 2 5,3,8
112854 331423 3 7,5,1
362952 341730 2 3,1
4302 193202 1 12,3,5,8,3,1,5
81710 84370 2 0,6,15,4
225229 112233 2 1,4,9,15,2,14,3
309258 55513 2 8,9,14,5
122098 123576 2 15,1
23214 272227 2 3,5,8,9,13,1,4,11
368587 65087 3 2,6,9
352746 226362 3 3,3
170843 273085 2 15,0,3,1,3
172868 307666 3 15,4,5
199313 245467 3 5,7,13
268599 102783 2 8,4,15,2,9,4,3,10
137864 305349 3 3,14,8,4,7,15
328932 271393 2 13,5,0
86864 338880 3 4,3,8,12,12,5
148510 361920 2 6,12,3,14,3,8,7
4434 307463 2 1,6,12,12,3,1
60696 328561 1 4,12,8,4,10,6,13,6
285115 185938 3 14,1,13,3,3,12,13
81437 40240 2 8,0,3,5,6,5,1,8
121097 162472 2 7,4,12
154318 89361 1 0,4,7,9,7,3,12,2
129024 218708 2 3,7
75690 25771 1 1,4,4,15,12,4,7,7
106423 332950 3 12,15,6,6,11,9,1,5
219622 191070 3 8,6,1,11,4,10,10
34168 309785 3 13,14,12,9,4,13,3,2
112967 283510 2 12,0,4,4,5,4
265116 295447 2 1,6,0,11,0,12,5
356352 381 1 14,11,6,6,8,7,8,3
322580 379707 2 8,4
77239 60367 2 1,1,5,4,3,8,8,15
50131 184222 3 6,6,15,0
254915 140266 2 3,4,4,8,0,7,7,4
287964 128446 1 8,4,3,1,8,8
310326 89497 2 15,4,3,8,5,3,13,8
53726 87610 1 3,8,11,7,5,13
309435 7786 1 5,8,1,1,6,3,7,1
116637 45951 2 9,5
215356 107136 1 1,12
213107 53113 1 6,4,5,14,13,2,6
189657 211765 2 7,8,2,13,12,13,4,4
41062 249222 3 7,7,3,6,1,6,1
64011 289680 2 4,15,7,6,14,12,7
217121 4580 3 8,1
293847 141487 3 5,3,13,3,5
145209 286772 1 4,8,14,10,7
151306 1528 2 3,1,3
378990 195550 3 7,8,14,13,14,7,5,2
176126 64199 2 8,4,12,5,12,14,13,14
327892 289764 1 1,2,12,5,6,0,14
343830 340426 2 4,5,14,5,5
139980 128393 1 3,3,3,4,4
80642 236823 1 3,3,1,2,14,15,7,1
170563 271646 1 12,4,6
292853 257483 1 13,3
359359 93836 3 12,1,3,6,8,4,2
167266 378043 3 14,12,9,12,8,3,12
114676 41949 3 13,6,5,13,8
75667 86931 1 8,8,0,6,7,3
344597 306561 2 2,6,1,6,6,5
71902 20015 3 2,6,8
272624 311957 1 3,5,1
214196 232118 3 0,14,15
64852 115746 1 0,8,7
22098 334107 3 5,13,3,10,8,1
350191 187868 3 11,13,14,3,1,8,4,14
56156 156726 2 12,5,3,14,4,1,3
236582 345853 2 2,0,10,14,6,7,1,4
295795 139128 1 5,14,15,4,1,3,3,8
280629 118112 3 2,7,6
47838 332868 3 1,11,2,3,11,5
230690 72604 3 5,1
15710 73319 2 7,4
131383 55616 2 10,8,3,9,12
310410 163969 2 13,12,11,7
177879 86045 3 8,1,5,5
181669 276599 2 3,11,0
63720 142233 1 3,0
70700 197485 2 5,13,7,5,10,15
349306 91426 1 13,9,8
326467 200040 2 5,13,3,5,7
231866 282113 3 4,2,13,0
301854 149931 1 3,12,1
12186 320666 2 8,4,14,6,4,2,3
13063 329777 3 3,13,1,4,3,6,10
340673 266609 1 12,6,9
354899 48638 1 8,6,12,12,1,2,5
298554 348155 3 1,3,8,12,3,1,7
152538 286618 3 2,8
283739 238490 3 6,12,8,10,6,4,0
84344 138758 3 15,6,1,15,13,5,9,9
333900 324974 3 8,4
5703 20870 1 9,7,8
337015 359528 3 4,8,11,8,12,1
264361 37133 3 4,13,11,10,5,4,13
97193 35862 2 10,13,1,4,1,8
123633 274366 2 4,0,9,4,5
105515 185510 3 13,3,4,3,1,12
225513 233897 2 12,4,14,13,1,8,12
259676 291564 2 3,3
304771 86405 1 7,5,12,8,12,7
99557 40882 2 13,3,5,4,1,0
275025 225123 3 5,3,12,14,5,7
195396 104212 1 4,6,14,13,1,3
72465 98417 1 3,8,8,5
327908 31090 2 8,2,7,13,13,0,8,3
363183 249618 2 15,11,4
138955 318723 1 6,7,5,4,11,5,15,3
172459 211638 1 6,6,10,7,13
46939 12347 3 10,12,5,7,12,7,1
295364 76218 2 7,7,6,14,4
367751 273749 2 6,8
72341 359203 3 4,2
87669 227757 2 3,15,6
123536 253444 3 10,11
45143 365935 3 4,3
172106 259304 3 4,0,7,1,9
354028 117150 2 8,1
353124 228850 2 4,14,12
280078 189275 2 5,0
266915 163893 2 13,1,8,11,15,13,1,8
222879 9571 3 1,1,14,3,4,7
140046 326664 1 14,5,8,1,4,5,1
266056 118636 3 12,3,15
76801 357392 3 5,3,4,14,5
206829 328837 2 12,3,6,4,3,11,6
215605 60234 2 7,15,2
295639 26924 2 2,13,12,13,9,5,8,5
231057 364712 1 10,2,4
68766 310356 2 2,3,8,5,3,3
345576 182348 3 5,6,6,6,8,14,7
380209 110615 3 6,7,8,2,14,0,9
96024 98650 2 8,15
365255 199667 3 14,14,6,4,12,13
43522 379192 1 3,6,13,13,4,4
209132 235526 1 12,7,1,14
44148 256162 3 13,6
351960 175737 2 3,7
233539 98791 1 13,0,1,6,13,14,8
19890 335683 3 10,6,7,14,1,12,13,3
103923 380646 1 0,10,5
177969 208041 2 14,8,3,4,6,7,7
360792 268345 2 3,8
224815 199506 3 15,5,7
243135 338703 1 4,7
158918 94973 1 4,11
273400 172050 2 4,5,13
279877 378834 3 3,13,11
347905 158773 1 0,3,6,13,10
370756 225480 2 13,3,15,5,10
359597 40850 3 7,3,7,12
38180 247800 3 12,4,7,7
28618 263316 1 9,8,0,14,4,15,9
204836 334814 3 9,4,6,15
98984 236442 3 4,3,1,8
68356 52482 3 4,15
376609 53733 1 4,10,1,8,4,12,5
358912 60090 2 6,1
371168 35586 2 0,0,6
242930 50341 3 4,7,2,15,12
221738 332285 2 2,14,14
208178 126143 2 2,7,3,9,4,8,3,0
372117 23032 3 6,15,8
91805 270530 1 12,9,12
181277 202987 3 8,4,12
308854 261146 3 4,5,3,15
15050 363929 2 4,4,8,14
272222 235078 1 13,5,8
126975 236631 3 1,11
51240 18681 2 1,3,1,10,3,9,8,0
282391 115143 3 13,15,5
398 327894 3 1,4,0,5,1,8,5
16179 230649 1 4,4,3,7,14,3,2,7
253049 113883 2 2,5,15,3,14,7,13
372706 382510 2 8,15,1,11,1,10,1,10
276882 82536 1 4,5,6
317673 143503 2 3,4,4,3
257207 159246 3 1,8,7,14
178989 367391 2 7,3,12,6,15
88041 371326 2 10,6,1,14,8,1,8,9
325208 10405 1 5,5,3,4,15,8,3
321166 235037 2 4,7,14,15,14
146389 147832 3 3,8,4,4,4,4,5
35018 348421 1 14,8,12,8,1,7,3
273106 262890 1 9,12
165367 298506 2 2,11,14,15,1
342242 302730 2 9,3
229504 163649 3 8,1
305821 128603 1 13,13,0,8,13
339004 311781 1 10,5,2
182367 231995 2 12,13,6,3,4,5,5,7
351473 207187 3 14,6,2,7,5,5,3
269978 139410 1 8,2,3,5,7,11,8
309604 51993 1 5,6,10,7
40382 176679 3 8,4,14,1
311178 237838 1 7,13,13,6,6,12
12337 119052 3 2,12
29938 17508 1 15,5
117021 74964 2 4,15,4,2,8,5,3,12
343367 115337 3 12,3
322938 103169 3 6,11,11,0
294536 298107 3 7,8,15,2,1,12,11
67525 106726 3 1,6
294705 167724 3 14,9,6
59668 345069 3 1,1,3,14,12,5,8
13171 56892 3 5,4,15,5,15
227234 204449 2 15,5,7
43981 244487 3 7,3,1,13,9,15,3
111769 15393 2 8,5,3,10
301373 113689 1 14,13,3,4,5
311108 68622 3 6,8,5
82172 78410 3 0,3
341054 162160 3 2,14,5,2,13,5,5,4
230146 25987 1 3,1,5,4
122507 234386 2 3,1,1,3,3,6,12,13
360919 11839 3 10,12,14,9,4,3,11,13
323051 94252 1 14,12,7,14
375102 205284 3 3,12,14,6,5,15
204675 169717 2 3,1,15,4,8,10,11,6
62472 196174 3 6,3,8,12
233625 77582 2 1,3,2,10
336152 250021 2 5,7,4,15,14,5
215301 53353 1 1,5,4,8,4,12,6,9
44617 79342 1 2,8,14,6,5,8
241644 144930 2 1,3
317049 237188 1 8,1,12,8,1,5,4
182629 248041 1 5,9,8,4
108836 56221 2 8,6,4,3,14,1
69080 268927 1 13,5,3,5,12,8
30530 256655 1 3,2,12,3,5,5,8
17243 355875 2 0,5,6,14,8
228418 211985 1 7,10,5,6
82948 190073 3 1,12
44505 320045 1 12,6,2,1
177033 42049 3 4,15,9,9
346165 97243 3 6,5,15,6,7,5,1
255034 143964 1 7,8,13,0,7
211692 63517 2 12,4,11
86395 317483 1 3,7,14,1,8,13
231525 25885 3 15,3,8,5,7,4,12,7
181076 234495 1 1,3,11
14787 152258 3 2,12,1,5
228721 356289 2 4,1,7,12
15485 190610 3 7,11,3
273822 248881 2 6,3,13,13,15,7,12
380183 32761 2 7,4,4,7
370614 365173 1 8,4,12
297492 3794 3 0,1
58709 129080 2 3,5,3
279047 246662 1 3,6,6,6,8,9
200035 358454 3 4,14,10
307972 316805 1 4,2,4,3,5,7,1,3
349138 77993 3 1,15,8,3
377886 87680 1 3,8,3,3,13,12,1,14
344368 158571 3 3,7,14,0,6,7,7,1
61279 88456 1 1,13,10,4,3,6,1
214384 27 3 6,15,6,7,13
238200 44985 3 7,3,5,8,8
173245 161585 2 1,12,8,6,0,7,1
259470 370688 3 14,10,1,3,2
296170 194828 3 14,4,0,4,5,12,11
188864 50424 1 7,8,7,13,8,7
66995 322799 1 5,5,7,13,11
131957 89147 2 2,6,5,13,6,4
177722 32788 2 4,0,5,4,14
215429 322434 2 8,11,1,10,1,15,5
307359 339775 1 7,3,3,0,3
206223 339766 3 6,9,12,15,7,12,1
251827 301109 2 0,9,7,12,1,10,7,1
24514 357231 2 14,14
270508 130044 3 0,6,8,1,3
151279 114341 2 1,3,7,10,8,1
231521 225649 1 4,12,6,12,15,13
356711 186944 1 11,4,4,9,4
9738 175861 2 1,3,1,2,6,4,12
235341 232773 2 8,12,8,8,9,0,1
201346 115854 2 3,13,9
27819 350804 1 3,9,14
257519 300205 1 12,4
214201 10294 2 14,1,11,5,4,3,4
73695 271686 1 0,1,8
299538 336002 1 8,3,14,15,14,12,12
81897 150244 3 14,3,3,5,5,12,0
127802 305972 1 4,8,1,5,14,6,12,6
355729 215149 1 5,6,12,0,5
157403 67553 3 9,6,9,3,1
203532 308401 3 2,6,12
194654 165686 2 0,3
335534 181581 1 12,14,4,3,6,14,12
138586 68365 3 0,6,3,13
181521 63373 2 8,3,14,4
153656 108247 1 4,1
87551 281020 1 5,5,15,9,7,12,7
129401 2372 2 8,5,9,4,8
21393 87729 3 5,15
196154 268230 2 4,3
35932 120389 2 6,9,5,14,4,13,5,8
88393 225639 3 3,14,5,5,5,6
246832 162111 3 4,7,7,8,1
94840 13690 1 13,2,4,8,12,9,5,9
93770 41522 3 12,15,8
87300 70403 3 1,14,6,0,4,14,8,0
220588 75592 3 8,4
358431 287719 3 8,6,9,5,5,7
55568 372113 3 11,15,6,11,7,4
59698 133056 2 12,2,7,9,1,8,5
184050 7196 2 4,9,3,9,4,14,3,12
263768 43013 2 12,14,13,13,7,14,13
234019 50110 1 3,14,6,3,11,5,15,1
80338 323264 2 3,2,8,6,12,7,8
245691 242854 3 2,12,1,6,1,9,3
184097 102789 1 10,5,4,7,0,4,4,4
52530 163304 2 7,12
30975 176433 3 15,6,7,4
156341 16588 1 1,7,8,8,1
128328 9904 1 7,14,7,2,1,3
363057 21883 1 4,7,0
300092 251272 3 6,1,8,9,10
142541 338971 3 1,5,5,4,6,7
190839 118525 3 6,0
122996 276261 2 9,8,12
272436 63762 3 4,7
94836 168559 3 4,3,15,6,9
111479 25877 3 1,4,1,3,4,6
254046 262027 1 3,13,8,4,9,3,6
147204 209184 1 5,1,5,1
255837 221252 3 15,4,8,13
364074 10762 2 3,0,3,3,1
207459 199658 2 8,4
133617 173873 2 3,1
134641 250917 1 13,10,7,7,4
356009 177788 3 5,3,9
92175 215509 3 14,4,8
30519 214641 1 5,4,15,0,8,1,7
138748 50790 3 7,14,10,5,4,15,3,14
164542 74255 1 3,1,0,14,12
205180 7126 3 3,9,14,10,10
151276 232127 2 14,7,15,6,15,4,13
239110 289014 1 5,4,5,5,4,1,6
368298 358860 2 8,1,7,5,8,4,7,14
308649 49852 3 1,4,4,1
65802 202939 2 7,4,12,1,8
184651 307374 3 14,1,4
117697 226050 2 14,1,4,12,7
153385 234285 2 6,12,5
33305 108012 3 4,5,1,7,3
96218 306111 2 13,5,12,5,1,4,6,5
111000 51439 2 7,4
333577 186302 3 8,3,15,1,8,7,14,7
230644 231516 2 4,4,8,14,15,4,7
147357 147632 1 1,14,3,5,13,7
169932 13626 3 6,4,3,4,1,3,14,4
11686 343982 1 5,12,13,7,4,0,2
91838 118453 3 13,5,4,13,15,5,4,7
30029 173595 3 13,4,6,8,4,3,5
137856 326632 1 6,0,12,4,6,8,4,12
78507 356940 1 11,6,14,11,15,1,11
119708 197438 2 7,6,1,4,14,4
208283 51874 3 15,6,7,6,4,12,8
342050 225093 1 8,3,14,3,3
62443 335893 2 5,9,6,6
319097 22611 2 4,4
179884 130075 1 2,4,7,13,6,3,3,3
332506 189156 3 13,8,9,14,1,3,4
233934 112711 3 4,4
215237 299257 2 15,6
1652 351658 1 12,3,8
327469 14937 2 6,0,7,7,8,12,14,1
213222 274471 3 13,4,4,5,3,8
305948 318345 1 4,12,1,1,14
221396 209820 2 4,14,3,1
215909 241492 3 0,7,3,7,10
331811 217946 3 8,15,3,7,8
70374 229999 3 15,15,7,15
312454 157295 2 5,13
240079 372341 2 8,1
74278 51725 3 13,0,4,5,8,9
82079 144362 3 3,12
188284 348763 2 4,0
140687 307098 1 3,12,13,8,8,2,13
229847 156293 3 8,12,3,5
377889 372630 3 12,3,1,8
267731 111708 3 12,15,8,5
215476 33921 1 10,8,12,1,2,5
300344 233179 1 3,7
312499 128860 3 5,8,3,13,0
158282 186755 1 6,4,4,14,4,4
214490 88671 1 7,9,7,7
108476 141874 3 4,1,13,9,14,8,6
344271 275850 2 5,6,7,7,7,5,13
71281 11644 2 1,9,7,1,2
255183 280760 3 12,4
280388 358071 1 8,12,1,15
10041 265918 1 3,5
257805 173354 1 12,8,5,14,3,2,3,3
274994 252265 3 3,15
28306 268440 1 10,7,4,6,6,12
253435 86384 3 8,3,5,2
337302 297617 3 10,9
151314 252671 1 11,9,12
192367 288820 2 1,8,12,8,13,10,13
151730 204634 3 7,14,4,13
271137 224845 2 12,4
77950 155039 1 1,9,4
278880 139065 2 2,6,9,6
299189 361123 2 4,4,10,0,7,1,5
156655 96919 3 1,8,9,9,15,4,7,8
4342 79976 1 3,12,1
96108 256506 2 6,13,8,5
339159 59492 2 11,1
268317 365430 1 3,6,4
72771 80514 3 5,5,6,1,15,1,6
128188 253949 2 1,5,14,10,5,7,4
261090 63968 3 13,7,0,4,11,5,9
303059 163635 1 4,5
264681 93998 3 2,4,7
17986 383529 1 15,14,4,0,8,15,1,8
34004 184275 3 7,9,6,3,5,13,9
313008 170963 3 1,14,4,4,0,7,1
34104 204289 1 1,7,5,5,1,14,12,0
45535 256324 1 7,11,8,8,0
281555 325243 1 0,13,13,0,1,7
105050 342818 2 2,10,8,1,7,12,0,3
261879 172982 3 5,9,9,1,5,4
110902 3512 2 8,13,10,11,8,8
335493 149506 2 7,11,15,4,6,3
270876 337720 1 4,5,8,1,9,9
303701 210289 3 12,5,6,8,4,3,8
283960 192724 2 12,6,7,2,0,5
204791 284611 3 4,5
27028 366361 2 7,11
32443 200852 2 4,7,12,8,0,1,3,5
205368 197375 3 9,11,9,4,3
315050 3495 2 13,11,8
314772 36521 1 5,12,2,2
143938 202017 1 14,7,8,1,7,1,8
263214 187540 2 11,5,9,8,14,0
20437 339501 1 4,12
193333 193773 1 8,15,3,8,12,6,1,1
206698 74091 1 8,13
300834 120803 3 1,11
241083 206728 2 6,8,8,5,2,15
67275 292765 2 6,7,8,0,8,4
328770 170818 2 6,7
68586 48147 2 3,0,14,4,15,5,5
369016 168856 3 4,3
210499 166101 3 5,0
123768 128078 1 4,7,1
192604 88971 1 0,7,15,2,6,0,5
84174 224178 1 7,0,2
172004 75971 1 3,6,15,9,6,5,12,5
99082 372678 1 4,7
175889 215767 1 12,8,12,12,8,3,4
224203 9831 1 7,0,3,3,12,12,6
124377 288060 3 12,8
367691 185557 1 1,8
372389 123156 2 9,5,15,8,10,8
283994 234593 3 8,5,10,8
292854 372754 3 15,7,1
111707 154286 1 5,9,12,4
355579 349354 2 6,0,3,7
148195 309619 2 15,7,9,6,4,3,11
142916 17469 2 7,6,6,2,10,5,7
206341 216819 1 0,6,9,12,10,9,12,3
311436 265316 1 6,11,8,7,5,1
272700 323413 2 5,0,12,12,1
350620 162352 3 4,3
361021 163494 3 3,2
87716 268673 1 7,12,2,5,7,3
134352 120486 3 14,7
233901 64290 3 0,15,6,10,2,1
381088 250490 1 8,12,4,13
278958 15239 1 8,9,0,3,5,8,13,4
223333 327996 1 5,15,1,6,13,4
249049 182171 1 8,1,1,3,15,6
313326 304400 2 13,13,4,9,8,5
326392 299710 1 6,9
266074 229179 3 1,6,5,13
274051 360661 2 13,4,10,15,6,15
214674 87147 1 4,2,15,3,15,5
364141 1580 2 1,6,9
276530 222714 1 3,6,15,3,7
288545 92477 3 5,5,14,13
308404 370508 2 1,15,12
283846 302636 1 15,8
165222 247649 1 7,0
113990 363595 1 9,2,15,8,13,5,7
287277 326689 2 9,7,14,11,13,5
100580 315883 3 13,8,1
224319 94665 1 13,7,7,7,14,6
246743 129081 1 15,13
13360 7059 3 11,15,4,1,2,13
254162 297410 3 15,4,0
364376 86788 2 11,4,6,8,13
333811 75361 2 14,4,11,8,11,13
199330 207078 1 12,14,7,13,1,7
188592 243628 3 13,8,5,12,5,6
381011 344407 3 14,4,12,4
77178 261076 2 5,7,14,3,2,12
337040 276854 3 12,15,0
298667 228927 2 5,7,3,3,14,14,11,12
73782 207351 2 5,3
219170 213587 1 8,3,3
108354 131507 2 1,7,1
70743 29610 3 15,5,12
29350 352725 2 8,5
189706 365205 1 8,6,7,11
153718 52042 3 2,2
287308 28773 1 3,1,5,8,5,7,6,5
354178 294798 1 3,15,2,2,4,3
105261 340518 3 14,5,5,14
222461 326618 3 6,7,5,1,14,3,9,6
246911 36569 1 11,5,13,4,5,5,6
237390 42344 3 8,11,0,1,4,8,8,13
342284 317961 3 14,11,6,3,7,0,3,0
135449 97692 2 9,0,3,4,13
111205 286000 1 3,1,8,3,14,1
292327 10065 3 2,5,13,7,1,1,10
368285 287016 3 8,5
339945 383892 2 12,7,1,8
252575 239893 1 3,5,5,12,1,4,5,9
86410 296861 2 2,5,8
102325 306587 1 8,2,13,13
313928 206756 1 9,13,4,8,12
281520 376211 2 1,3,8,5,5,4
102134 34792 3 2,7,7,8,4
185508 110188 3 5,10,12,8,3,13,11
268018 377797 3 8,9,4,4
374369 226182 3 1,13,3,14,7,12
61433 143148 3 10,7,4,8,4,3,7,0
53958 94158 1 8,15,4,6
35605 382047 3 1,11,9,11,7,15
223829 166955 3 4,6,15,10,6
105039 351994 2 13,3,5,8,13,0,14
295237 349 3 5,9,4,4,15,8,2
137335 50175 2 8,5,7
103035 96511 2 9,12,13
8708 133209 2 13,8,8
228641 90947 1 4,7,12,14,7,13,4,7
20412 110232 1 0,13
128090 186323 1 2,8,4,15,1,12
64846 229877 1 15,8,2,5,12,3,13,6
241613 80659 3 9,0,4,7,8
299704 4394 2 11,1,0,12
94317 299672 2 9,8,8,4,4,5,15
5129 290672 3 1,9,3,11
12941 54193 3 0,7,11,4,8,8,6
259591 219005 1 8,3,5,1
181297 108299 1 6,10,6,4,5,4,4,4
268120 298074 3 4,3,14,5,15,3,14
231408 107275 3 0,12,10,12
256186 375822 2 10,7,1
153322 186788 2 3,15,12,14
280941 332209 2 1,1
185307 105440 1 11,12
144243 213599 1 9,15,6,7,6,15,8,0
33559 137702 2 1,4,1,4,8,4,6,9
124587 68275 2 15,14,7
330134 375343 3 13,13,1
168045 239205 3 7,4,4,5,15,3
160647 71634 2 14,7,9,6
246486 191975 2 8,3,3,3,2
191752 351293 2 7,8,2,3
344833 184950 2 3,12,12
40791 71958 1 3,8,3,10,15,15,7
149726 362617 2 1,2,8,8,9,1
9983 41133 2 2,15,2,9,8,1
185493 244775 1 4,1,12,6
27734 312999 2 12,11
162472 30634 3 7,9,1,6,5,2,8,5
161566 113790 2 9,8,15,0,12,7,14,15
178155 124564 2 14,8,3,5,9,4,15
212149 138360 1 14,4,6,5,6,12,4
52221 335506 1 7,4,1,4
27561 139678 3 4,8,7,8,3,7,7
52262 275853 1 1,4,14,4
155594 457 2 12,7,5,8,14,12,12,6
320614 62686 3 5,5
328181 177973 1 6,11,11
362393 102515 1 6,7,15,12,1,3
73552 244892 3 5,12,9,15,4,11,4,4
167077 118425 1 0,14,3,10,12,4,9,5
341924 351255 2 4,7
362013 37362 2 3,6,14,14,14,7,4
300152 173801 2 1,14,4,8,8,8,14
307464 275018 2 11,14
383537 328831 2 2,4,2
277491 139894 1 2,6,1,3,13
138722 334524 1 13,3,10,12,2,4,12,14
55920 148523 1 7,5,15,14
30832 45902 1 6,1,1,12,4,1,2,3
322398 196192 3 2,4,2,8,14,9,8,14
242228 247801 1 9,7,0,12
74424 92225 2 12,7,13
321883 172909 2 2,3,13,14
136696 130123 3 3,13,14
47855 254671 2 3,5,8,12
92052 182653 2 13,3,13,4
332722 124036 1 4,7
25159 138954 1 0,8,1
203617 297496 3 4,12
30743 163287 2 12,4,5,0,15,12,4
132288 19500 1 3,5
257894 218946 1 5,10
23299 164327 1 3,3,6,1,13,4,3
55905 250657 1 3,9,5,8,5,1
319635 19667 3 6,1,12,2,8
355423 20294 2 3,1,6,6,14
320569 13107 1 7,1,14,5,10,7,6,1
326199 373067 2 15,5,4,8,12
264877 94038 2 8,0,9,0,12,14,13
201772 149188 2 8,4,12
160234 345760 3 15,14,14,1,2
101122 346195 3 1,15,7
366943 328077 3 7,1,11,1
280355 6312 1 6,6,12,3
55473 209227 2 1,12,2
227246 366943 1 5,11,3,12,8,3,14,7
222520 285207 2 2,8,10,10
201016 303702 3 4,11,8,5,8,8,8,7
65766 209329 1 7,1,8
210029 21337 3 9,3,8,7,1,5
363803 190000 1 13,8
6076 31227 2 4,3,13,6,2
265113 63917 3 5,2,8,12,13,2,11
295108 104091 1 10,3,8,11,5,7,15,3
161240 365651 1 12,9,4,15,7,7,13,13
246437 195491 1 8,11,1,13,6,6,0
246343 273193 3 0,3,3,6
314781 221984 3 12,3,11
93829 249766 2 14,3,7,3
186820 112393 3 1,2,3,5,4,7
207102 215372 2 0,8,5,4,9
134743 110481 2 8,13,5,1,3,4,6
295871 159608 1 3,6,3,10
48699 186089 2 8,10
301800 325725 3 1,14,3,8,8,1
205533 316147 1 2,4,3,13,8
239010 339525 3 14,5,12,13,7,3,0
338038 134618 2 8,12,14,15,9,3
162141 89180 3 7,6,5,9,4
102063 228036 2 5,8
292501 117723 2 15,9,5,7,8,5,13
333625 317005 2 7,7,10,3,2
215188 134771 3 8,3,12,2,13,15,4
292611 352530 3 0,6
61984 371783 3 11,11,12,11
210299 375430 2 11,4,13,5,8,2
300154 152803 2 5,14,5,1,13
140822 349270 3 7,14,14,0,15
286971 342223 3 13,3,1,8,4,2,2,12
127135 211177 2 3,4,3
175959 140213 2 4,4,2
289345 77400 3 3,14,12
184357 61300 2 6,6,5,7,14,3
316163 254768 3 1,4,4,2
92480 34090 1 3,4
364264 365051 1 7,3,3,7,5,6,1,5
374632 222197 3 9,2,9,15,8
152094 207548 1 1,5,4,8,1,14,4
160440 150620 3 6,12,5
147862 369747 1 1,3,5,1,14,4,12
86608 119410 2 7,8,8,15,8,7,1
126314 327867 3 6,6
323660 234859 1 6,6,1,1
342197 31904 1 4,1,14
148330 211 3 8,12,1,15,3,8,12
13351 297549 1 3,4,1,5,9,6,13
369441 267699 3 8,1,8
80802 157939 2 11,8,4
226683 29543 1 12,9,9,6
365826 180757 2 4,13,4,5
69875 85834 2 3,13,13,7
345518 168142 3 5,2,8,8,5
195445 149591 2 3,7,15,11,10
244169 87677 1 13,15,9
102920 325196 2 5,3,8,5
78041 74964 2 9,5,12,13,4,12,0
43566 184145 1 7,10,12,14,4,12,6
338462 342566 1 9,4,7
109631 71907 2 8,5,8,2,10,8,0,8
87187 134041 3 4,3
350804 199587 1 7,7,6,13,3
125582 141807 2 1,10,7,11
69261 99588 3 8,4,8
222946 76064 2 14,12,7,13,12,2
301267 346726 1 3,6,4,0,15,8,2
323066 192581 3 0,5
158528 253742 1 5,13,1
354329 159943 3 6,5,9,4,5
363054 102543 3 7,8,7,4,9,4
111651 223883 2 5,10,4,12
39302 223765 2 0,9,9,6
288529 268692 2 5,8,4,5,5,3
379469 221797 3 4,12,12,6
319346 239415 1 8,8,3,1,4,3,10,8
142870 108140 3 13,8,1,11,12
59345 320461 3 7,15,2,13,10,7,3,14
362616 160025 3 5,10,13,3
344831 59181 3 7,15,7,5,1,3
176814 337494 1 7,3,5,3,4,8,8,9
166781 31642 3 6,5
119433 269367 2 5,10,7,13,1,5
306231 73287 2 4,13,12,14,11
303990 111974 2 12,1,7,9,0,14,6,5
86445 211768 3 14,7,1,13,2,4
346018 158996 3 3,7,5,6
295921 172323 2 15,14,7,8,4,6
350498 16276 1 5,8,5,13
164964 70963 2 0,6,15,14,7,3,7,3
115139 293764 2 4,3,3,8,4
195601 278682 1 3,1,13,6,6,10,11
104942 221867 2 7,6,5,1
77412 24691 1 5,1,5,6,2
203362 45569 3 8,14,6,14,15,2,10
38666 255468 2 8,4,11,1,8,13,8
155422 293300 2 14,6,6,6,4
15516 303482 2 5,13,7,14,3,8,8,5
297254 127173 1 7,14,15,1,7,3,4,5
291740 244849 2 3,13
282957 355403 3 13,0,7,1,10,3
174644 63220 3 2,7,15,1,8,14
167940 134038 2 7,13,8,1,4,8,5,15
267073 108802 3 8,2,7,9,5,4,7
382695 46849 1 7,1,3,12,13
76716 89490 3 5,3,10,4,2
27238 168581 2 9,4,15
167483 307201 3 1,4,8
81227 99021 1 3,4
232145 58923 2 3,6,6
195235 114541 3 1,12,9,9,4,5
180445 40071 2 3,13
380739 247586 2 7,4,7,12,15,1
295607 247865 2 3,1,15,1,14,2
12880 281923 3 0,6,4
173810 270147 1 13,5,0,15,13,4,6
128020 338167 3 2,4,12,4,0,12,7
6086 179535 2 7,3
369558 214872 1 2,14,12
367870 177880 2 14,4,5,12,1,4,15
279130 358535 3 7,12
312921 69980 3 12,3,4,3,8,6,8
216852 344721 3 3,12,2,12,7
372838 103364 1 4,5,4,4,4,5,11,5
108253 31971 2 7,3,4,3,4,3,3,0
240955 6435 2 0,4,6,14
351423 69383 1 15,12
374443 201138 3 8,12
243952 352716 2 3,4,5,1
233998 305904 3 4,10,8,11,5,7,15
277380 324967 3 10,3,10,3
138759 296159 3 5,3
375325 117690 2 9,2,7,2,4,3
207815 379958 1 13,8,12,4,7,8,13,6
242970 374626 3 4,7,1,1,5
94591 210021 3 0,12,8,12,6,12
305077 233354 2 8,9
45972 153790 1 15,9
196959 110717 3 3,9,9
61819 95106 3 15,14
32898 34112 2 4,4,14,8,4
216537 85244 3 1,1
97306 316314 3 1,13,5,1
327520 359628 1 14,6,5,8,13,5
53399 219231 2 6,14,0
167373 281107 2 12,5,7,1,0,5,1
46445 351693 2 12,3,12
173790 191492 3 2,12,4,0,1,0,11
216141 160840 3 5,4,1,14,8,8,1
245312 132967 1 12,1,11,4,0,13
283295 137727 1 12,14,3,7,7,1
250122 296738 1 3,1,7,15,5,0
357141 305951 3 7,1,12,8,11
362225 72502 2 14,7,3,2
361958 140265 1 5,15,0,13,13,2
291607 283410 2 7,12,1,14,11,8
380131 151546 2 6,7,2,3,5,0
123232 275751 1 5,3,15,3
206747 242409 3 6,4,11,5,5,5,0,3
73864 23492 1 14,3,13
238132 32642 2 3,13,0
267505 26052 2 7,15,3,5,3
225356 339500 2 1,3,3,6,1,12,6,3
378463 157167 3 4,1
281744 310170 3 9,13,7
247084 27741 1 10,1
200827 245423 1 1,9
174541 48727 2 13,7,11
38558 257553 3 4,1,4
62382 35878 1 4,12,4,12,13,3,8
281327 82741 2 6,13,3,10,8,3,0,13
340975 94081 1 13,5,1,4
54370 203825 2 3,12,13,8,0,15,7
246674 39882 3 5,4
287061 266171 3 4,5,3
45711 241146 3 8,1,3
58208 113556 2 6,8,0,8,14,8,0,12
148053 372932 2 12,11
343122 227892 2 4,8,3,7,14,8,3
339911 185408 1 7,2,0,3,4
85959 207599 1 9,14,3,12
36609 222241 3 11,14,14,9,14,13,9
85763 246476 2 1,1,8,10,1,8,7,1
79643 7208 2 3,2,4,12,2,4,5,12
272400 100603 3 3,13
153687 178711 2 10,12,1,14
346519 315377 2 6,3,8,14
381986 174940 2 4,14
298897 35050 1 11,9,8
196441 370182 2 8,12,1,4,2,3,3,5
98958 132985 1 10,4,5,4,12,8,13
151060 53347 1 4,7
126129 268306 3 8,7,7,13,5
169168 31370 3 14,13,8,8,5,4,7,8
309659 278867 3 3,9,4,12,4
324626 378855 3 1,13,4,10,15,6,9
265094 243392 2 12,4,6,9,14
328595 203402 1 12,8,3,2,1,11,5
115819 330753 1 2,4,5
335569 246079 1 4,3,8,7,5
69654 344367 3 12,8
150082 380669 1 0,14,15,1,2,13
139273 283810 3 3,14,9,15,5
360870 236362 3 3,15
31531 67809 2 2,5,8,6,5,4,8,2
46968 250119 2 3,2,6,3,1,4,4,0
113188 361013 2 4,5,6,4,0
147418 229526 1 13,13,7
317675 3155 3 6,15,1,10,6,10,12,1
173483 17824 1 14,13,6,14,10,14,12,13
173464 303879 1 4,7,4,5,14,7,8
115064 187519 3 2,3,1,3
153678 376781 3 13,5,8,12,2,8,4,1
241534 107164 3 6,8,2,8,4,7
46121 321985 1 12,2,13,4,4,7,11,3
303240 265221 2 11,1,4,1,5,6,8
125203 136064 3 5,9,9
329286 83656 3 8,2,0,12,3,9,14,5
46685 280054 2 11,5,5,14,6,4,3
189844 197558 3 5,13,2,10,6,14,4,6
257151 354520 1 8,15,0
353748 48789 1 3,8
202349 135332 2 6,4,3,14,12,0,6,6
80609 190694 2 3,15,7,5,1
109696 222598 1 0,13
332135 196564 1 4,3
47761 221948 1 8,1,9,3,8
378128 20546 3 6,0,12,11
258926 223222 2 14,7
249147 341395 3 8,13,3,3,12,12,14
193401 133774 3 8,1,8,7,13,4,15
227787 347428 2 1,8,4,4,7,15,7
175730 348921 1 1,4,8,7,14,13
132712 183318 1 7,13,3,14,7
30701 230783 1 15,0,6,1,1
262760 101282 3 7,3,11,4,6,5,3,12
290950 126080 3 3,10,0,1,1,6,12
310452 19073 1 4,15,8,4,3,4,8,4
11628 68045 1 4,14,13,6,1
234121 223741 3 5,8,1
344120 292229 1 7,4
30448 341304 3 1,9,3,4,5,6,13,0
292092 310719 1 15,7
91563 133519 3 3,7,7,6
232178 81386 1 3,6,13
137988 336163 1 8,12,4,4,0,5,0,4
24634 41882 1 8,1,7,8,5,11,3
340972 330983 2 10,12,8,13,1,7
327238 262232 1 5,8,5,7,3,0,8,2
187755 257281 2 8,9,7
248972 306227 3 14,3,10,11,6
56080 135112 3 5,3
262862 142415 3 1,7,4,8,8,4
201130 258490 2 3,12,1,9,3
355569 113374 3 9,1,4,14
40150 322070 3 12,13,5
307063 145400 2 3,8,1,4,9,8,13
382692 43866 3 3,5,7,4
370214 244753 2 7,8,8,11,11
3198 184586 3 14,8,1,7,8
118316 148517 3 2,12,7,0
100288 10607 1 3,7
117178 245447 2 9,3,14,10,5,15,14,6
210639 261087 3 11,1
293350 191415 2 14,10,6,8,4,5
334104 247434 1 12,5,12,12,11,8,11
156809 7943 1 2,0,8,6
11279 301748 1 3,13,14,14,7,8,13,6
102559 338543 1 14,7,3,0,7,12,14,12
358520 311744 2 11,6,6,7,6,12,5
277518 251451 3 3,3,2,0,6,4
252843 12961 3 3,12,0,14,13
280037 243877 3 1,9,7,6,7,3,5,5
83349 164414 3 12,13
51749 233075 2 3,8
32934 215188 2 7,3,7,15,12
331748 80242 3 5,0,3
313618 37885 1 6,0
178495 114887 3 2,2,14
58935 6958 3 12,4
253690 65950 2 12,2,9,2
342457 306416 2 3,9,12,5
274360 61623 1 6,11,9,10,8
375818 295148 3 0,1
149538 17044 1 6,3,10,3
247140 85794 3 3,3,4,8,4,7,7
96506 22496 2 3,6,9,4
7678 160537 2 0,3,11,13,1,12,5
49758 330265 3 7,13
12182 224169 2 6,6,4,3,6,4
304068 240711 2 8,4,12,11,13
9228 306792 2 10,9,7,5,6,2,2
267137 289966 3 8,0,15,14,4,8,12,3
63021 18096 2 0,6,3,4
359603 282375 1 8,0,10,8,6,2,7
143152 146896 1 3,5,4,12,3,11,14
289412 19582 3 5,7,8
269960 279402 3 11,3,3,6,7
207561 350646 2 7,10
284076 189059 1 5,1,6,2,2
242456 351438 1 1,10,8
380959 326464 1 5,8,12,12,12
343497 191972 3 10,11,4,3
23848 134081 2 8,12,6
3547 26136 2 15,2,3,1,8,8,7,13
67384 173727 1 12,5,6,4
126049 337622 2 0,10,10
304670 104472 1 13,3,8,0,7,8,12
221421 131305 2 5,6
49962 18911 1 8,7,4,4,4,12
174454 137972 1 1,12,1,9,1,14,6,6
200586 97623 1 9,11,1,8,11,11
173807 342204 1 13,7,8,12,4,7
163269 1814 3 10,12,3,5,10,7
89427 199841 3 9,7
39136 217108 1 2,8,8,7,12,12,7
223393 44121 2 6,7,4,6,5,5,7,13
138267 47634 3 4,0,6,7,2,8,4
124506 220695 1 11,14,13,4,0
185153 170142 2 7,13
63213 260450 1 8,2,8,5,7,5,3
75996 299061 3 3,4,7,4,8
369183 231822 1 0,5,4,3
67650 353536 1 13,8,10,2,5,12
11595 138395 3 13,2
277010 296329 3 7,14,5,2,3,8,8
370552 86300 1 11,8,8,1,5,8,11
305029 84741 3 4,2,10,4,13
325142 340425 2 13,7,4,12,4,8,5
30267 328916 3 13,1,7,12,3,8,7,14
307574 340802 3 2,11,9,5,3,9,9,8
140487 214950 3 7,7,3,1,10
129409 17642 2 14,11,8,0,4,9
323668 238307 3 4,8
367219 343511 2 10,3,8,5,8,14,8,13
77043 338976 1 2,8,3,3,8,7,12
284760 2627 1 11,4,3,12,10,1
166019 64601 2 0,9,7,1,4
106734 313397 1 6,5,5,6,9
356323 23356 3 7,4,11
264432 38900 2 8,6,14,12,3
37814 128338 3 14,4,14,14,5,10,3
237799 62951 3 2,5,2
120587 350566 1 8,3,8,3,4
169117 178217 2 4,8,14,4,1,9,5,7
308566 100739 3 13,1,5,13,3,4
310931 340086 1 3,3,3,7,10,4
320298 85547 2 8,13,3
302529 100709 3 7,15
185405 20395 2 14,4,8,4
307214 351034 3 4,13,0,6,5,13
335272 107459 2 13,8,8,4,9,4,12
306563 331481 2 7,13,9,8
377231 99652 2 5,9
37543 183125 2 4,3,13,6,1,12,8,14
361441 7871 3 5,1,4
94533 263108 2 15,11,3,8,12,14,8
247697 240315 1 5,12,9
134861 22402 1 8,4,7,4,1,0,3,5
272232 148637 1 5,1,13,1,7,15
335339 120609 2 7,9,8,4,3,1,7
221192 8813 1 3,2,7,0
199416 283853 2 1,10,4
119559 121103 1 1,3,7,13,4
220600 196473 1 4,7,0,4,6,15,4,4
59938 55870 3 12,7,13,13,14,5
80356 51610 3 7,8,9
354441 93016 3 6,6,4,12,11,3
77776 146020 1 9,2,8,8
226335 307655 3 3,13,13,4,3,5,8
35881 176761 1 7,9,1,15,5,5,14,4
283774 57134 1 7,10
173085 272926 2 7,14
132861 99939 3 7,6
282633 160047 3 4,4
206778 324554 2 3,13,5,2
375557 60708 2 3,7,8,7,1,1
289485 369772 3 8,7
26422 354043 1 5,5,1,6,3,4,8,2
47243 80517 3 3,4,4,0,11,7,2,7
242547 130158 3 10,5,12,7,13,7,15
79701 128641 1 6,12,14,6,13,7,6
197690 107727 1 11,8,1,15,3,12,7
275182 283760 2 3,6,0,8
224772 337650 2 7,1,12,7
3061 139435 3 10,13,5,5,4
368895 312983 3 3,8,3
275023 287242 3 11,8,13,3,5,8,7,6
210980 364610 1 1,7
130692 151322 1 5,0
272247 228757 2 7,1,8,7,0,7
51610 212200 1 14,5,12,4,10
19761 194926 1 5,0
55581 319510 3 10,12
69866 359583 1 8,6,9,8,4,7,1
268123 294727 3 13,12,13,12,12,15
9740 267465 3 1,7,14,12
235236 19700 3 1,14,1,5
253007 6345 2 10,4,3,14
24405 244503 3 8,4
352998 89701 2 4,3,0,3,5,7,7
281243 314524 2 14,3,6,3
43476 247120 2 5,7
56988 225043 3 9,3,3
202286 120386 3 11,2,7
166124 211793 3 3,8,13,8,2,15
236801 240088 1 14,3,4,6
256085 151140 2 12,3,3
276698 157171 2 13,8,3,3,8,4,15,8
188029 114348 1 7,1
164714 265693 1 12,8
18535 148650 1 7,9,13,7
304002 263061 3 5,5,14,8
295921 12423 3 0,10,4,7
229855 228823 3 7,3,14,14,6,11,1
327178 352599 1 3,8,4,13,4,8
303317 190421 3 14,1,5,13,11,12
188369 39252 1 8,13,4,10,1,3,4
151510 360544 1 4,8,5,1,3,5
344387 206558 3 14,7,12,1,8
195344 313241 1 7,10
216092 44102 1 6,8,10
299360 33355 2 4,14,14,8
194791 204581 1 12,8,7
180436 58742 2 7,11,10,12
5590 316720 2 8,13,5,1
258610 266882 1 5,8,3,5,14
39468 244475 2 0,14,3,8,15
263002 77665 3 0,0
52579 196857 1 15,4,9,7,8,12,2
89289 258343 3 1,14,6,3,3
265187 355802 2 4,8,5,3,3,3,12,8
274238 79589 1 5,4,15,10,8,15
87547 295113 2 4,5,9,4,3,5
211279 168432 2 10,3,14,15
43717 246224 1 12,10,3,1,1
110707 316235 2 7,6,12,3,1,4
48847 189085 3 1,5,8,1
51040 56728 3 5,10,4,1,15
51515 360536 1 3,4,7,9,8,5
62526 115683 2 14,1,5,4
113649 291234 2 7,2
124944 97742 2 8,3,15,11
337403 86733 2 9,5,14,8,4,3,5,8
148196 350096 1 2,7,8,14,1,6,6
276884 357413 3 3,3,3,8
78133 9046 3 13,13,1,4,8,6
66744 102100 3 2,3,5,7,15,7,8
35231 286032 1 5,7,8,0,8
158295 68549 3 2,14,4,4,12,12,1,7
336020 198958 3 12,8
170814 327772 3 7,8,3,14,9,6
241249 18216 1 7,3,8,8,13,2
227815 25832 3 5,8,4,3,3,8,4
200472 364621 3 10,11,6,3,12,4,14,4
120363 186777 1 4,0,1,4,3,6,1
308120 92849 1 7,8,7,7,7,12,15
90372 341688 3 6,14,5
270556 228944 1 7,14,4
203698 326343 3 12,8
27936 358853 3 1,11,4,14,3,15,5
178354 203643 3 4,15
275456 247277 3 3,14,6
336193 179507 3 3,12
300037 44237 3 8,9,0,5,13,15
2016 123882 3 9,4,12,12
271794 286008 1 14,4,1,7,6
341965 366018 3 12,8
11935 184219 3 6,3,3,12,8,12
236913 162096 1 7,13,3,2,15,8
264176 315250 2 8,15,5,8,6,13,7
377670 169155 3 0,8,8,4
315636 332263 2 6,6,8
249645 194271 3 4,12,12,6
332429 21731 2 3,5,14,1
222394 347349 2 9,4
376571 355058 2 6,7,11,2
227606 202933 3 4,3,5,15,14,6
368078 208535 2 9,12,6,10,7
208377 266305 2 3,15,11,0,15
361324 308961 2 7,4,5,7
298325 287050 1 15,4,5
11567 286574 2 1,13,10,12
146477 158943 3 7,5,14,3
262632 117593 1 14,7,6,3,5,12,0
234739 99603 3 3,8
104255 12448 1 6,13,6,9,5,8
13695 341459 1 6,5,9,12,5,12
376665 282795 2 1,5,8,2,4,4
56156 189542 1 1,6,6
351965 372450 1 15,1
352448 174268 2 14,7
263729 177127 2 0,8,5,12,0
159015 209789 3 8,15,4,4,14,10
263843 370902 3 13,5
164523 33085 3 9,1,13
231319 324352 3 6,7,3,1,8
208435 254856 2 12,14,12,4,4,7
189201 197421 1 10,13,12,13,8,13,8
90010 222543 3 8,8,9,9,4
353740 41157 1 4,8,14,3,4,1,5,9
151784 259151 2 8,7,3
74989 321936 3 3,8,14,3
214203 140763 2 0,7,6
83370 151264 1 7,4,4,2,10,14,2,15
203023 242559 3 6,12,4
7537 377356 3 6,8,11,14,10
148711 1346 2 9,12,9
370938 194531 2 15,4,4
88672 284011 3 7,6,5,14,2,1,6,12
77665 8928 3 4,7,7,9,5,14,4
270711 312333 2 1,5,4,4,7,7
85734 175529 1 8,8
254076 162231 2 2,2,9,12,6
366116 88654 3 1,12
52952 43119 2 8,4,4
126437 288989 2 5,0,7
307160 295513 2 1,8,6
230617 337585 3 7,8,10,1,5
348127 314035 1 2,3,1,4,2
161351 83191 1 3,2,5,12,4,6,4,4
338590 59036 3 4,2,15,5,13,9,15,1
326035 376358 2 5,7,12,4,7,8
322212 84318 1 8,12,8,1,7,12,7,6
349402 165530 3 7,8,6,12,8
281421 348746 2 8,9
153512 188359 3 9,4,9,8,6,15,3,3
350860 143204 3 9,10,3,4,9,0
159637 27079 2 8,15,12,7,11
146886 324976 3 6,1
157396 327379 3 2,4,8,3
181003 89516 2 0,12,5,6,3,9,7
327375 35329 2 3,12,8,6,7,12
286656 211680 1 9,8,7,14,9,2,0
66259 340411 2 13,14,11
322577 165735 2 4,0,15,0,6
182482 401 3 12,4,9,1,12,6,12
285110 94155 1 5,13,6,11
171857 192851 2 6,9,13,0,2,7,5
287556 85969 3 1,1,3,3,14,5,10,1
229631 70765 3 5,1,8
144635 169318 3 3,4
80601 104702 1 3,9,8,5,2,4
169047 174915 1 1,0,9,1,14,11
303085 342293 1 2,11,3,7,2,9
275730 154751 3 10,8,3
242253 328420 2 5,0,12
5802 351221 1 6,4,7,14,1,15,15,2
111147 260678 3 10,13,7,9,5
35152 193877 1 4,14,8,10,6
350784 141365 3 9,6
93264 360 3 8,5,0,12,8
150273 350223 3 13,13,0,4,7,7,1
140595 193569 2 4,9,13,12,1,7,7,5
158475 109986 3 9,7,13,11,2,2,14,4
202874 847 3 14,3,15
135400 136965 2 14,14,8,5,0
186984 194106 3 7,8,12,14,12,1,4
365931 370288 3 4,10,4,3,5,5,9
111421 295695 3 14,4,6,3
376169 208610 2 11,6,9,8,8,7,0,9
300802 198334 3 8,11,1,12,15,8
146103 224027 2 4,12,11,13,14,6,8,5
90154 116388 2 3,5
332202 347118 1 15,1,3
254533 142593 3 4,1,0,9,1
130062 123759 3 11,3,7,11,2,7,2
329614 275404 2 6,1,8,1,0,7,12,8
215843 187346 1 5,13,7,14,5,3,2
276716 270598 3 5,8
210355 267512 1 7,15,15
45983 6622 3 10,12,15
269561 355237 1 10,3,7
187117 206716 1 5,14
238935 107630 2 2,1,4,4
134165 179312 3 5,9,0,8
123664 63191 2 6,3
258888 292820 2 3,2,8,6,15
254683 319693 2 4,3,6,8,3,4
108041 372982 2 14,12,1
200884 151527 2 7,15
381353 71105 2 4,6
252612 94785 3 5,12,4,1
91559 219891 2 3,9,5,3,12,7,12,13
194806 78732 3 3,4,3,5,6,6,3
17945 288560 2 15,7,10,11
356329 283007 3 6,7,1,4,3,12,1,3
32894 39839 3 10,0,1,8,13,5,4,15
78968 244744 3 3,14,11,1,12,3
227122 5788 2 3,14,14
77707 254643 2 8,7,4,13,12,6,6
121720 161361 2 12,4,0,14,1
379484 238128 3 10,4,4,3
311796 318320 3 8,12,5,5
231100 211290 1 3,1,4,6,1
325489 116795 3 1,4,12,8,12,4,3,4
157622 376482 1 3,2,1,8,10,1,9
148197 376101 1 1,1,12,11,14,12,4,12
52833 174807 2 13,14
67164 96094 2 12,3,10
146021 76299 1 1,8,3,12,11,4,1
176860 148172 1 4,13
19833 131278 2 6,3,5,3,2,3
36190 49116 1 7,6
287639 107840 2 5,5,14,14,1,8,4,8
97127 241118 2 3,9,10,15,4,6,8
68154 170123 3 3,8,8,1,3,12,8
260344 178468 3 6,7,5,1
371221 364097 3 11,14,3,14,8
266642 55875 3 13,4,8,3,9,3,1
81881 275321 2 5,11,7,13,6,12,8
56738 273509 1 6,8,1
326883 190992 3 12,5,8,12,6,7
173233 38332 1 13,7,14,6
1020 299934 1 8,5,6,3,5,4,13,0
318810 292746 2 11,3,10,12,11,9,8,4
211768 308825 1 6,5,7,9,1,0,0,3
248237 186319 2 5,1,6,12,8,4,6
261478 304482 3 4,3,1,1
202721 56640 3 7,13,1,4
12090 193025 3 3,7,0,10,3
175556 48734 1 4,9,15,12
332751 213237 1 8,3,8,8
231980 246405 1 11,6,6,4,6,9,8
85204 260913 1 7,4,2,5,5,14
372488 193245 1 7,5
30423 284973 2 3,7,12,15,6
363369 310530 2 12,5,8,1,1,4
21593 267815 1 12,3,4,4,12,1,0
139627 322426 2 12,11,4,12,3,7,12,8
183386 102260 2 12,7,3
290901 238875 2 15,14,12,11,8,2,5,6
350610 251995 1 8,1,7,1,12
205627 209055 2 15,4,13,9
379269 56460 1 3,5,1,8,3,3,1
41237 377804 1 6,6,7,2,12,4
209912 360357 2 5,0,5,3
108565 61102 3 1,6
230166 70859 2 0,2,0
285083 161452 2 7,6,5
81328 214479 3 8,2,9,12,3,7,9,3
293114 3380 1 4,4,15,1,6,13
331826 266837 3 9,8,12,9,12,7,7
331836 42299 1 1,9
162286 175318 1 3,7,4,13
294312 371244 3 3,15,14,11,1
177736 338024 2 4,5,8,8,1,14
309293 319807 1 5,5,5,5,15
219529 27101 1 6,12,7,14,7,12
196698 329090 1 8,7,3,8,5,14
378038 115219 3 3,0,4,13,3
264610 188079 2 7,10,8,5,5
17517 100316 1 6,12,0
140950 87584 2 6,13,5,15,2,5,4,9
200449 231317 3 3,5,1,3
72740 167914 3 5,7,7,3
260980 323045 2 9,5,11,3,15,6,5
97586 150674 1 0,2,13,2,3,9,13,4
75824 261745 2 2,12,0,7,4,4,4,15
246063 57438 1 5,4
26324 59025 1 14,8,1
57414 112282 1 14,3,5,11,14
20080 286819 1 14,6,1,1,12,4
184828 159208 3 4,4,5
239786 267310 2 9,11,11,0,12,2
42502 142987 1 9,1,8,14
313634 178871 3 11,7
64866 357372 1 3,6,3
43079 104610 2 6,1,8,4,1,8,5
2436 258202 2 13,5,11,4,7
58355 28401 2 7,11,4,15,7,4,5,1
84876 371194 3 8,4,12,5
277733 335009 1 3,3,6
115070 64814 1 3,13
199964 190307 2 3,2,2,15
90507 2614 1 2,7,14,1,12
16718 127515 3 13,0,3,8,8,4,3
44914 122413 1 2,1,2
99765 242401 2 1,3,14
43311 238643 1 15,1,0
314111 215916 1 12,12
176993 48922 1 14,3,5
171388 66594 1 1,3,12,3
89548 106971 2 15,6,0,6,2
365415 15481 3 2,4
191716 32658 2 12,10,3,5,12,5
290393 269909 3 12,1,13,3,5
150464 83966 1 10,15,14,14,2,12
294576 142201 1 3,4,5,7
236647 224541 2 3,13,3,14,14,1,9
290293 155081 2 14,6,10,0,6,0,4
232103 130788 1 8,7,5,13
275540 204536 1 5,6,8,4
113691 151504 2 15,3,15,8,3,14
276226 382416 1 7,3,3,12,1,5,7
367065 311798 1 6,3,13,4
221352 296371 2 0,5,8,9,0,4
179558 345659 3 5,5
200092 86388 1 14,6,6
52364 90567 1 4,12,11
59040 95648 2 1,3,2,7,5,4,5,1
31406 235438 2 1,13,10,4
208217 373584 2 4,10,6
18662 305518 3 13,8,13,2
368453 31765 2 2,14,3,13,1
262320 195430 3 5,7,5,11,12,3,8,8
203442 11932 1 4,9,5,5,11,8
168360 282502 1 6,8
319233 311936 1 3,3,0,0,3,12,4
354711 164077 1 6,12,2,9,2,1,1
186651 377410 2 5,13,3,5,7,4,0,6
339122 217108 1 3,1,5,3,4
281466 207115 3 6,0,3
62539 236091 3 8,3,14,12,5,5,3,4
292248 194642 1 7,1
233710 215130 2 3,14,8,6,3,8
115522 184678 2 2,3,11,5,6,1,6,2
309564 19753 1 13,4
282945 44187 2 14,13,15,12,15,5
101712 333004 3 1,4,3,7,8,1,13
296842 310311 1 8,2,8,9
216644 52347 3 6,5,5,1
284379 4692 2 0,5,1,1,8,6,5,7
88037 19575 3 7,7,13,14,15,12,1,1
210948 106062 1 4,10,4,11,7,4,5
108521 46189 1 13,0
221079 256948 1 11,4,1,8
216997 45975 3 12,8,7,1,3,3,7,5
225827 336861 1 2,9,5,1,8,3
254046 61470 3 8,8,14,8,3,14,0
13922 140842 1 14,5,12,8,1,14
384023 354846 2 12,1,6,1,9
185556 383388 3 12,8,3,3,4,4,5,15
126326 285027 2 4,13,1,5,2,8,12,7
117820 313258 1 12,11,6,9
278271 183046 1 2,7,4,13,2,8,6,6
69712 165556 1 7,9,13
189219 317511 2 0,3,4
150513 146663 1 5,4,4,1,2,4
354193 231932 1 3,0,4,9,13,9,3,3
16944 114024 2 7,0,10,3,7,4,4
183375 37944 2 10,15,7,1,3,15,1,6
20963 74261 3 8,8,15,8,10
80759 238219 2 7,8,7,1,3
257874 211530 2 9,5,2
245384 241349 2 8,6,1,15
359581 174963 2 3,1
23989 103689 2 2,3,13,12,3,1,0
3778 342514 1 5,1,13,12,9,3
11719 321018 2 8,1,7,14,5,8,3
160724 366329 1 0,3,14,8,5,6,6,2
67775 311443 2 5,7,4,13,8,2
163268 34731 1 3,8,6,6,8,1,15,1
150338 299511 3 10,5,14,5,3,13,3,12
206429 25490 1 6,12,1
64502 288582 2 10,14,7,4,4,10
152809 95977 2 13,5,4
368304 282113 3 14,12,3,4,14,0,2
9059 382804 1 7,13,12,0,15,5,8,4
62271 138805 3 7,1,4,7,3,0,4,5
272278 300163 3 4,3
271250 32743 2 4,9,7,0,1,14
310709 112089 3 3,9,5,5,6,10,3
2201 375003 2 8,4,13,3,7
139021 10271 2 14,6,2,9,13,6,11,12
195817 205384 3 12,8,6,14
283572 359816 2 15,13,5,3,7
231698 288226 2 4,6,2
301616 269281 3 3,1,3,5,7,14,10
180908 280131 3 7,1,0,4,2
298484 71068 3 1,7,6
340368 219035 3 13,7,13,3
324016 327079 3 8,12,4,7,12,5,3
177373 26439 3 7,5
350902 377446 1 1,12,0
51710 329670 2 6,9,5,4,3,13
18921 35402 1 12,5,8,14,6,3,3
236857 54282 1 3,4,6,7,5,1,3,7
25608 87630 2 8,14
243970 253465 2 12,1,8,13,4,4,3,7
355040 95871 2 1,1,7,7,13,4,8
154540 4223 2 4,12,8
234286 147922 3 13,1,3,3,12,11
242634 3628 3 1,12,3,7,6,0,13,1
132579 57250 2 8,6,11,1,12
57505 118236 2 13,12
15086 98885 1 10,15,4,8,6,1,0
164145 28217 2 2,5,4,10,7
264323 189143 2 4,0,12,5
204606 328481 3 4,4,7,2,3,0,8,3
288424 315456 3 9,12,12,13
23794 213963 3 13,11
3363 38704 1 13,3,3,6,9
210165 276942 2 7,12,7,6,4
235969 5920 2 15,3,6,13,1,3
207563 283014 1 4,5,13,9,14,12
186293 310546 2 6,2,10,4,15,12
364632 251575 3 14,11
16081 165406 2 3,10,15,6,5,5,8,3
67556 283118 2 1,15,2,1,14,11
202605 197608 1 13,6,3,13,12,1,11,7
214709 103563 1 4,1,14
36280 307332 2 12,3
57408 125625 1 11,13,4,11
143690 247772 2 12,1,14
206339 88734 2 4,11,12,4,4,15
221084 297250 1 7,12,11
171209 89737 3 3,13,4,15,4,4,6,12
92707 288547 2 8,3,9,5,8,1
284798 357359 1 10,2,7,14,3,4,5,8
300724 76897 2 10,1,3
52506 359797 3 5,7,14,2,10
273586 49881 2 13,4,3,3,8,5,15
271116 188188 2 9,1,9,8,10,14,8
263358 21168 3 1,4,14
278568 209544 1 13,15,4,0,0,15
127100 6098 3 14,7,12,5,7
139597 168738 1 14,8
218791 51870 3 3,8,0,3,4
260166 268400 3 9,12,1,5,4,15,13,7
155780 238657 3 9,12
39962 245145 1 3,1,15,2,7,1,7,5
92295 58264 2 5,6
182544 4866 3 12,5,4,8,6
48267 160406 2 7,1,8,15
319324 380831 3 3,7,7,3,4
325775 324736 1 5,7,13,0,14
307443 62747 3 7,5,11,8
299351 81477 1 5,13,14
24379 171701 1 9,5
230803 376976 1 8,5,10,13
52760 53860 3 1,9,5,3
97419 219805 2 4,1,7
276090 130238 3 12,0,14,3,8
191135 6057 2 4,12,2,4,2
278383 89266 3 3,4,9,6,4,5,0,11
293516 291349 3 0,4,8,12,2,6,6
153658 201632 2 10,1,6
241997 274863 1 8,14,14,13,8,12,7,12
242324 282088 2 5,12,14,1,13
268514 123329 3 4,7,9,15,4,13,14
55008 217315 1 4,3,3,6,6
351504 117260 2 13,5,11,5,6,8,4
306581 224550 3 7,12,5,7
204196 231424 2 13,1,14,12,12
118094 190874 3 2,3,11,4,12
11953 25438 2 12,5,7,15,13,9,12,1
294892 341365 3 10,5,3,4,9,13,10
213259 32947 2 6,5,5,0,5
93469 374493 3 13,1,5,0,6,4
344369 94620 3 7,1,0
110507 159082 3 6,9,3,3,3,15
276140 10772 1 12,14,1,4,12
256171 64896 2 5,8,1,14,14
213968 383510 1 7,15,1,15,3,11,1,12
223781 94208 1 9,4
368096 303808 2 2,14,5
271349 110370 2 4,5,7,6,7,5
261769 47378 2 4,4,7,12,1
329551 226204 3 13,12
362990 156810 3 7,9,8,0,4
114109 221464 3 12,9,3,3,2
321405 310303 2 3,12,3
362103 194135 3 4,1,2
66806 81681 2 1,12,5,7
63082 106982 2 9,15,5,8
274164 290082 3 10,1,4
14604 54456 1 6,5,12
74289 130531 1 3,6,0,0,2
114711 258146 3 15,14,12,2,6,3,1
238165 289904 3 9,0,12,1,8,9,13,1
1273 348291 1 5,7,1,1,9,15,1,8
199451 261465 1 4,9
256966 189912 3 1,2,6,5,14,6,12,8
142229 43481 2 12,13,13
184180 83249 2 14,5,14,10
274968 325624 3 1,2,12,13
191106 30215 3 13,12,5,3,5,6,3,5
220980 381299 3 3,13,15,5,6
327824 96457 3 1,15,1,1,4,8,5,4
47170 218690 2 9,9,7,0,4,1,7,9
281389 18387 2 11,2,12,3,12,0,13,9
75419 312695 1 8,5,5,8,4,14,3,3
242294 297035 1 8,4,12,14,1
348903 243111 1 7,8,14,2,13
228491 205022 3 4,8,0,8,9,9,4,8
177014 27078 2 4,8,3,3,1,7,8
304025 274889 1 15,14,14,1,3,6,5
305514 16818 2 7,1,0
69845 316128 1 15,1,3,14,13,8,5,5
51675 69635 1 1,11,1,7,12,8
35372 19401 3 2,7
112940 58486 2 1,3,8
358884 81535 3 2,3
46716 86846 3 3,1,9,8,2,1
354892 259030 2 12,15,4,6,11,9,3
202840 239795 3 3,13,5
184401 150219 2 15,7
332568 270895 1 12,5,11,7,8,11
179413 300444 1 10,12,9,13,7,15
114571 217999 3 5,7,14,12,3,1
28914 110220 3 4,1,6,6,11
145627 280933 2 14,3,3,8,12,3,6
223581 268311 3 6,3,3
59176 172263 3 4,12,11
283202 347419 3 15,14,0,7,15,5,12
70540 3724 1 8,14,13,7,10,6
161419 301988 1 14,1,11,14,6
8883 154536 1 8,10,10,4,12
173156 132590 2 15,12,7,7
139446 8643 1 7,5,10,12,1
337900 135877 1 13,12,3
246409 342288 2 12,2
2127 9974 1 4,3,4
294661 269221 3 14,8,14,4,0,2
159306 378015 3 13,8,4,4,15,10,4
54942 170827 1 0,5,15,13,8,3
278749 66311 3 6,14,5,4,6,6,4
61742 219152 2 9,5,3,10,8,2
168015 189451 1 1,3
297316 184585 1 2,7
376018 241197 3 1,12,1,1,15,6
256015 75908 3 12,14,13,1,6,15
244004 313648 2 4,11,11,10,1
55922 310222 2 5,4,7,9,14,7
87814 17545 1 5,14,4,9
298401 277867 2 7,1,4,12,2,0,2
75117 147388 2 8,3,4,9,4,1,8
237176 41607 1 4,5,3,1,7,7,8,0
105460 82927 2 7,1,13,6,3,14,4
1089 123916 2 5,4,13,7,14,7,14,12
205791 41793 1 6,6,12,15,8,5,8
275705 187222 1 15,4
232486 260378 3 2,13,4,13,9,13,10,4
206192 301981 2 7,3,4,4,1,11
162993 297776 1 7,12,8,5,6,5,8,4
19646 24058 2 12,15,12,2,4,3
224170 240295 3 3,0,15,1,3,1,9,4
309484 134520 3 3,8,8,8,5,6
62440 281700 2 1,13,8
317855 274591 1 1,10,13,8,0,2,5,11
374046 307423 3 11,15,12,3
200898 307437 2 8,13,4,0,7,5
333465 163918 3 14,2,14,6
336876 238680 1 8,6,5,2,15,1,11,0
154515 526 1 10,2,13,6,1,8,6
321839 49915 1 9,7,10,14,1,3
231380 65699 3 14,5,14,8,8,8,0,3
6270 298584 2 9,14
154326 85054 3 13,1,0,6,9,7,4
52415 60797 2 3,8,5,11,14,7
108040 126798 3 11,14,5,8,12
86679 35711 1 4,3,2,8
235298 47768 2 15,5,3,1
117093 76011 3 14,12,10
315858 39988 2 4,7,3,11,3,12,14,8
27183 52549 1 8,12,13,4,3,13,14,3
62053 141811 3 1,10,2,10,6,14,6,15
191343 337718 2 7,10,6,3,4,10
144853 299646 3 6,1,12,15,7
237784 46383 3 6,12,4
312812 325878 3 1,7
32874 133213 1 0,4,12
248940 171243 1 7,14,3,5,9,12
371696 96039 1 5,8,4,7
302615 113143 1 14,8,15,12,11,3
117392 295770 3 0,7,13,1,6,2,7,5
235144 96716 2 3,13,14,12,1,6,14
258774 870 1 15,0,6,7
98554 248978 2 3,5,14,8,12
276250 239290 2 3,9,8,7,13,8,8,2
12189 319418 3 2,13
383171 333678 1 6,6,1
86363 340784 1 6,9,3,3,0,6,7
87531 210274 2 14,3
258694 161175 2 7,3,13,4,1,6
304648 296695 3 12,10,3,6
261046 338320 3 0,15,12,0,3
178841 344991 3 3,8,7,2,4,9,4
95570 372004 3 8,7,8
235322 18079 2 4,7,5,1,6
254063 63296 1 4,1,5,3,11
378678 303997 3 12,8,6,8
370347 353338 1 4,3
290566 378521 3 14,4,4,4,0,7,8,13
256230 113715 1 8,3
298085 145847 1 9,5,3,5,0,14
19307 232237 2 11,7,4,7,5,5,7,13
213429 373738 3 15,4,3,4,10,7,3,13
288844 377798 3 8,5
144400 101912 1 4,0,8,1
242812 66426 2 8,4,2,8,5,1
212350 189164 3 5,8,0,14,7
275968 346634 2 6,14,8,4,5,1,5,3
29467 356016 3 14,4,15,8,8,1,7,10
160482 293315 1 1,13,5,4
97033 124618 3 4,12,4,9,4,4
87069 47605 3 3,7,5,12,7
199618 302248 1 11,3,14
49301 259868 2 13,1,6
354680 290385 2 3,5,10,4,14
255552 253768 3 8,1,4,1,3
23751 73325 2 12,8
309085 345775 2 8,7,1,4,1,7
283693 268895 1 14,12,14,14,10,1,7
107280 50744 1 5,13,3,0,6,15
91660 285101 3 3,14,1,4
19884 324670 3 14,2
339787 98954 3 10,8,13
17466 184612 2 0,8,15,14
103225 361715 3 14,12
344940 117441 3 0,7,3,6,8,13
374040 343252 2 4,3,6,14,2,9,14,13
161118 5341 1 12,5,8,7,7,4,13
165944 90891 1 1,8,13
194646 96764 3 9,7,7,7,4,15,10
4938 369961 3 7,1,10,4,5
231945 181466 2 8,10,12,10,12,14,1
5027 296811 2 14,15,6,1
364479 191944 3 12,2,12,1,9
19870 201881 2 11,3,13,0
227017 361918 2 9,10,5,3
353070 360051 3 3,8,3,6
110894 317787 3 11,2,8
24837 56318 2 8,7
274839 261252 3 14,5,5,3,3,10,4,5
1706 170648 3 3,3,7,0,14,6
261683 39585 3 9,8
271926 213038 2 2,8,7,9
38740 207852 1 3,2,3
21135 224635 1 3,6
170126 47076 1 8,14,3,7
255484 206920 3 6,13
11934 124790 3 13,5,4,10,5
46188 138708 1 5,4,8,8,11,2
262082 335331 1 5,4,1,6,3,1,12,2
335898 28721 3 4,11,12,8,8,13,1,12
62933 222222 1 13,5,8
373184 246312 1 13,12,1,2,7,14
60134 324897 2 7,5,4
17189 316507 3 7,4,1,14,3,7
341843 231755 3 7,15,1,14,12
186095 264705 3 4,8
120280 55332 2 12,15,14,2,0,14,12
177766 29381 3 9,6,6,2,5,4,13
64893 103279 3 3,13,1,2,2
211171 358536 2 8,9,7,3,8,12,7
327118 127093 2 12,8,13,8,4,1,7
91812 149855 2 7,4,6,15
134401 262399 1 13,10,1,8,7,2,4,8
151660 289097 3 7,8,9,5,3,6
128540 135357 2 1,10
12389 152883 1 1,14,3,4,11,8,1,7
200576 92873 2 6,1,13,15
377915 375381 2 0,0,3
134632 146356 1 3,3
340424 305811 1 6,8,14,4,3,5,1,9
378668 218702 2 6,8,4,8,7,3,12,5
273060 59814 1 14,5,4,14,3,1,14,3
286601 350559 3 5,5,13
354987 339153 3 8,12,8,12,5,5,14,2
37299 315175 2 11,7,8,1,3
269590 375603 3 5,3,13,15
178960 55551 1 3,2,2,8,5
61490 185512 3 10,6,9,12,4
103482 157353 1 3,13,4,12,7,5,4
198174 266441 1 3,12
330849 192088 1 15,3,3,5,7
150049 325263 1 7,7,15,7
43860 93736 3 13,9
14983 173020 1 8,7,3,7,3
310966 306669 1 2,4,7
12792 41313 2 8,8,6,6,6
203086 269349 1 13,1,12,12
9273 175886 2 10,15,0,9,8,5
73922 262501 1 6,3
346774 380586 2 11,14
269973 249151 3 7,6,4,3,7,12,1
282221 356711 1 4,12,3,6,1,11
262789 208806 2 12,7
33795 164006 1 14,4,4
160644 289962 3 15,3,3
101044 305528 1 1,5
305817 113928 3 14,8
251494 335827 3 3,6,3
184313 153929 3 3,4,4,13
201554 354724 2 7,15,2,7,0,3,3,15
357670 363945 3 5,6,2,5
145458 368500 1 4,11,0,12,4
226826 106916 2 14,2,1,3
61838 341778 2 12,11,3,1,7
316376 368257 3 15,12,10,14,9,0,7
35293 119016 1 4,4,4,0,6
150512 109964 2 7,4,12,8,6
145701 238755 2 6,1,4,1,5,6,9
176968 378285 2 13,6,5,7,8
349768 96935 1 14,1,3,3,5,15
303296 10745 1 2,5,3,6,9,8
231392 181341 1 11,4,0,13
23616 300610 1 3,2,11,14,14,7,7,9
250691 336178 2 13,8,13,6,12,4
176152 377908 2 3,13,1,3
286176 88998 2 11,7,7,7
347012 259732 3 4,6
230003 365401 2 0,4,1,13
40966 205445 1 4,9,11,13,8,1
221867 249573 1 5,12
286659 169465 3 8,14,15
306141 227534 1 3,8,14
179936 74144 2 12,3,9,0
89148 362812 1 15,1,12,7,13,3,4
261979 223320 2 1,8
158606 39962 1 1,8,3
13117 72220 1 6,12,6
150720 178940 3 3,3
1263 361193 1 13,8,8,12,3
197407 112329 3 7,4,4,6,6
185146 14157 1 4,12
261948 32585 2 11,4,12,13,2,6,11,13
136186 158943 2 9,6,3,10,1,7
157297 195054 1 12,6,8,4,12,12,3
219756 238664 1 11,11,14,8,5
303724 132768 2 2,4,4,4
354833 101084 3 7,9,15,1,6
70283 499 3 15,12,8,8,13
243381 223838 3 3,5,7,4
298605 198067 3 3,14,1,10,14
66350 19467 3 7,0,13
79193 254160 1 4,1,4,6
272744 374462 2 12,8,1,8,8,9
90225 374696 3 8,7,2,3,4,3,9,14
361022 68770 3 8,13
17545 112079 3 0,1,5,7,6,7,2,9
221896 198301 3 0,12,3,9,12,1,1
160571 264954 3 12,7,12,10,7
116195 349782 1 9,3,9,3,13,13
56369 145523 3 13,3,4,5
205316 6980 1 12,3,11
339912 241210 1 2,3,8,4
229265 173298 3 6,3,7,4,12
16472 124936 2 8,14,11,12,12
249665 16500 3 11,7,0
28081 14887 1 1,5,2,2,3,4
27510 97490 2 15,5,6,1,4
49450 282595 3 1,1,7,4,14,12,3
266294 215581 2 14,13,6,6,5
338252 146271 3 11,4,14,1,8,6
345879 317655 2 8,7,9,4,6,4,12
253702 382705 1 14,5
299048 237653 3 13,14,8,6,8,4,12
234615 295386 1 5,1,8
16641 274534 2 6,7,5,3,8,4
303772 99084 2 3,1,7,4
137290 356204 1 14,7,12,4,12,15,1,2
51630 82859 2 3,13,1,1,12,2
234896 181171 1 1,3,8,6,8,14
203062 154567 3 4,11,4,8,3,3
382605 62958 1 4,14,1,1,5,8
144369 211788 1 2,15,12,0
251055 66507 3 4,10,6,1,13,3
62852 164034 1 4,6,12,2,4,3
184279 355295 2 4,8,5
260935 254072 2 14,8,0,15,13,3,8,12
254395 64954 2 6,1
95800 8029 2 5,7
195400 278029 1 5,8,14
74511 89949 2 7,3,13,14,3
173885 214054 3 7,6,8,12,13
63622 355280 1 7,8,2,6,9,5,6,0
374745 20809 3 15,8,4,15,3,2,2
87759 356250 2 4,5,2,4,8,6
37796 16276 2 7,5,3,12,8,0,4,6
368502 314265 2 12,3
354255 51034 3 14,7,8,4,8,1,10,1
150889 288280 3 12,3,4,15,6,15,3,7
7500 59817 2 14,6,7
113015 328095 1 3,1
114495 59773 1 6,3,7,2,7
88382 377619 3 4,7
225779 368427 2 3,12,8,4,3
60967 99377 2 7,5,11,15,6,3
180685 142763 3 9,7,8,11,14
177425 232426 2 3,8,8
211820 210122 3 12,9,7,10
84647 51373 2 6,5,4,15
317635 339810 1 1,5
3919 26624 3 7,8,12,4,1,1,15,7
315850 32946 3 4,8,1,6,12,12
254299 314968 2 11,4
383153 329974 2 1,6
290009 21309 3 1,7,2,7
171420 23430 2 4,13,8
116484 79258 1 8,6,5,15,12,6
68004 205743 2 4,3,7,1,7,7,5
25284 185238 2 6,11,0,10
41505 81152 2 15,9
122282 51835 1 15,4,12
375166 171588 2 7,6,1
65927 34182 3 6,13,6,4
188449 276768 2 1,1,7,4,4,4,1
45705 289649 3 8,12,5,1
87537 198823 2 2,15,6,5,5,7
381482 159425 2 8,0,6,6,7,10,13,8
59662 26139 3 7,9,3,3,6,1
100923 258806 2 4,6,9
166734 30239 1 7,15,8,4,13,4,5
262162 365355 2 12,14,2,14,13,13
114145 67658 1 3,1,2,6,13,6,7,8
308435 168998 3 11,9,3,3,14,3
72338 319280 1 5,8,1,4,2,6,4
297186 205238 2 4,5,3,13
226164 351444 2 4,6,11,9,12,1,9
245923 282905 1 1,5,3,3,12,8,9,4
48651 10181 1 8,1,15,11,12,14,0
135016 31414 3 7,12
193935 81403 3 15,13,7,7,3,1
201314 205501 2 8,3,8
293611 170576 2 4,8,1,8,15,13,5
283509 59359 2 15,14,6,5,7,12
219234 261582 2 7,11,4,15,13,12
188226 302085 2 8,3,8,4,0
145542 266389 3 8,3,14,4,1,11,3,7
227895 15368 2 9,2,3,14,13,3
68330 312609 1 8,11,3,10,3,13
301765 268519 3 0,8
361942 120280 3 14,3,0,8,15,12,2
332155 97176 2 3,13,8,4,10,4
3895 2286 3 12,5,7,1,9,8,8
13719 242737 3 8,1,2,3
31128 27575 3 12,9,7,0,6,7,4
140097 313804 2 5,5,10,5
36996 282064 3 15,12,4,4
351525 204111 3 8,3
146867 271998 2 2,8,3,11
320354 11052 2 2,10
214604 218438 1 4,3,7,9,7
358812 59590 2 8,3
314384 275651 2 7,10,7,5,4,8
372538 336957 3 9,7,9,8,12,0,12,1
219548 142118 3 4,5,3
219497 360979 3 3,2,3,4,9,1
226871 276592 2 7,9,10
234475 212216 3 6,13,4,12,3
272655 349589 2 14,9,2,3,9,4,2,13
342346 283570 1 2,13,11,13,3,2,2
275708 116660 2 3,10,13,8,7
250750 237280 2 11,5,4,13,8,11,12
88930 344770 1 7,10
136493 350605 1 1,4,15,4,14,5
287735 359877 1 8,3
143804 85759 3 15,3,6
307690 314150 3 8,4,8,9,8,1,3
27208 247872 1 6,0,6,3,5,1
156353 253503 3 8,0,4,5,13,9,1,8
25185 4101 1 3,6
342796 147372 3 7,7
203935 318289 3 7,7,4,8,5
384012 174963 1 12,13,6,3,7,3,8,4
118913 298845 2 9,1,3,1,5,12,9,7
281416 7760 1 9,8,12
324829 278275 2 1,4
359356 101660 2 9,4,3,1,4
259910 226211 2 6,3,8,1,5
1289 249013 2 6,8,0,7,7
2829 243471 1 13,3,8
61514 345254 1 7,7,6,7,5
26501 377590 3 2,6,4,3,3,7,3
286906 278124 2 7,8,14,4,1,1,5,7
129830 14024 1 4,8,1,1,11,13,7
358925 333257 1 8,7,10,12,6
40217 2568 2 7,4,4,3,2
98194 209516 2 3,2,3,6,3,0,7,8
323352 36756 3 4,3
80007 111475 3 14,8,8,0,6,14,7,12
331895 84054 3 13,15,8,3,0,8,8
332564 199346 2 12,4,14
149666 264957 1 4,8,15,10,2
304966 105681 2 4,3,13,15
55514 86257 1 10,7,5,12,7,4,14
358826 254050 1 3,9,3
104488 186577 3 3,5,3,8,12,12,12,13
40200 361219 2 5,8,15,15,15,7,12
303236 255971 3 8,5,10,6,6,1
7841 190849 3 1,2,6,7,5
169828 307641 2 4,14,3,15,6
116758 160814 3 12,10,7,6,8,10,8
241755 219190 1 1,5,15,7
241252 16072 1 8,10,13,8,8,9,7,1
93617 74938 3 12,0,0,1
316898 114353 1 4,4,3,5,3,14,8
261634 334868 1 7,4
72020 5827 3 7,1,14,13,2,6,8
23125 362823 1 4,9,4,4,8,0,1
208388 206956 2 1,4
352623 194163 1 10,13,1,7
353323 32020 3 12,8,12
311587 187478 1 7,6,9,15,12,8,7
269890 153578 1 13,14,3
74503 83476 3 11,0,7
288574 357194 3 6,7,5,13,13
46855 364674 2 3,3,14,5,8,7
132463 344145 3 4,3,4,12,15,5
24310 55190 2 7,10,2,8,2,15,3,4
6558 306641 1 8,1,7
250753 300159 2 6,8,7,4,1,12,5
160170 177637 2 6,13
348903 133760 2 5,14,5
174293 223318 1 13,15,4,3
298209 110022 2 8,6
323429 5030 2 4,12,2,3,3,7,1,4
106220 355754 2 7,3,14,11
75006 367921 2 14,10,14,0,14,7
304076 381235 1 3,2,4,3,6,5,3
282299 197507 3 5,15
113805 154123 3 7,4,12,1,3,2,5
336507 61887 2 6,15,4,4,12
28364 242517 3 5,7,2,7,5,6,8,4
151770 139739 2 3,9,14,8
112528 193319 1 12,4,14,3,13,8,14
275424 262336 1 3,8,8,15,3,11,13,6
263226 83724 1 6,6,0,12
359002 345194 3 15,12
2813 94632 1 5,3,10,3,12,3,4,4
262455 274904 3 10,13,7
373920 383260 3 4,2,14,12,13,8
22348 216397 1 8,4
41100 105677 1 5,10,12
3930 158367 3 0,9,7
151968 87926 1 15,12,11
339967 100515 3 13,2,14,10,13,8,8
323586 126999 3 6,3,2,3,0,5,13,6
7040 305098 3 3,13
195844 55366 1 1,0,12,9,14
348075 85523 3 6,4,8,8
93223 161394 3 8,14,1
253642 59647 3 5,12,5,8,3,11,0,4
146487 45014 3 9,8,7
311404 224129 1 7,4,4,12,4,13,14
253132 171167 3 12,14,3,15
179553 283963 2 12,4,15,15,4,13,3,1
43125 11001 2 6,5,12,3
155718 84653 3 15,14,10,5,10,3,4,2
149795 349916 3 6,3,4,12,7,13,14,2
12531 137080 2 12,8,8,4,6,15,10,4
265996 44707 1 7,9,5
67696 344314 1 0,9,5,12,13,13,3
269866 78714 2 9,6,5
318533 58579 2 10,2,2,6,9
9568 271117 1 14,0
239938 17451 3 7,0,7,0
198853 380611 1 13,15,7,4,2,12
128328 120493 3 7,8,11
203591 373549 3 4,6,1
285494 117488 2 7,3
348171 54299 1 6,0,8
115720 54453 1 14,3,8,6
378361 254116 3 6,8,3,8,5,0,3,12
64870 31165 3 8,3,12,1,4,13,5,1
115922 339547 1 3,8,7,9,7,2,3
66952 226054 3 1,13,12,15,0,7
133123 287950 3 3,1,8
349905 292973 3 14,8,4
230066 46986 2 15,3,12,5,1,5
221358 382843 2 14,9,6
345289 107287 3 3,14,14,4,10
302051 260212 2 13,14,12,1
352795 279807 2 2,4,1,1,6,9,15,1
363826 227880 2 12,13,7
312999 266017 2 12,1,7,3
240294 78657 3 7,12,5,1,8,1,12
191472 201602 1 6,15,0,13
302896 233712 1 7,12,3,14,1,3
5718 93053 1 5,5,5,13,0
238268 88807 2 4,14,3,8,3,8
152726 313629 1 12,13
150298 249710 2 6,3,13,13,3,12
29225 201649 1 5,2,4,14,7,6
16774 170201 1 5,7,6,12,5,3
32234 238288 1 6,6
222428 299786 2 0,1,3,4
27114 219302 3 15,4,3
371918 182510 1 3,12,7,5,12,6
252605 325306 3 13,4,12
299952 91597 2 4,7,7,4,11
107512 38308 1 0,2,6,7,8,0,12
6224 273201 2 1,4,4,12,4
334188 275561 1 7,11,2,7,4
36414 150844 1 5,6,8,10,6,4
217182 303273 3 12,7,5
196174 86162 3 6,2,0,9,4,12,12
300896 293030 1 1,10
285926 150366 3 13,1,4,7,4,9,9
112008 286531 2 7,6,3,5,8,6
286337 140473 2 0,1,0
240403 29430 1 1,8,3,6,6,7,8
313966 106205 1 14,8,7,2,8,4,0,12
227738 219484 3 14,1,4,8,5,8,13
369460 326723 3 6,3
232351 67476 1 4,8,1
247527 317478 1 4,0,3,7,1,6,8
310367 86770 3 9,8,6,11,5
241254 358851 1 14,1
233149 298441 2 13,14,3,1,13,9,3,3
309317 240396 2 8,2
96565 272558 1 0,4,3,3,13,4
296172 212163 2 6,12,1,7,3,6,4
122776 114901 1 1,0
318438 119506 2 13,12,4
226581 130020 3 12,15
98120 294433 3 7,1,8,13,10,2,4,0
260445 35578 2 12,6,5,14,15,0
225856 274548 2 15,7,14,1,1,9,5
8485 201148 2 12,8,15,14
32396 236188 2 11,5
162710 358585 1 10,9,2,13,1
159356 316935 1 2,14,6,6
335277 132741 2 5,4,4,5,7,13,6,3
157465 90831 3 11,14,14,5,1
330945 2145 2 7,5,13
290148 342776 3 5,8,3,3,7,8,7
215645 34756 3 8,8,11,4
287529 344462 3 10,3,1,5
268687 303651 3 13,8,6,10,14
22924 162471 3 1,9
39778 107942 1 7,7
261531 146160 3 2,12,2,6,15,5,3,7
309783 345877 2 8,4,1,7,11,12,1,11
49292 258789 2 0,15
3750 236457 1 3,8,3,5
332293 145204 3 5,3
286794 29597 2 3,12,12,11,5,3
291277 80438 2 7,15,6,3,2,1,7,8
105107 56877 3 10,11,4,4,8,12,12,13
309629 219554 3 0,9,1,4,4,0
348283 348851 2 5,1
66585 216804 1 7,12,4
351249 302168 1 14,8,7,15,1
419 274576 3 3,12,1,0
93470 175553 1 8,4,2,0,3,4
107501 29007 3 13,13,5,1,6
347921 74883 3 3,2,10,13,7,9,7
59136 375092 3 10,4,13,8,8,4,1,15
126027 350988 1 2,8
182878 8554 2 3,4,8,1
91641 103569 1 13,3,4,7
197751 4693 1 6,1,5,10
137254 140916 2 13,8,8
317391 1974 2 14,7,14,15
217070 117335 3 7,8
354285 378669 2 12,15,8,1,3,3,1
173152 81377 1 6,9,1,1,6
257282 253705 1 7,9,6
185892 278726 1 10,13,7,7,14,5,8,15
44186 33520 2 4,8,1,13,1,15
128181 112751 2 4,4,11,4,14
262830 210464 2 6,5,12
131464 318069 1 4,12,5
312189 169087 1 7,5,10,1,8,5
201455 366567 3 8,6,1,4,7,6,14,5
101245 378308 3 9,11
208254 218419 1 2,2,12,8
287066 332454 3 11,1,6
107447 353403 3 12,10,2
80655 156744 1 3,9,4,8
162365 309608 2 3,8,5,4,10
196205 165134 1 4,14,7,15
374874 77503 1 4,13,8
324363 326456 1 12,3,2
284743 165880 3 5,9,14,1,8
301505 305704 1 15,0,12,6,0,3
1419 131406 2 3,11,1,9,2,15
55946 106517 2 8,10,12,4,12,8
171984 128210 2 2,13
69639 273741 2 4,1,7,12,13
36262 45330 2 6,4,1,3,4,0,8
269623 248892 1 4,7,15,7,10
255038 52553 1 7,12,9,12,1
336065 143181 3 9,9
52406 335873 2 7,15,6,0,10
327753 321130 1 3,5,12,5,2,13,4
212368 332897 1 6,3,12,2,11,15,3
356014 35898 2 5,15,15,3,6,0,14
83541 101992 1 8,13,13,5,13,7
134971 235786 2 13,7,0,9
304701 4112 1 7,1,4,1,3,3
218958 79291 1 4,4,1,7,9
87889 318948 3 15,4,2,8,4,8
262703 233080 3 11,6,5,8
338872 87452 3 8,3
148866 175339 2 13,4
4147 65556 3 12,3,2,13,2,8
34167 194417 1 1,8,13,8,8,6
331028 135097 3 2,10,7,8,14,2,13
299644 295490 2 1,5,0,4,10,14
31062 258145 3 7,2,14,0,4
213026 111533 1 12,0,0,8,13,8
356857 108407 3 7,7
207379 367175 3 6,6,13,3,5,7,9
76942 218896 2 14,13,15,0,12,14
362882 230724 1 5,3,12,10
107280 124582 2 4,13,12,7,14,3,7,7
126947 103945 3 8,13,8,3,4,8
232731 76971 2 4,6,3,4,3,3,6
223180 260538 1 14,14,8,14
218155 170604 3 1,11,3,0,0,13
87842 220009 3 3,12,11,1,8,14
158098 28963 2 4,4,3,14,3,14,0,15
88019 39286 1 5,14,8,13,7,15
31197 263344 3 8,3,1,3,4,1,5
52372 141388 2 7,7,2,14,8
139711 157917 2 7,1
6453 168372 1 10,5,2
114028 104479 2 6,15,12,4,1,2,1,4
249799 348075 1 4,11,3,4,1,14
4350 65048 1 5,7,15,5,8,6
193010 288894 2 9,12,11,1,15,1
347324 303158 2 1,12,3,1,9,7,10,13
190425 378910 1 0,14,6
309640 287492 2 14,12,14,12,0,2,2,8
314525 55963 1 5,1
111969 227967 2 8,13,7,7,4,5
61143 323644 3 4,14,6,12,10,13,12
326826 216294 2 3,0,15,1,14
128580 98816 1 8,3,12
268759 167681 3 7,4,0
235942 250139 2 7,10,0,15,8,12,10
229936 290853 2 4,1,3,4
244634 257545 3 3,3
47330 113833 2 9,12,11,12,5,8,12,12
289181 128930 3 15,1,14,3,8,1
143975 130097 3 12,2,6,10,4,1,1
237072 367718 1 7,15,3,4,14
200397 309000 2 12,7,2,3,8,1,1,6
231009 146288 3 8,6,8,5,6,7
375927 58211 1 13,7,14
106907 167706 3 6,5,13,8,6,4
197278 117643 2 14,1,7,2,4,4,5,12
315853 243357 3 5,8,6,1
221622 73810 2 1,13,6
215284 232775 2 5,13,5,5
29622 377813 2 14,14,3,13,9,10,3
63153 70292 3 0,6,3,8,15,2,0,2
102104 186651 1 1,8,5,15
63567 82599 2 3,12,13,13,12,4,3
84382 333887 2 8,8,4,3,8,7,13,4
94389 210394 2 3,6
273841 376217 1 8,11,8,3,6
264058 377287 2 2,14,4,7
238411 138506 2 12,7,7,14,4,15,4
81384 364339 2 12,13,4,6,2
379745 232512 2 8,12,0
188700 207321 3 12,3
204159 73173 1 6,15,7,3,7,12
189527 359047 3 14,0,12
234513 7477 2 1,6
224727 73829 1 6,12,2,10,8,7,8,7
375957 106440 2 1,3,11,1,6
352725 12865 1 8,14,12,15,0,1,3
150128 41409 1 12,15,10,3,13,4,6,0
196468 302329 2 10,3,11
159707 199799 1 8,5,3,9,4,14,4,5
109533 378902 2 6,2,12,4,7
312497 26466 3 4,12,12,8,6
350419 363690 1 8,9,3,4
209424 252378 2 1,2,11,13,6,7,9
365821 268521 1 7,6,6,0,7,8
99071 159718 1 5,0,8,7,4,7,9
227044 222528 3 12,3,1,5,12,1
164752 52519 2 5,7,4,0,8,1,4,8
296260 321150 3 4,2,1,6,3
24874 65169 1 5,9,3
307376 60360 2 10,9,13,1,4
197996 24992 2 8,10,12,7,4
71 281343 3 10,2,2,1,9,15
363576 128569 1 6,7,11,3,7,10
167831 46021 3 3,8,7,1
87077 336084 1 13,12,13
91166 189266 2 2,12,14
202875 307962 1 3,4,3,12,8
81630 360459 3 2,13,15,15,7,5,12
131400 18313 3 12,13
69685 312637 2 8,15
108924 22978 2 9,14
297607 215615 3 3,8,12
43966 271600 2 8,3
131677 23680 1 10,7,1,12,7,3,3
139285 90406 3 0,4,4,10,6,2
236019 211962 2 0,7
250969 143929 2 5,13,1,5,2,6,15
275094 136967 2 5,1,8,3,3,8,1,9
187044 130087 1 0,2,14,14,6,14
18407 121910 1 9,0,4,13,6,15
103610 73490 1 15,0,14,3,14,4,2
342252 11817 2 7,8,12,6
221161 11394 1 13,12,13
71437 163194 3 12,5
29092 39214 2 5,14,7,8,4
176031 275050 1 3,3,2,8,4,8
45264 198972 1 7,3,14,15,14,5,1
361012 91493 2 12,5,8
168731 233398 2 15,15,11,4,0
339944 55944 2 8,12,6
259856 228431 2 1,7,14
237408 240143 2 5,11,4
284899 355987 2 7,13
96332 224722 3 8,5
161489 204818 1 14,0,13,12,14,4,7,14
181929 69804 1 4,7,8
325528 188014 2 15,3
107029 39712 3 14,8,6,7
165782 271485 3 14,3,4,11,14
14516 62610 2 6,7,6,5,4
338423 192709 1 6,13,6,3
163653 120471 2 2,7,4,7,12
317855 183052 2 3,15,1,12,3,8,0,5
16661 111654 2 5,7,5,12,7
144802 173464 1 4,2,2,4,10,6
84128 292199 2 7,5,4,7,3
279955 59527 3 2,11,9,4,6,13,14,1
283523 52135 1 2,2,5
257951 204290 2 11,10
17892 163343 2 3,5
361424 939 2 8,12,1,15
267824 228408 1 4,5,5,3
330815 381180 3 6,3
260089 148219 2 2,8,6,5,8,1,9,3
208804 315248 1 8,12,13,7,1
14037 69656 1 1,7,5,3
182439 84417 2 10,8,11,1,4,15,6,5
261582 169263 1 8,3,7,12
320097 122910 3 11,0,3,13,13,6,0,8
54501 218286 2 4,4,5,7,9
117298 350720 1 5,12,5,1,14,14,5
71096 180130 1 1,3,3,11,12,3,5,5
352855 195524 1 14,8
211514 265175 2 8,6,10,2,5,4
135112 197080 2 1,1,11,6
379421 279238 1 14,5,5,4,12,11,6,7
44432 170084 1 3,5,12,5
249684 94282 2 1,1,1,1,12
344748 73780 1 8,3,7,1
85837 278259 3 4,12,11,5,10
124940 266925 3 5,1,2
125543 367506 1 8,7,7,14,5,15,4,2
295347 221311 2 5,8,7
161075 1806 3 9,13,9
308125 284536 3 0,0,7,9,0,6,14
240724 346571 2 14,14,1
329995 58711 2 15,7,9,11,0
50736 224995 2 3,8
45656 374344 2 2,15,7,10,7
83051 82164 3 13,4,8
155238 174001 3 3,13,8,8,12
373734 212991 3 4,12,7,10
218195 6953 2 5,6,4,7
238541 35594 3 4,5,12
281701 98587 2 6,5,1,5
133406 219383 3 7,13,12,6,9
52073 321558 3 6,7,14,7
112549 69652 3 8,6,7,12,3,14,4
291088 25545 3 12,3,8,4,12,5
220318 317159 3 8,14,1,12,3,13
303297 180539 3 4,8,12,6
264523 182338 1 4,8,13,5,8
108870 78574 1 10,15,6,5
51719 145047 3 6,4,13,1
300834 21414 2 3,1,9,8,3
44127 271214 1 4,10,8,7
37540 180332 2 9,8,12,9
139281 129316 1 3,8,4,4,12,15,13,3
323690 147552 3 5,14,8,2,5
186835 235850 1 12,5
157432 117961 2 1,7,4,13,1
361572 340505 3 6,4,12,2,0,3,0
160265 160356 2 14,14,6,5,15,10,5,0
262080 25649 1 5,7,4,14,7,10
288824 261769 1 8,5,1,4,3
39284 358852 1 13,7,8,3,2
182288 276474 1 6,0
67086 231394 3 7,3,4
381452 137002 2 7,13,7
172692 362484 1 12,3,1,3,5,3,12,1
185618 280739 3 3,7,3,4
343284 338654 3 4,15,4,7,12
279522 202002 3 6,8,3,5,9,6
121544 44711 1 13,7,0,14,9,3,13,3
302037 39581 3 4,6,2
329569 193848 2 7,15,4
191701 87862 1 5,12,13,4,15,12,4
105588 124865 3 5,7,14,1,10,10
281345 53794 1 7,6,15,3
380669 3889 1 3,13,4,5,6,3,1,8
105155 310922 2 10,7,7,4
57277 304442 2 2,8,9,1
3514 186663 1 3,14
133837 241704 3 1,1,11,5,4
98547 138353 3 15,12,6,4,5,8
98692 154161 3 1,5,8,10,4,5,8
192331 215231 2 7,1
164645 147289 3 14,4,10
173165 349731 3 11,1,12
150973 55820 1 0,7,14,10,0,1
74467 110116 1 13,2
12576 242770 2 8,2,8,2,11,14,5,4
16562 311365 2 0,5,4,1,4,8,7
174466 92637 3 3,10,0,9,2,13,1
3078 109899 1 5,6,1
131010 6912 3 11,12,0
187994 273449 1 3,10
320518 67363 2 12,2,1,12,12,0,1,12
106364 244245 3 5,14,5,6
62263 284763 3 12,8
184065 161193 3 3,10
309227 291698 1 9,7,9,8,10,3
313042 13060 1 12,13
294520 155379 3 3,3,6,13,4,12,3
217321 373592 3 2,10,8,13,1
72715 210756 3 9,1,13,3,4,6,2
138517 144587 3 1,7,3,0,6,11
352167 352351 3 8,13,8,4,5,4,6,3
189855 118951 1 0,2,4,13,8,7
224180 321542 3 8,2,8,6
304052 86799 2 5,8,1,0
11880 167497 1 1,15,7,8,4,9,9,10
281921 220803 3 8,13,3,1
160627 13555 2 12,14,0,3,8,7
258774 87253 1 12,7,8,4
167733 226301 1 11,7,2,11,9,3,9,13
368719 226140 2 12,5,13,6,3,4
11248 320303 3 14,15,8,11,1,3,8,2
193403 28490 2 7,8,4,6,2,15
134637 1825 1 8,14,6,4,4,14,2,13
214083 315977 3 7,3,1,0
236191 172918 2 15,12,0,11,3,6,7
81295 98617 1 12,5,15,13,3,4
10370 293581 2 12,7,1,5,15,3
335833 21541 2 15,3,6,8,7,7,7
274412 295370 2 3,6,0,8,8
360156 284386 2 7,14,12,3,4,1
101597 305002 2 1,1,8,1,12,7,1
267333 62108 3 12,13,1,3
64850 296634 3 8,12,8,4,1
338932 92137 3 14,15,0
167080 87639 1 4,6,14
169477 36561 3 3,10
202992 47394 3 1,6
212290 137071 2 11,1,3,9,3,5,8
778 47087 1 8,5,4,7
141782 55716 3 8,5
319595 178364 1 9,10,0,3,15,1,0,3
324279 336800 3 8,3,14
153164 252356 1 5,4,1,4,6,15
176801 161807 3 4,7,7,3,12,9,7,8
111124 307361 2 7,9,8,15,5,14,7
17732 19141 1 11,5,8,13
9668 351018 3 11,14,8,4,0,15,3,13
105869 126083 3 2,5,7,0,2,5,6
99283 352616 1 3,3,8,8,0,6
330621 338567 1 5,2,10
137000 168523 2 8,9,15
70070 210262 2 11,9
336803 137286 1 0,3,1,11
101377 4677 3 13,4,13,14,12,9,4,5
237938 248767 3 13,2,0,7
36905 71762 2 1,12,12
321462 162676 1 9,5,11,1
136377 383069 3 3,6,9,13
343209 329124 3 11,6,4,12
136784 314777 2 12,10,9,3,4,8
266999 245652 1 12,9,7,5,12,3
279312 219090 2 3,5
235304 19571 1 2,6,5,8,3
107060 255964 1 4,8,6
321466 373699 3 6,7,1,4,3
12600 307485 2 12,7,2,3,4,4,10,6
209541 128661 2 4,2,12,6,12,12,1
374815 294935 2 1,10,2,5,15,12,13
207022 5889 1 7,1,15,2,7,4,1,14
3216 204463 2 12,5,7,12
248708 137785 3 8,1,8,1,6,5,13,10
314240 61170 1 4,2,0,6,0,14,12,14
173147 72528 1 8,4,12,7,7,7,8,2
73292 362426 3 4,8,11,9,2
255888 128381 2 4,8,7,6,9,3,10
48112 32352 3 8,8,4,0,14
86793 101140 2 11,7,8,2
203692 242344 3 11,11,14,8
98294 46301 2 3,4,1,9,1,12
147875 50234 3 1,6,7,7,6,1,4,15
221706 139117 2 14,12,13,8,4,13,3
59431 126610 1 4,10,5,14,3,2
287972 352398 1 6,5
85866 253396 1 0,4
175083 209883 2 4,15,4,13,2,5
260645 46467 1 12,8,7,14,15
376495 176701 2 14,5,13,4,13,14
245880 278337 3 8,4
239949 5156 2 7,6
177665 298949 1 8,6,12
53604 241331 1 11,8,14
49069 70424 2 0,6,4,9,15,10,7
60650 341709 2 14,15,9
297819 124552 1 14,7,8,3,13,0,14
264361 95162 3 11,6,1,4,3
61631 292328 1 7,15,9,4,4,8,2
330077 255813 2 5,6,14
253718 211381 3 14,1,9,3,1,14,8,8
25360 1320 2 8,0,15,3
333419 1603 2 8,3,15,15,3,3,6
173961 158939 1 7,13
12311 112056 3 13,8
65692 249344 1 14,4,13,8,8,9,10
305730 219699 1 4,9,5,4,3,1
347285 47063 2 14,3,8
336143 374932 1 12,5,1,4
252373 9282 2 1,15,10
222771 208991 1 1,12,2,4,12,5
290546 173195 2 14,0
127583 342818 1 8,2,9
303237 129346 2 15,0,5,1,7,12,10
358442 194642 3 5,6
344021 267052 3 14,1,7,3,6,6,9
119947 354530 2 3,15,0,13,4,3,4,5
28048 234998 1 6,7,13,5,0
129222 307490 2 6,12
364400 111724 3 15,7,3,6,9,4
28291 331051 3 4,11,1,5,9,6,12
76352 347118 2 13,1,3
160512 61371 1 5,0,4,5,4,3
150008 165524 1 15,9,14,4,13,12,8,6
279288 320657 2 5,3
207599 324906 1 8,10,13,9,5,7
354192 56345 2 8,6
369763 107981 3 4,8,4,4,7,14,9,14
262590 93654 2 10,8,4,7,4,1,13
260405 113552 1 5,5
373840 329634 1 12,15,10,0,1,4,0,8
226068 138906 2 11,7,3,5,4,1,8
280948 265801 3 0,7,2,7,0
114449 89225 2 4,7,6,1,13
363273 340279 3 8,5,1,1,5,9,8
209835 14683 2 15,4,14
291874 261683 1 5,1,3,3,8
381924 280223 3 7,5,4,13,1,0,14,1
211842 312376 2 4,2,9,13
40592 321886 3 4,11,12,0,3
360341 232598 3 9,0,14,6,3,4,7
27251 253531 2 5,3,1,3,5,4,12
336346 67666 3 3,1,14,3
33785 377041 1 8,3,8
356035 150067 3 15,7,5,4,5,1,8,10
41915 330986 2 14,13,3,13
289668 131032 1 3,3,5,2,3
281275 353253 1 8,5
327962 271190 1 4,12,14,13,4,0,11,8
58235 88731 3 7,9
129025 261385 2 12,5,8
362658 306273 1 5,4,13,2,5,6,7,1
188504 187016 2 5,5,4,3,8,4,2
322848 200735 1 7,11,3,13,7
271571 377744 1 6,7,12,13,12,6,8,8
113735 71164 2 0,14,14,8,3,5
172283 68935 1 4,0,7,7,0,3,1
130155 71831 1 1,5,4,11,4,8
171984 360019 2 4,15,12,2
151102 117260 1 7,6,0,1,12,4
6014 49239 1 7,12,10
316913 53257 1 3,12,13,8,12,5
330793 246378 2 4,6,7,5,5,2,0
123620 188707 3 3,2,0,1,13
68892 17196 1 14,14,13,5,3,1
19126 330937 2 1,12,5,12,2,3
298283 73245 2 9,0,0,15,0
203015 155120 2 5,12,12,5,2,8,6,5
130867 132485 2 0,6,15,10
300346 345285 1 11,3,5,1,4
50348 273122 1 2,8,14,9,3,8,4,7
76720 219569 3 6,6,7
202637 265377 2 8,1,0,7,3,8,0,6
41077 202580 2 7,5
139805 236948 3 14,4,1,3,3
61010 121617 3 8,5,3,4,13,2
49552 364484 1 6,1,15,8,12
77406 313955 1 12,4
147 95050 3 13,7,4,2,0
239464 118453 3 8,7,5,8,3,7,15,6
178317 18150 1 1,6,8,4,0,2
276509 180780 1 14,11,11,7
279821 95292 1 7,8,8,5,15,10
33457 154757 2 8,8
29906 57680 3 6,6,8,12,6,4,3,12
273727 25804 3 1,5,0,4
69306 362377 3 10,12,3
204012 327826 3 5,13
360887 259222 2 3,3,7,14,14,10,1,7
129862 48001 3 7,4,0,8,14,14,14,3
82984 37190 3 9,1,1,8,13,3,8
165076 92159 2 5,11,15,4
122081 156493 2 8,11,3
307999 353849 3 8,3,9,1,7,6,7
244166 135239 1 12,6,8
2905 136845 3 0,1,6,3,7,11,7,5
350490 140667 2 5,5,6,1,7
301981 304377 3 10,8,6,15,4,15
319885 38684 1 4,7,10,3,5,8,1,15
188884 94888 1 1,0,8,14,5,4,4,6
139465 375442 3 4,4,12,7,4,3,1
267860 298155 3 5,8,13,8,1
203999 356459 1 1,4,7,12,14
21886 58079 2 5,0,6
352693 33420 3 10,8,13,10,8,12,4,1
334712 134776 3 3,3,5,8,9,3,8,13
330706 277098 1 1,6,3,1,13,14
107286 41572 3 9,7,0,8
53608 214525 2 13,14
327105 128490 2 1,13,7,2,1,12,8,8
268030 261646 1 8,7,6
250122 306222 2 3,4,14,3,14,12,12,13
291439 272748 1 1,9
101635 23035 3 3,4,4,6,3,9,7,3
255249 50270 3 7,2,13,11,9
31253 2091 1 3,4,14
287334 373371 1 15,1,6,8,15
371724 376557 1 8,1,9,14,8,8,5,7
376208 338891 3 12,5,8,2
311429 168558 1 2,4,0,3,8,12,15,4
227973 87990 2 3,7
136827 271862 3 6,3,7
177048 156501 3 15,5
266469 211275 2 4,12,2
117290 137589 2 7,7,11
207430 323387 1 8,13,3,12,3
369950 184676 3 2,7,15,11,8,2,2
369974 308329 1 5,0,8,4,3,13,14
120017 286961 1 6,6,0,10,15,1,2
230344 90647 1 13,5,11,14
381747 180225 3 13,7,13,1,13
285146 107393 3 15,8
341936 275933 2 3,7,3,14
266816 13570 2 9,11,9,3,13,5
335736 49577 2 3,13,13,7,4
119172 215902 3 13,7,7,4,2,13,9
350230 180434 1 12,5,6,2,7,14
112738 239804 1 13,8,2,9,14,2,2,3
377384 114311 1 7,7,6
115076 194124 3 4,5,5,8,9
227967 196604 3 7,3,8,12,13,2,13,8
206885 35983 1 3,7,13,1,5,13,5,3
33990 206624 3 13,4
5566 317943 1 4,6,3
81634 42731 2 12,9,15
294471 338574 1 6,1,8,3
353690 134815 1 5,12
197008 205802 1 4,3,2,5,7,14,4
106682 333235 3 14,12,8,7,14,9,2
239810 311553 1 8,3,7,3,14
202107 341312 2 5,6
212119 166621 1 14,3,0,1,4
253154 277518 1 2,0,1
225193 238552 3 5,8,15
245516 204335 2 7,13,9,9,12,6,5
284396 318537 2 14,5
142235 198405 1 14,14,0,12
165147 119813 1 11,5,6,13,0,10
286122 249808 3 1,9
311475 126271 3 1,9,4,5
57917 298768 1 2,6,6,12,0,14,5
161504 304029 2 14,7
355178 207464 1 4,12,10,3,12,3,1,4
42117 5664 3 5,2,11,9,1,4,6
142876 81039 3 13,13,3,2,0,6
280201 182865 1 4,8,3
246161 381663 1 11,0,12,15,3,6
101986 321385 1 3,6,13,3,6,7,8
255846 361932 1 1,13,5,1,5,13,11,15
158410 211298 3 4,4
331813 20940 2 6,13,1,7,6
123920 14241 2 11,3,1,6,5,12
334508 40637 2 1,14,4,0
126239 218634 2 3,7
234676 133333 3 5,8,3,13,12
123310 81168 2 7,3,8,3
291247 144154 3 1,5,6
190039 316618 3 7,14,0,4,7,14
90699 315541 3 4,6,11,8,6
80663 318825 1 9,8,12,13,11,8,8
144865 357531 1 8,0,8,8,7,11
126479 121155 2 5,4
370529 154399 1 5,12,14,4,12
278292 307805 2 2,7,2,6
291947 56443 3 1,5
347798 374018 2 7,6,2,6
207130 316030 1 6,1,3,4,15
8138 269169 2 7,4,0,7,5,4
340782 9894 2 4,5,13,8
103364 341812 2 7,14,5,2
332577 151016 1 4,9,4,3,12,5
311697 262175 1 6,6,3
342320 154996 1 11,5
50985 90326 2 4,6,11,9
171598 323918 2 8,4
19854 162030 3 2,3,9,3,14
338012 251181 3 1,13,14
337789 130427 1 15,4,12,4
251560 377445 2 3,1,2,7
336515 242009 1 1,14,8,15,5,11,3,2
341740 42417 2 6,12,3,3,9,3,10
59845 325957 1 13,9,5,14,8,2
106909 172026 3 4,6
147855 177716 2 15,6,12,9,13,4
162664 195492 1 4,3,8,3,13
208293 180165 2 4,14,13,7,10,8
378353 357722 1 3,15,15,7,12
334880 314128 3 5,4,3,8
363822 380279 3 8,5,9,4,5,15,4
280849 31951 3 13,3,13,12
346650 144936 1 9,14,4
269745 273460 3 1,0,1,14
187051 378791 2 5,0
209679 218982 2 15,8,8,10,1,6,5
123109 114656 1 5,7
277790 222247 3 8,4,6,3,4,0,6,3
332989 201436 1 4,14,3,15,14,14,1
122610 24689 1 7,1,0
212480 132126 2 9,0,8,7,3,5,5,1
344591 149747 3 5,12,0,12,5,12,4,4
162917 336221 3 6,4
73131 327304 3 8,7,1
75466 208498 2 0,5,9,3,8
137989 91455 3 10,11
379407 226814 2 3,2,2,11,12
275393 280467 1 1,10,1,10,6,6
31060 310129 1 4,14,1,1,10
217742 340317 1 14,15,3,5,7,5
49239 30704 1 13,5,2,1
71133 281234 3 8,8,5,0,1,0,5
136022 160511 3 5,8,5,12
188595 205330 1 3,6
371956 229089 1 1,3,10,8,6
167464 299810 3 13,14,2,7
284666 108013 3 4,4,12,8
365595 55482 2 12,5,13,5,12,4,4
49946 130802 2 4,11,6,0,11,14,10,3
89636 316270 1 7,12,3,13
79574 5783 1 5,4,3,3,3,5,15,4
239793 8576 2 7,13,10,2,9,8
378075 263261 2 12,13,1,11,4,3
284007 4599 2 1,5,1,5,4,5,8,11
38013 192232 2 14,12
49225 144044 1 7,1,14,2,4,15
68626 212803 2 8,12,0,1,6,1,3,14
312009 169811 1 5,1,8,6,0
210720 208266 3 8,1,14
113938 128333 1 6,15,5,8,1,8
248909 342567 1 3,8,3,4
125469 219513 3 7,6,8,7,7
149422 187941 1 0,4,3
140530 67118 1 15,4,6,5,4,5
175981 281833 3 13,6,4,13,5,6,9,15
142570 775 2 10,14,1,4,12
170990 95525 3 5,9,3,7,4
274054 188537 3 14,9
226580 205042 1 12,3,11,12,14,12,8,4
6836 286540 1 9,1,11,5,3,2,11,5
299062 314618 3 2,1,9,14
160767 67216 3 8,3,5
154863 248863 1 12,3,8,3
298010 93973 2 13,5,14,7,9,4,6
349247 102453 1 7,12,4,4,4,3,1
21088 323057 1 6,4,4,6,4,6
202097 102769 3 9,0,5,7,8,6,1
272159 230885 3 3,4,9,5,6,12,2
104141 41068 3 3,4,4,15,4,13
10580 224548 2 4,3,2,8,11,4
381132 279069 2 8,13,7,1,7,9
308366 329313 3 15,1,5,5
151714 210700 1 14,1,14
342023 265001 3 9,12,1
57917 28184 2 6,5,13
249042 371868 3 1,15,12
62055 133782 1 5,9,7
352633 33346 3 0,4,1
288914 356824 3 8,11,1,13,15,9,10
95923 320153 1 8,3,2,4,10,1,1
72683 247289 1 15,9,7,14,4,4
249872 69196 2 3,8,7
5052 279857 3 14,4,1,1
235241 68514 3 7,3,3,8,4,14
293484 171860 2 6,6,11,7
37759 153442 3 12,4
37231 240028 2 3,7,12
129595 156603 1 13,2,1,4,4
317918 273867 3 1,4,8,15
190669 202170 1 13,3,12,8,8,14
103989 371910 1 4,6,7,9,6,9,15,7
55876 12519 2 4,7,12
349333 315226 2 14,15,14,1,15
301434 3089 1 11,12,7,6
12173 235265 1 12,8,4,3,12,4
32755 259859 1 6,4,11
78417 311181 3 10,6
135244 278837 1 11,5,6,4,1
327257 717 2 4,4
296704 278942 2 9,5,4,15,11,14
221044 58381 3 3,8,5,9,1
300917 60161 1 4,5,1,13,8,12,4,2
660 2492 2 0,9,0
37243 260225 1 7,4
193999 220838 1 8,9
216656 380874 2 14,13,12,3,6
98413 231022 2 14,5,3
378526 309170 1 14,9,9,1,8,14,14
256970 254620 3 7,12,12,3,8,12,1,1
312138 309427 1 3,3,1,3,7
372785 97364 1 10,15,5,0
379852 10765 2 4,3
100970 317669 1 1,8
255083 284976 1 15,7,15,6,11,4,4
192758 348411 3 2,9,5,5,8,2,12,14
297759 322986 2 10,13
205947 268112 1 2,8,14,4,10
210830 54788 1 7,1,6,5,12,1,15
88367 141471 2 9,14,8,2,5
298540 377340 3 6,11,12,15,2,15,14,6
48148 19917 3 0,7
181699 273219 2 11,7,2,3,2,8,14
72230 382089 3 8,1,5,8,6,3,7
215475 226869 2 4,13,1
370137 128472 1 0,6,15,6
48117 247904 3 4,7,9
106193 247443 3 5,8,6,2
348599 245109 1 12,9,0,8,12
35391 42709 1 8,8,4,8,4
382138 22836 1 7,7,13,15,13,4,14
214470 65105 2 10,1,6,15,4,13,8
119104 47744 3 11,11
358919 152888 2 5,4,8
211039 350458 1 10,11,8,9,7,11,1,14
363618 291671 1 13,5,0,11,12,8,5,13
119281 154402 2 6,4,3,15
35640 38464 3 5,9,3,7,3
272297 265110 3 7,5,1,7
336517 135883 2 7,12,2,5
249585 150759 3 1,0,1,7,6,8
78635 225588 1 4,12,15
319856 137515 1 4,5,2,4,8
210288 172744 3 13,7,6,0
238002 127337 1 5,8,13,3
318325 118494 1 1,10,6,6,13
17018 70089 1 1,2,13,15,6,4,14
130728 97713 1 1,3,8,13,9,1,0,3
298843 306138 2 7,3
313808 375355 1 5,7,12,0,14
315281 86745 3 6,0,4,5,1,2,13,7
240570 211220 1 13,3
344295 202415 1 3,5,10
45541 169140 2 3,4,4,2
96524 114230 2 7,11,8,13,5,15,5,6
177482 28686 2 5,5,7
139253 141925 1 7,5,1,7
321736 16549 2 13,7,5,5,1
362094 84949 1 8,3,4,14,1
331279 271388 2 15,3
198392 12159 1 5,6,5,1,8,10
379760 336986 1 13,1,5,12
373263 368998 2 8,15,5,7,0,7
340417 197537 3 7,8,6,8,14
26408 316978 1 4,5,13,9,3,13
112273 3416 3 3,4,8
171857 130993 1 15,11,8
310587 374815 1 0,4,4,3,3,1
62615 122728 1 6,6,9,0,13,6,13
74586 266772 3 12,10,4,3,2,9
14112 283176 3 1,8,14,8,13,12,7,5
247770 287475 1 0,12,7
221581 194530 3 13,12,4,15
272381 66700 1 5,1,3,4,1,1,4,10
374361 32856 3 9,2,1,11
344702 206781 1 10,12,7
241915 267587 1 11,12,5,6
47700 113463 2 1,8,5,5,8,8
887 5606 2 5,7
125059 280890 1 2,6,4,4,3,9,9,9
259719 238218 2 3,15,5,3,5,13
7110 247738 3 3,13,14,14,12,10
6201 182456 1 10,6,6,6,3,0,8
58376 101528 2 4,7
210401 96986 2 4,8,12
339969 98503 3 1,3,8,14,14,1
238404 215930 1 0,8
3231 239935 2 6,3,3,5,4,0,12
133919 343343 3 15,14,13,0,5,8
258530 63805 1 14,5,4,7,3,1,11,3
80119 24331 3 13,8,3,13,0,5
347416 378780 3 5,9,14,1,7,13,1,13
354040 166793 1 3,1,3,3,13
311883 38440 2 9,15,15
196341 25211 2 11,14,4,2,1
4918 442 3 9,5,12,13,13
345832 370839 2 4,4,14
249175 172383 3 0,4,3,3
324349 313991 3 7,7,5,8
286538 139661 1 8,4,10,12
360416 124237 3 13,4,6
376942 52068 2 1,13,14
26670 138371 1 13,5,12,5
92769 142888 2 6,4,5
308254 95975 1 3,1,13
325234 295777 2 13,12,5,4,8,13,4,13
76532 96212 1 11,3
87619 142479 3 4,4,3,2,12
263169 188559 1 0,6
122212 299372 2 14,4,4,4,8,0,3
233955 336123 1 3,12,14,15,4
93760 144147 1 1,13,12,4,2,3,3
273043 212125 1 6,7,1,6,6
227177 37354 3 2,0,1,0,6,8
34915 168654 1 0,6,4,3,4
120233 211088 3 3,9,6
152614 101357 1 4,7
309042 22072 3 6,1,11,3,7,6,4,9
184748 185117 1 7,5,5
335776 123029 3 7,12
327443 262361 2 12,5,4,15,15
238185 289814 1 12,4,8,10,3,6,3,0
239994 151235 2 4,1,6,4,6,13,12,8
27397 317945 1 5,11,7,4,3,1
43305 193580 2 6,7,0
174377 39638 3 13,7
186208 82307 2 6,3
67828 310487 3 4,8,8,12
99957 116256 2 4,11,0,6,1,6
31809 283826 2 3,5
47984 276445 1 7,4,7,14,4
307854 267945 2 7,6,14
324274 285655 2 3,6,1,6,6,4,5
253175 263539 2 3,7,15,13,7,0
163208 334428 1 2,9,6,8
305661 155593 1 10,8,1,11
50309 9990 1 13,0,8
362900 17775 2 4,8,7,6,13,5
69595 252429 1 14,3,11
230012 5848 1 10,7,4,13,2
291429 300511 3 14,0,12,3,7,5
226842 59239 3 15,3,2,5,6,7,5
342227 297101 3 1,5,4,2,13,15
39222 214968 1 14,10,0,3,10,4,8
160491 239903 3 3,8,7,7,7,5,8,3
225151 353040 1 4,7,3,13,7,4,13,5
260574 63848 2 12,6,3
245975 252289 3 1,12,1,4,1,5
181045 242259 3 10,15,1,4,8
150769 115110 2 4,11,1,9
21049 294509 1 14,8,1,7,4
78566 318639 1 2,4,2,6,4,1,5,13
49123 329194 1 15,15,9,6,9,5
77213 197883 3 3,3,3,7,8,3,4,8
243384 74983 2 15,4,9,3,15,6,3,3
51315 291600 1 5,3,4,10,2,4
160436 21263 1 2,3,9,3,7,13,15
218049 30918 3 15,14,1,12,8
301446 278110 3 7,5,11
67736 318985 3 5,1,0,12,15,2,9,10
268997 318593 1 12,4,8,2,7,3
159845 126731 3 5,5,4,6,9,4,12,6
258245 80117 1 14,1,1,9,3
265077 222427 3 5,3
50031 126881 2 0,6,9,9,8,3,10,9
269277 169611 1 8,14,15,10,7,13,1
188316 162599 3 12,10
38543 268678 1 5,15,13,10
58562 126662 2 13,13,13,7,11,8,4
71876 103022 3 6,12,3,3,12
31121 44317 2 13,8
82228 345952 3 10,13,1,7
283236 32991 3 6,4,7,4
89386 204115 2 9,1
115966 38925 2 10,15,7,11,6,12,7,15
187270 248221 1 14,7,2,12,8
62568 49209 1 5,15,5,4,9,5
311821 55018 2 12,4,3,5,7,8,3,2
147094 98091 2 8,12,1,15,5,0
139074 184903 3 6,12,8,7
233136 134550 2 12,1,7,1,7,11,4
382893 51462 1 5,8,1
79018 327951 1 4,8,5,12,9,4,8
138965 26745 1 0,15,15,8,8
108875 314241 1 5,6,1,12
323721 330035 2 4,8,3,6,4,10,6
273204 382115 3 9,3,5,3
8626 19973 3 8,13
142121 148971 1 0,3,6
151335 361967 2 6,1,8
158457 317650 1 13,6
212931 68826 2 14,2,2,8,1,14,1,9
110938 102414 3 9,8,8,8,1,11
158364 341553 3 0,1
266602 252692 1 3,13
213220 121967 1 12,15,8,3,7,12,6,2
353827 76957 3 5,10,15,7,2
221235 334010 1 6,1,8,6
289550 58670 1 7,13,5,13,7,0,12,12
276101 22893 2 8,9,2,2,7,8,9
313202 34128 1 5,5,14,5,6,8,13,13
252765 210833 3 14,14,5,8
42041 373333 1 12,4
209595 249212 1 4,3,7,6,4,7,3
334480 358984 1 7,0,15
162546 182604 2 5,7,3
116137 48031 2 6,1,0,13,12,14,7
236958 302350 1 8,3,5
4204 297108 3 1,3,3
161688 94571 1 4,5,3
69677 117502 3 3,4,0,1
203532 361984 3 2,13,7,2
346206 100255 2 4,6,7,1,6
288728 1003 2 7,3,14,7,7
346337 26531 1 7,7,3,8,0,4
196219 48222 1 8,5,7,3,5,8
109285 68650 1 7,11,15,7,12,4
9104 143607 2 4,1,4,7,2,6,2,2
314411 21925 3 3,3,8,4,7,1,5,12
147313 80295 2 7,9,0
85796 295717 3 9,10,3
36779 214790 3 4,13,5,13,4,14
177660 137313 1 0,5,2,12,5
166740 275025 1 1,1,5,8,2,4,8
214822 81186 2 6,4,6
333297 35548 1 12,1,4,0,5,6,6,7
291594 304740 1 4,0,6,0,1,5,1
372516 164879 1 12,0,8,1
193306 311152 3 15,15,4,4,7,4
380972 357181 1 7,7,13,4
289184 55158 1 6,0,6,6,13,13,14,7
28068 125563 3 13,5,3,12,3,0
38348 145637 2 5,1
170763 274961 1 0,5,1,8,13,14
205682 293723 2 0,3,10,7,8,4,3
287010 210588 2 3,12,5,1,12,4,8,4
140068 154787 2 3,0,8
275881 160523 2 14,12,6
5718 225758 2 1,4,1,4,8,12,5
295441 210851 3 5,3
245900 59233 1 3,1,4,3,6,6,13
362771 316905 3 4,4,13,7,4,7,4,5
59303 302037 3 3,3,15,13
196868 17599 1 13,15
38817 249840 3 1,4
64095 276265 3 6,5,15,15,14,7
7042 332707 1 8,12,14,3,5,3,3
144411 45029 1 14,7,7,0,1
253151 74499 3 8,8,7,9,6,1,15,8
235297 209130 3 3,12,8,7,4,15,8
186364 300554 3 4,13,3,8,7,5,10,4
375556 322109 2 4,3,0
94314 322445 3 12,3,13,13,3,3,3,8
93519 22960 2 13,13
227202 8550 3 7,4,3,7,4,1
130117 89188 3 12,6,9,11,2,14,1,15
371708 156798 3 8,5,4,12,5
298776 202734 3 5,8,0
352635 114480 1 9,3,5
248489 112088 3 1,1,12,7,5
346015 233412 1 7,9,12
265764 158694 1 2,4,12,1,6,14,8
233572 229904 1 5,1,13,8,8
105010 68366 1 15,10,9,6,9,7
304027 209963 3 0,4,9,12
237708 267225 3 14,4,1,3,13,3,8
194418 14061 1 4,5,6
68949 110952 3 4,7,15,11,4,14
181370 338354 2 3,3,5,13,13
160954 249458 2 9,15,8,5,4,6,7
351448 192774 2 10,11,8,5,3,6
43146 163435 1 4,14,8,1,6,1
47099 238901 3 3,5,1,8,15,4
309471 51987 3 12,0,1,5,9,7
284092 11082 1 3,5,10,7,3,6,8
134285 317180 1 4,14
2359 42071 1 7,6,5,3,7,8
325743 313 3 5,8
341336 362945 1 1,7,8
327446 46984 3 6,12,9,4,5,13
298242 362577 3 9,1
175239 292025 3 5,8,8,4,3,3,8
251427 88941 2 15,5,3,1
61774 27080 2 4,13,1,5,8,9,7,4
32972 184693 3 4,3,7,0,7,6,3,6
63581 269387 2 14,11,12,14
77633 203191 2 3,6,7,6,13,14
367943 284332 2 1,8,1,3,3,11,12
26681 15505 1 3,4,15,5,7,2,2,3
45437 8282 1 7,13,5,12
3791 241427 2 6,4,3,8
78609 278712 3 11,3,1,6,1,12,7,3
240177 334210 3 14,12,13,4,2,6,6
274960 143855 3 8,6,4,5,5,8,12
113640 36208 1 9,4
232325 141126 3 12,7
265302 161188 1 1,7
29393 292695 2 8,4,1,13,9,7
46791 77266 2 9,15,1,0,6
155645 371188 1 12,4,4,8,8
48132 202415 3 10,12,3,5,8,1
165808 206865 3 4,2,5,5,5,9,3
304448 370667 2 1,3,8,5
225378 284715 3 6,1,7,8,12,13,1,9
134329 116663 1 4,5,4,2,10,5,6
77503 186570 3 4,12,3,14,11,5,7,5
228851 319237 3 12,12,15,14,4,12,7,1
383601 337228 3 6,5,1,8,12
297063 255734 1 5,5,4,14,4,12,13
247573 9359 3 0,6,11,4,6,11,4,5
113085 144334 1 8,13,4
72765 52959 2 0,4,11,3,8
68373 127714 1 12,5,8,6,3,15
245125 225504 1 6,12,9,13
201602 102024 1 1,1,3,9,11,14,4
278590 319797 1 11,13,6,4,9,1
297861 381057 1 2,3,10,5,5,5,14,5
20421 189381 3 6,1,8,8,11,5,4
236312 89331 3 14,13,6,5,7,2,9,1
242758 4446 1 7,8,14
308827 303708 1 5,4
166635 217923 2 8,7
186348 339032 3 3,5
245854 135448 2 8,9
364704 261385 3 7,0,15,3,4
112648 4878 2 8,8,4
278026 153530 2 15,13,13
239176 160278 1 15,12,11,2
69282 334648 2 12,12,1,11
132948 21011 2 10,15,2,7
341963 166074 2 8,15,8,14,6,4,13
67876 73485 1 6,3,1,4,4,12
356002 175567 3 5,12,14,13,5,9,4
244038 327971 3 6,6,4,9
258769 345206 2 2,1,0,6,3,5
283462 198454 3 5,6,0,7,6,6,4
212002 354177 3 5,6,2
382275 60867 2 4,3,1
297852 177764 1 1,4,15,4
156492 106168 2 15,2,1,13
64640 279771 2 4,9,8,2
14223 31161 1 12,13,4,5
102028 338473 1 5,8
164271 295777 2 0,2,9,1,5,9,6
77401 253953 1 2,2,11,7,5
198636 164342 3 5,7,5,7,2,1
277159 192428 1 8,4,3,7
96412 235836 2 4,5,12,1,13,8
113423 339123 3 8,3,13,3,12,8
339634 316001 1 6,15,15,14
243926 378660 3 5,4,5,9,11,7
124097 27169 3 13,3,15,8
196931 172564 2 9,7,8,15,8,0
97600 98368 3 7,2,6,2
254845 256315 3 9,14
102960 169485 3 3,14,5
53313 37630 2 3,1,4,7
236888 273811 3 4,6
22028 196414 3 4,1,14,3,0
297222 255189 1 2,12,5
46903 167977 2 0,2,15,7,8,3,6,7
205744 330812 3 5,2,0,15,4,9,7,5
51099 343822 2 8,3,3,13,2,13
241812 284100 1 14,12,3,9,8,5,14,4
192746 310599 2 13,8,1,5
319133 3062 2 5,1,3,3,4,4
208998 272254 2 7,5,10,0
242033 208885 1 12,3,4
293514 112957 1 12,8,3,9,7
59380 260998 2 5,6,3,2,14,13,0
360165 1797 2 2,0
37982 72500 1 4,14,7,13,13,4,9
177492 223642 2 3,4
207706 61219 3 10,2,3,14,8
218616 297141 3 7,5,7,1,11,13,2
374857 14828 3 7,3,1,1,13,8,14,15
76183 381822 3 1,8,5
5657 364690 1 3,3,4,5
229892 68273 1 2,3,1,7,1,13
204702 38266 3 5,6,12,0,11,1,7,5
121986 320841 3 7,0,4,3,7,12,3,8
17368 108928 3 3,3,1,12,8
298386 293020 1 7,1,4,0,3
28098 281057 1 13,4,14,8
38048 263609 1 12,3,8,2,12,5
319673 201951 2 0,2,2,9,12,9
117497 262049 2 14,12,4,2,13
264154 58299 3 1,1,1
312909 213433 1 4,3,1,5,8
316161 157054 3 3,7,12,0
371469 351563 2 4,14,1,8
185407 361005 1 7,11,14,12,3,3,7
58714 372672 3 8,3,10,4
171409 158147 3 8,0,7,12,8
237775 34414 2 3,6,1,4,14,4,7,8
144180 29898 2 3,5,12
230168 85521 1 3,10,5,10,12,3
163525 164899 2 12,1
280879 377591 2 7,4,5,4,4
242591 266982 1 7,5,3
246671 330537 2 15,7,5,7,7
171180 15699 2 7,8,12
177726 329997 1 6,6,5,6,1,5,1,11
359284 213096 1 8,10,15
176116 308306 3 12,12,4,4,4,6
138352 349227 3 6,7,7,5,13,4,15
74356 148126 1 8,1,3
343213 26337 2 6,5,8,7,4,4
246019 139570 2 8,7,4
27604 344053 1 8,2
194399 66822 3 5,15,6,11,4,12,1
228765 224199 3 6,8,3,3,4,6,7,6
349 350540 2 2,8,3,0,2,3,7
327952 301847 1 6,14,2,4
372748 192782 2 8,14,14,3,5,15
81046 207632 3 11,0,6,0,3
181362 18579 3 8,4,7,5,1,11,3,5
183953 87785 1 1,3,12,10,8,3
124678 251052 1 6,2
264481 162380 2 3,8,7,11,7,14
95935 60363 2 8,13,4,14,4,2
287404 85650 1 4,4,5,3,3,3
313762 128902 3 15,3,1,6,6
316085 312887 3 1,3,10,12,15,7,8
271127 204315 1 8,3,12,0,7,3,6,12
272349 4178 3 1,8,4,1
270261 67035 1 7,3,12
231673 159480 2 5,12
340905 4397 3 8,5,0,12,15
151347 98971 3 7,13,4,3,5,8
367828 185937 3 5,14,5,15,15,4
110159 86491 1 8,15,14,5,6
89024 216359 2 6,4,9
356069 248866 3 3,12,5,15,4,0,8
214444 145986 3 8,4,7,7
344539 84427 2 8,7,11,14
233712 350923 2 4,5,5
12616 160147 1 10,8,4,8,14
141551 149136 1 10,4,7,13,4
113477 302867 1 2,7
232206 180374 1 12,0,12,3,14,6,5,4
212324 204955 1 9,4,12,4,11,6,7,4
224517 33371 2 1,1,12,7
194093 2521 1 7,12,3,6,7,14,1,4
232882 157907 2 4,7
211886 40433 1 4,7
213457 194066 2 1,0
61931 109563 2 14,0,1
28931 55035 2 6,5,4,10,3,4
169192 242488 1 12,13
124545 235298 2 11,3,12,5,12
9442 294105 3 7,14,9,7,9,0,5
180757 96343 3 8,8,4,3,1
175336 78548 3 3,11,13,1,12,10,2
66752 99601 2 0,8,9,15,7,1,8
88051 345064 2 12,3,3,11,3,2
911 180017 1 7,6,4,6,9
371544 225336 1 8,4,3,8,13,4
118021 159007 2 8,6
261000 216946 1 3,5,12,3,7,8,2,12
371038 169654 2 7,10,9,4,2,7
90248 302097 1 6,3,8
231475 233938 3 12,3,7
71487 69879 2 1,4,14,5,11,12
42632 159827 3 8,1
5625 278842 2 10,5,4,5
16894 270793 2 7,3,3,4,14,2,6,3
1954 114975 1 5,5,8
252446 146763 1 7,0,4,15
354984 71230 2 3,12,1,3,6,1,4
295607 12541 1 0,5,5,7,0,8,13,7
280238 13441 1 10,2,15,6,4,3,8,14
261715 39039 2 5,1,3
137339 33302 2 0,13,13,9,5,13
353354 194454 2 11,7,11,13,14,7,2
43365 70117 3 6,8,9,4,4
70104 235122 2 8,6,0,9
359182 183986 3 1,3,1,2,7,10,5
16703 292290 1 2,1,7,13,6,0,2,7
283300 236374 1 1,0,2
175144 118361 2 11,4,8,8,6
184905 37642 1 3,3,14,3,8,5
364207 252925 2 12,7,8,15,12,0
150710 40297 2 12,7,13,0,7,11,9,9
180409 331802 3 11,8,15,7,12,8
259848 278055 3 7,15
267597 91707 3 15,1,12,4,13,8,4
79424 182987 3 3,0,15,9,12,6,14
64422 69484 1 3,3,2,5,2
58525 17437 1 1,4,0,9,4
26749 163123 2 7,7,3,13,14,1,1,2
43506 10855 3 3,13,1,5,2,6,14
244828 18543 3 0,14,3,11
71716 15119 2 10,12,1,15,1,7
373465 179948 3 8,14,7,12
21411 287304 2 7,3,4,7,0,8
57015 63122 1 13,6,15,4
32340 335928 2 6,7,4,8
154155 353408 1 8,4,1,15,7,12
201243 317669 3 7,5,4
373558 149584 2 5,1,12,13,0
80676 49534 2 3,3,6,2
18529 253940 1 5,7,13,3,7,3,1,0
305361 280527 2 5,13,11,1,6,6,9
168383 124049 1 15,12,3
189385 98984 3 11,11,1,0,12,9,5,3
252136 47893 3 6,1,0,1
290996 200377 1 3,8,8,0
259272 13439 1 7,1,4,4,14
55799 341175 3 7,5
56964 243576 3 3,8,12,5,3,7
314688 29378 1 9,3,5
325378 232708 2 12,7,4,9,15,4,12
242166 338772 1 3,0
273232 322346 3 14,9,11,4,3,15,0,0
253918 17605 2 13,0,4
355791 67268 2 14,9,1,0
68586 232728 1 1,7
256072 234464 1 5,4,13,1,3,15,5,1
74895 198544 1 3,4
23091 162555 3 12,8,7,3,7,4
364065 205298 1 8,7,3,0
148449 78221 3 6,1,8,1,10
192182 40925 3 13,9,8,3,6,14
121720 264525 2 8,8,7,7
171046 214860 2 3,6,3,4,1,12,4,13
70620 312702 2 4,3,1,0,6
136888 337541 3 9,12
241183 189448 1 4,7
189187 338575 1 10,5,13,12,3,3,7
25346 281948 2 12,4
139621 222135 2 8,1,15,3,12,5,4,5
63403 176685 3 8,12,15,8,8,5,7
236750 347791 1 7,2,8,14
316364 360739 1 8,9
73594 183290 2 12,9
232964 220358 2 3,15,0,5,13,0
171745 299438 2 8,3,15,7,13,7,1
239207 114665 1 1,0,11,4,8,0,3,14
329908 183975 1 3,7,2
120952 114333 1 7,7,9,8,4
211585 301861 1 4,5,3,9,7,8,7
4342 211572 3 6,4,12,6
238495 257279 2 15,14
131527 254180 3 6,1,15,8,11,9
130114 324197 2 2,13
182466 228907 2 0,7,6,2,3,4
283827 214323 3 14,14,13,7,4
275662 101860 1 7,7,3
77275 286221 1 4,4,0,11,9
1151 258501 3 15,15,15,10,10
149012 343659 3 0,8,7,6,7
17303 139503 1 5,0,6,13
299229 159222 2 12,10
59463 332026 2 13,7,5,12,12,3,3
245551 81960 3 9,5,14,1,4
86953 73688 3 6,3
153335 152968 1 5,6,4
297723 67770 2 7,12,11,7,1,3,3
49176 9143 1 1,9,3,8,6,11,9,3
156434 341830 3 8,4,8,13,6,5
149188 64520 2 4,1,8,3,1,0,14
186624 32901 1 10,3,15,4,5,7,7
276382 235694 3 0,1,1,2,4
145466 309732 2 6,14,11,12,12,4,10
87343 17965 3 0,7,3,0,7,2
247785 350634 1 1,2,12
86228 68032 1 7,0,8,6,8,4,4
147312 225893 1 6,8
233015 363558 2 12,13,3,15,7,7,12,14
274891 101131 1 1,8,0,8,8,4,6
312829 80700 1 8,6,3,13,1
370842 201678 1 11,2,3
314233 61297 1 4,8,12,7,7,10,6,6
87137 197142 3 10,14,13
177377 110757 1 9,12,5,4,7,14,14,4
22099 351028 2 5,4,3,4
107012 134670 1 14,3,14,6,4,6
30129 127135 1 6,5,1,4,6,9,8
170105 376660 3 13,3,12,5
200935 64159 3 3,1
69803 29425 3 13,10,13,6,3
170251 129639 2 8,13,9
282350 208097 1 3,12,7,8,7,4
381991 152854 1 15,8,9,6,11,1,3
288839 53525 3 12,8,15,12,14,14,12,1
67928 23122 1 3,13,5,8,1,7
218187 245338 3 11,6,3
186329 180936 1 8,3,6,3,3
228269 47986 3 13,5,5,8,12,5,5,0
332063 192795 2 14,8,15,13
346466 325816 1 6,4,3,13,4,8
176494 279157 2 12,1
370587 87060 1 4,5,6,3,8,7,1,11
329139 238539 1 11,5
218882 90530 3 0,12,12,1,4,0,11,4
315047 159325 3 12,1,12,5,14,3,3
347441 174904 1 15,7
209061 149479 1 1,5,12
121840 263172 2 15,5
115150 50881 1 13,3,6,6,14,6,3
174553 43725 2 1,3,8,5,5
167606 229937 2 11,0,11
69496 369220 2 3,5,5,3,15
200399 128404 3 6,6,4,3,15,1
139569 232652 3 8,11,5,1,3
96471 272380 2 4,10,9,0,13
211294 368215 3 6,7,5,5,3
167588 130450 2 12,6,6,8,8,7
176722 88684 2 1,14,13,12,1,5
286615 360998 3 6,8,8
372466 364493 3 10,3,8,12,3,13,3,7
35820 2523 2 3,5,4,6
138787 165855 3 8,0,6,0,3,14,15,14
301225 246560 1 4,14,5,4,7
11763 302239 3 1,14,3,12
122975 333056 1 0,7,1,4,12,8
340490 307705 3 7,7,7,1
140371 155848 1 3,14
263 311918 2 7,10
81325 75311 2 5,2,6
149111 372006 2 5,14,5,15,5,13,14
370462 275217 3 6,7
365534 357118 3 3,3,0
350902 160687 2 8,8,3,9,5,12,11
46076 315460 1 15,3,4,1,3
24632 40316 1 8,7,4,1,4,4
122328 261590 1 3,4,3,10,4,5
368950 253549 1 5,4,5,15
108109 131609 1 9,13,12,7,8
72310 191949 1 3,8,0
355735 377482 3 3,6,3,1,14
191427 357863 3 11,5
352549 71784 1 3,2
118581 16683 3 4,3
158483 207779 1 6,3
221425 358711 1 2,8,8,9,5,7,1,6
367143 50226 2 12,3,7,11,5
76694 181960 3 7,6,14,4,3,7,10
18229 271927 3 5,12,13,2,0,1
274555 43903 1 3,4,2
67089 133857 3 7,4,6,14,8
320117 310247 2 14,0,7,7,10,0,14,4
59388 252088 3 11,5,12,3,7
52174 127820 1 12,7,9,7,4,2,15
322818 84334 2 13,15,12,1,5,1
117398 164254 3 15,5,5
106023 218134 1 12,13,7,13,7
267621 307976 1 5,6,4,4
267856 13098 2 12,1
360135 335684 2 9,0,2,10,7,7
357940 61587 3 4,5,4,7,12
34369 200557 3 11,2
47108 49325 1 8,5,5,4
214294 78476 3 10,7,6
339895 8775 2 6,6,4,3,5
169378 985 3 4,7
172355 137566 1 3,4,6,12,5,10
294665 356450 2 4,14,5,11,7,9,10
18892 373280 1 15,8,1,12,15
300320 73133 2 6,8,6,7,15,7,0
227639 40676 1 6,4,10,15,13
283950 278379 2 3,0,13,2,10
306273 348198 2 8,6,1,0,7,2,8
225625 9417 2 2,1,8,1,4,7,8
232324 196219 2 3,1
360864 238028 1 0,3,0,6,2,6
82900 302445 3 6,4,8,12,8,8
371658 318353 2 7,12,3,9,4,14,1,15
87390 231925 2 4,13,3,5
185830 200439 1 6,9,10,3
337170 100917 3 0,14,9,2
154689 87541 1 9,8
225550 237240 1 1,6,8,7,7
254486 356447 2 5,8,11,5,14,0
363337 220233 3 1,9,8,0,4,4,3,3
280807 332004 2 4,4,9,7,3,5,3
269103 194118 2 14,7,12,2,6
309811 164651 3 12,3,3,4,7,1
331855 24224 3 3,8,3,6
102376 98564 1 4,8,6,2,8,3
131830 302479 2 12,12,14,0,14,9
82643 323275 3 14,0,7,1,8
12422 40546 1 12,8,0
354886 333516 1 9,7,3,1,10,6,0
30763 58991 2 13,12
226666 328944 2 11,9,3,8,1,2,13
321601 71101 2 4,5,5,14,13
152423 173743 2 3,12,15,9,6,8
298786 339372 1 2,4,5,7,7,7
328530 170110 1 6,15,6,7,4,3,2
289969 17161 3 9,8,0,1,14
226156 239092 2 10,5,1,13,2
163169 369415 1 13,1,12,5,5,8
320561 369708 3 12,0,3
95653 308686 1 4,13,9,14,11
85405 36309 3 8,7,7
262638 302568 2 7,13,4,5,12,7
17793 219899 2 1,4,0,15,1,5,5,4
312738 110278 1 11,12
185956 297480 2 7,2,11,8
93971 381260 3 3,0,7,4,4,8,7
170654 282203 1 1,8,6,14,0,13
260070 53155 3 1,10,7,1,5,14
370991 333654 1 5,0,5,2,2,6
111537 31256 2 13,9
168251 158941 1 6,7,5,8,13
210355 82526 2 1,6,14,4
181632 208464 1 6,7,0,1,3,4,6
229185 256249 2 6,4,14,9,3,7,4,2
160476 17315 1 13,7,7,14
10018 96122 2 6,14,5,3,5,9
357084 12852 3 15,7,3,7,10,12,8
354845 53915 2 7,5
99599 166802 2 4,14,12,3,7,3
88107 167596 1 1,8,1,15
139653 253471 2 3,9,15,11
230397 38150 2 11,4,13,10,11,4,4,7
284658 153282 2 13,15,9,12,3,12,8,3
184256 198846 2 5,11,0,11,10,7
1780 148475 3 2,3,7,6,13,8
251151 346374 3 4,6,9
252309 68267 2 3,7,14
211723 137318 3 7,6
330475 31095 3 12,9,7,2,3,14
157461 380312 3 3,9,6,6,15,1
331866 379194 3 7,9
105310 4676 2 3,15,8,14,7
217729 210257 3 6,14
247117 151437 1 7,7
231618 137169 3 7,10,6,4
236363 273292 3 8,0,3,3,6,12,4,13
67358 345273 3 14,1,8,3,10
292839 28944 1 0,0,5,15,5,3
74575 88164 3 3,1,3,5,9,0
277768 298295 2 8,4,3,1,13,2,8,14
290222 280588 3 3,4,8
33591 271577 3 3,2
236897 333150 1 4,3
89631 340076 1 1,8
142047 93616 2 8,5,1,9,9,1
116474 87732 3 9,7,5,3
187933 34295 1 0,3,4,2,8,3
27308 168070 1 6,7,13
72185 156520 3 4,2,2
41698 264959 2 3,1,3
124925 358149 3 6,13,5
174501 74050 3 15,8,14,5
295266 123387 3 1,11,5,0,1,15,15
297621 232106 2 11,7,8
122796 46281 1 11,14,8,4,12,14,3,7
63273 163091 1 14,7,7,10
137186 6300 1 8,15,7,1,13,6,8
296471 95402 2 14,8,1,2,6
12233 255674 2 9,1,7
325574 113640 2 11,2,5,9,15
121796 207043 1 4,8,0,4,8
233544 354573 3 5,3,7,0,6
76492 170267 1 15,15,6,8,2,5
215913 344170 3 3,2,9,11,12,14
14316 135338 3 5,14,1,3
281203 118658 3 12,13,11,14,5,1
316241 106688 3 1,9,5,14
182615 182539 3 1,7,8,4,7,13,4
129716 361178 2 15,8,1,4
88537 311853 3 1,12,2
159956 264272 2 4,0,0,4,8
267850 163330 2 3,14,5,1,4,1
245902 185345 3 12,6
281776 230476 3 15,7,0,3,2,15,7,13
35005 88739 1 7,0,8,2,5,4,7,4
246206 161228 1 8,6
57857 59232 1 10,1,12,7,5,2,7,4
64419 126785 1 7,3,7,3
128832 249629 3 13,0
96452 49346 3 5,7,8,3,8,5
212201 224311 1 6,14,5,1
165177 233391 1 7,11,5
93752 346995 2 1,0,3,1,3,8,7,1
61878 61939 1 7,12,8,10,3,9,8
196185 102097 1 3,8
295973 321650 3 3,6,4,13,9
245502 68754 2 3,11
170675 206148 1 7,4,7
41923 1869 1 14,9,14,14,1
357566 352054 2 14,12,7,15,6,8,0,13
160219 103422 1 5,1,3
65912 11007 2 7,7,15,5
265296 377897 2 3,7,4,3,1
165344 369941 3 3,8,5,7,3
312297 322664 3 2,12,7,5,1,12,8,7
73294 207384 3 3,4,1
15469 49770 3 7,7,4,10,14,7,15
345312 221150 3 13,1,7,4
157629 47659 1 14,1,14,1,7
278294 290661 3 6,13,9,8,3,1,4
44945 283714 3 4,12,3,8,14
370498 362534 1 0,4,4,7,9
39610 77000 3 14,8,12
309252 148559 2 7,3
241041 14449 3 9,4,8
322891 297560 2 1,2,7,4,4,2,14,6
229612 361648 2 8,1,4,7,14
7177 230178 2 4,0,1
64350 366337 1 14,4,1,7,8,11
312277 294815 3 13,11,0,2,7
331796 66053 3 14,4,11,4,10
83007 342606 2 1,13,1,8
366017 282784 3 4,15,5,5
14472 189406 3 8,4,2
345541 148747 3 7,4,12
81023 33874 1 7,10,6
175872 359185 2 1,14
40674 202437 1 5,3,9,1
61194 14256 2 4,8,7
17779 348855 2 3,9,12
345619 49992 2 6,3,7,4,3,7
47351 298209 2 4,4,6,12
72875 173793 3 3,4,4,9,6,1,3
4281 20487 3 3,5,8,5
259934 160684 1 14,8,14,8,3,7,13,10
212653 223878 2 1,4,12,6,8,7
113757 168973 2 1,15,4,7,14
137121 210903 1 3,8,9,5,5,11
168030 65956 2 10,11,4,4,14
300753 152916 3 1,13,3,12,2,9,2
27983 256084 2 14,14,15
263206 169538 2 7,14,3,6
335777 216996 1 12,4,0,4,0,5,15,3
144171 118837 1 10,6,4,8,5,7,4
81821 141120 1 1,8,6,6,7,8,4,7
313438 292567 3 1,7,8,12,2,13,6,1
206630 169141 1 14,3
131851 249093 3 0,8,8,15
200101 340879 1 5,5,1,10,10,8
2889 73704 2 14,3,0,12,1,9
287046 209785 2 10,2,14
274788 308396 2 4,0,8,6,1
280749 131831 2 11,14,12,12,3,1,3
100280 356501 2 12,5,4,3
203357 28791 3 14,1,5,8
238751 231510 3 3,14
270652 70546 1 2,7,14
306226 139414 2 5,6,13
206858 373083 3 7,12,12,6,7
93916 304020 3 5,6,7,15,12,0
111848 213271 1 2,2,8,3,4,8,10,3
138887 259748 2 2,8,2,10,11,6,14,8
341599 275812 1 7,9,4,4,7,6,4,7
108258 220058 2 13,3,9,4,14
31382 163304 1 8,3,7,13
55498 201850 1 8,8,5,13,5,1,6,14
213333 111633 1 13,8,5,4,2,12,6
357244 45331 2 4,5,14,3,6,8
3953 253650 2 4,2,9,12,3,14
138771 144123 1 2,0,3,1,6,14,13,7
65633 46709 3 9,8,0,1,12
162726 75455 1 1,8,13
115416 111643 1 8,7,8,9,7,2
27104 249180 3 14,0,1,13,14,2,0,5
115921 224199 2 15,3,1
55634 195106 2 3,7
72057 197092 3 1,3,14,15,5,13
31938 314821 3 5,15,1,12,9
326742 327711 2 0,7,3,4,8,3,7,7
185597 181392 3 8,11
367654 202648 3 3,6,6,2,12,7,7,4
104215 351169 2 8,7,12,8
342265 31461 2 12,8,12,9,10,6,8
112348 316094 3 7,8,6,7,8
70802 224670 1 13,5,6,3,9,13,5,4
8175 101658 1 9,3,13,4
343594 331561 2 8,6,13,15
79594 244735 1 1,7,8
55423 110027 2 0,3,1,5,4,7,7
35227 60584 2 4,8,7,12,3,5
127833 294549 1 6,2
316590 343984 2 2,8,6,15,6
259932 63791 2 7,8,6,8,8,13,1
168240 318561 2 5,3,4,1,5,12,5
141756 178070 3 4,15,8,3,13,0,5
339598 137793 1 8,12,1,13,6,1
242521 89453 1 8,7
248750 209357 1 5,8,5
160059 264605 1 1,15
22986 190349 3 9,1
301764 276275 3 8,8
28704 260719 2 2,1,10,7
326662 136041 1 11,8,14,5,11
292965 63079 2 13,12
293151 169846 1 3,2,12,3,7,12,1,13
128511 111471 1 3,6,7,14,1,7,8,14
53092 190071 1 10,3
359009 376514 3 1,8,4,1,13,14
40759 178571 1 13,3,8,7
36004 106102 3 8,10
291572 269722 3 12,7,15,6,2,9
205130 21598 1 5,8
107631 305012 1 3,7,4,9,15,0
77271 234105 1 6,6,3,3,13,5,9,8
115167 267114 1 0,7,13,6,14
96375 307020 3 5,9,5
7860 258908 2 11,4
30137 261121 2 13,12,9,1,15
196517 141965 3 8,15
197486 264613 3 0,15,1,8,14
24716 100522 3 15,3,7,12,5,1
10769 274827 2 1,10,1,5,7
198891 163504 2 4,7,6,7
65159 97309 1 7,13
180786 73893 3 6,7,4,6,15,6
256494 180893 3 6,3,3,12,12,3,4
289256 106270 3 10,9,11,4,7,0
219950 346359 1 12,15,4,5
195675 38636 2 6,12
276917 359500 1 4,9,14,14,1,4,14,8
64331 356359 2 2,7,3
106212 357099 1 3,14,0
295659 382524 1 6,7,5,11
244436 133735 2 5,12,14,5,3
113015 59534 1 8,12,2,8,6,6
42883 347517 2 2,12,14,1,6,5
286552 355988 3 1,3,2,7,3
360908 310463 2 3,15,4,0,14,11
197617 146877 1 5,1,5,1,3,3,1
367506 69717 1 2,4,9,7
270261 265249 3 15,4,1,12,1,3,6,9
187519 234018 2 5,11,15
22540 378271 2 12,7,9,1,6,5
159757 135054 3 4,13,5
147576 93759 3 14,12,2,8
72789 188031 2 3,1,14
162626 311305 1 7,7
345107 207727 1 4,3,13,5
14595 322503 1 13,15,12,8
143201 112505 1 5,6,1,3,5,0,14
146784 245933 1 5,3,1
162527 139783 1 1,12,3,8
316736 99142 1 9,0,12,5,13,3,15
348 53263 3 5,6
195170 221077 3 12,8,3,3,4,6,13,14
360259 199937 2 15,14,1,6,3,2,14,9
37126 119648 3 9,3,8,7,4,3
17768 179124 3 0,12,3
94136 61021 2 12,3,3,4,7,4,9,7
259262 200370 3 13,3,8,6,3,1
3383 300116 2 8,15,4,7,6
184514 264014 2 12,6,5,15,13,9
119688 210538 2 1,4,3,8,9,1,7,9
260287 27995 3 6,7,6,1
349342 352372 1 7,9,0
346767 134850 3 13,4,4,12,0
5687 338986 2 14,0,14,5,13,8,6
338205 53842 2 3,6
258955 237735 1 7,5,4,0,1,14
292887 134531 1 1,4,15,4,3
194492 269585 3 4,6,15,13,4,13,8,15
175201 201102 1 13,12,1,5,9,1,13
247608 150690 1 11,7,12,9
186125 80883 1 12,5,6,6
166860 215399 2 5,5,15,6,15,2
81065 35628 3 7,10,1,9,1,10,5
314064 299414 2 6,8,5
234978 147554 3 1,14,11,13,6,13,14,4
342402 40676 2 2,0,3,7,0,14
174088 327996 3 8,9,1
23108 190332 2 1,3,6,6,3
158675 20574 2 15,9,9,5,2,4,3
202841 274549 3 4,8
263662 330800 1 5,5,7,4,12,14
205339 200428 1 8,4,3,8,8,1
192215 192727 3 3,2,4,14
30901 338444 1 10,10
44854 226109 2 8,13
161105 104196 1 4,6,6,4
293654 239246 1 15,8,0
113336 32556 1 2,5,7,8,5,6,11,8
156007 245577 2 7,3,13,15,0,8
273053 337815 1 12,14
281684 16167 3 3,14,12,3,3
307430 195827 1 7,13,7,3,4,12,1,1
212765 88881 1 9,13,3
61932 214759 1 4,7,10
231410 335486 3 3,14,4
277212 198307 1 12,4,0,13,3
186324 3230 3 7,6,12,5,4,1,8
354919 15 2 8,12,8,4,6,2,1
53502 352236 1 8,9,3,12,14,1,7,4
124523 202614 1 4,12,9,9
293147 79857 1 1,12
56854 111847 3 4,10
73663 73649 3 11,7
50416 82192 1 2,1,6,3,8
343286 142984 1 13,15,12,4,5
8200 214140 1 5,7,13,4,15,6,12
375153 241163 3 7,11,4,8,1,4,13,4
75895 84900 3 9,7
195585 214864 3 12,7
321965 98861 3 2,2,10
49827 168942 2 1,0,4,1,7,0,7
314127 317120 1 4,8,5,4,14,1
263056 328439 2 3,1,11,7
141200 65069 2 15,3,2,3
370738 172379 1 5,5,15
294168 334664 2 6,0,8,7,3
375144 264323 3 8,8,13,6,1
183279 98742 3 8,13,7,6
264536 7869 3 3,0,7,1,11,12
48636 251688 2 8,7,0
273480 61716 2 8,13,8,10,9
219741 279289 1 3,12,3
76387 279196 2 3,8,5,14,2,15,1,6
140887 195340 3 8,1
174748 213177 1 5,13
164079 58732 3 3,10,6,12,7
44494 376513 2 3,5,7,5,14,4,3,5
312931 148127 3 9,0
308159 263351 3 8,10,0,1,9,9,11
181376 138301 1 4,5,3,3,1,7,7,8
247688 230535 1 3,1,14,8,1,8,9,5
168559 103988 1 6,14,3,1
195560 183613 3 3,3,14,12,4,1,4
102082 209266 1 8,6,14,4,0,3,8,11
33319 133419 2 9,2,15,3,12,15,14,8
148401 47812 2 15,2,5,1,14
252856 342235 1 15,0,12,1,11,9
206020 200587 2 6,7,2,7,12
102549 294170 2 8,1,6,0,5,7,6,5
13119 193951 1 12,9,13,4
176506 256336 3 8,7,2
123754 323949 2 4,14,2,15,2,4,1,5
334467 315111 1 8,9,4,4,3,7,4,4
308460 324130 2 1,6,6,7,8,15
261333 155456 2 15,12
259736 317300 2 11,12,15
61305 182044 1 2,7,8,11,4,15
311517 16010 1 15,1,5,6,8,13
69437 314980 3 3,8,5,7,5,15,7,13
61916 102024 3 0,2,4,5,3,6,12,3
320654 245254 1 5,1
271885 169910 2 7,3
265360 235644 1 3,9
323269 249324 1 5,13
276852 144298 1 6,3,8,2
88805 330235 3 14,14,3,1,8
258706 351802 3 3,4,2,2,7,10
115620 78637 1 12,0,5,7,3,5,5,7
184195 250265 2 0,10,8,4,2,0,5,9
129905 326583 3 4,12,7,12
200986 107787 2 13,0,9,0,11,4,8,15
334855 113187 1 5,8,14,4,4,5
56241 343696 3 3,13,5,8,15,6,3
306709 192370 3 3,12,4,14,4
189800 31719 1 1,12,1
152242 6491 1 10,4,3
252955 282959 2 5,1,0,12,14,1
125126 158908 1 5,2,3,3,5,8,6
340272 117820 1 3,15,6
319554 1054 2 10,1,13,6,12
274321 18768 3 5,4,12,11,3,4
377586 123017 3 8,3
15634 147486 3 15,2,12,4,6
42170 127472 3 5,5,6,3,2,4,6
210166 43616 1 13,5,6,3,5,3,8
47638 115067 1 13,13,8,12
334701 161564 3 11,0
119391 195135 3 6,6,4,5
79506 278569 1 15,7,13,8,13
93765 175853 2 4,5
73599 256141 3 7,8,15,12,10,3
255890 266442 2 15,9,11
10180 276852 3 11,0,6,3,15,11,5
252791 110888 3 12,3,5,2,7
107016 198313 2 7,9,1,8,2,13
362342 180974 2 10,2,4,3,8,7
268337 351408 2 12,7,4,3
37228 278749 1 12,14,0
280022 3626 2 1,1,8,4
120085 374420 2 5,8,12
77314 166359 3 3,1,2,12,4,12,11
329682 327780 2 7,6,3,14,6,4,5
252091 48052 2 3,4,9,5,14,12
265102 139855 3 3,1,5,6,6,7,2
224070 222477 2 13,1,8,12
273956 297444 2 4,7,7,7,3,4,7
109451 334527 3 12,15,5,11,7,7,3
345931 59727 3 2,8,12,7,0
25672 106123 1 8,13,4,4,12,11
69225 128293 2 1,3,3,10,6
342020 320901 3 4,12,4,3
328356 63086 3 8,5,4
264060 340686 1 6,7,3
281704 17694 2 6,1,5,14,4
353784 327902 3 5,1,4,6,5,4,3,2
74914 341526 2 5,5,3,6
93852 240439 1 8,0,1,7,14,7
295917 261594 1 1,10,3
257200 374959 3 3,8,7,12,8,4
270353 295586 2 6,2,12,1,5,13,14
37704 382201 1 4,1,14,15
114528 209365 2 9,2,6,14,12,11
217256 28356 1 13,3,3,1,10,5,8,14
267788 177601 1 7,10,6,6,0,10,4,4
78234 37454 1 1,3,6,1,9,8
220033 115639 3 8,12,5,14
11889 196466 1 1,7,8,9
101862 173739 3 12,1,1,9
142266 40857 3 0,7,9,13,9
178847 126880 2 11,15
246018 177899 2 3,5,8,14,12
198856 57151 1 2,4
187218 334422 3 14,6,3,1
175417 251468 1 10,0,6,12,14,8
343104 319441 2 5,12
292223 278087 2 12,15
234561 276717 1 8,13,5,13
264465 144971 2 3,3,8,3,8,7,1,6
344246 130954 3 14,8,14
193688 215427 3 3,14,4,7,6,4,1,7
343596 33983 1 7,1,8,1,10,6,5,4
108551 333250 3 4,7,4,10,8,5,3,8
193071 271358 3 7,15,14,8,9,8,13,8
331914 44043 2 13,15,8,4,15
215370 102194 3 15,4,3,3,8,2
112357 183660 2 7,15,7,1,11,5,6,8
370314 116581 2 9,3,7,1,10,7
41888 129595 1 8,4,12,14
318936 105314 2 3,1,1,6,12,9,1,7
153797 268530 3 3,6,11,14,0
29253 193483 2 0,4,11,0,14,5,8
91159 524 1 13,8,13,11,5,8
244031 219126 1 7,3,5,4,5,15,7
215298 313601 2 5,14,11,2,1,13
61983 7180 2 6,1,12,1,6,5
364683 68501 3 7,2,1,4,12,13
89935 383099 2 3,5
262230 46 2 3,4,3,8,6,8
351626 220541 1 1,4
349397 274910 1 3,4,8,1
331128 128726 2 5,3,2,4,5,12
30733 319009 1 4,12,14,7,13
30285 364169 1 6,3,4
174585 140193 2 6,12
331174 47925 3 4,15,7,4
275630 205277 1 8,11,13,8
380674 156425 2 4,10,14,2
228179 144458 1 12,2,7
240006 156180 1 9,6
25436 244912 2 4,1,8,2
105902 175443 2 9,7
292004 191049 3 12,7,12,13,14,8,3
168081 16437 1 0,8,2
92233 213731 3 7,12,1,0,4
348547 331025 1 6,1
77454 233038 1 4,5,6,10,12
11037 258020 2 7,1,4,5,9,0,10,1
42306 348955 2 3,10,13,14,7,7
189421 112317 1 2,15,12
29500 1041 1 0,7,12,3,12
28646 200203 3 12,2,1,4
227747 274605 1 8,14
357919 145865 1 1,3,7,6,7,8
145439 294738 2 1,12,8
306990 257892 3 2,6,3,7,5,14,12
230350 60418 2 4,0,3,4,4
223516 272177 2 7,13
181476 193116 2 6,1
17526 111444 1 8,7,3,4,2,7
246205 340687 3 4,12,1,15,1,13,7
37812 165624 1 6,3
11124 293565 1 9,13,6,12,3
265305 149276 3 15,15
316966 22607 1 5,12,11,2,9,3,13
84174 264056 3 3,7,6,0,2,5,14,1
222716 126587 1 7,13,1,14,4,6,4
265029 351966 1 4,7,7,3,14,5,3,12
359755 331909 2 15,15,2,7,12
151971 285125 1 4,3,15,3
352400 165263 3 13,0,7,3
157710 219067 2 3,8,8,12,0,7,7
166002 292084 3 7,2,14,9,11,11
200430 351507 3 7,4,3,5,13
155494 340482 1 8,14,9,13,15,8,1
116776 70613 1 8,10,5
22183 128379 2 6,9,3,3,1
358399 152308 2 13,12
175730 201122 1 7,7,1,12
63797 112201 2 5,2,8,15,1,12,14,5
114771 225215 2 4,5,5,13,11,15
122063 188054 1 15,6,6,3,6
269280 333907 2 1,7,9,8
93844 127213 1 8,7
65631 166902 3 4,14,4,7,3
276628 62021 3 8,11,3,6,11,13
39584 50372 3 7,3
56940 241252 3 0,8
148418 22240 2 5,2,12,7,6,4
141544 148166 1 13,12,7
278949 177740 2 4,12
166098 67772 2 10,0,14,1,12,11
201191 328495 1 5,15,5
72446 189161 3 5,11,13
7535 297659 3 12,7
58235 123674 1 2,8,7,4,3,3
213914 114450 2 5,5,10,5,5,7
135966 22859 3 6,6,12,5,12,13,10,9
100995 219230 1 8,15,9,1,3,3,7
375556 329595 1 10,7,7,0,14
349824 53089 3 6,8,12,7,0,10
134497 356933 2 12,8,1,8,8,7,6,14
190607 220365 3 11,5
216678 143391 2 3,4,2
202896 42709 1 8,5,4,14,5,14
370626 130141 2 1,5,3,8
24012 163149 1 3,1,8,5,5
49728 327703 1 12,10,0
235105 91416 3 14,6,4,10,8,8,0,0
123382 297683 1 4,6,6
87486 353140 3 9,0
185847 307533 2 12,4,5,8,3,3,4,11
103610 132124 1 9,9
228646 183724 2 1,3,6,12,8
11735 263987 1 12,4,9,1,8,13
348401 182366 3 5,12,12,5,5,0
170920 197532 2 15,13,13,1,1,15,13
842 376832 1 8,14,9
333247 293548 2 8,14,4,9,15,15
42898 104370 3 2,15,8,7,15,14,15,3
357148 198377 3 12,3,6,0,4,7,8
299182 316676 3 5,3,7,2,8,1,1,4
94532 219394 2 12,8,7,12,1,8
72657 87314 3 4,13,3,4,0
4049 52548 2 4,14,7,1,5,8
156430 363952 2 5,7,6,7,3,0,13
131294 328984 3 15,7,2
131688 225277 1 8,4,14,12,5,8
366626 277050 2 6,14,3,1
93220 150987 1 11,2,8,6,5,5,13,8
159751 47989 2 7,3
51921 202807 3 12,5,6
49983 38701 3 15,10,7,3,7,7,9
292955 128422 2 7,4,3,5,10,1
266114 188548 1 0,8,0,7,14,1,6
144646 57246 1 13,10,7,4,14
38779 246047 2 5,9,13,13,0,6,6
146576 281690 2 13,14,12,9,12,13,6
144913 225920 3 8,12,7,7,11,15,12,6
264922 228423 1 0,5
308492 249817 3 4,5,5
598 81045 2 4,13,7,5,1
26089 12026 1 1,14,15,0,12,4,5,4
249983 289721 1 7,4,10,7,4,13
383856 232470 3 15,14
149634 111662 2 4,0,5
313682 172138 2 3,14
300496 208640 3 6,4
163117 210026 2 7,12
165503 26147 1 12,8,9,13,9,5
185501 257782 3 12,4
249578 127491 2 9,3
202645 75039 3 7,2,13,2,8,8,3,6
354432 327592 1 3,6,13,1,5,3
350252 276449 2 7,14,3,1,13,4,12
214455 361603 3 4,0,7,3,8,5
196448 131013 3 4,1,0,2
169728 137129 2 12,3,3,15
71383 130482 1 12,12,0,13
109997 357835 1 6,13,12,0,8,2,2,15
41609 75369 3 3,8,5,4
351432 379782 2 3,4,4
107672 144388 2 12,3,5,13,1
219886 115651 2 14,1,7,8,2,9,5,8
206694 294948 2 0,1,5
99788 108271 3 3,12,13,5
5519 243818 3 5,6
355520 183193 3 6,8,9,4,9,2,4
319323 374574 3 3,1,3,3,13,8,1
364982 346165 2 13,7,10,12,4,6
51598 237041 1 13,1
151321 17167 1 13,7,8,1,12,3
178913 338135 1 1,5,2,5
276244 373239 3 6,0,5,0,14,1
216095 11132 2 3,3,7,12,6,0,1
250592 330590 3 13,4,6,13,7,13,1,3
245749 256393 3 8,3,1,5,12,1,1
360867 372670 3 0,5
105235 363539 3 4,5,14,7,1
234937 102019 2 14,0,8,4,11
301401 172771 1 0,1
337858 65840 2 11,6,3
133523 305062 2 12,7,8,13,14,0,0,1
80722 168021 2 1,7,3,13,10,9,3,1
206779 277138 3 10,13,3,3,15,7,3
7281 2324 1 2,2,7
354497 210821 1 4,0,12,3,1,8,5,14
194029 200935 1 4,6,8,10,8
115751 124072 1 3,4,12,13,6,2
144581 79256 1 0,2,14,9,8
288113 288137 1 14,9,7
2541 357562 2 8,14,7,7,5,12
23817 174197 2 15,15,8,3,1,1,8,13
238251 270797 2 8,3,7,5,5,3
111354 336743 1 8,10,5,5
104496 206524 3 5,8,13,9,8,1,4,3
19735 111608 2 13,7,8,7,7
267498 329239 2 4,1,0,6
234985 212473 1 1,15
326074 254497 2 8,3,3
185744 154745 3 1,1,5,0
291175 78502 3 1,4,7,7,3,1,0,8
204825 120149 2 15,4,4,8,13,12,6
276443 107866 1 4,4,10,5,1
272478 5715 2 11,13,4,10,7,0,4
52340 71112 2 7,10,7,1,4,4
233411 210167 2 13,8,4,6,7,14,9,0
175441 208116 2 1,5,14,1,3,0,12
54833 26536 3 13,5,6,8,5
335183 94767 1 15,4,0,12,2
124702 182196 2 15,5,1,5,1,8,0
250862 226927 2 13,8,4,13,5,8
369719 58866 1 3,4,12,2,4,4
120499 136138 2 13,3,4,12,1,15,3,1
240963 152996 1 8,1,8,1,7,7,3,1
4790 292071 1 9,14,12,3,4,2,8
123091 346903 3 7,5,4,5,6,2,13
169316 134869 2 4,6,4,12,13
123284 275396 2 6,7
148102 17340 2 4,4,14
222833 331248 3 2,11
134841 178587 3 0,8,5,7
25348 369619 3 7,6
33526 381805 2 4,3,14,1,7,1
14285 181741 3 7,3,4,2,14
138658 77497 2 1,15,12,5,0,8,12,4
157360 69376 2 3,14,1,7,10,8,11,8
88298 72581 1 8,4,9,5,0
113416 146359 1 5,4,3,0,1
144024 83092 3 7,1,14,15,8,2
302843 4985 2 0,14,15,9
140471 107345 3 1,2,2,14,13,2,8
199250 218738 3 14,14,8,5,11,12,3
328993 313566 2 12,6
375590 210658 1 5,13,11,4,3,5
66939 360167 1 3,5,4,1,8,6
144771 216228 2 1,8,4,14,5,4
215574 64839 3 11,12,4,14,13
189973 27963 3 10,1,7,1,0,8
216072 253291 1 3,7,5,1,7,5
21487 59809 3 4,4,12,8,12,7
214644 50175 1 3,13,4
148861 82946 2 10,3,3,5,6,7,5
114579 363483 2 3,5,3,3,12,4
335149 222081 1 10,1,6
181736 279263 3 3,8,6,8,3,4
170491 357446 1 4,15
58436 350817 3 15,12,12,1,14,11,8,1
54855 239811 3 8,6,12,4,14,2,14,5
69723 192782 2 14,7
322240 139903 2 7,2
157310 155100 2 8,10,10,4
310213 131120 1 12,3,9,6,7,2
54406 98266 1 6,4
195402 252861 2 4,13,0,1,7,12,8,2
262300 29196 3 13,15,4,3,10,12,12,1
215149 12330 1 7,3,1,4,8
294335 21358 2 12,13
360760 116941 1 3,4,13,15,3,4,12,5
2142 310891 2 13,8,12
194699 166040 2 12,0,4
274057 227204 3 7,5,1,12,7,5,10,3
213465 253681 3 4,15,1
2166 235475 2 6,5,5,3
102001 2314 1 9,12,11
43943 14141 3 4,0,0
301426 195600 3 1,12
278849 235852 3 2,14
139769 249424 2 6,3,0
218349 43817 2 11,2,14,12,8,3,15,7
331327 216931 1 1,1,3,12,6,3,8
110637 44448 2 4,7,5,2,1
65568 131729 1 3,1
316930 262056 3 4,8,14,0
197213 311138 3 3,2,7,12,14
2692 126901 2 12,3,12,3,0,13
98179 136757 3 3,12,6,5,4,14,12,7
298339 91301 1 5,7,1,8,7,14,15,7
283065 313583 3 3,1,0,14,8,5,4,5
328919 100659 2 8,12,3,7,1,2,1
138652 96457 2 1,3,3,7
38418 214783 1 8,3,3,7,13,6,15
203695 108825 1 9,1,7,8,12,9
129745 247778 2 7,14,4,0,8,14,12,1
347073 44759 2 8,14,0,3,2
173949 56237 3 5,14,7,7,7
267943 56649 3 12,14,8,3,7,15,7,4
353800 169188 2 3,12,12,2
165073 175960 2 13,3,5,3,7,12,14,1
217890 322362 3 13,2,4,7,6,4
300334 99064 3 6,3,6
272123 317744 2 3,6,14
99991 342604 3 4,8,8,8
294039 216323 3 6,3,15
375898 288874 3 3,0,12
122191 289806 2 2,0,12,7,0,0,1,4
212273 307501 1 4,0
96708 121702 3 8,4,14,3,1,5,5,14
162866 153917 3 13,12,10,14,3,8,7,10
70987 19451 3 8,1,0,4
282298 227674 2 4,2,12,8,7
284454 53537 2 11,0,13,5,5,14,1
46202 20294 3 12,14,7,1,12,4
212918 145261 3 11,6,14,3,8,7,1
154145 134042 1 7,4,13,11,8,10,10
144069 9476 1 4,3,9,12,7
215954 86939 2 3,9
48989 89318 3 5,9
110589 102565 1 1,10,7,14,12,9,7,6
72020 246408 3 12,9
163824 55216 3 14,5
28816 343823 1 9,1,15,7
164685 134406 1 4,4
194841 241098 3 9,3,5,14,3
234381 120067 1 11,5,5,12,5,1
50591 94538 1 5,6,13,5,5,7
115784 211811 3 6,3
27964 336559 2 1,12,8,14,8
371983 81470 2 3,1
143154 299236 3 7,4,8
150186 95081 3 8,12,6,7
4259 370748 1 14,13,8,3,3,5,5
99585 67536 2 8,9,12,13,7,4,4
19221 59388 2 10,4,14,12,1
1407 164763 2 6,1,12,7
120050 288245 3 1,5
29826 244832 1 3,1,14
343265 115861 1 9,3,7,2,4,8,5,13
229444 104757 2 14,3,8,4,2,3
213877 85634 3 2,12,15,12,8,11,10
37035 348538 1 6,7,1,8,1,2
261397 78521 3 8,9,4
338408 83330 2 13,5,5
332810 224844 2 8,7,9
161256 78712 2 0,0,12,13,14,6,3,3
378379 60672 3 13,12
92418 344729 3 10,4,15,12,4,4,4,3
381134 368553 2 3,6,10,7,14,9
327810 215668 1 15,8,3,1,6,15,1,9
245221 30655 1 3,0,4,3
163967 238067 1 0,3
267618 195089 3 14,1,5,9,5
294037 302655 1 13,14,8,6,1
280448 223019 3 7,4
313183 252214 2 10,7,9,7,15
381549 157701 1 15,7,12,3,7,7,15,1
359283 153684 1 13,4,8,15,13,3,15
21002 170751 3 3,5
69787 47703 2 7,9,7,4,4,8
139095 86034 1 8,5,4,1,5,15,9
196638 307652 2 3,12
312512 339943 3 8,5,9,11,2,4,11,10
99603 124266 3 8,2,4
383265 297552 3 8,4,12,8,5,3,4
47668 167987 1 8,3,6
178742 96859 1 3,13,3,9,14,8,3
205933 292088 3 7,3,7,6,4,12,8,4
93035 190821 3 13,7
208424 33434 2 15,14,14,0
253281 30327 2 3,12,14,3,7,3,10
352544 58247 1 11,7,6,3,9,12
72049 305802 1 14,9,6,12
122591 43330 1 3,10,15,12,7
4650 365277 3 11,0,1,5
331893 383933 3 13,13,6,7,6,1,5
229465 43533 3 10,2,14
122964 307195 1 3,3,1,6,7
184721 66821 3 12,14,9,11
115547 35014 1 4,1
339890 204082 2 2,4,2,13
320946 105827 1 1,4,6,13
180236 174901 1 14,8,13
64904 127027 3 1,15,3,0,4,8,8,1
75150 273527 3 1,8,8,1,6,7,4
120542 297091 3 2,5,0,0
258991 177317 1 4,2,8
13624 237993 3 14,4,3,3,9,8
296254 264414 1 12,6,3,14,6,3,7
249571 90355 3 14,8,7,3,6,8,12,6
168981 197682 1 14,3,12,14,7,11
186276 212390 3 0,8,0,7,13,14,12,14
223523 12918 2 4,9,8,5,3,7,14
286526 217907 2 10,5,1
361395 269639 1 3,15,12,8,0,4,3,7
69089 215038 1 8,15,13,1,8,6,9,1
274940 27212 2 3,11,8
38694 226667 1 8,4,2,5,3,5,8
284551 9370 3 3,6,4,7
363916 86721 2 1,6,9,6,4,3,1
345787 254771 2 8,4,15,9
21319 383620 3 7,3,3
21935 190809 2 7,1
32502 166695 3 0,5,8,1,1,4,3
340188 362808 2 0,7,7,3
263744 262096 1 9,3,12,1,7,12
71473 121884 3 6,4,8,12,4
350129 344344 3 3,6,5,4,7,3,3
67203 55309 2 13,9
240565 355775 1 6,10,4
220054 259798 3 13,0,8,1
67453 230338 2 5,12,7,0,5,4,4,0
241679 89358 2 7,12,6,7,7
272769 319427 2 14,2,6,7,14,6,12,5
195323 87428 3 5,6,3,7,0,0
379365 33529 1 4,1
370534 133009 3 15,8,5,5,7,14,9
173517 377316 2 7,0,14,12,14,8,1,13
281839 342183 1 1,1,8,1,0,1
142942 372369 2 3,13,8,15,1,1,4
26718 122311 1 3,5
138621 140950 2 0,2
46769 224552 1 1,8,8,0,10,6,8,7
285743 211159 1 3,7,5,3,1
303605 247000 3 7,13,5,12
101612 215115 3 8,8,8,3,8,15
337049 96931 3 8,6,15,6,13,6,13,1
81203 132828 1 7,3,2,14,1,7,2
343053 32136 2 1,8,8,4,9
94119 174611 1 2,1,11
94545 240367 2 3,13,13,3,8,15
48157 313026 1 3,7
143759 135438 2 9,5
249338 253147 1 4,4,11,13,3,10,10,1
93102 73742 1 12,8,8,0
297571 299866 3 6,9,7,6
224653 54445 2 11,14,7,11,15,9,3
270296 24366 2 10,14,8,2,1,12,8,3
91925 203390 3 6,1,0,7,8,5,3
346502 11057 2 0,6,7,15
279747 158944 2 14,2,12
98176 194383 1 4,10,0,5,15
343797 369549 2 1,7
77459 233617 1 4,2
134536 248524 2 14,6,15,15,8,7,12,5
248891 87497 2 8,7,12,5,7,3,4
140979 33042 3 8,4
256310 63649 1 14,0,7,5,8
193127 190885 3 4,9,4,7,9,15,14
200925 79981 1 4,3,7,7,7,1,7,14
247541 36494 2 12,2
236305 307010 2 5,14
230897 29261 3 3,6,4,11
176346 324146 1 4,6
154388 132767 2 8,8
187760 116145 3 3,9,12,7
191377 11436 1 5,7,13,4,7,15
201582 211396 2 5,7,14,7,14,7,5
323537 277185 3 12,14
30694 74961 1 8,13
47924 293146 2 14,0,12,6,10,1,4,5
167396 23028 1 11,6,11,13
183255 107596 2 4,11,3,8,1,15
82478 219657 3 4,12,10,8,1,14,4
143907 271684 2 11,0,4,13,9,4
192465 26334 2 3,4,14,10,15
72956 119656 3 5,13,1,9
369375 66648 1 5,7,8,5,7,8
153118 65169 1 6,6,4,7
317226 280437 2 1,3,3
136800 303726 3 14,4,13,2,6,2,3
143224 374220 2 7,12,8,15,6,5,14,0
231721 69273 2 7,15,4,3
373992 321358 3 14,6,10,12,5,4
101458 57602 2 10,12,6,7,0,13,0,4
97222 248695 3 3,13,6,13,2,4
150112 371689 2 9,13,12,5,1
323928 67901 2 3,2,5,2,4,7
12810 176753 1 5,3,10,3,3,13,5
7826 161775 3 8,4,2,3,13
218602 56026 2 2,5,5,1,1,2,6,0
15948 170326 1 8,9,0,8,4
53123 117101 2 8,7,1,4
156377 171613 2 12,8,4,2,12,15,12,8
382278 287235 1 6,5,4,2
359257 268533 2 0,7,6,13,10,15,1,14
259125 317678 3 3,15,4,8,12,5,12
132202 334318 3 5,7,4,5
14286 250664 3 9,2,3
92807 34749 1 11,13,5,15,0,13,2,4
100233 183895 1 7,3,8
210104 187187 3 6,6,4,12,3,8
99226 204721 3 4,5,8,13,3
106459 358179 2 6,2,9,12,13,7,15
75273 218809 3 13,6,4
190037 46081 2 13,3,8,14,13,4,0
2576 73750 1 8,8,3,15,5,6
72233 12439 2 3,7,4,3,12,7,1,13
267119 96564 2 3,3
28275 227408 1 11,12
191213 21476 2 7,4,1,7,1,5
197504 58384 2 2,14,1,1,5,4,2,1
162129 185468 2 1,1,11,10,4,5,1
208088 186631 2 3,7,13,0,7
378907 135415 3 12,7
159108 103795 1 5,10,3,6,2,6,4
80473 372782 3 2,3,1
86545 32650 3 4,6,11,6,12,15,6,2
274322 148004 3 13,6,4,9,7,0,1,13
263922 218385 3 4,5,3
140053 280055 3 13,7,3,3,10,4,3
113257 268751 2 9,4,7,1,15,12
24563 84371 3 8,8,8,7,6,3,4
176096 95647 1 5,15,6
183217 285419 3 3,4,14,11,4,7
202621 45750 2 5,1,7,13
348937 122005 1 7,5,4,9,4,2,9,5
361488 93617 2 13,4,9,5,0
209966 91601 3 15,12,13,1,13,15
233390 241085 2 3,2,1,12,14,6
142135 159948 1 7,3,1,1,15,4,5,7
138915 247468 3 9,9,13,1,8,7,8
134399 224943 1 12,2,4,4,4,1,7
39347 370916 2 8,15
101910 320536 1 3,2,13,3
16811 112314 3 7,7,8
75097 97348 1 4,4,2
37592 279644 1 8,13,3
249347 334739 1 0,12,6,8,5
121454 328137 3 13,5,7
183557 50462 3 13,8
65056 52522 2 8,4,10,10,3
294687 290734 3 9,3
15553 374014 1 2,4,1,13,5,8
263380 43784 3 10,15,15
313926 151734 3 7,7,14,8,13
128182 26809 1 12,3,14,5,12,15
334680 2379 1 2,8,6,13,13,15,15
165954 232156 3 12,14,11,6
335356 105382 2 14,7,4,10,1,8,13,1
39327 306539 2 7,13,14,13,3,2
77405 383740 3 6,7,7
246888 216466 3 5,3,3
225249 96605 2 5,12
856 371917 3 4,6,9,0
10970 131083 1 10,11,13,6,3,14,14,1
352126 325415 1 5,7,2,1,0
222408 160321 3 9,6,3,4,3
125698 39569 1 5,4,6
194520 232878 3 10,10
205396 55774 1 7,7,5
75608 153060 1 10,7,5,7,11,2,4
13403 133698 1 8,14,3,1,9,5,14
223645 83589 1 4,5,3,8,3,4
167453 43305 3 9,3,9,14,10
268779 14511 2 7,14,13,8
276495 297428 2 1,6,3,0,14,0
57610 320766 1 8,4,1,5
104598 94043 1 7,6,1
334785 241189 1 6,4
207648 58346 3 11,5,11,13,2,4,12,14
371237 343237 3 4,5
132192 259445 2 13,8
288388 91323 3 1,7,7,15,6,11,10
320564 130719 3 8,3,14,9
185545 54048 3 1,12,9,6,4,4
164027 330600 2 3,4,3,1,3,9
143237 117840 3 10,15,3,7,3,2,12
106821 369985 2 8,9,12,9,8
16343 180021 3 7,14,10
112327 380261 3 14,5,2,9,5,14
53294 279967 2 5,3,8,12,6
50102 302071 3 4,1,5,3,10,4,14,12
379661 63019 1 6,0,5,1,1,9
332384 319483 2 5,4,2
307318 286461 1 13,13,5,3
338839 135527 2 8,5,0
111787 5683 3 1,3,12,9,8,12
265419 219225 2 9,14,3,8,0,8,3,8
307602 53794 2 2,7
2290 20156 1 5,14,1,7,0,2,12,9
377971 248566 2 8,8,11,1,4,12,2,1
104528 243983 3 14,4,2,9,6,3
104150 100570 1 6,13
174704 71545 2 8,4
355167 186034 2 0,7,12,12,10,12,7,6
31419 150575 3 4,7,9,10,3,15
312925 369274 3 0,5,0,3,3,9,15
150184 136229 1 6,13,1,13,4,12
42110 170160 1 7,8,5,4,11,3,3
202655 11257 2 1,0,0,15,8,7,3
201452 162301 3 10,6,2
168201 178610 2 6,9,15,10,2
340933 142331 3 8,7,4,5,1,12
344596 209202 2 11,3,2,14,14,1
86649 248954 3 8,2
37160 296190 2 3,2,5,0,6,7,8
243863 199270 1 3,0,2,5,4,15
27137 9408 3 1,15,8,4
380896 81018 1 7,9,4,7,14,7
241763 206789 2 9,15,13
324970 200824 3 5,14,7,1
52310 366844 2 5,4,13,15,7,5
235543 26734 3 10,5
307395 130320 2 9,7,7,9,4,5
91204 2079 1 5,5,0,12,4,9
107741 139424 2 3,3,1
51498 186944 2 3,12
361130 247781 1 2,14,6,8,1
17053 353620 3 9,8,12,6,13,3
114237 303600 1 3,3,10
28176 68616 3 5,12
93415 202468 1 13,9,1,15,8,12,3
329255 144737 3 3,8,15,5,11,1
12603 84377 3 7,15,10,6,5,7,6
54448 195708 3 5,5
250049 25568 3 6,4,12,3
86734 82083 3 13,2,7,11,7,5,11
336495 318548 2 1,5,3,4,9,4,12
296717 62812 3 1,1,13,12,7
142479 316490 3 4,14,8,8,14
368188 228408 1 11,4,3,8,12,1,8
170524 59635 1 7,0,12,3
296160 1957 2 8,8,9,13,12
87350 372956 1 7,7,7,1,7,8
101439 244668 1 14,2,13,3,6,7
102663 234981 2 5,1,7,11,10,5
269235 303947 3 8,15,3,1,13
79649 251048 1 5,2,4,7,7,4
127523 319823 3 7,3,4
305094 192907 2 4,4
247754 142064 3 7,6,9,13,6,4
132601 203552 1 15,3,5,4,8,6
372711 46540 3 1,15,1,5,2,13,5,5
259093 95326 1 5,3
101660 59298 1 15,8,11,6,1,8
199155 247697 3 5,0,1,15,9,1,6,8
94360 310133 1 10,8,0,13,14
313536 313453 1 8,13,6,8,1,4,10,9
40665 40909 3 5,3,7,9,5,8,13
186984 253070 3 5,4,3,4,1,8,3,14
25144 127592 1 4,13,0,3,8,6,3
187559 274938 2 10,14,8,13,4
3437 130145 3 6,7,4
125033 352816 3 0,1,11,5,9,0,7
156062 115885 1 5,0,9,15,15,3,0
136297 296734 2 0,13,6,8,3,8,11
2258 190210 3 0,13,14
97341 63964 2 3,8,8,5,15,10
171535 49708 1 8,3,4,5,15,12,1
246634 96436 2 12,15,9,8
217946 186752 3 13,12,14,5,6
277955 262418 2 11,4,4,10,4
190747 134777 3 3,4,4,1,1,5
17885 94220 2 4,4,14,12,6,3,4,8
291878 313620 3 11,3,0,7
277916 142684 2 5,4,1,3
72339 209826 1 10,3
357496 24217 2 10,4,0,12,11,0,15
24950 181294 1 1,4
107183 257254 1 0,15,0,1,1,7
298092 171405 3 2,2,12,7,4,11
99967 249905 3 4,3
366683 35724 3 5,1,3
322768 276531 3 12,15,11,2
301186 165295 1 12,14,7,3,3
367293 137001 3 3,12,14,5
341372 259925 1 13,8,7,4,5,4,7,0
255519 209365 1 0,14,5,14
363330 106091 2 11,11
339419 270208 2 6,12,7
263623 227708 3 12,6,9,7,2
206980 216845 1 3,9,12,12,14
282852 38028 2 0,8,15
300498 47414 2 9,6
117252 334656 2 13,6
230869 310907 3 3,1,5,12,0,1,14,1
381923 367105 2 12,3,4,8,7
148504 337574 1 3,9,4,5,4,12,1,5
50515 29650 2 11,3,13,5,12
217281 66924 1 6,12,14,12,10,9
58439 204800 3 4,7
157180 50894 2 5,8,9,6,7,9,2
328483 67710 3 1,7,0,1,13
79144 262226 3 6,4,14,4,14,7,8
199254 54806 1 7,8,14,12,10,8,9
234919 329498 1 9,1,15
8475 311869 3 7,14
298456 108711 3 15,7,8
280954 97290 1 3,7
22386 359485 3 14,13
192129 336269 1 4,5,12,8,5
236656 286540 1 3,4,9
72394 193782 3 6,11,6,11
372838 267387 2 5,12,9,5,14,3,4,3
375373 383221 3 12,9,8,14,14,5,13,11
330515 182742 1 5,8,13,15,6,7,3,12
26333 17692 2 8,13,1,13,13,12
259766 312973 3 3,12,12,4,8
159125 170316 3 14,14
214076 15497 3 6,3,12,14,8,7
35510 162752 2 0,9
50264 51797 2 12,0,5,8,2,0,8,1
3699 26378 1 9,11
44346 212112 2 14,8,8,1,2,13
29368 359240 2 14,2,14,8
298355 320383 2 3,7,15,15,4,6
274755 233788 1 8,8,11,7,8,3
376614 223898 1 5,6,2,11,14,12,0
167998 297950 2 2,10,6,6
108988 132925 2 8,12,6,9,7
379831 295487 2 8,8,7,12,3
23910 167639 3 5,3
240822 267559 1 15,6,8,10,3
177933 23192 1 15,1,7,15,8,2,2
14783 145130 3 7,1,7,2,9,9,8
230631 337737 3 14,13,8
299155 201517 2 6,4,5,6,6,7,0,8
286112 11507 2 7,2
213754 57657 1 7,1,6,7,9
108153 325639 2 9,8,9,9,5,7,2
320775 346869 1 4,8
383649 192151 2 15,12,5,11
350934 32341 3 14,2,1,13
271200 189121 2 13,5,6,0,15
376362 321400 2 0,12,6,4,4
45675 10286 1 6,8,6
221559 16926 2 4,6,7,0,9,12
123192 258557 3 5,14
306430 382761 1 8,5,7,3,4,8,8
139504 295360 1 9,6,10
148601 284502 2 13,1,7,1
168146 284140 2 5,7,13
70142 181936 1 13,12,6,6
227203 212673 2 15,13
72112 143751 1 13,12,5,3,3,13,13
244785 173866 1 3,5,6,4,3,12,5
382090 92403 2 4,7,3,10,5,4
83208 68063 3 5,8
64106 204859 3 15,7,14,5
115350 38234 1 8,13,5,0
96734 358060 2 15,4
257806 253681 1 1,3,2,8,15,1,6
206750 150386 1 13,5,3
226353 20754 2 0,15,5,8,7,7,4
359764 223788 1 8,15,5,13,1,9
130504 383972 3 7,13,8
39649 310635 3 3,0,10,13,4,11,1
357464 283780 2 3,10,15,11,4
360674 148465 1 12,5,0,12,5
134868 39425 2 11,1,14,7
317519 86818 3 12,7,13,5,8
251678 362851 3 7,4,15,8,5,8
44300 306860 2 13,2,8,13,7,15,15,4
181048 343722 1 0,8,10,4,3,7,11
274771 252481 2 6,6,5,1,2
241057 307620 3 3,4,7,9,12,3,5
102137 288059 2 3,13,7,7
145348 350478 3 12,9,4,8,2,8,6,14
373196 23887 2 3,8,5
273933 283919 3 11,7,4,8,4
202707 360675 3 3,8,12,1,1,15,3
68261 252481 1 9,5,13,14
169111 185550 3 3,12,15,10,3
143741 42249 3 2,1,9,1,0,14,13,2
297127 201553 1 12,4,7,3,14
204179 163070 1 0,10
55728 34577 1 13,1
56036 106500 3 8,3,12
316871 86999 3 12,5,12
303449 378991 1 10,14,1
249700 32419 1 4,12,13
159194 219239 2 0,4,0,14,12,13,3,3
15310 78437 1 8,14,14,8
337340 344852 1 0,8,12
383447 297869 3 8,5,12,1,8
231160 370541 3 13,13,1,10,3,12,12
250778 257348 3 10,3,0,3,0,0
298647 202776 1 2,5,13,9
116240 97519 2 0,4,7,4,4
211643 363329 2 15,15,5,2,3,12,8,8
366405 373903 3 7,6,5,8
64553 259409 3 4,5,6
52074 220774 2 4,7,6
130839 273854 2 13,13,10,10,4,7
28011 9678 2 13,5
364056 55581 3 9,8,14
128248 252375 3 11,9,7,14,7,11,13
186128 155510 2 14,8,10,4,4,7,6,8
229201 249022 2 3,7,9
109010 272312 3 14,12,6,8,8,4,9,13
267470 181850 3 8,12,14,3
150598 135520 1 6,3,4,1
219387 332534 2 3,2,1,4
83623 293487 1 0,7,2,9
337700 164906 2 12,5,12,11,3,6,0
232159 124637 2 14,10,3,13,3
246315 321853 1 2,6,1,3,7
193439 159554 1 5,5,11,10,8,5,4
157785 62798 1 4,6,6,4,7
329673 143908 2 5,15,12,5,1
4542 346673 3 7,6
90457 31623 3 11,11,7,3,5
288725 86996 1 13,12
209911 247495 3 12,3,5,4,4,8,5,8
254603 314913 2 8,12,4,1,4,15,3,5
362236 229599 1 1,12
288277 217635 2 1,8,9,14,4
275573 152030 1 9,8,14,0,4,1,10,13
353541 64336 2 7,7,7,8,1,8,15
106829 175176 3 3,8
351669 112244 3 4,8,13,4,0,3,13,12
305600 343193 1 11,14,7,8,5
29821 267325 2 1,13,14
309939 334305 3 4,15
113719 188429 3 4,5,8,9,6,4
171202 357781 2 8,3,10,9,6
71219 85258 2 7,3,1,3,12,4,6
89006 86131 3 3,4,4,8,14,5,7
134868 312133 1 2,7,4,9,7,9
128699 270050 1 5,3,4,3
168167 4695 1 7,15
53873 13585 2 0,2,14,6,7
137961 50902 2 7,6,6,9,7,5,11
197883 360074 1 13,8,8,11,7,13,8
331395 273178 2 3,4
304102 327838 3 0,6
314587 15823 1 15,5,3,5,12,4,8,0
121691 115176 1 4,4,8,11
99830 368547 2 1,14,13,1
303860 342570 1 5,3,3,12,4
378005 175343 2 3,6,5,10
92866 253520 1 0,14,5,10
222930 320789 1 1,4,5
53158 89994 1 8,13,3
127961 305787 2 5,4,8,1,7,3,10,15
357037 63708 3 10,10,5,3,8,4
338630 5828 2 5,5,3,12,10,2,9,10
210523 146472 3 0,4,7,8
222308 2082 1 11,6,13,5,6,12
268318 86235 3 11,1,15,3,10,6,4,5
73355 333283 3 4,13,4,7,8
182193 307587 3 5,7,15,14,3
3523 280707 2 0,7
184106 373365 1 10,3
52022 106789 1 8,8,14,8
104068 24937 1 12,1
366973 312683 2 3,6,10,1
327611 213929 3 15,3,4,7,8
304244 110836 1 1,3,14,0,6,0,8
41333 181646 3 15,5
142506 308032 2 12,12,5
207311 7676 3 8,3,15
279097 9101 1 1,3,5
352417 274617 2 13,6
229939 282346 3 8,4,5,7
28713 336076 3 9,3,4,6,13,1
319004 64454 1 14,6,3,15
373928 183598 3 3,1,5,9
32898 161897 3 5,11,7,2
95239 228009 3 4,12,12,5
181085 60216 1 3,15,7,13,10,8,0
98478 172833 2 1,8,14
270406 242248 3 3,3,14,15,6,8,3,12
99293 264852 3 1,3,0
306397 101899 3 1,15,7,4
220986 81851 1 7,8,1,9,14,8,5
348146 8134 1 13,10,8,4,10
213908 154017 3 10,2,8,12,4
93933 347259 1 13,9,15,8,4,4,13,9
240091 268642 3 15,10,1,7
41546 252685 1 12,5,2
273791 89657 3 2,2,1,1,15,14,1
309683 259716 1 6,7,9,2,5,5,2
40200 261114 1 3,6
19826 312140 3 2,14,4,5,3,8
277923 357633 3 3,3
71228 21280 3 8,14,9
74514 128573 3 15,0
157244 113115 1 4,4,13,1,6,3,8,9
213521 340547 2 7,13,9,8
83694 136241 3 6,12,7,1,3
220382 326547 3 12,8,9,4,4,2
164788 231590 2 1,10,4
240876 127351 1 1,15,4,15,2,12,6
24615 131222 1 4,2,9,14,1
183195 203066 3 5,7,15,3,7
92873 170245 1 5,3
213867 181099 1 5,8,3,4,0
194870 265941 1 1,13,3,5
282518 107829 3 8,5,13
224839 199098 3 1,9,6,3,12,5
152890 65707 3 7,1,4,13,3
344909 357996 3 1,9,7,4
284674 166434 3 14,3,1,2,1
346096 88311 3 5,5,5,7,4
348750 64500 3 13,11,5,1,8,3
192460 9719 2 14,1,1,5
128601 90157 1 3,4,1,13,5,7
217589 329327 2 6,3,7
171068 191316 1 6,14,5,1,11
120760 31953 3 3,1,1,12,3,8,13
112146 88721 2 14,2,4,7
96237 138597 3 3,12
356296 125086 1 13,5,6,1,1,9,2
350935 355017 2 2,7,1,8,4,12,15,7
128467 20190 2 10,5,14
249047 233745 3 8,14,2,2
132215 101562 3 8,12,7
204174 265353 1 7,2,11,0,6,2,4
13 196445 2 7,9,4
86700 380386 2 5,15
247272 195554 3 11,3,4,13,13,9,11
303396 167268 1 2,12,2,11,3,5,4,2
126190 49715 3 2,0,0,3,6,3,7
139037 77104 2 5,13,7
187251 111772 1 1,8,6
113287 186304 3 13,3,7,12,13,12
280627 128413 2 9,3
125078 7881 3 6,4,12,4
192028 270131 1 10,1,1,6,9,6
316960 97552 3 8,14
106744 343519 3 7,6,1,4
212027 79138 1 14,5,4,7,8,9
304285 280436 1 14,6,1,10,7
268471 151555 1 13,7,14,4,12,8
96223 332603 3 2,5
166066 333696 1 1,9,3,4,2,3
232882 135603 3 0,2,9,3,12
259016 118868 2 3,7,4,0,7
63038 348870 3 4,8,4,2,8
113890 263924 3 9,9,4,3,6,4,8
337668 257917 1 1,5,8
201011 65940 1 6,9
241894 297919 3 13,1,7,3,4
46817 50077 1 8,5,11
209871 359600 2 11,15,7,8,11
84003 87759 1 12,14,5,13,12,4,1,0
21435 34932 3 6,3
143850 39136 3 13,10,5,4
4670 85470 3 2,2,5,15,3
302197 30935 2 14,5,12,13,9,4,7
260012 294794 1 4,10,0,4
293688 285606 3 7,9,11
225144 209059 3 6,7
19349 163321 1 3,9,0,7,4,4,9
382010 263241 3 9,6,3,7,8,12,7
53620 231092 3 5,12
360476 337860 2 1,7,9
30109 121464 2 12,4,5,4
293806 261163 1 4,8,2,14,7,14
126597 43558 1 5,3,7,3,12,0,1
355272 208283 3 3,6,10,8,4,3
340433 343341 3 14,7
200770 328312 1 1,3,4,7,11,13,7
82282 162174 3 5,4,1,4,8,2,3,10
41897 354924 2 14,9
134601 40679 2 6,6
57769 163802 1 5,6,14,8,2,6,13,8
244689 227478 2 9,14,5,5,11,9,6
279212 241012 1 7,7
238067 241618 2 4,3,10,12
113268 120582 2 7,1,2,5,7,4,14
232726 47899 3 7,10,10,1,4,4
169226 66663 1 4,8,8,6,4,7,0,11
22331 200573 2 7,3,1,8
302321 323953 2 15,4,1,4
92674 79935 1 9,5,8,13,12,5,8,0
127194 288505 1 7,8,4,5,6
952 330723 3 15,0,13
6436 177513 1 3,13,4,15,2,2
248180 149786 1 3,2
336830 264201 2 5,1,1,3,5,9
362888 63465 1 7,10,13,1,8,14
5078 326965 3 1,7,13,3,5,14,8,3
243538 295085 2 12,8,3,0,5,3
250384 381835 2 14,6,8,4,3,4,7
41116 365336 2 2,0
284053 234875 2 8,7,8
22139 217016 1 15,7,8,8,9
46300 200654 3 3,8,13,15,4
383774 377759 2 13,7,10,15,5,2,5
359214 64626 2 2,14,4,14,8
24227 305775 2 9,12,7,3,10,8,5,15
278275 39908 3 8,15,3
326439 7823 1 9,1,8,7,3,5,2,4
188739 42056 1 13,12
134384 75621 1 10,5,3
200995 123278 1 4,8,6,14,12,6,15
194063 347092 2 8,0,5,12,5,4
195088 354066 3 8,3,5,1,0,5,5
53002 65177 3 4,8,8,5,6,14,5,5
139990 295527 1 11,4,5
128641 16017 3 7,5,15,15
319994 43092 3 5,8,3,0,0
365324 19310 2 5,7,11,13,3,12
377092 206161 1 8,0,6,11,4,1,0,0
137632 216698 2 5,2,8,13
37311 24852 2 8,4,3
300268 380360 1 9,8,1,3,6,2,14,2
229854 208917 2 1,6,8,5
341026 253167 1 9,5,6,5,1
196158 352305 3 4,14,4,6,5
357065 208148 3 7,2,8,10
328729 206204 2 4,7
304932 261814 1 3,15,5,14,3,1,12
277734 350094 2 8,3,14,10,4,14
18695 332953 3 6,8
159488 3046 2 13,7,12,14,5,8
123129 86178 3 14,1,8,13,10,14
158422 188153 1 1,1,4,6,5,8,5
98456 355980 1 15,5,15,3,3,9,14
218153 246341 2 6,5,14,7,1,6,6,5
302056 356814 1 5,2
16522 379788 2 15,14
140197 121081 1 3,8,12,3,1
366000 223322 1 6,1,4
350157 160713 1 7,1,13
250523 359185 2 3,15,1,14
41675 105987 2 4,12,14,11,14,3,12
311830 176877 3 2,5,14,6,8
223227 181697 2 0,9,10,12,1,2,12
358649 78957 3 15,13,7
229907 118103 3 11,1,15,6
291423 339944 2 6,7
314756 196035 1 9,5,6,14
301363 219224 1 9,13,3,10,4,7,5,3
273275 26818 1 3,6,3,0,12,12,2,6
346999 106421 3 4,8,11,8,11,2
184147 11495 3 11,1
292837 174985 3 6,14
142763 308878 2 3,5,9,7,2,9,2,7
139208 348441 3 2,4,6
45852 237107 1 4,8,8,3,8,9
126942 10548 1 9,5,5,15,13
154489 109768 3 6,4,6
278034 217789 2 12,4
286635 241566 1 13,13,3,6,3,4,3,8
161866 239730 2 4,3,0,12,14,1
258539 328970 1 12,12
315373 140308 2 12,1,2,5
271166 254484 2 2,9,3,0,0,4,7
250338 192195 2 7,13,15,13,4,5
273724 136932 1 5,7,14,11,3
13542 330842 3 10,8
63180 27453 2 3,14,6
95197 34215 3 4,5,9,9,1,1
200288 156600 1 8,2
352486 78742 1 14,2
233326 260958 3 3,9,1,11,10,5
168904 372114 2 5,4,4,13,4,3
148518 347204 3 4,4,3
200513 86578 1 5,7,0,13,1
216777 38404 1 11,3,11,3,11,8,0,12
114859 257779 1 12,3,6,11,4,0
20262 63437 3 1,1,6
113714 68064 1 3,7
212372 177644 1 1,4,14,7
344101 163998 3 12,12,3,3,12,9
175328 326096 2 11,15,14,3,3,4,3,4
112786 80770 2 1,9,11,11
17851 304532 2 13,6,1,15,4
194648 123103 3 12,15,8,8,6,6,8,8
295334 91900 2 1,7,1,5,14,7
26991 101841 1 13,15,6,5,13
293443 232195 1 5,14,14,14,10
103195 59795 3 0,5,1,5,10,3,14,4
192707 303770 1 7,12,6,13,3,4
113373 222323 3 5,10,6,4,12
118399 229809 3 1,1,4,13,0,10,7,7
354968 14238 3 15,6,5,8,1,8
285586 31197 3 4,4
313250 46641 1 2,14,6
89490 290241 2 12,1,3
119274 357143 1 11,7,3
169480 50496 2 6,8,8,3,10,1,3
188094 10390 2 3,11,8,12
116551 337362 1 5,5,3,3,1
27347 97893 2 15,14,7,11,5
61504 259191 2 15,4,1,8,5
3967 140675 1 1,8,4,0,11,14,10
235651 119920 2 5,3,7
347509 4585 3 8,10
147758 158905 1 0,7,7,2
268831 328516 1 8,6,2,12,14,15
253641 32159 1 1,6,15,2
29468 376620 2 4,3,3
87657 317154 3 11,12,7,7,14,4,8,1
100230 295285 3 5,6,7,13,12,10,5,8
350019 55853 3 10,5,3
368107 357827 2 14,1,3,15,14,5
295065 316011 3 12,3,8,14,2,12
147558 275203 3 7,5
325815 6432 2 5,13,15,2
3549 26700 1 4,7,9,12,6,12
116688 101345 2 5,2,1,6,8,3,2,15
206012 216035 3 15,4,1
313408 79758 3 8,15,5,14,9,7,10,2
95017 307317 2 12,4,3,14,1
184219 321602 1 5,3,2
41592 35613 2 14,6,13,2,9,7
352286 220819 3 14,4,12,12,15
180790 364563 1 4,2,4,1,2
80853 8754 3 12,9,2,7
174612 301290 1 4,15,4,5,9,7,13
123132 10404 2 12,2,0
322552 144790 1 10,3,1,9,0
263890 353315 1 9,14,5,4,12,9,5,12
217106 122887 1 6,3,12,14,0,3
215958 36702 1 12,7,1
73130 215630 3 6,2
152664 234683 2 4,14,3,8,1,7
270058 119695 1 13,5,0,8,3,4,2,13
17054 231875 3 5,3,5,8,12,3,8
185825 126150 3 2,6,13,1,3,5
218596 293297 3 4,1
16996 285691 1 3,4,14,0,7,7,4,7
52849 293670 1 1,13,3,14,14,3,8,11
156689 262451 3 3,13,7,10,5
59875 91363 2 1,4,15,0,10,7,11
379898 157348 3 12,7,4,8
253451 311968 3 0,4,14,4,14,8,12,8
172028 156274 1 12,1,7
10408 252811 3 14,12
346202 238831 3 14,1,4,14
82342 177308 2 8,4
91118 140150 3 1,12,3
152930 349009 2 12,9,13,2,1,4
241262 260062 2 11,13,6,5,5,14,3
236742 295463 3 6,7,0,3,8,11,4
355054 261269 2 15,3,12,1,8,4
130700 128366 2 11,1,4
80686 275145 1 1,8,9,5,4,3
894 320913 3 12,3,8,8,8,4,0
261277 183793 2 4,4,1,6
170946 331138 1 8,4,13,6,9,12,7,5
240685 165705 3 3,4,10,9,12
156624 257042 3 6,14,8,8,12,8,10,7
338209 26988 3 14,6,8,8,3,8
161785 259645 2 7,5,5,3,5,8,12,12
238617 238635 1 10,5,7,7,11,15,14
373701 35213 1 1,12,15,5,6,15
249334 9114 3 0,4,1,8
82296 309366 2 6,1,0,9,4,12,2
372826 38080 1 2,4,4,15,6,12,12,6
353771 382240 3 2,8
64505 353595 1 9,5,8,10,6,6,10
359339 124880 3 0,3,14,3,8,0
225210 246165 3 1,0
382208 56592 1 8,8,7,4,5
136570 306980 2 1,6
248875 57594 2 11,11
254702 56493 3 14,8,8,1
49928 267904 1 6,4,3,1,8,12,12,4
84431 237542 3 7,2,14,1,8,6,7,10
142527 190316 1 5,1,5
289575 278192 2 7,3,8,3,4,9,11,1
18036 340123 3 8,9,15,1,8,9
194168 160899 3 7,7,7,13,7,1
133101 97287 3 5,1,1,3,3,2,1
271468 32607 2 2,10
293977 235677 3 13,0
24853 21056 3 14,7,8,9,13
239306 344061 3 9,2
234374 143432 3 0,15,15,9,2,8,14,5
258503 124452 1 1,8,12,4,7,8
139475 73973 1 8,15,8,15,14,1,6,15
87859 131908 3 15,3,1,3,6,8,13
154061 324327 3 15,1
114813 21038 3 3,14,6
51106 213496 3 7,5,8,3,2
192567 322282 3 0,10,3,6,11,1,8,5
39942 269003 3 15,7,7,13,2,13,9,14
148763 264803 1 14,1,5,3,12,6,0,8
255214 148775 3 1,0,3,14,1
136156 226397 2 8,0,4,8
227828 102317 3 2,6,7,12,1
265391 19201 2 5,4,6
7965 140010 2 7,1,7
296580 97626 1 13,6,3
145642 94726 3 15,13,12
122307 219046 2 7,5,7,8,9,13,7,7
270312 170213 2 9,11,13,5,8,6,12
83956 252761 1 4,6
199520 174467 3 6,9,7,3,0
114743 238523 3 10,5,3,12,15
17732 133822 3 8,4,12,11
72031 329219 3 12,4,3
349275 95556 2 13,12,8,3,2,13,14
19212 262030 1 11,8,3,8,3,5
167285 162676 1 1,1,9,1
129106 108670 3 2,12,6,12,15,7,12
320759 102125 3 4,12,0,13,7,6
253332 246721 1 5,6,0,15,3,6
194949 107788 2 15,5,9,15,2,1,14
288606 103105 1 1,0,12,12,15,4,6,3
95406 346362 3 12,3,4,7
154912 38289 1 11,14,5,5
24421 95141 2 3,2,0,14
107403 201043 2 1,13,2,4
294198 67643 2 4,12,0,14,14,0,2
66614 366801 3 7,8,4,1,6,6,10
251951 26049 2 4,12,6,8,13,11,9
71549 342938 1 15,1,13
284602 326055 1 6,3,3,1,2,13
121854 312614 1 7,8,6,5,13,7,0,11
220438 333135 3 13,9
72648 122958 3 3,2,10,2,13
173828 192111 3 1,2,7
134702 290809 1 3,6,13,14,0,7
353470 350267 2 4,3,1,6,14,6,12,7
235346 378649 2 10,10,4,11
251070 189337 3 4,14,11,7,15
11158 82570 1 8,4,7,7,13,1,5,13
198909 271135 2 8,11
71262 247364 3 10,12,6,12,1,3,6
244204 213791 3 5,5,8,11,12,14,15,7
291553 4788 2 6,13,10,1,1,4,3,5
346391 82900 2 3,1,6,8,15,4,9
131107 4068 1 5,8,15,7,0
72167 210360 3 13,1,8,9,8,7,10,15
311781 78104 3 5,1,2,0,6
249371 2669 2 13,1,1,9,7,4,3
318552 288432 1 3,12,4,3,5,6,6
305860 24572 1 7,1,12,0,14,1,5
195950 210503 3 12,3,0,1,7,8,1
271007 288510 3 1,3,8,9
308105 13570 1 1,7,4,8,13
198192 259335 1 1,4,4,10,9
315912 297317 1 2,15,3
164218 270619 3 4,7,3,3,1,8
221648 27552 2 8,9,8,8
56930 261121 2 1,15,0,10,13,1,3
157120 350855 2 12,12,11,14
71271 108606 3 6,13,8,3,6,5,5,11
117911 12701 1 5,4,1,9,3,6,13
153287 11233 2 4,13,5,14
188903 190807 2 14,3,13,2
192947 43602 3 3,9,9
374511 120710 2 6,4
241414 170712 3 4,1,13,5,4,0,14,6
171987 241120 1 14,14,13,3,6,8,14,0
183633 153340 3 13,0,14,13,9,5,1,5
58856 365573 1 10,9,7,1,1,3,9
84266 360077 3 9,4,13,5,8,5,2
177152 79907 1 7,8
97071 212683 1 14,9
120009 333333 1 6,1,1,12
277775 179723 2 0,4
186784 166466 3 6,7
290344 192973 2 12,8,14,5
317309 371630 2 12,6,1,0,2,0,8
381744 82946 1 13,8,2
88763 271399 1 2,15,8
264094 193689 1 2,8,5,3
30794 158987 3 7,3,9,7,6
283856 286658 3 2,12,5,9,3,3,14
147971 28581 3 7,0
309522 280915 1 13,3,14,4,7
284325 15106 1 4,10,12,5,4,7,4,11
196299 62479 2 7,4,3,4,12,2,2
293426 18353 1 13,4,14,9
25767 362646 2 5,7
253260 380218 2 12,2,10,15,12
372308 279525 3 12,3,4,10,7,4,8
48441 214910 2 1,2,7,14,15,5,12
263809 107205 3 3,6,8,8,2,1,3
322093 323348 3 7,11,4
326488 303627 2 7,3,2,1,3,15,4,13
52760 344024 3 0,3,6,12,6,4,15,4
379169 53164 2 1,7,7,5,0,7,15
199035 364241 2 8,4,4,7
220517 273864 1 7,2,10,5
121153 347670 1 6,5,6
65218 341823 1 15,1
227758 375620 1 9,5,8,10,8,2,3,8
134989 63289 3 6,2,1,6,14,3,2,5
243997 306771 3 7,12,5,4,5,4,7
57375 289062 1 4,4,13,3,8
151872 79033 1 1,7,5
326614 333744 1 7,3,10,6,5,3,8
159560 246601 2 4,3,4,4,6,7
183258 150583 3 4,6,14,7,7,8
347528 294772 2 15,2,3,4,6,14,4
358182 96414 1 12,8,4,12,14,11
74788 175771 2 7,6
300259 8633 3 15,4,7,11
138284 375423 2 11,12
147269 159688 1 3,4,15
204837 122433 1 5,14,3,9,1,3
302285 223827 2 15,3,1,6,4,14,8
279140 293756 3 7,13,9,2,12,2,10,12
298953 352073 3 7,7,11,13,13,3,14
149720 238655 2 12,6,13,15,14,10,12
42118 16916 1 15,8,10
103342 103701 3 4,5,6,15,14,1,5
8365 81094 3 8,8,7
131651 313944 3 2,12,4,9
228148 195944 1 5,11,3,2,0,5
254779 171475 2 8,3,6,14,3,4,4
266804 235023 2 0,8,13,9,15,12,4
27541 78709 2 8,13,14,8,5
298851 241776 1 4,7,12,4,15,1
57409 279057 1 12,3,15,6,2,2,3
52067 165670 3 11,1,2,0,12
206649 126943 3 13,7,6,14,2,12
309545 335820 1 9,3,11,11,4,8,3
103254 378537 1 3,12,3
113493 42155 2 2,5,4,1,9
324924 284146 1 1,12,10,7,1,11,15,4
191393 320349 3 3,6,14,8,4
324334 245274 1 15,4,6,1,7
326709 167428 3 12,14,0
39151 53366 3 15,10
52510 176140 1 8,14
62241 336866 3 5,8,5,5,7,8
26876 371344 1 5,7
269040 41311 1 8,6,12,12,3,3,14,12
100690 136250 1 7,1,5,4,14,15
379982 6 2 8,15,12,8,3,10,8
153771 302647 1 7,12,8,3,0,1,2,1
240216 54914 3 8,1,3,13
292304 197075 2 3,6
232396 320838 1 9,6,6,3,4
53834 185877 1 8,6,7,15,10,6,0,6
232419 219514 2 14,4,13,1,6,7,7,2
260382 247523 2 1,0
72788 319506 1 3,9,3,8,3,8
171040 60470 1 4,5,12,8,5,5,7,4
296870 95575 1 7,1,5,14,13,13
247459 22295 3 8,5,3,13,0,0,13,3
178449 191386 2 7,13,5,6
207734 44562 3 8,8,6,5,2,0,7,11
176171 357633 2 7,14,3,0,1
362029 61792 1 7,0,1,2,13
377098 276592 2 1,14,5,3,0,1
146540 41115 1 12,4,5,13
343518 276374 3 5,14,7
327143 78155 1 8,10,2,15
75274 127855 1 4,13,6
112446 128627 2 8,14,5,9
289212 270064 3 9,15,3,1
347708 259646 1 1,3,4,6
352039 178220 2 4,11
214824 5115 1 6,14,2,0,14,5,2
266744 183465 1 12,1,1,2,5,1
37581 252844 1 4,3,7
143591 150019 3 12,8,8
104716 334496 2 2,1,15,2,1
222188 87879 1 13,7,2
303937 170386 1 3,1,10,3,6,5,2
63757 161534 3 1,3
191931 105072 2 10,14,7,5,3,9,5
369075 107448 3 14,3,0
202755 161717 1 13,8,5,7,13,4,4,2
137355 318190 3 8,2,8
56652 118986 1 7,3,11,5,4,4
278357 41466 2 6,1,2,1,6
193344 104592 3 0,9,3,3,12
249887 363506 1 3,6
231200 249837 3 4,5,8
231353 370425 3 12,3,6
271286 324982 3 15,7,12
163106 280148 2 5,7,8,1,7,0
175341 364863 2 15,8,0,2,12,5,5
27639 224540 2 6,4,6,13,12,2,9,11
353403 322785 1 5,12,7,9,6
134736 182913 1 2,7,9,8,11,13
207647 191031 1 10,7,2,7,4,6
366376 200770 3 3,15
130642 94261 2 3,9,12,4,3
3684 359812 3 5,15,5,1,2,8
209514 82164 3 7,8,5
178484 287679 3 5,15,4
188322 145971 3 6,13,9,13,5,7,1,4
95721 100097 2 13,1,8,7,3
59787 330683 1 3,6,2,7,6
85310 223909 2 1,1,3
5494 363804 1 4,3,2,13,12,8,9,6
274678 139731 2 8,8
125127 72150 1 8,10,8,12,6,5,1,9
104658 3978 1 6,13,7,7,13
117858 38450 2 14,14
258724 37075 1 5,8
368479 59141 3 9,8
52100 342163 2 0,6,14,10
125565 126467 1 8,2,7,4,7
71086 63213 1 3,9,8,12,13
227245 352861 1 12,8,8,5,4,8,12,2
190152 110767 3 12,15,13,0,8
190279 55902 3 14,14,4
302346 216018 3 7,13,15,6,1,2
184439 221127 2 0,4
174086 357942 3 15,2,6,8,9,12,5,13
205726 275509 3 4,6,4,5,4,7,6
129875 14738 1 2,0,14,14,1
270527 323104 2 12,11
23581 44305 2 2,6,1,4,5,6,8,3
378513 94798 1 7,8
124763 336443 3 3,12,1,14,6,14,8
49249 172863 1 14,13,2
327166 193082 1 15,1,8,7
129254 343511 1 12,5,12,7,14,8,4,7
164120 370086 1 6,14,7,0,11,1,5,3
240684 137068 3 4,4,5
42937 322390 2 0,12,13
367300 25086 2 4,10,9,10,7,1,4,4
142654 36217 3 15,6,9,8,1,12,8
127670 319983 1 3,7,3,7,13
3098 76676 3 5,1,14,15
240906 300679 2 0,1,12,11,5
93463 160480 3 8,11,8,6,13,4
2073 18383 1 8,4,2,3,8,5,14
133990 106759 3 7,3,6,7,1,3,13,7
202558 135686 2 15,7,3,4,6,14,1
330846 38868 2 2,2
194733 373438 1 1,12
214387 53258 1 9,7,13,2,15
166467 345581 3 9,8,15,12,8,6,1,10
92977 267777 1 7,0,8,6,5,4
279716 134269 2 4,9
377354 209992 2 14,12,12,5,3,1,2
31178 357638 1 10,12,5,7,6,3,1,12
338802 157351 3 7,3
327090 50656 1 4,8,1
221838 368850 1 3,8,7,6
2239 64876 2 9,5,3,2
26700 88326 3 10,8,3,4,15,4,11,2
290298 6641 1 9,10,8,2,8,12,14,6
379899 65508 3 12,3,7,8,8,11,7,12
209452 80832 1 2,7,13,1,3
220485 10715 2 8,4,7,5,4,0,7
353313 278829 1 6,2,15,14,1,3
242322 209803 2 6,10,3
261085 230820 2 13,5,5,6,5
55643 55498 3 4,7,8,5,12,7
101288 359138 2 13,7
257365 26375 3 7,14,5,13
105587 377356 3 12,0,4,5,4,7,4,4
71431 133055 2 13,12,8,10,9
93294 66251 3 8,8
182131 262107 1 3,3,8,12
251034 234628 2 12,3,6
55283 376654 2 15,6,7,4
208997 329268 2 1,4,13,10,14,3,15
244370 49048 2 4,3,8
248146 121453 3 3,4,3,9,13,12
320271 199610 1 8,5,15,15,14,7
49530 153464 3 4,7
251856 32443 3 7,7,7,3
275270 114471 2 5,14,13,7,8,15
46010 75195 3 12,6,15
331044 270791 3 1,6,2,5,5,6,7,6
140280 133909 2 7,2,0,3,5,4,4
131269 227915 2 14,8,4,3,3,9,8
164631 181480 2 15,8,2,3,8,0
25598 130760 3 13,1,7
135718 112608 1 12,1,12
217742 50511 3 6,6,13,0,7,10,7
245305 41070 2 5,3,4,3,6,6,0
183112 58837 1 7,8
97877 27608 3 8,6,7,8,1,8,7
94654 217577 1 7,14,3,6,4,5,10,6
140648 36408 1 1,6
224679 364583 1 2,14,3,13
194247 116919 3 4,4
171537 261163 1 7,7
81782 82763 1 9,13,14,6,7,11
327398 154570 1 7,4,5,6,8,7,5,4
281558 40226 2 11,1,5,12,1,7,12,8
185950 114045 1 10,6
114566 120323 2 7,14,3,3,4
332676 304022 3 7,1,5,7,12,5
162521 376262 2 1,1,3,1,12
95991 83848 1 9,6,4
350983 250066 1 8,15,7,12,10
317587 114853 3 4,2,6,13,4,7
57679 24506 1 8,3,8,8,4,13
97969 379067 1 13,14,12,2,15,7,9
291752 7298 2 1,3,0,1,13,13,3,4
351621 272002 2 11,2,13
379452 129912 2 9,6,11,0
266001 117302 3 8,15,7
139475 371636 3 13,6
225182 317420 3 3,4,8,7,4,6
178802 127811 1 5,13,8,1,4,14,14
109117 44796 3 14,13,6,1
296200 13969 2 6,12,4,13,4
47482 22858 2 15,3,6,3
141953 26503 3 8,2,1,8
164702 198532 3 1,5
329576 151467 1 5,3,8,8,7
189946 136483 3 9,1,4
209145 284347 2 13,5,5,12,14,3,7,11
119234 279146 1 5,6,0,2
363323 295737 2 5,1,7,7,1
257718 39845 1 13,1,7,14,6,12,12,8
8548 367796 2 1,3,13,4,14
194242 48567 2 7,1
151082 73340 1 10,13
95165 309531 3 4,12,6,8,8,4,11
94622 148290 3 1,8,3
562 255688 3 12,8,3,8
239825 177495 2 4,2,3,6,4
203203 71108 3 14,7,1,12,5,13,1
225467 245672 2 11,14,3,13
182430 174127 3 4,0,4,12,4,6,5
53569 354687 2 2,4,10,4,15,8
284785 171555 3 6,0,12
178028 153308 1 5,5,14,5,5,7,7,13
20281 123567 2 6,8,12,4,7,4,11
253117 48278 2 14,1,0,8,1,5
68146 215986 1 5,4,1,8,3,3,4
352133 228986 1 2,3,8,6,13,7,12
290272 269088 1 7,5,6
39246 59076 1 4,3,8,3,6,10,1,8
112763 123779 2 4,5
253027 161127 1 8,6
27453 186219 1 15,9
354954 153990 1 8,6,5,12,8,6
67425 92960 3 6,1,6
168361 324306 3 6,4,7,13,12
327208 40069 3 7,11,10,8,8
236620 253310 1 7,7
37503 120923 2 10,4,7,4,2,1,3
193571 296213 3 12,10,1,1,1
220916 193117 2 8,7,8,4,0,14,6,4
126225 348832 3 3,4,6,8,15
356107 292613 3 9,8,3,6
252857 220427 3 7,13,14,14,7
139940 149953 1 15,7,11,8,15,6,6,11
294353 117562 3 6,0,5,3,12,8
40326 242642 1 8,12,4,5,6,13,2,0
169434 222367 2 4,1,14,14,5
108694 381740 2 1,8,14,5,7,4,0,15
9555 26572 1 12,6,4,9,1,9,3,8
100403 94237 3 7,1
291679 77743 2 8,15,7,8,0,7,13,13
307318 121664 2 0,1,5,11,9,10,7,1
345443 360399 1 12,3,9
9039 162763 3 9,6,8,8,5,6,5
185116 12763 1 14,9,13,6,10,8,0,6
318171 245260 1 0,4,6,5
355822 53172 3 0,4,0,1,3,3,4,7
318116 95303 3 4,8,0
41402 233856 2 1,12,3,3,11,5,6,1
108094 35979 3 1,4,8,5,0,12,10
378820 186980 3 5,15,6,4,9
135259 45106 1 7,0,13,6
49054 219414 3 9,0,7,1
249265 248281 2 7,10
283827 164523 1 13,5,1
82245 263670 3 12,1,8,6,14
348686 323836 2 5,5,0,2,4
47934 263203 3 6,3,12,6,0,7,8
230602 108050 2 4,11,8,13,1
287208 286894 2 1,4,12,11,9,14,5,14
136421 294080 3 4,1,12,6,2,6
281618 309415 3 3,12,12,1,5,14,3
64196 326114 2 5,3,7,6,15,5,5,3
70354 151460 3 13,4,5,1,8,7,7
256936 179336 2 12,7,3,8,5,10
331001 263291 2 2,8,15,1,3,4,5,4
82818 102826 3 13,10,1,7,4,1
225152 214538 1 11,12,3,4,3,3
365847 375900 3 12,2,2,14,6,6,9
278095 189800 2 12,6,7,6,3,13,15
296257 129085 1 5,2,12,12,3
270512 316886 3 4,4
344858 38596 2 9,12,7,6,5,0,6
239139 357837 3 8,5,8,4,5,8,12,4
181338 35994 1 3,12,14,1,11,8,1
340934 122168 1 2,13,8,10
124159 148982 2 3,0,1
99009 37455 2 3,8,12,14,15
248263 253145 2 5,7,2,14,8
18956 111041 2 3,8
5526 96836 1 5,7,1,13,8,9,5
46456 311970 2 14,14
216639 321124 1 12,5,3,12
223357 272017 1 1,7,6,6,4,9,5,3
57585 244173 1 3,9,8,2,1,14,4,12
233069 223193 3 8,4
123953 87609 3 0,1,4,6,8,10
219991 324181 1 7,8
134907 288411 1 11,3,3,4
257634 70300 2 13,7,5,15,8,12,12
166434 331627 1 1,4,3,12,12,14,3,5
138970 192501 3 2,7,8,4,7,11
139311 285502 3 7,3,7,6,14,14,8
309658 119819 2 11,5
251346 112860 1 12,7,8,13,9,5
255943 294895 2 3,8,14,14
203547 254632 1 3,8,9,2,6,9,10
176764 10136 1 1,8,12,14,10
135984 85403 3 1,12
48054 321538 2 5,14,3,15
145657 312910 3 12,6,12,1,1,4,7
188673 98301 3 14,1,3,15
193921 263852 1 1,1,14,1,7,1,7
31464 194586 3 1,5,3,14,12,8
130503 234073 3 10,12,13,2,2,8,10,11
39858 283742 2 1,13,7,9,3
37901 78315 1 15,4,7,1
362530 283953 3 6,15,1,13,4
93702 264524 1 12,14
289736 89568 1 1,6,3,15,7
337288 284270 2 12,1
126656 42980 3 3,2
249984 200503 1 9,8,13,8,0,2
22723 226182 3 1,1
25832 279404 3 5,4,7,6,5,7
103458 226948 2 5,4,8,12
87190 135915 2 14,11,8,1,4,14,14
334393 350842 2 3,5,3
97546 247478 2 3,13,5,4,2,12,0
243017 236797 2 0,1,9,9,2,13,11
163739 169095 3 1,7,5,4,13,4,4,12
154022 237826 1 8,1,1,4,3
281032 293837 3 6,8,1,1,8,5,14
191489 142331 3 8,1,15
15536 359685 1 3,1,5,7,10,6
315103 287482 2 4,3,8,3,7,1
113129 333146 1 0,15,14,3,2,3,5,7
319509 228941 2 7,13
91521 107474 2 6,11,4,3
261818 192203 2 5,2,15
325464 15728 1 8,7,3,7,5,9,3
165945 67024 2 13,15,7,6,1,11,4
87722 376823 1 5,1,12,2,7,1,12
44699 169485 2 9,13
123794 101749 2 0,6
106564 268165 1 8,8,0,5,7,6,14
98330 52431 3 4,6,12,1,5
71415 106037 2 13,13
50876 313840 1 2,8
14351 264415 2 7,4
349742 258486 1 4,0,8
245748 161968 1 5,5,5,3,5,3
17417 180473 1 2,4,7
200853 210732 2 11,2,3,4,4,6
276117 54082 2 14,7,8,15,5
10893 113575 3 0,13,13,5,8,11,7,5
90188 210042 2 5,1,9,3
136375 218611 2 3,12,8
296036 283386 1 15,12,10,5,6,3,4
260909 191443 1 9,3,13,1,4,7,15,4
366344 332553 2 4,7,0,3
141528 57340 2 12,4
348746 25019 3 12,7
379440 121949 2 1,13
259425 282421 2 12,7,3,12,0,8,2
33785 320221 1 3,10,15,4
321921 199900 1 15,3,8,10,7,10,1,14
28330 50503 2 10,4,3,6
343246 179857 2 6,15,8
40723 123688 3 6,3
52391 254639 3 13,6,4,13
354634 368137 2 6,4,14,2,1,12
234729 225617 1 8,7,13,0
300632 223832 2 7,3,7,3,13
142146 309673 3 0,5,13,1,12,2
44494 372829 3 3,7,13,15,4,7,13
171005 28203 3 6,14,0,14,1,13,13
248428 266052 3 13,14,2,6,5,14
153904 60028 1 5,5,2,1,13,15,8
111149 182919 1 12,9,7,3,3,5,10,6
258909 257433 1 7,7,6
216422 93851 1 7,4,4,10,6,5,4
214543 259390 2 6,3,9,4,12
202873 277598 3 1,5,5,0
98732 164019 1 3,5,12,4,5,7,3
283409 52254 1 11,4,12,15
173873 295474 2 1,9
272878 249272 3 3,5,9,13,0,9
361913 8481 3 13,12,12
305554 99239 1 3,1,12,4
264732 122899 1 5,3,2,15
31412 111367 2 8,12,3,3,4,0,7
319646 379064 3 9,4,4,4,9,7
216739 316680 1 1,7,8,6,9,1,14,9
81879 211685 1 7,2
377145 64834 1 3,2,7
6774 135560 1 11,8,7,13,0
348793 210352 1 8,0,12,2
321918 270575 3 8,8,5,4,15,9,7
112882 148841 2 3,13,3,3
52948 250008 2 5,1,2,3,10,13
9168 333099 2 3,11
62143 304197 1 13,11,8,8,0,4,7,9
214506 109065 1 5,12,15,10,7,7,12,1
72788 283303 3 12,12,8,10,7,6,7
196951 303495 1 2,12,12,12,3
50615 202200 1 3,15,8,13
270175 321862 3 5,8,4,3,5
177223 341647 1 13,5,8
49574 117510 3 15,6,15,3,4
39965 294895 2 12,3
327775 175947 3 13,3,1
139232 79314 1 7,8,7
315352 155582 3 1,5,12
375565 339717 3 8,0,15,7,7
366953 378279 1 3,6,7,7,6
107718 54279 2 8,3,3,3,9,2,6
207780 336866 2 6,12,5,6,8,10,3,6
131829 104525 1 12,1,0,12
116658 84477 3 3,4,3,14,13
268355 258225 2 6,6
178889 4172 1 7,8,1,12
299920 82995 3 1,8,1,2
37396 333784 2 7,13,4,3,6,12
197941 12737 1 3,14,8,3,3,4,14
282976 323935 3 1,3
58163 203563 2 12,10,1,4,1,1,8,6
287139 325528 3 2,3,2,12
59847 297798 3 15,10
260554 355495 3 2,6
156144 183891 3 8,12,10,4,10,1
374434 174367 1 8,13
360604 198790 2 6,7,8,9,12,1
203491 241547 1 8,14,15,7,7,1
116872 222536 3 7,14,10,6
237801 172510 3 4,8,4,3,12
302310 92237 1 2,0
353981 241826 2 0,5,8,4
84514 345888 2 1,14,8,7,6,14,7,11
17585 283968 2 4,1,7,8,4
211334 51671 2 13,15,5,7,1,7,3
207951 210158 2 2,5,8,8,3,4,2,0
96467 78025 2 5,13,8
207898 337918 2 3,11,13,8,7,4
253045 90813 2 3,6,1,4,6
273369 189657 1 14,10,13,2,8
350623 39236 2 6,8,4,7,6
267226 151986 2 7,12
249840 86417 2 0,4,5
366937 292306 1 3,12,6,7,13,3,8
163002 31436 1 1,2,7,7,3,13,8,9
147443 31780 1 5,13,15,4,7,4,2,3
6759 183246 2 1,3,4
205478 58253 3 13,9,11
231548 47958 1 0,4,12,3,5,1
127874 50406 3 4,9,5,7
170879 217838 1 10,9,8,1,12,15
302394 341925 1 8,12
267500 174431 1 0,3
334832 141792 1 5,7,14,4,3,11,0
139906 203976 1 5,6,13
291697 5307 1 10,4,3
27674 186524 1 0,13,12,5
55038 56207 2 11,4,7,7,9,3,0,0
61600 213735 2 12,1,4,7
342987 59600 2 9,11,3,2,2,3,11
188624 142772 3 15,13,12,0
369105 48655 2 13,3,4
86425 349823 2 10,2,14,4,8,9,7
6897 216837 2 15,6
278892 172081 1 5,7
99617 211598 1 9,12,3,4
2742 280931 3 8,6,3,4,3,6,9,0
242098 12977 2 15,1,3,6,1,7,14,12
147441 337517 3 7,14,7,8
228137 372639 1 5,11,13,4,13
314707 296500 2 7,4,3,14,11,1,0,9
146639 335563 3 10,5
60822 181950 1 15,3
13779 99308 3 14,8,4
59275 62575 1 13,4,8,13,3
121586 149986 2 4,4,9
175640 82639 1 1,13,4,1,12,5
116282 117402 2 0,1,13,4,0,5
277654 13456 1 3,13,4,9,7
288637 293046 1 8,5,5,8,4,1
362170 334675 1 2,0,7,5,13,6,12
234706 104772 1 4,8
192523 322990 3 9,8
295624 30163 1 2,7,15,3,1,5
127156 91373 3 10,3,4,9,6
104189 233136 2 1,1,3
118112 50327 3 8,5,4,4,6
301920 19664 1 6,1,2,1
152270 83029 3 4,2,4,6,5
33686 218092 3 2,13,0,13,1,6,8,6
29624 278412 1 2,12,1
375970 232196 1 5,4,4,13,7,8,12
258856 271031 2 8,9
366971 188334 1 13,2,1,1,1,9,4
373293 22404 1 7,5,3,4,10,5,3,5
75617 334520 1 13,5,9,6,3,12
139228 84717 3 14,14,13
113023 106281 3 7,12,8
211688 54236 1 1,8,6,7,13,6
374227 112247 2 14,0,15,12,10,1
315282 370651 2 15,9,12,9
147627 132659 2 9,13,7,3
7324 280090 1 7,10
236447 16279 1 4,5,11,4,2,8,4,1
32305 209953 1 12,2,7,3,1,8,12,12
251692 51110 1 11,7,4,3,3,4
285472 167403 2 9,5,3,1,13
351457 346019 3 4,12,1,11,2,6,7
99431 380771 3 1,0,4,2,7,4,5
315208 242606 3 12,5,10,5,4,14,5,4
266969 74284 1 0,1,13,13,9
249176 250238 3 8,10
314690 160906 2 1,8,7,14,5,5,8,3
74367 222161 1 13,3,12,8,14,15
7576 307071 2 1,10,9,8,15,12,12
339134 197000 3 3,14,3,10,8,8,5,7
133034 289678 3 6,0,7,4,3,4,6,8
93721 296419 3 9,3,7
167421 281395 1 3,7,4,6,12,13,7
204244 225998 2 2,6,8,7,3,15,12,14
309141 207103 2 11,2,9,0,1,5,4
25723 255307 1 1,2
63427 158030 1 4,15
2688 299370 2 10,9,7,12
332161 207167 3 12,0,1,1,6,13
124511 117229 3 4,7,7,0,14,15,4
234561 321431 3 3,5,4,1,8
283305 57769 2 9,13
114445 226894 3 4,3,5,3,8,6
218603 138518 1 1,4
56763 18029 1 13,11,3
379148 55977 1 5,7,7,14,2,8,8
100407 200622 2 2,3,6,3,8
371153 186347 3 6,13,10,3,4,12,14
284612 190414 1 14,1
138006 320890 1 12,5,6
88436 354642 3 2,6,5
351711 383243 1 8,4,4,14
267793 48654 1 7,5,12,6,14
89308 196960 1 5,14,4,4,5,8
319205 121856 3 11,11,6,8,8
51910 231367 3 11,7,7,1
229192 68899 3 4,12,8,4,8
77109 197548 2 6,15,2,5,8,5,3,1
170576 370366 2 2,5,1,13,5,8
37184 232039 2 12,6,13,7
27460 251221 2 13,1,8,2,12
214111 350749 3 15,8,5,3,14
265874 265651 2 7,0,3,10
195553 261385 1 2,1,2,9,10,8,15
69532 112362 1 7,0,3,3
296373 143186 2 15,7,3,1
161850 48686 3 3,14,0,4
120220 8274 1 9,8,6,5,5,15,4,11
258233 109780 2 11,7,4,5,14,9,12
303207 249353 2 3,5,6,14,4,0,2,12
189499 180851 1 12,9,9,5,2,15,2
330088 55483 1 6,7,1
304253 82958 3 9,8,10,4,3,5
176884 253742 2 12,13,12,14,7
337040 374620 3 5,4,4,8,1,5,4,3
352001 130645 2 6,9,3,10,6,7,6
150274 193961 1 3,3,7,4,9,11,1
182832 383030 1 11,8
33553 324638 3 6,4,15,15,7,7
242129 43866 2 8,8
39227 339296 2 14,13,5,5
231915 314039 3 4,14,7,10,5,8,9
52269 281509 1 1,3,11,0
229512 317727 1 7,0,13,11,8,9
42819 246878 1 4,7
85193 358907 3 2,8,5,1,3,14,14
208453 141691 1 6,5,5,8,7,1,1
352658 137773 3 1,7,9
311371 288479 1 12,2,7
238450 262985 1 4,12,12,8,8,3
126801 113692 1 8,5,5,1
114807 108695 2 6,11,13,12,11
342384 84831 2 12,8
138957 210742 2 3,7,4,10,4,3,2,7
142671 299948 1 3,11,4,7
148467 335815 2 15,3,0
270769 144937 1 15,6,14,4,4,3,11
135804 165298 2 6,3,4,6
4976 352318 3 1,2,3,9,4
275188 276173 3 8,12,12,4,5,0,12,3
378740 3987 3 13,2
361330 39533 2 7,10,6,5,14,1,12,3
309327 129468 3 3,6,1,1,12,4,4,4
223726 266472 3 2,2
330745 148013 2 13,11,1,1,3,5
318341 7340 3 0,12,2,0,8,8,14,0
135961 343701 1 13,8
226315 159786 2 4,9
55115 95913 2 6,15,14,4,1,5
35499 312941 1 13,15,14,5,9,11,12
109023 150829 1 2,11,5,3,8
118241 265479 2 6,4,2,12,3
125948 82383 1 10,8,6
124729 213173 2 12,7,7,4,1,1
67200 69571 1 9,7,5,3,2,9,14,5
213666 383302 2 1,3,14
88751 103149 1 14,4,10,3,13,10
131163 369690 3 13,12,10,4,11
72159 174624 2 9,3,8
109808 40034 2 4,15,13
163020 155270 2 13,13
345934 337552 1 2,9,9
36880 14759 1 11,14,4,12,2
221554 9180 3 0,0,10
216318 186963 1 13,5,10,14
179583 86484 3 2,3,3,12,8,0,12,15
14934 233972 2 11,12,9
56403 108735 2 0,3,6
68987 319970 1 1,1,13
139161 120929 3 12,3,4,13,0,12
584 248950 2 6,10,10,9
120671 375515 2 10,12,1,14,1,3,8,4
259954 81347 1 15,9,8,12,2,12,2,14
370747 105747 1 7,5,14,1,12
128368 100389 1 1,4,8,12,3,13,12,0
287679 76540 3 9,5,9,8,4,13,6
88296 265813 3 8,5,7,14,1,7,15
106876 370861 1 10,13,0,14,11,9,1,8
252329 35023 2 1,1,3,4
11465 44337 2 7,3,9
269635 55241 2 5,7,14,8,0
211722 76016 1 6,13
368163 216201 1 5,1
381753 5550 1 9,4
207651 40763 1 8,12,14,1,9,7
183805 320668 2 0,1,11,4,12,5,2
305427 99073 2 6,3,1,5
41703 170094 3 6,3,7,15,2,13,5,7
15682 321945 1 4,2,2,10,8,3
69628 17888 1 8,5
84314 139129 1 2,5,4,13,8
45701 241744 3 11,5,1,4,2,7,4
230240 38825 1 7,2
76263 98107 3 3,7,7,5,8
219282 194267 2 2,10,11,2,10,7,10,15
179033 151515 2 4,14,7,3,1,4
316146 215319 1 8,15
54209 43495 2 8,1,12,4,5
169658 312859 2 12,1,1,14,3,14,4,4
331754 233207 2 5,8,3,6,3,3
228320 290285 2 12,3
355014 43366 1 1,14,7,2
195372 304942 3 13,12,5,9,1,13,13
237292 67654 1 8,11,6,12
218336 262192 1 4,5,2
59173 154909 2 3,15,3,3,6,4,4,1
272079 135351 3 12,12,8
216816 284107 2 5,5,14,2,2,6,7,7
310441 354395 3 7,3
359146 1610 2 8,4,6,8,6,8,8,4
282128 319448 2 8,15,11
321885 320293 3 15,7,1,4,8,9,9,8
83465 98218 1 6,11,13,0,12,13
356632 329683 3 14,13,7,0,7,7,2,4
165826 54321 1 3,7,7,8,6,5
249502 374417 3 3,0,7,11,6
358734 355211 2 7,5,3,12,7,4,2
86618 345213 2 9,7,15,3
106827 120223 2 0,6,6,2,6,1
328517 318303 1 11,6,13,7,5,4,5,5
80855 203702 2 7,5
370318 20844 3 14,12,8
232790 84087 3 8,9,1,8,1,8,2,15
61836 372437 2 3,5,3,6,5
167354 219283 2 0,2,14,3
266496 35190 1 12,2,10,12,2,15,1
50876 329061 3 5,5,6,1,12,8
257641 12851 2 10,14,12
148165 205984 3 11,15,1,14,12,12
281914 323756 3 15,1,7
218663 145757 3 0,7,8,2,7
185184 206537 1 3,8
166602 334236 1 14,8,12,7,13,3,1,7
344099 148843 2 7,4,8,3,13,12
257394 254840 3 7,7
167820 354989 3 6,2
113837 12524 3 14,15,11,5,5,5
252722 211231 1 4,15
296936 81822 1 4,12,8,8,3,1,5,1
197014 125325 1 7,6,14,1,3,13,6,5
234599 202017 3 1,4,0,13,5
304689 296778 2 5,15,5,13,13,5,7
28856 82088 1 7,6,3
228094 173798 3 8,3,3,1,4
44238 29378 1 1,0,2,3,9,8
89126 136737 1 4,11
789 111081 3 12,4,4,3,2
2524 85567 2 8,7,4,10
251859 316505 2 12,3,4,9,1,12
321630 198331 3 15,6,5,10,12,15,4,3
249298 136602 1 4,7,3,1,8,6,5,2
76589 283959 3 6,14,3,3,12
67942 250774 2 0,1,4,0,13,13,5
159577 343774 3 13,4,8,4
47419 71731 1 15,5,6,14,12
264879 328763 1 1,4,1,13
215776 314273 2 9,7,15
317464 310046 1 1,4,3,4
80933 314096 3 6,3,12
109926 206826 3 6,3,14,14,5
369004 18095 2 4,8,7,7,15,3,0
359514 102226 1 6,12,13,4,4,13,4
8621 275008 3 8,6,3,7,9
238906 332105 3 14,3,13,13,15,14,3
166973 179350 2 8,3,12
152393 180703 3 0,7,0,1,9
199779 250478 2 3,4,4,8,0,12
38645 365840 1 2,5,1,15,14,7,10,7
270776 93004 1 12,5,12,5,8,14,8
88920 67784 2 4,1,1,7,15
50596 363631 3 7,4,12,12,5,8,7,8
224648 273879 2 8,4,4,8,8
164260 315254 1 5,1,1
132581 72984 3 14,2,8,5,12
110177 163333 3 9,11,7,3,3
51920 379086 2 1,7,2
240420 135740 2 5,4
369708 172502 1 4,13,13
338805 192880 3 4,12,8,6,0,2,11
206248 201617 1 7,1,13,7,15,14,3,5
258785 360394 1 4,12,3,6,11
168178 348176 1 9,14,4,11,7
133621 257137 1 1,6
49872 204194 1 11,5,9,12,7,12,7
277878 109431 1 4,6,6,1,4,9,4,3
83789 78991 2 13,7,8,12
303327 382672 3 10,8,9,8,5,3,4,5
369668 228759 3 13,9
39030 265407 3 9,8,8,13,1
219433 370488 3 4,6,4
43776 104238 1 7,4,8,12,1,4,4
372580 66622 3 8,15,4,3,3,14
4133 360999 2 15,4,10,14,1,11,8
328145 36533 1 9,15,3,1,10,1
193470 162200 3 8,3,4,8,5,9,9,8
102639 50141 3 3,3,2,3,4,5,5
193142 203152 2 12,1,11,9,8
269097 50721 2 11,6,8,5,11,3,6,11
345169 346801 3 5,3,5,7
117230 302394 2 6,13,10,3,1,14
285469 153326 2 6,13,3,1,15
284303 306576 1 1,5,5,4,9,8
230618 135160 2 5,6,4
249158 72546 3 7,8,4,3,13,8
113745 173547 1 8,1
86426 366035 2 5,10,14,0,3,0,14,12
32812 53919 2 11,7,5,6
31774 320853 2 2,8,1,6
360954 315888 1 5,5,8
321629 186829 2 0,8,2,6
352579 309567 1 14,11,7,14,1,7,5
225536 115346 3 6,4,6,15,4
166354 252911 2 1,9,12,6,5,6,4,2
334363 235422 1 8,3,7,0,4,12,3
316856 169409 3 1,7,6,4,6,13,6
150781 302953 1 9,7,12,1,7,12,2,8
378692 158746 2 8,13,10,9,4
135802 241116 1 6,3,15,5
369111 381151 1 11,15,14,4,4,10
197544 231584 1 3,4,13,8,13,13,3
321249 313814 3 8,9,8,0,4,7
329943 286481 3 9,1,15,12
153973 45529 2 3,1,8,7,10,8,5
94047 30449 1 11,7,6,5,12,9,0,7
130362 60012 2 7,14,5,3
36451 341270 1 4,2,12,8,3,7,8,12
262204 157582 2 3,0,2,15,1,5,2,1
175473 73608 1 13,4,8,9,7,1
177623 286702 3 12,0,10
20528 247602 1 1,8,12,11,6,10,15
280110 326073 1 1,6,1,8,7,10
30755 95882 2 1,4,7,1,1,3
260569 113029 1 7,6,6,15,6
316348 24512 3 7,14,9,10,1,3,8
297341 346346 1 4,8,14,5,4,14,3,3
329265 203710 3 11,0
19617 119219 2 0,12,5,14,0,1
36689 72740 1 6,6,7,6,15,0,7,7
292806 337724 3 2,4,1,3
234853 172301 1 4,3
283350 209685 3 4,13,7,13,4
264823 274909 1 7,5,1,1
100118 376557 2 3,8,8,5,5
5398 255938 2 6,4,2,13,15
253182 250659 1 5,4
4682 154521 1 13,1,2,9
136198 196445 1 4,1
13006 169258 2 6,11,3,1,8,7
285664 237551 1 10,3,4,8,6,12
262556 18996 3 0,7,5
12843 157427 2 5,11,12,5
8964 66756 1 3,4,2,5,8,3,14,12
163326 91693 3 6,6,7
198475 359895 1 9,4,15,3,14,1
87260 63779 3 15,9,4,1,8,5
297715 229760 2 5,3,6,12,4,9,4
212103 313433 3 3,14,0
383391 212885 3 7,3,13,1,2,4,15,3
345483 222960 1 4,1,5
132866 345236 1 5,3,6,8,1,6
289955 179748 1 1,3,3,14
319434 220521 3 3,4,1,9
129702 293918 3 1,15,2,3,6
347099 354423 2 3,7,14
273113 7529 2 9,14,4,4,4,6
165726 173750 3 14,9,4,12,4,7
107660 118078 1 12,13,5,8
231694 220593 1 9,2,3,3,0
289030 341545 1 4,3
297885 95543 1 5,7
55836 192548 1 0,3,6,0,12,15,8
234017 282765 2 12,9,11,14,4,7,2,1
321572 236846 3 3,14,8,12
353611 267859 3 1,13,3,12
241371 176989 3 7,12,12,14,0,11,2
374418 186502 2 11,7,2,7,3
312853 169104 3 2,1,9,1,0,8
18324 80731 2 7,3,0,12,13,2,6,5
225602 78151 3 7,14,2,12,3
314523 15949 2 6,8,4,11,12,6,3
232451 70750 3 0,6,8,1,12,3,11
138837 68070 3 2,0,2,14,7,10
124408 166095 1 8,15,15,3,4,4
211327 353544 2 11,5,4,10
100150 111294 3 4,8,1,12
54251 174894 3 8,4,5,15,4,12,2,15
295187 148598 3 2,1,3,8,9,11
68914 333852 1 10,15,9,12,10,3
117962 17058 2 13,8,1,5,15
218227 352573 2 15,14,2,3,0,4
60757 221989 2 7,3,3,8,7
132877 217589 2 12,1,5,12,12,8,8
217889 126586 3 10,3,1,15,4
104595 157293 3 12,12,4,7,5,11
180037 91296 3 11,11,0,4,3
98892 368428 1 14,12
144299 337432 3 7,15,13,0,14,6
27348 141067 2 1,1,7,13,1,15
257936 174811 1 0,8
313286 242129 2 11,5,5,6,13,4,15
263502 112269 3 9,14,1,12,8,9
12919 108090 1 6,13,15,1,7
189293 247984 3 0,1,12,2,3,9,3,7
125883 223433 3 1,11,3
240833 179524 3 0,0,2,9
116366 157681 1 14,9
362975 379893 2 5,4,5,9
211519 330287 2 5,7,13
214806 350186 1 14,14,4,2,4,6,6
378648 99969 1 4,5,4,10,6,3,8,14
378540 59570 1 4,5,0,12,9
190806 271803 2 6,1
46843 197317 1 4,14,7,8
318094 322208 2 4,6,13,5,7
280513 171077 1 1,14,6,0,4
35735 20670 1 2,7
78497 336887 1 1,13,15,1,14,3,5,13
142520 190992 3 1,7
374839 85296 2 12,6,7,8,7,15
312844 290542 2 8,4
14790 328320 2 8,10,7,4,4,8
199648 101337 1 4,6,1,1,3,15,12
255897 350752 2 8,8,7,8,4,2,11,1
79592 383908 2 4,1
208867 363785 1 1,15,6,14,12
16475 46976 2 12,0,14,12
273580 50678 3 1,12
301668 294240 3 9,3,6,9,5,13,4,2
308966 187734 2 11,8,14,6,1,7,1,3
72211 307967 3 5,6,0,3,5,3
298804 45315 1 8,12,5
47884 320459 2 11,3,3
343108 176214 1 1,14,15,2
122507 125465 3 1,4,3,3,8,5
100983 259708 1 12,14,6,5,6
128780 273909 3 2,8,8,4,12,3,3
287269 129910 2 4,2,1,2
190073 124377 2 6,2,1,3,8,8,4,12
125604 66457 2 3,10,1,2,13,8,9
5906 74332 3 11,13,4,13,5
234866 60362 3 3,11
1769 134104 1 7,2,12
259653 350165 1 6,6
55122 306379 2 1,0,15,7
359028 220112 2 1,8
103877 233306 1 1,2,1
263841 318639 2 5,14,12,12,12,12,12,13
310077 8891 3 9,1,0
228446 239978 1 3,7,14,0,14,5,15
240861 292733 3 6,1,2,15,6,2
125548 228933 1 6,9,8,3,2
36289 53390 1 6,0,0,10,13,6,12,0
275609 86509 3 7,6
8958 345198 1 5,3,2,7,14,3
210695 266265 1 7,15
32575 293201 2 1,7,7
284459 274546 3 5,6
115301 91629 2 1,1,5
145589 310823 2 15,14,8
68358 192311 1 3,2,1,3,9,7
309005 152226 3 4,9,7,6,6,6,8
88042 150380 2 5,10,9,3,1,13,3,3
126963 69153 3 4,7,4,5,12,9,8,7
368570 205929 1 15,3,7,13
205767 231611 1 14,4,1,12,3
110377 171619 1 6,1
351760 375608 2 10,4,9,4,12,3
280496 187833 2 7,13
43359 110286 3 6,8,12,8,5,0,0
372374 220343 3 7,14,6
335063 306960 1 15,14,3,3,9
75205 97495 3 7,7,4,0,8,11,2
145443 172262 2 3,7,4,7,13,1
46564 77957 1 14,4,5,4,10
239175 12004 1 7,13,3,4,8,9,2
183554 81454 3 3,5,3,15,11
1193 332136 3 3,1,2,0,10,3
225398 268110 3 14,9,3
252516 163039 3 3,5
175627 210437 3 13,3,5,10,4
71488 311889 1 14,9
241787 35824 2 6,3,8,11,7,7
330460 336719 1 9,9,13
379489 242229 2 8,14,11,9,7,9,5,12
376161 121384 1 7,1,8,5,3,2
308209 60665 2 12,5,9,2
240307 824 2 3,6,1,1,8,6,4
239399 82653 1 3,1,5,6,13
233031 246178 2 5,3,7,4,3,5
76693 46258 3 14,12,5,14,2
275246 140649 2 0,8,7,14,1
60869 191469 3 3,3,6,6,0,10,1
263913 278484 2 4,13,9
123773 155696 3 13,3,14,11,5,6,6,5
339489 97715 2 5,7,5,11
45349 236946 1 12,8,5,7,14,9
374051 180965 3 1,5,14,4,15,10
234564 294297 2 12,4,13,4,7
295551 380965 1 7,3
64720 257260 3 9,14,5,9,7
211636 331359 1 3,5,8,14
177662 347351 2 14,12
159332 103565 3 2,3,8,4,3,8,2,0
52495 315200 1 0,4,12,12
74289 362462 2 1,10,5,8,4,1,4
232662 256814 3 12,1,0,5,4,3
38453 257350 1 6,6,9
50344 155369 2 8,6,8,6,4,3
94146 95871 3 4,8,7,6,11,8,2,1
199739 27877 2 3,7,6,4
193094 141296 2 5,9,14,7,2
349058 369228 2 3,15,3,3
373348 350375 3 12,2
99200 38826 2 5,12
9555 18027 3 2,3,6,5,3,6,5,3
245271 148149 1 7,9,1,1,1,6,11
54853 141595 3 1,10,11,8,6,1,3
316043 241079 1 7,3
24077 338845 3 2,4,13
24831 28754 1 8,8,8,4,4,5,12
42599 120746 1 2,3,2
307412 215127 3 8,13,6,3
126166 101207 1 7,8,5,6,8
9554 304115 2 6,6,12,3,14
134526 132504 3 1,0,4
15441 154916 2 7,2,1,4,12,7,5,7
213307 273139 1 1,4,13,1
364429 159015 3 4,6,3,3,7,8,6,8
64346 257942 3 13,12
340023 287726 1 5,15,11,6,3,8,1
118434 86785 3 8,12,12,2,5,4,7
259873 182028 3 7,5
134640 70223 2 8,3,12,15,14
110185 369786 1 3,7,10,13,6
185820 87246 1 13,8,8,0,7,4,12
347350 358006 1 7,4,4,6,4,8,15,9
284007 270581 3 2,8
327451 5939 2 6,3,4
278475 122415 1 4,2,4,7
236709 255103 2 12,9,13,10
60437 118163 1 8,3,7
3084 165287 3 9,3,8,5,8,10,4,6
80008 360834 3 4,0,1
375400 148606 1 0,7,12,9,3
160652 246302 1 1,15,1,12
149817 177754 2 7,7
140546 151438 2 5,8,4,2,7,3
108989 283024 1 12,3,13,2,9,5
278562 62004 2 8,8,1,13,8,6
171103 381474 2 4,3
369966 147754 3 10,5,7,7,1,1
126580 338081 1 15,8,6,3
1888 321808 2 5,12,6,12,0,3
234330 83174 1 13,11
208127 231983 2 5,15
214143 231739 2 1,14
42188 58011 3 4,11,4,15,3
39014 374368 1 1,6
319736 341860 3 8,8,0,7,7,10,12,13
89173 157133 1 3,1
308865 290682 2 3,1,4,0,15,3,12
36991 145770 1 2,8,11,11
158444 247826 3 7,3,5,13,10
186943 321280 1 9,5,3,7,9,13
211499 346612 3 13,1,7,3,3,5,4
151973 192489 3 13,9
56466 22023 3 1,15,1,2,1,1,6
40158 13210 2 12,3,3,7,7,3,7,4
12922 121089 1 8,1,12,15
351937 236454 1 3,4,1,0,7
355271 359686 3 9,10,7,4,8
382991 26931 1 7,3,6,8,13
283727 94247 3 5,4,8
111721 15245 3 3,4,7,11,5,3,11,12
7086 178040 1 6,9
98378 25401 3 5,11,12,12,4,1,14
213785 5411 3 5,3,9,1,3,2
246858 149991 2 6,5,7
317894 84922 2 12,4
267924 47166 2 12,8,12
183587 20570 2 13,13,7,14,14,12
357528 76508 1 1,7,4,13
190538 150479 3 7,5,0,12,11,7,5
303717 229540 1 11,12,7,11
88061 29354 1 7,4
193977 361167 1 2,15,3,11,4,3,3
162396 93884 1 1,3,9,12
378065 67521 1 15,2
110182 280812 2 8,10,8,3,5
138149 268852 1 7,12,13,5,12
359162 169402 1 15,2,5,14,3
303155 353461 3 5,4,1,15,7,7,5,3
30870 319246 1 4,12,2,8,7,4
84873 47810 3 6,8,6,13,6,2
219663 39015 3 4,3,8,3,1,8,12
234233 77553 2 12,7,0,12
144967 351333 3 13,2,9
113328 120840 2 11,11,3,14,3
106342 174342 2 6,5,4
90242 128503 2 3,12,6
92303 208565 3 5,6,3
112740 103838 2 7,6,7,11,10,12,6,6
219752 239755 2 5,2
332049 204252 1 9,9,7,1,14,3
247690 343957 2 8,6,14,9,0,15,8
91350 336472 2 1,4,9,11
306024 364691 2 14,1,3,14,3,4
228629 77141 3 10,1,3,7,10,4
313542 351391 2 8,8,13,2,8,3,3,3
337851 146959 2 9,6,9,4,7,15,1
131936 119018 1 11,11,12,11
186779 382716 3 13,8,3,15,14,4,11
151284 364213 1 3,1,14,13,3
111754 211909 1 3,8,0,5,2,5
335184 101704 1 1,7,1
164962 380442 3 6,7,7,2,5,3,12
382893 252615 1 8,4,3,9,0,4,5,4
261731 361564 2 15,15,9
76236 338946 1 14,8,12,12,1,1,4
53181 269118 2 3,5,14,15,1,8
68788 336319 1 12,4,0,5,8,9
172311 44045 3 12,4,0,5
252079 183194 1 5,10,6,4,5
140920 23597 2 12,0,1,7,10
109990 341551 2 6,4,8,13,13,12
252959 75513 1 1,10,11,4,7,15,9
47661 34995 3 5,4,5,9,1,2
324243 272930 2 4,12,10,14,13,4,14
87067 294685 2 12,8,4,1
131807 37323 1 7,3,6,8,12,4,14
69943 225187 3 1,7,3,14,3,1
358816 36217 2 14,9,7,1,1,8,2
223261 176039 2 8,4,0,0,0
314161 131713 1 7,6,4,4
17327 13645 2 8,3,5
287703 144563 1 3,15,9,13,4,13
149593 256831 2 8,8,2,3,13
314380 326887 3 1,5,4,4,1,4
296284 109988 2 7,3,3,8,5,12,3,7
360640 263427 2 14,14
316452 247738 2 1,1,1,4,1,13,4
146444 225452 2 9,3
140351 224128 3 8,13,5
286498 118069 3 9,12,4,4,7,8,12,5
50592 312781 1 13,11,7,1,1,15,6,7
6430 238533 1 14,14,8,1,14,8
364682 194403 2 8,2,2,9,5,14
31471 184222 2 1,12
67028 87594 1 12,8,8,0
356635 307798 3 7,4
111654 17625 3 8,11,2,4,5,3,7,0
298089 142765 3 1,8,1,3,5,15
289215 318471 1 14,5,1,4,0,13,14,4
186712 238896 1 3,14,11,8,0,3,9
83539 97682 1 0,7,10,15,13,1
114006 107381 2 12,5,15,7
95391 215844 3 1,7,5
241286 379023 1 15,11,10
218756 367174 2 4,5,13,6,15,1
333779 98440 3 7,12,5,8,3,2,4,14
73499 319973 1 5,3,0,8,6,8,7,8
363002 64952 2 15,3,8,11,1,3,11
251926 351553 3 4,2,4,5,9,7,5
328076 310944 3 7,8,11,2,7
261822 74617 1 14,1,8,8
121334 274678 2 4,4,15,1,5
299003 119686 1 6,1
61039 110241 1 5,3,5,7,11,14,8,1
331088 219507 2 4,15,12,6,13,14,0,6
350958 112929 3 4,6,4,0,6
26860 35922 3 7,7,5,9,14,8,12,3
91092 153792 1 3,6,9,14,13,3,13,8
252107 54669 3 3,1,8,7,13
352870 10603 3 3,3,3,3,3
229158 173811 2 8,3
68731 184833 3 5,9,13,3,7
136225 206209 1 12,7,14,3,8,3,7
216617 242750 3 5,12,13,1,12,12,14,2
140468 150031 2 14,1
148599 188643 2 14,1,12,3,5,15,5,15
195327 181234 2 4,15,12,1
95431 352298 1 8,3,12
203215 56471 2 12,10,4,13,12
53503 70124 3 14,14,8,15,5,14,4,12
89262 257274 1 13,0
264828 308785 2 2,15
336791 116975 2 14,12,15,7,9
332033 234922 2 6,3,12,3
229163 69475 1 14,12,8,3
293712 371380 1 3,2,8,12
200405 119273 1 1,7,3,0,4
304583 205648 1 6,8,8,4,2,13
229699 339748 2 8,5,13
365509 3526 2 12,13,9,4,13,5,7
375602 70550 2 9,6,15,7,12,14,7,13
163497 169397 1 9,1,4,12,0,7,13,7
142410 249507 2 12,9,8,5,5,9,6
49886 372617 1 5,12,5,5,6
238079 205373 2 7,2,1,4,12,4
356689 353629 3 7,13,6,0,5,5
287062 230272 3 10,8,6,3,13,7,8,12
376511 226449 3 7,12,10,1,6
92420 223905 1 14,12,3,4,14
30828 381197 1 9,9
257890 55699 1 14,13,4,4,6,2,4
301137 173015 2 4,2
368049 234915 3 7,12,5,5,12,5
222442 380135 3 5,6,4,14,14,15,6,4
230927 38395 3 8,10
77049 73057 1 2,9,1,3,1,4,12
265585 323083 2 4,1,9,13,5,1,6
46569 268025 1 14,10,4,7,12,5,14,12
111786 310649 3 7,9,14,6,4,8
250690 119293 3 8,2,14,5,6
137292 343724 3 12,10,5,3,7,2
84294 231355 3 1,5,7,3,2
348502 129355 2 4,5,14,11,0,7
242046 329553 2 1,6,2
20417 64919 1 7,5,3,12,2,9,9
47613 199088 1 4,6,3,5,13,13
259930 179304 3 1,3,7,14,7,7,8
46510 18811 3 7,7,7,0
67668 342861 1 14,4,7,12
74199 342918 2 12,7,9,15,0,1,2,7
56515 78032 1 13,12,12,6
7668 147629 3 13,13,8
108919 17977 2 4,7,10,6,5,5,2,5
365048 299257 1 6,2,4,2
3057 301421 3 13,4,7,8,15,4,9,15
211925 16380 1 5,5,13,1
164313 379987 3 11,5,1
226145 218353 3 14,4,6
249706 158725 1 1,7,15,15,7,3,15,2
221664 146076 2 12,5,6,9
113831 171100 1 0,8,13,14,1,8,8
175337 180034 1 7,4,3,15,13,14,10
222820 330281 3 7,1,3,8,5,14
157217 320329 2 1,6
60274 383145 3 12,7,1,3,6,8
11390 45087 3 5,7
125738 202780 2 6,7,12
347017 116517 3 13,4,1,2,4,8,2
161753 70961 2 3,12,1,3,5,3,3
265165 168715 2 4,15
268411 311931 1 14,7
313893 183574 1 5,3
344510 153034 3 1,9,11,9,4,11
276888 291987 1 13,2,15,1
322961 117974 2 4,0
164159 90716 3 3,1,10
298195 380161 3 11,0,12
145607 31641 2 6,7,4,12,10,4
162720 275266 1 0,12,3,2,1,3
142083 364285 3 5,2,15,5,3,1,3,14
212563 13870 3 0,7
243758 295178 2 6,12,4
246496 164925 2 13,12
287674 67275 2 15,5,12,5,1,6
72450 383169 1 4,11,3,0,7,13
113441 194905 3 14,3,7,14,8,4,14
4400 66225 2 1,5
379977 328412 3 8,7
7018 334609 3 14,10
135782 333708 2 7,10,7,0,6,4,2,12
217820 231405 3 5,12,5,6,3
348078 320929 1 4,14,8,0,7,5
283083 342482 2 7,14,2,6,1,12,13
362445 293653 1 5,15,6,11,7,8,13,15
354853 113878 2 3,3,6
177969 379111 2 4,3,5
326248 1221 2 8,4,1,8,1,0,7
70253 79904 3 10,4,4,13,6,3,13
323598 333931 3 10,5,12,0,3,5,6
315277 326011 3 8,0
350062 345551 1 12,12,1
176339 23920 3 8,7,13,4
128629 84572 2 3,7,12,5
128898 265023 2 11,8
181408 135192 1 8,5,14,13,13,15
291613 178591 1 3,0,8,7,9,1,7
364918 137120 3 5,14
326467 17211 1 4,4,10,14,3,7
372401 121345 1 4,9,5,7,15
116102 366417 2 13,12,1
299787 327617 2 10,9,12
149272 342868 3 15,4,4,6,5,15,3
325349 173165 1 7,4,12,4,13
197356 98478 3 12,11
341114 151875 1 15,3
379628 177362 3 2,13,7,4,0,7,3
288797 369216 1 9,4
65214 107066 2 2,10,10,7,8
75021 251225 3 15,8
300721 131767 3 7,9,15,11,6,3,7
279595 365467 2 4,5,6,15,13,12
85805 41676 1 14,7,0,8
171314 240708 2 7,3,2,8,4,14
24401 165034 2 10,10,7,11,6,8,0
60523 334403 2 1,8,9,12,1
378857 373299 1 4,7
208370 310438 1 6,1
354586 53344 2 6,13,6
201596 113228 3 8,12,4,2,5,13
158164 6941 2 6,11,3,1,13,3,6
171371 126125 3 12,8
278673 172258 2 11,8,9
135658 225019 2 4,8,0,9,10,5
240678 158552 2 8,8
221543 187564 3 13,7,1,3
334532 124939 2 1,1
17681 117514 3 12,10,7
51023 181315 2 13,5
251249 119528 3 9,0,12,7,12
95708 111186 1 14,6,2,0,5,3
330478 59891 3 6,5
368707 334471 2 13,3,7
381660 175989 1 13,10,12,3,15,11
369291 351663 1 11,15,2,2,13
357090 349581 2 14,8,3,12
301032 40800 1 3,5,10,13,1,14
233756 257719 1 15,5,0,13,8
24303 144923 3 5,14,1,4,5,14
45537 284839 3 4,12,1,8,8
276453 311583 1 8,7,7
9997 168346 2 7,8,8,4
224936 15525 2 15,0,12
65523 263456 2 8,10,6,3,11,2
351499 321491 3 9,3,15,3
170769 101485 1 13,12,4,3,3
355596 383706 3 5,0,2,5,11,0
232375 54795 3 1,15,15,12,15,8
15531 26063 3 8,5,13,10,12,4
212343 71522 3 2,7
322308 38339 2 4,7,8,5
26792 152614 1 15,15,6
99482 169739 3 15,7,3
276017 271028 3 5,12,1,6
26777 288484 3 5,10,8,12,15,12,0
104324 181716 3 8,14,11,9,5
186468 336062 1 14,4,5,1,5,8,5,2
377879 121032 2 3,10,4,6,4,1,3
51915 338527 1 5,8,3,9,3
246652 295557 3 5,5,1,10,14,1
145498 260471 3 3,5,4
342633 111459 3 7,1,15,8,12,8,15
17442 140774 3 5,14,15,15,14,11,10,3
40368 346398 1 13,9,6,8,3,4
48520 224139 1 4,8,8
94989 46718 3 5,8,1,2,1
270585 92772 2 3,12,0,14,2,12
118044 322811 3 12,6,11
272950 171597 1 6,3,12
353818 366526 1 9,7,8,12,2,11,6,14
116031 62779 2 4,13,4,1
129182 10168 1 4,4,15,12,13,12,5,9
109310 106118 3 0,9,5,9,8
293040 190592 2 3,8,8,6,4,1
59402 147546 1 1,5,1,3
373720 47539 3 4,15,1,5
347645 267469 3 1,2,7,13,2,8
227919 113078 1 13,7,10
329370 255932 3 14,8
160426 85083 2 6,13,1,13,12,6
188775 70535 3 5,9
325175 145850 2 14,4,8,12,6,10,1
16282 187666 3 7,3,2,4,5
38086 137085 3 15,12,11,1,13,12,8
12072 122790 3 4,2,9,3,4,2,3,7
96495 223560 1 8,1,3,15,11,4,6,3
37841 176105 3 1,3,0,10,6,11
145122 370642 1 14,3,3,8,0,7,6,8
329105 197316 2 15,1,9
217517 230985 3 7,15,4,13,6,8
337058 100922 3 3,0,12,0
368174 336646 3 0,5
6057 293771 2 4,1,12,7
115558 176948 3 3,7,5,4,3
343008 7980 1 15,4
268047 132535 3 1,7
236418 2503 3 7,12,7,7,8,15
26149 83534 3 1,13,5,5,14,1
95645 67482 3 7,6,6,1
339265 173537 1 14,10,8,12,9
190740 199922 2 2,4,2,9,12,8,9,9
339428 93034 2 7,7,6,12
42601 362064 1 13,8,7,4,6,14,3,0
345679 195564 3 14,1,13,5,4
342866 182792 3 12,3,3,5,10,4
176824 39118 2 7,0,7,14,6,5
191892 377025 3 2,4,4
94899 332068 3 1,12,12,2,13
70587 89982 1 1,3,12,6,3
222374 64973 2 14,14,8,7
154138 132887 2 7,1,3
284038 150256 3 7,12
247484 119900 2 9,11,2,13,4,1,6,5
262024 382555 3 10,9,2,4,8
22549 2817 1 9,13
184619 91599 2 6,1,14,5,13,5,4,14
222627 28967 2 14,7,7,11
289569 79384 3 12,3
113106 40521 1 4,5,5,5,3,8,4,5
177078 125204 1 15,5
268330 150065 3 9,1,12,15
124138 98614 2 3,14,1,12
339492 127051 2 4,14,13
344930 311428 3 15,7,1,3,9
292629 307161 2 15,10,5
119440 224101 2 11,7
49201 193230 3 14,8,1,1,15
341524 54912 1 12,6,8
265102 376564 1 2,4,15,14,7,12,1
224056 289730 1 1,3,5,4,12,8,6
358868 231230 1 9,6,5,15
21774 223680 2 4,6,2,5
14469 185151 1 5,2
150903 179123 2 6,12,8,2,8
352654 37789 1 14,8
106781 205333 2 12,1,6
194695 30723 3 14,3,5,4
105802 382434 3 0,5
323807 188257 1 8,8,0
98743 124608 3 3,6,8
298837 42618 2 5,5,9,3,8,3,2
224631 22188 2 6,0,13,6
13345 70281 1 1,10,4,0,6
75185 336323 1 8,7,4,3,5,12
54917 374482 2 4,15,9,11
197194 194090 2 11,4,12,9,1,12,12,4
185207 47414 1 3,4,3,13
69592 107743 1 8,7
146851 237072 1 8,3,10,5,6,8
351745 132746 2 3,10,15
329659 41747 3 1,4,12,9,4,8
286387 163503 2 0,4,12,6
360789 5632 2 5,4,12,8,3,7
4673 64371 1 14,7,8,9,14,7
63261 190901 2 12,7,9,7,7,4,7,4
134451 14477 2 13,1,11,11
277522 268748 1 9,6,4,10
378335 319639 2 6,8
195488 117156 3 2,6,3,15,3,8
275344 89120 2 10,10,14,12,2,0,3,15
81731 45410 3 4,3,8,12
284785 326242 2 5,4,3,11,9,1,15,5
294510 116056 3 8,4,1,6,1,2
293835 378277 3 14,13,3,8
376285 31328 2 14,2,4,13
1834 137202 1 4,14
289159 133116 3 3,7,1
306060 363066 2 4,8,6,12,2,10
54907 170641 1 13,13,6,0,4,6,8
148545 128930 2 15,2,7
228218 135379 2 3,2,4,6,3,3,3,8
341682 59308 1 4,5,9,6,13,10
3762 234454 1 5,2,1,5,9
335492 212291 1 6,1,12
294724 168429 2 12,8,8
35970 153000 3 4,7,5,15,12,3,4,4
167186 158790 2 4,11,13,4,0,5,8
149942 362559 1 3,5,11,13,14,7
143840 146695 3 13,11,5,14,3
301996 166995 1 8,10
187529 4607 1 2,13,13,7
74390 195190 2 7,6,15,4,15,8,7
365202 200849 3 7,1,1,4,5
182788 308320 3 7,2
153702 61822 2 5,8,13,0
237621 228752 1 5,13,8,3,1
109260 94628 1 7,8,13,9,10
272209 168942 2 12,1,15
32846 99492 2 13,4,5,4
371411 155212 2 5,6,4,4,14,7,4,6
76782 45679 2 1,2
189840 40632 1 3,10
279887 55318 2 15,1,4,0
146273 163508 2 15,7,13,7,14
212858 252733 3 4,4,7
160131 46137 3 11,8,3,14
89582 330877 1 3,8,6,8,3,13,9,8
252539 83490 1 9,4,14,2,3
364471 34130 1 12,12,14
33439 124308 2 2,5,8,6
121139 286551 2 3,9,4,1,12,3
319310 125825 1 14,9
245640 170576 2 1,3,12,8,15,3,11
286639 77767 3 5,9,11,4,6,15,11
128949 73517 2 5,12
221371 87115 3 7,7,9,15,15,6
79337 215011 2 4,9,10,9
361267 90259 3 8,1,12
269043 278403 2 15,9,10
213236 282245 2 3,13,8
266483 132796 3 6,3,6,4
203883 353092 1 1,2,6,4,8
95666 171249 1 3,2
110440 315984 3 4,13,8,10
75089 274625 1 12,15,7,4,8,11,3,10
248792 261230 2 3,1,11,7,4,11,13,6
201228 70013 3 1,9
103780 351573 2 1,4,3,7,8,5,8,11
197593 22929 1 7,3,6,6,2,11,3,4
42532 157207 1 5,10,3,8
77367 318062 3 12,9,1
202899 52725 3 2,3,12,15,7,10
16338 193471 1 4,13,7,8
264720 232724 2 15,6,14,8,7
115559 100232 2 7,4,5,1,8,8,8,0
377109 300991 1 11,13,13
282463 337514 3 0,4,8,1,5
333089 159817 1 3,12,4,6,9
65922 22476 2 15,10
324747 168754 1 2,14,11,1,5,5,6,4
123207 325571 1 9,15
189848 93407 3 8,15,11,3,12
351998 203416 3 13,11,4,14,1
305847 111427 2 7,10,1,14,5,2,11,2
208756 58353 1 5,5,8,7,3,5
179429 381515 1 12,2
304703 84413 3 6,8,1,4
16257 38129 3 7,5,15,3,1
99307 297085 3 1,5,5,4
369127 132821 3 4,6,0,12,6,3
47274 320258 2 3,10,3,7,1,3,8,5
331976 185867 2 5,4,15,6,2,1,1
307369 371035 1 8,2,11,6,5,5,1
261755 309996 3 3,11,3,5
380162 246045 2 13,2,15,3
85603 237221 2 10,2,6,15,5,2,14
243996 144344 3 4,7,13,13
266591 100936 2 14,3
151272 374256 2 1,7,5,8,15
177421 94525 3 1,1,8,5,4,9,7
73242 146845 3 12,2,7,4,1,8,4,3
33713 166589 3 7,5,2,8
132075 321732 3 11,3,12,8,4,1
335210 80304 3 3,3,8,3,12,3
17107 166379 1 5,12,3,12,5,8,9,15
22205 8871 3 1,4,7,3,6
232764 14720 1 2,13,7,3,12
258059 110151 1 13,14,9,3,10,5,1,9
166211 322756 3 3,5,8,9,2,4,14
293760 363742 3 6,8,6,6,4,4,4
230159 259751 3 6,3,15,2,8
281734 591 2 2,5,3,12,13,8,13
98433 63759 3 8,8,14,8,13,1,1,7
357047 256556 1 8,4,6,4,12,5
38473 331647 3 4,4,14
210308 278053 2 13,6,7,15,3,15,6
92727 91351 3 15,5,12,0,7,1,14,14
335372 345789 2 10,14,13,3,9,12,13,2
358781 267481 3 5,8,10,1
360109 70943 3 15,3,0,3,15
244015 3575 3 5,5,14
375941 148465 3 7,1,4,1
13013 55012 1 12,1,2
305630 335821 3 3,14,1,8,5,3,13,5
131326 100900 1 4,13,4,8,13
143228 346030 1 7,2,13
138014 64123 1 9,4,7,6
176449 103946 3 7,6,1
166696 64025 2 7,14,7
182452 276781 3 4,13
204645 314595 2 3,6,0,12
149447 349516 1 12,7,4,3,1,12,5
352953 320359 3 8,1,7,0,13,4
208440 263254 3 0,6,5,1
121053 133443 1 4,7,13,4,10,1
332744 360929 3 1,9,9,7
136637 164015 3 13,14,1,8
207700 203926 2 3,0,6,4,12,5,11
214872 288357 1 11,12,4
180146 12627 1 3,12,7,14,14
46533 5787 2 11,9
189902 275960 2 13,13,7
153981 97293 1 3,1,4,6,4,12
265154 135042 1 4,1,1,4,6,3,0
14939 190427 1 8,12,8,8,12,5,12,2
238881 323901 1 2,7,7,1
120747 224564 3 5,4
163807 370694 1 4,6
347675 231027 2 8,8,4,7,1,5
217803 305904 2 14,12,3,4
302266 57418 2 15,3
198171 124184 3 9,5,1,15
242638 341532 2 7,5
223272 137589 2 6,8
60604 230623 1 7,13
144081 275473 1 5,2,6
266599 160884 1 12,13
255837 178189 1 7,13,6
11472 83232 1 7,15,3,1,3,5,14
141034 381798 3 5,14,0,6,0,13,8,13
25121 110920 2 5,3,4,12
161161 256917 3 3,2,3,5,7,6
318682 194986 3 7,8,4
362549 383207 1 4,15,5,7
206469 331000 3 7,3,2,5,10,4,5
362462 145762 3 7,8,15
95187 88125 3 4,3,4,5
246983 6153 3 4,12,12,6,12
241950 243413 2 4,12,3,10,12,10
276688 352257 2 14,6,1,7,13
149671 275502 2 3,15,4,4,5,4,8,13
264557 216602 2 9,3,3,3
193505 84465 2 2,6,12,8,8,4,1
319412 357573 1 6,5
326707 63991 2 6,5,5,9,5,6
280694 47108 1 5,1,10
380376 323980 1 14,12,2,5
61071 283681 2 5,4,12,13,5,8,12,3
82749 15609 3 1,11,13,8
8696 51734 2 8,8,3,8
200585 254899 2 7,11,12,3,2,9,4
112729 165905 3 5,6
244598 56861 2 12,13,7,6,1,8,8
194317 37083 1 13,5,1,9,3,9,7
284805 144953 2 9,8,1,3,6,4,4
19712 17899 2 3,4,2,6,6,1,12,15
24934 211825 3 8,4,3,2,14,3,5
243435 80839 1 4,3,0,5,5,7
80362 182513 1 3,8,0,4,7,14,6
213742 266815 1 5,1,7
216515 262369 1 3,4,8,3,1,5
141875 79718 2 15,3,11,8
336779 237395 3 5,3,13,6,8
276602 220010 1 1,3,5,14
127685 75880 3 12,4,8,8
177622 72350 3 9,5,4,9
178405 242075 3 7,0,14,5,5
234492 8911 1 12,8,3,3,7,13,6
42923 270 2 7,13,3,6
346178 13143 2 7,2,3,7,4,1,7,3
370013 345063 1 5,14,12,2,14
320032 377177 1 2,4,0,12
302612 228427 3 5,5,0,12
5959 250926 3 3,8,11,0,3
8894 123162 2 11,3,1,0,3,12
177927 74592 1 3,2,6,5
316349 4952 1 4,5
22402 181475 1 0,1
349972 135339 2 6,8
333681 90642 2 2,5,6,4,4,10,12,12
92545 277854 2 8,12,13,8,8,9,4,7
92748 371166 2 10,12,8,3,4,8,3,7
48766 111291 1 4,13,9,4,12,5,4,8
62688 347451 3 8,7,13,13,8,7,5,6
107076 101882 2 8,4,8,14
305402 206120 2 5,12,4,3,9,7,5,8
39692 135722 1 2,13,7
61213 240163 3 10,14,8,10,7,13
231159 254773 3 0,4
364307 130494 2 15,4,3,1,4
27192 188531 1 8,6,11,1,8,4,3,6
203814 369896 1 5,5
113506 234129 2 4,15,5,10,14,6,8,5
343556 80763 3 2,2,12,5,9
310060 88021 2 3,4,13,4,8,10,7,0
217296 101432 3 6,12,8,7
262269 54182 1 2,3,1,4
299254 5906 1 15,6,5,8,5,5,7,7
263238 194279 2 14,8,5,6,5,6
342286 54239 2 6,7,15
20582 83980 3 10,0,4,7,3,1,7
77827 200831 1 4,8,10
66161 349648 3 10,12,6,5,1,8,5,15
338689 123155 2 14,8,4,13
334539 214498 3 7,1,3,11,2,7
291689 167935 1 1,8,12
303358 63560 2 13,3,5,12
105506 127214 1 0,12,6,5,6,12,15
190660 190213 3 13,4,13,4,10,13
224963 295594 2 1,3,7,13,6,8,4,9
91556 175682 3 4,10,8,14
270943 91029 1 3,5,9,7
123932 89544 2 4,6,0,8
223607 54471 1 2,3
205952 126179 3 7,4,4,8,8,6,8
329974 85775 3 7,5,8,10,1
168417 113650 2 6,3,8,8
268449 62358 2 15,3,1,15,1,15,13
365755 366208 3 8,0,2,1,15,4,6,12
128777 364301 1 2,3,2
145998 323629 1 10,5,7,5,14
213653 131824 1 15,11,10
362208 72513 3 7,9,1,4,4
164432 300832 3 6,4,8,1,3,4,10,3
78530 173601 2 4,14
291394 100122 1 0,15,7,9,10,3
281570 158747 3 15,6
29958 262327 1 13,8,12,8,7,5,1,3
83647 33280 3 3,4,3
245927 204979 1 12,13,2,3,8,1,4,15
346736 189834 1 13,3,12,3,9,5
209834 168009 3 6,7
209119 382676 1 5,7,4,7
363271 359988 3 14,3,3,5,12
126902 220089 2 7,1,1,13,1,7
149001 229222 3 1,4
237194 78856 1 2,0,1,9,13
231665 169194 1 7,4,3,12,7,4,12
24238 297504 1 3,10,5,0
284324 299141 1 7,2,11,7
153614 363578 1 8,12,12,12,4,7
312679 12238 3 12,10,6,0,13,0,5
276435 326488 3 4,8,10,11
22903 326137 3 10,6,9,7,0,4,14
55585 381284 3 0,14,15,6,3,9,3,9
307995 234533 2 12,7,12,2
150478 59304 1 5,1,12,7,8,2,13
223397 291380 1 6,5,9,13,4,4
92647 347345 3 3,7,4,8,4,12,7,4
375677 122838 2 7,11,1,7,8,15,1,8
358433 361935 1 6,4,10,1,6,13,15,9
152354 317559 2 3,10,14,2,7,12,6,8
29501 23116 2 9,5,1
310943 31105 2 3,15
175360 12225 2 6,5,9,7,1,2,7
144962 316244 1 11,2,6
215832 34336 2 5,1,13,13
292226 43668 1 6,6,9,7,14,7,8
337999 335835 2 7,8,14
20234 68376 3 3,8,10,0,2,8
100708 154004 3 1,14,0
20663 373982 2 3,12
198319 235257 3 7,1,5,2,4,0
74829 43022 3 4,1,15,15,0,0,1,0
155474 368662 2 12,5,8,7,14
158811 358183 1 5,8,8
122405 157132 1 9,15,2,2
75374 58103 3 8,6,12,7,15,7,2
309603 227983 2 6,15,8
329785 243439 3 5,12,5,13,8,0,4,8
223558 14664 3 12,8
34748 174429 2 9,10,9,14,9,3
294406 162463 1 3,14,1,2,7,12,4
62620 285711 2 0,3,8,1,13
205570 62046 1 0,1
340169 136489 2 8,1
354505 313049 2 3,9,13,1,7,7,1,2
49801 34200 1 8,1,3,6,6
213708 61770 2 8,1,10,4
108398 162052 1 8,7,15,3,7,3,8,9
139263 117593 2 3,12,13,11,3,12
68632 19088 2 14,10,6,13,5
353119 210413 2 4,7,2,7,7
291506 277742 3 1,4,2,7,3
247273 164802 2 14,12
372660 38859 1 10,8,6,14,3
338175 219709 1 13,7,12
68876 165364 3 4,14,3,13
22311 352562 2 6,14,9,4,10,3,5
233021 46599 3 7,6
261737 181690 2 6,8,10,3,3,3,14,6
206486 61134 1 14,1,8,12,3
163257 97277 1 8,8,7,3,12,5,3
339419 313054 1 14,10
246823 290924 1 4,8,14,4,7,7
203852 343207 1 13,2
324543 211516 1 3,15,9,1
129793 59429 2 6,3,11,13,7,11,3
305764 173172 1 7,0
17364 71499 3 14,14,3,0,6
79095 314079 1 7,12,5,2,5,0
298084 354743 1 6,6
287827 171332 2 4,9,8
137415 372134 3 11,7,4,5,13
187181 167698 2 3,7,1,4,13,4,1,8
78575 97705 3 7,8,3,3,8,5,7,4
320744 370422 3 4,1
249984 186480 1 7,6,7,3
259588 131810 1 1,1,13,13
349935 347637 3 6,14,15,2,9,8,0,6
19693 106673 1 15,5,4
217022 21416 3 3,7,9,12,10,7,13
168179 26194 1 3,4,2
60955 47844 2 15,15,4,13
166466 60398 1 3,8,0,3
254038 240594 2 7,3
183314 232369 1 7,12,3,7,2,4,13,6
140364 151327 3 6,9
305143 197203 2 8,5,8,9,12,1,5
358010 360261 2 1,3
300896 72611 1 8,13,6
320351 200952 2 0,4,15,6
37693 337212 3 7,4
182808 219408 3 15,6,6,8,7,12,1,15
11881 332454 2 12,2,12,8,13,4,5
356982 369625 3 0,2,0,13,8,4
37686 90112 1 13,5,4,5,14,1,4,3
36515 170733 1 8,1,4,8
217638 66400 3 11,1,4,9,0,6
270484 304918 2 15,4,8,2,3,3,8
261437 212386 1 5,4,15,13
248223 366289 1 14,8
173936 74916 1 11,4,13,3,15,13,13
162108 156969 3 8,12,12,13,6,14,3,7
371581 122449 2 3,8,13,13,6
151776 201777 3 8,7,5,10,13,1,0,1
157636 260912 1 9,1,9,14
131899 291102 3 15,14,4,13,3,5,8
1152 275658 2 4,5,1,1,13,4,9
277875 205161 3 4,9,12,13,12
7358 237169 3 6,0
368929 300497 1 8,6
269407 241002 2 12,15,7,4,6,8,7,4
58258 328538 2 3,1
340553 74779 2 6,8
243463 108053 3 2,12,2,2,1,4
131511 279555 1 1,13,3,1,3,5,4
326582 115237 1 6,12,1
258113 365317 2 1,13,7,3,13,14,11
106189 22661 2 7,3,9
93372 154456 1 4,4,12,13,14,5,0,5
239111 195285 2 10,13,5
378682 26879 3 5,6
292881 87344 3 0,5,0,11,0,7
260947 42334 2 15,3,6,2,0,8,6
279727 93095 1 8,7,5,3,7,1,0,8
157015 40600 1 1,6,7,6,13,3,12,12
102555 239367 1 3,0,7,4
376480 59894 2 5,7,2,7,5,1
192647 110452 1 3,2,7,11,8,5
29810 209248 3 2,7,1,8,6,10
269772 125934 3 11,8
255357 66315 3 3,3,1,6,4
46904 131174 3 4,11,8,5,4
275113 84445 3 4,7,7,6,3,2
272 207209 2 8,1,3,14,14,3,1,10
309119 174129 2 6,3,3,4,0,9
74160 164889 2 3,6,14,3,7,5
176423 70707 3 12,12,14
198958 189379 2 4,7,7,8,4,8,5
2267 220559 3 4,8,1,8,8,12
136875 334837 3 9,1,4
380000 240944 2 0,4,5,1
3799 145499 3 8,0,1,6,5
200740 305704 2 6,5,13,11,12,6
199411 152592 3 4,1,15
255183 174026 1 6,0,8,7,4,7
56606 173415 3 4,4
111002 285470 1 8,1
352652 325626 1 8,13,14,10,1,6,1
78097 273160 1 10,14,1,1,2,4,8,5
175381 29915 3 8,1
191063 383205 2 11,3,12,1,4,7,9
188909 156574 2 13,6,9,5
38543 69656 1 3,8
152781 321681 3 3,0,8,11,3,7,14
32935 307506 1 5,1
66638 16043 2 7,2,7,13,9,0
249372 235506 3 1,13,7,11
234240 254938 1 11,9,4,13,9,7
224371 64626 2 8,5,6,13,12
105891 22041 2 3,3,7
225259 298170 2 1,7,8,3
295002 348270 1 12,14,3,7,7
19264 144405 1 11,14,8,3,15,7,3
74661 308119 3 1,5,9
281406 192971 1 2,14,7,7
128828 79229 2 13,4,5,6,0
298227 194449 3 11,1,7,5,14
130654 333002 2 3,5,5
295423 154515 1 13,2,12
21500 129107 2 8,11,12
213603 48993 3 6,1,4,4,14
204136 364673 1 14,9
1445 60391 1 8,5,12,7,0,14
198935 195311 3 4,13,14,2,8
307217 144385 2 15,5,5,14,11,13
108348 303805 1 7,9,1,0,6,3,3
316438 304704 2 4,12,2
92862 27279 1 10,10,9,5,1,9,6
221032 264425 2 14,4,7,4,5,0
55241 352733 2 1,1,8,6
353760 295330 1 3,5,8,14,3,4
80129 281714 2 0,7
270054 119288 1 13,5,6,5,2,3,11
364325 214563 3 2,12,11,9,11,12,11
309601 95175 2 11,0,8,4,12,3
42438 19176 2 4,9,7,4,4,1,5,13
67988 18934 3 9,3,7,12,9,15
290497 343555 1 2,10,11,5,8
25515 114185 1 1,15,3,11,9,12
358676 109530 3 8,12
120193 233571 1 6,8,2
304768 47853 3 5,5
320564 54891 1 4,11,15,10,13,5,7
203929 134162 2 8,3,7,13,7,6
241931 252923 1 7,5,1,7,4,2,3
377006 277783 1 13,12,0,3,5,6,15,13
235355 363379 1 3,3
6381 192001 3 0,9,15,15,15,5
143065 79761 3 8,7
57252 34359 3 2,13,15,6,9,4,13
317734 166727 1 1,7,3,15,1,13,1,14
254884 205748 2 7,6,13,7
153370 129783 1 3,8,15,3,5
27166 96091 1 3,4
203609 123905 1 4,8,9,10
92138 307015 1 1,1,11,3,7,9,2,5
80545 28387 2 14,5,11
310339 68979 1 6,7
353812 239863 3 4,6,14,12
23358 284122 2 7,11
16060 353778 3 8,7,1,13,15,5
42126 252740 1 5,9,7,6
328077 328025 3 13,4,15,15,8,5,7
96100 41546 2 0,4,8
174309 194068 2 11,13,5
243569 250570 3 7,4,12,3,12
24410 89397 2 3,8
107504 80594 2 5,10,7,6
205285 22936 1 15,9
34429 286639 3 9,3,13,5,4,13,3
78802 291101 3 3,12,14,7,14
331178 116769 2 5,7,14,7,3,1
101594 220785 1 6,5,3,6,8
354292 39992 1 6,7,6,3,3
382254 256027 3 7,5,8,0,7
211410 235214 1 15,7,6,12
245455 214352 1 14,1,7
303488 218567 3 12,14,13
266144 294365 2 6,2,0,3,4,15
149242 119032 1 14,13,4,4,5
348133 149379 1 15,5
172561 98836 3 8,3,7
290451 375541 1 6,4,1,11,1
21329 349387 2 2,4,12,14,14
69462 24881 2 4,5,12,3,12,2,14
291850 315449 3 9,8,5,13
335328 259802 1 1,15,8,12,7,3,3
308178 288024 1 8,5,12,6,12,5,3,5
224553 201424 1 3,8,9,4,8,14
196597 130704 1 3,1,6,7,1,5,2
121693 32740 1 7,12
11462 123708 3 7,8,8
259514 293391 2 6,12
379825 298799 1 3,3
286770 181655 2 8,14
282426 352128 3 6,3,2,7,6,3
377792 371496 3 14,12,13,7,4
259725 335943 1 1,12,15,7,6
197542 379834 1 5,8,4,7,15,12
196037 108872 3 7,6,13
209876 275046 1 15,3,9,3,7,8,6
41381 182577 1 12,13,3,11,8
2998 95767 1 12,1,2,5,12,4
287303 342275 3 3,3,3,8,8,7,8
91141 13290 1 13,1,0,5,0,4,1
56739 31141 1 13,6,1,3,15
8242 163071 3 2,4,14,0,4,12,2
105580 241856 3 4,5,3,3,13,9,15
94880 197240 1 14,3,5
235259 41932 2 3,2
145763 246957 1 10,6,0,6,5,9
345644 128886 1 3,0,9,2,5,14
47343 340383 1 8,2,10,11,13,14
180135 196857 1 15,5,1,4,3,6
186104 369622 2 5,12,3
308236 126592 2 12,15,11,1,7
173093 80155 2 12,1,15,7,7
278366 57519 3 2,12,3,4,1,13,1,0
133572 67429 1 14,2,6
141494 179612 1 3,15,13,5,8,1
318282 203598 1 5,15,13,1,12,5
104322 379526 1 15,8,11,4,5,12,10
235748 226240 3 11,1,7
224472 102002 2 3,4,4,4,6,14
363133 114939 3 6,13,5,7,6,5,3
39522 174890 1 4,4,12,4,6,9,14,0
83529 28906 2 0,9,13,10,12,6,5
286993 354365 3 11,12,14,6
153473 121415 1 6,5,8,9,2,12
4964 120606 1 1,5,1,6,7,3,13,1
299588 150076 3 8,0,10
123446 288781 1 7,12,0,4,8
14980 6561 3 11,8
361496 249611 3 3,5,6,1,15
122536 238376 3 1,1,14
270575 339413 3 1,7,9,7,13,8
324121 285257 1 11,15,3
285182 212824 3 12,12,13
318504 231881 1 14,12,9,7,4,7,7,5
279265 300234 1 5,4
338489 256636 3 3,7,4
276757 61918 1 3,9,13,1,8
103727 146752 1 10,3,14,6,2,11,1,5
2882 296433 3 0,1,6,6,8,4,6
42204 17349 1 10,4,9,8
252459 175105 2 7,6
299209 47996 1 13,15,8,12
362076 213556 2 14,6,5,6
70140 128174 3 8,11,1,7,11,6
255684 127711 3 12,3,8,8
261930 100541 2 6,8,12,15,0,14,4
296586 162768 1 14,0,7,15,6,3,4,3
61247 333399 3 3,3,9,5,9,5,14,12
31109 47336 1 7,12
145792 172087 3 8,2,1,7
50690 277496 1 5,1
190288 349194 2 1,1,6
26286 144264 3 6,3,9,2,4
82139 223136 2 3,5,3,6,1,6
132379 193675 1 5,8,7,1,4,8,14
307701 195826 2 15,8,7,1
340206 96981 1 13,4,5,4,3
311187 29778 1 8,5,11,2,4
277989 235535 3 5,15,15,7,1,3
204561 198656 1 8,13
146802 62332 3 8,4
252621 354514 3 7,2
292653 211250 2 12,12,5,7,7,0,7
275093 129569 3 0,1,14,4,12,12,3,12
46573 100388 1 7,13,13,7
128789 320549 1 6,1,12,8,8,1
273502 107269 1 6,13,0,6,4,5,14
89385 152880 2 14,9,4,8,5,15,3
275983 331477 3 10,5
84894 235951 1 5,1,6,7,14,13
32144 56853 3 14,1,9,15,7,13,14
318187 370873 2 4,15,5,5
304971 144095 1 2,2
184663 322087 2 2,14
87552 106805 1 7,13,10,4,7,5
207290 342125 3 11,7,0
97648 64770 3 8,4,7,7,13,6,14
133243 378979 1 0,8,4,11,9
187723 187177 1 5,3
247643 161447 2 5,7,4,3,12,8
339776 368297 1 4,5,7,7,4,15,1
377323 360137 1 7,13,12,0,6
189421 239024 2 14,3,10,12,2,7
382572 293195 1 7,8,3,2,9,9
250800 260551 1 9,8,4,11,12,1
55638 254969 1 5,4,10,8,1
159019 132667 2 5,8,1,5,3,1,8
56017 250882 1 4,8,8,13,0,4,5,8
154015 325992 1 5,8,7,12,8,4,6
214471 175278 1 12,1,14,4,13
125066 144938 1 6,6,14
212569 269152 3 5,3
238839 336617 3 7,10
306787 28314 2 6,14,12,1,1,13,3
198686 155267 3 7,12,9,14,12,4
5280 82664 2 7,15,13,8,6,7,3
166143 54183 3 11,10,14,7,1,15,3,11
364689 374730 2 6,13,9,3,8,2
347413 251096 1 6,4
9323 74741 2 12,4,2
53033 50727 1 0,14,13,3,5,13,3,1
124404 72966 1 10,11,3,7,6,1
96729 188603 2 12,6
63027 165009 2 15,13
4284 340937 3 8,2,4,4,1
78535 294398 3 12,6
344351 177093 2 3,8,1,5,13,7,9,5
245437 120808 1 0,1,8,1,13,8,13
122202 99786 1 5,3,4,1,5,6,1,13
337843 133780 1 1,1,7,1,8,2,3,12
189927 244371 3 1,1,5
313570 51082 2 14,1
65193 93448 1 1,3,4
378698 172028 3 12,15,11,14,4,1,0,7
175860 11578 2 6,13,10,12
256313 79490 2 7,1,13,3,8,3,7
59680 295906 1 14,8,12,5,0,14,5
103368 171371 1 6,4
103252 167078 1 10,4,3
304066 168433 2 13,6,2,7,11
351698 374322 1 1,3,7,8,13
278632 334622 2 15,6,3
246420 104351 1 8,4,3,5,14
89758 145842 3 3,12,0,9,3,0,14
232147 85919 1 15,5,8
71929 343258 1 1,13,3
339320 109206 1 14,7,8,7,5,3,9,2
210984 63689 2 13,7,6,0,5,14
257133 329474 3 14,11,8,10,3,4
48249 320804 1 8,8
138811 77258 2 8,8,8
192816 289628 1 2,12,2,7,10
365429 177818 1 3,5,2,8,0,3
203988 145021 1 1,1,5,14,9,7,1
188898 29505 2 4,12,5,14,4,6
47630 98930 2 4,2,5
203713 66139 2 5,12,7,11,1,8,6
52836 75586 3 9,4,8,8,0,6
176517 284941 1 10,7,14,12,1,5,12,6
230029 308018 3 13,4,11,0,12
309440 327526 1 7,7,8,5,15
168193 124191 1 14,12,11,11,3,1,10,8
330869 346918 3 6,0,3,4,6,1,8
295651 360795 3 6,13,1,0,3,8,9,12
152126 144536 3 9,13,6,5
218573 302807 2 6,6,0,3,7,8,15,12
59671 289468 2 12,1,1
43245 281196 2 3,6,5,5,13,12
171490 83621 1 7,7,4,4,14,13,14
4346 64188 3 3,14,6,0,8,3,11
267568 53264 2 4,9,4,1,7,1
274262 98102 3 5,8,6,3,0,5,6
267320 198438 1 12,4,5,5,3,1,3
31761 321713 1 8,0,9,10,4,13,5,15
83044 308498 3 9,8
213532 215528 2 12,9,8,3,8
82021 291232 1 1,7
53597 335763 2 12,1,3
46375 127828 1 5,6,1
171633 134912 3 1,13
138833 330442 2 1,14,11,9,1,12
139833 182540 1 3,10,15,5,1,5
142463 371136 1 14,7
31076 86177 2 4,3,9,4,13,2,4,12
217313 306702 2 12,3,11,2,9,2,6
143468 246701 2 3,10,15,5,8,15,6,4
312084 200608 3 4,5
143178 5648 3 6,4,2,1
289077 236334 1 4,7,13,6
60594 48752 2 13,1
355189 318551 2 0,7
179874 334090 2 3,7,12
353523 195931 3 5,13,5
119198 291346 3 8,1,3,0
233786 324291 3 3,2,3
126902 46343 1 1,14,12,8,13,1,2
12520 84787 1 9,14,15,9
157696 138935 1 8,14
77967 29619 3 5,0,6
58069 92592 3 13,3,4
6512 183908 1 7,7
191575 300589 2 3,6,6,1,9,5
260745 350847 1 12,8
135805 132383 3 8,1,6,2,13,3,1
338272 433 3 5,10,8
357902 104839 1 7,9,5
331000 29634 1 0,6,5,3
47686 22675 2 3,10,3,5,6,12,9
348656 351911 1 7,5,5,1,15,5
120673 27944 3 12,1,10,3
207460 313099 2 7,5
155375 235538 2 5,9,9,0,3,13,3,12
237849 54240 2 13,3,0,3,6,12,6
309659 84904 2 4,7,0,7,1,3
367666 84258 3 10,1,7,14,13,8,8,5
302302 351562 3 0,6,6,6
360025 67852 1 4,4,4
42753 291125 3 4,7,3,5,15,1,1
19205 206705 1 11,2,0,2,8,4,1
312099 359534 2 7,4,14,10,5,2
50569 215390 1 7,4,6,9,7
261670 82921 3 7,9,1,7,15,5,11,2
298305 221783 2 13,5,10
83505 330513 3 7,13,13,11,4,3,12
36608 316858 2 7,5,3,1,5
63658 130440 3 4,8,3,8
107276 365351 2 15,14,6,8,12,10,4
246048 294217 3 2,3,4
300778 231330 1 8,2,4
266536 238870 1 9,15,1,5,14,13,13
206324 320501 3 3,8,4,8,9
118481 171329 3 8,7,15,1,3,4,12
137138 348397 3 9,5,15,5,5
144185 161467 2 11,3,3,1,4
262601 45205 1 7,9,10,3
79613 311795 3 5,7,15,8
149357 281009 3 10,7,4
1087 130200 3 11,5,0
262796 4192 1 9,6
49093 26498 3 14,8,12,1,12,9,3,7
149217 46053 1 3,7,9,5,7,6,7,12
121336 32045 2 5,10,7,4,13
17410 372887 2 15,7,14,4,9
23813 118092 3 5,4,4,0,14
222901 184497 2 7,8
91195 247363 3 14,12
47858 55636 1 6,6,11,8,4
302661 86937 3 1,11,3,8,1,0
355215 323378 2 4,0
370098 22406 1 7,12,6,11,4
300962 100692 1 2,3,13,15,5,8,5,14
323472 34150 2 1,2,5
346225 173864 1 12,9,10
60655 153814 1 6,14
33414 118566 3 15,3,0,4,15,13
183017 87894 1 0,14
85210 107881 2 1,13
247763 56951 1 12,8,6
30556 251166 3 7,9,2,7,7,0,1,1
53285 113043 1 9,7,12,12
210844 197223 2 8,7,2,3,7,7
273572 200839 2 14,5
23867 3050 2 12,8,10,3,6
332711 37710 1 0,5,5,14,1,2,6
316245 154044 1 3,13,5,5
4513 18173 1 9,3,15,3,6
226931 295681 2 1,1,1,7,1
63657 216924 3 13,14,7,1,4,1
156706 250836 2 9,7
139096 22454 3 6,8
85858 113505 3 5,8,1
98062 378919 3 7,7,7,13
365329 70952 1 9,3,7
201035 105225 1 8,4,13,6,15,6,1
101186 229328 2 13,6,4,4,7
73427 359154 1 0,15,8
104137 82909 3 8,12,1,15,13,2,9,9
363248 86097 1 3,13,8,4,4,5,2
56225 374037 2 4,7,12
261860 80147 2 2,14,3,1,7
240587 138851 3 0,8,4,3,5,7
127076 308209 3 1,12,5,14
178882 97601 1 15,1,12,5
297145 252123 1 6,7,7,5
299197 187194 2 5,14,8,4,9,2,7
163362 56089 1 7,7
244051 134720 3 2,15
284461 176878 3 2,7,2,15,12,0
146300 366685 1 14,2,4
347838 187664 3 3,15,5,13
35256 107253 2 1,7,14,13,2
274752 317231 3 8,14
64379 212544 1 4,14,5,6,3
257974 324516 3 14,4,11,8,15,7,5,4
9218 195186 3 1,7,2
128790 95477 3 3,5,6
309050 231414 3 7,8,12,12,3,0,11,2
174962 168087 1 11,6,3,11,11,14,10,5
35268 191418 3 13,0,5,1,14,5,5,7
240200 281105 1 1,15
71102 106072 1 0,8,15,6,5,8,12,0
165793 257701 2 7,8,9,2,6,4,15
137502 240824 1 11,12,12,4,4
313620 121909 2 3,5,13,14,3
124113 47710 2 0,6,7,15,15,12
106000 324621 3 1,4,4
309327 54068 1 8,1,12,9,4
322926 163840 2 5,7,5,13,12,8
90989 11391 2 9,12,10,8,14,6,8,15
106122 128567 2 7,4,15,13,11,5,4
252922 170150 3 8,15,6,5
74951 54733 3 15,13,7,14,12
139218 381781 2 9,1,7,0,12,11,3,12
111940 287663 3 4,15,14,5,10
198429 209514 2 3,4,5,2,3
269622 286843 3 2,6
55650 294846 1 8,0
259006 263137 2 3,4,3
327094 161030 2 10,5,8,13
299128 79122 2 13,8
140962 135989 2 8,0,15,8,6
376619 334908 2 8,7
13261 234305 1 13,6,5,15,7,12,3
381106 296685 2 5,9,3,8
212557 314689 1 14,7,15,4,4,2,6
206674 285809 3 13,1,4,6
374794 90251 1 7,14
322267 277907 1 10,1,7,7,8,0,10
560 99080 1 1,8
164618 280059 1 7,3,14,4,6,12,6
31560 56861 1 4,8,3,13,13,12
193706 243032 2 5,8,4,12,12,5
241712 96602 2 3,8,7,8,13
287337 155621 3 3,15,6,13,6
332617 103321 3 12,0,7,13
192596 308593 3 12,7,8,8
174942 230501 3 5,2,14,4,8,0,3,9
243124 97039 2 8,4,5,14,0,11,13
3448 268615 3 4,9,12
214503 335831 1 8,11
1443 126396 2 12,9,5,10,8,6,6
379750 108338 3 10,8,5,7,5,5,1
131390 300714 2 3,1,8,4,0,1,3,4
58609 328825 3 14,2,8,1,12,8,11
217845 323052 2 15,14,2,9,10,7,4,8
166360 328743 1 3,5,7,3,14
266100 315330 3 9,14,3,5
377846 381938 2 9,3,11,5,1,14,4,7
154104 104056 1 6,10,11,15,4
253609 276422 1 8,13
132370 44553 2 14,5,3
12762 99033 1 9,2,15,3
19135 52895 1 8,8,2,2
379708 143626 3 6,15
375283 6784 3 8,1,3,5,4,8
206559 189282 2 15,9,7,7,0
338960 41247 3 6,15,7
326124 195635 1 7,2,6,7,2
61991 11365 3 7,0,12
224405 371055 1 4,10
344691 94047 2 6,8,5,3,7,9,7
359534 75112 1 8,6,1,7,6
331936 251638 1 1,12,11
170841 29193 1 6,7,4,9
71670 266021 3 6,5,12,8,7,9,4,0
303412 305109 3 3,4,13,15,4,1
57616 343310 1 7,2,14,2,5,3
8204 228908 2 0,3,3
126119 298436 2 1,0,7,1,8,4,5
169220 365665 1 7,1
321962 121653 3 0,7,6,5
44838 163289 1 9,1
149932 78799 1 11,2,6,5
92156 289248 1 13,5,9,8,8,5,1
319160 356380 2 8,8,5,13,11,12,1
161770 319659 1 8,1,12,9,4,3
102498 108819 1 5,6,3,1,14
5442 151371 2 10,6,5,3,8,3
246524 43924 1 10,10,6,13,12,5,3,5
88082 365805 2 6,8,14,12,8,7,6
129680 51752 1 4,14,1
268061 253828 2 0,7,7,13,8
272213 164288 2 12,9,6,1,4,14,7,1
371143 15958 3 4,7,4,12,4
67854 71270 1 8,14,0,7,12,5,4
101886 77591 1 3,5,1,10,14,13,14
305522 298459 2 6,4,0
146398 79589 2 5,2,1,1,4,0,7,3
343904 265159 1 12,12,5,6,10,4
16990 255336 3 3,9,8
111657 194577 3 14,3
335455 283016 1 5,2,7,10,14
24882 340869 3 12,14
11935 2132 1 3,13
206329 348237 3 5,7,12
329412 335575 3 5,11,3
293179 83599 2 3,3,3,5
93882 321306 2 5,3,7,8,14,7
242034 201060 3 4,1,0,7
210981 43589 2 1,11,5
15059 257384 2 4,6,8
284229 337734 3 8,4,3,3,12,12
110245 201526 3 8,8,13,3,0,5,8,8
178487 380813 2 2,6,14,3
2148 333672 1 4,7,7,0
364159 169874 2 3,8,8
4956 79284 2 15,1,13,3,3
170354 47080 1 0,0,6,3,5,5,1,9
94498 183377 3 5,7,1
214231 312586 1 10,0,7,1
97451 160951 3 7,14,15,11,6,14
66823 313727 1 0,10,15,3,7,4
187261 250701 2 3,0,5,8,4
383479 154461 2 5,8,0,7
375582 72960 2 8,15,13
293437 20922 3 10,5,0,8
14650 203643 1 1,14,15,13
377388 68527 1 6,6,6,14,6,2
148630 211426 2 0,0,4,6,7,13
349946 66993 2 11,3,12,3
10472 176308 2 8,3,14,6,10,4,12,5
285209 383579 1 12,10,0,8,2,8
256428 293117 2 1,8
226216 45344 1 5,7,6,8,12,4,7,7
138664 304942 3 9,2,6,3
381370 193377 3 4,3
63403 3887 1 5,3,6,3,7
285897 136342 3 3,7,1,8,7,4,2,13
206075 166300 2 1,8,12,14
160577 115497 1 4,7,7,4,6
76340 335761 1 7,6,0,5,2,11,14
48731 187180 2 13,8,13,8,3,9,2
134687 166094 1 14,11,11,4,6,6,12,14
120946 269095 3 5,5,8,3,6,13,2
237324 224671 3 2,13,12,4,2,9
291516 348064 3 5,12,14,6,7,7,1
366706 58735 3 4,3,1,13
382714 254353 3 14,8,14,3,13
360645 91037 3 8,13
33877 45640 2 10,14,4,15,0,13
67873 164276 1 15,4,6,5
186439 45292 1 14,7,8
110436 193152 2 3,7,11,4,9,4,7,6
338834 316772 1 15,1,3
148512 42824 3 4,4,9,1,14,3
184012 248671 2 7,3
2149 79337 1 0,15,7
26702 174570 3 13,1,4,5,8,8
374552 224862 2 14,4,7,12,2,14,8,13
364238 173434 2 13,13,7,5,1,8,10
378496 333317 3 7,1,5,2
286011 219548 2 6,14
348714 237893 2 5,13,14,14,8
248461 104286 1 12,7,14,3,15,15,8
38092 181189 2 4,10,4
37111 317260 1 4,4,1,10,12,12,5
26026 198250 1 4,12
206604 332607 3 12,8,5,4,8,2,11,3
139788 263966 3 12,11,6
346179 261020 3 8,9,1,9
315620 208387 1 0,13
117451 135131 1 4,5,3,5,3,7
372240 247247 2 8,5,3
96776 115484 3 6,9,9
44391 124187 2 12,5,5
243417 42513 1 1,14,4,5,4,6,14
202951 212765 3 8,3,4,4,3,13,6
83919 215933 3 14,14
132405 133695 2 2,5,4,9,2,13,4
51336 266859 3 13,4,7,12,13,6,14,12
209699 377443 1 7,2,6,7,3,15,9
8914 78267 2 10,3,3
366041 175407 1 5,4
195791 72154 3 14,4,4,12,6
90803 139662 1 12,8,7,5
172644 106137 1 5,3,3,1
68146 356898 1 5,8,4,11,4,13,4,4
202497 69103 1 5,9,12
219579 13101 2 6,5,13,9,7,3,14
22533 271418 1 6,14,10,12,3,2,7,10
101166 219703 1 5,4,8,15
216986 174531 2 13,3
12886 290834 3 13,13,7,8,9,8,9,4
305383 217727 3 1,5,9,1,1,14,3
72763 35543 2 2,14,15,2,4,2,13,8
137065 242902 3 5,7,5,8,12
71423 342948 2 4,5,6
131813 45103 1 0,15,5,3,1,13,6,12
349030 90883 3 7,8,4
40173 198011 3 8,14,7,13,5
349627 58333 3 1,13,5,2,13,10,1,5
267880 267642 3 3,8,12,6
310616 40375 3 14,13,6,7,15,6,1
64065 232563 3 0,0
184672 23508 1 12,7,3,4
248579 370645 3 5,5,11,11
305037 119123 2 8,9,15,2,9,13,9,5
238304 237201 3 1,7,4,11
245137 194337 2 3,1
117154 317051 1 0,1,15
133257 166757 1 1,4,9,3,0,4,12,14
349011 209908 2 1,12
150579 187204 3 5,12,15,2,1,1
174459 246983 2 13,8,10,8,9,5,10,7
182495 296479 1 14,8,13,7,0,1,7
227705 33004 1 13,14
11852 171569 2 3,13,1,12,8,2
307636 255070 1 14,4
338917 126248 3 5,3,0,0,7,3,9
136833 278537 2 13,1,7
86375 106507 1 4,12,12
276771 204363 1 4,7
7684 161516 2 9,4,4
350548 334037 3 3,14,7,14,8
128088 205690 1 7,5,3,13,8,13,7
107103 125650 1 12,3,13,4,6
373685 143100 3 6,15
314431 263499 1 7,4,4,9,4,6
18493 311500 2 13,13,7,7,13,7,6
152738 80046 3 4,6,9,11,15,3,7,6
230076 111038 1 4,3
34963 171130 1 14,5,5,1,4
212615 7278 1 12,1,5,15
314883 189279 3 12,9,3,6
342091 340456 2 4,1,0,12,4,9,0
40523 219535 1 0,4,6,5,14,3
381266 237177 2 5,4,14,1
157899 139351 2 9,12,3,15,7
64144 158647 1 7,3,13,12,7,1
291206 202768 3 5,14,3,0
136184 114465 3 6,3,14
164786 379264 3 15,3,13,5
211692 186601 3 0,12,12,12
99350 273923 2 7,3,4
63801 6971 1 14,5,13,14,6
215887 293494 1 7,4
381073 7173 2 5,4,10,0,3,15,6,1
187601 233150 3 10,6,5,14
211059 28026 1 13,6,6,12,0
267280 253115 3 0,8,8,10,7,13,6
69722 140920 3 14,13,3
157019 80536 3 12,14
89756 161038 2 7,12,4,12
362260 177470 2 12,0,13
333478 75 2 12,11,7,2,5,9,9
185745 357849 3 13,4,7,1
26111 275084 2 1,6,1,1,6,0,3,12
383245 70813 1 2,12,2,3,0,2
178411 109121 3 14,4,0
55841 92886 2 3,5,1,6,15,1,3,0
27380 127437 2 5,12
274722 11287 1 3,5,7,7,4,8
351715 16962 1 4,12,13,3
24355 248389 2 7,4,1,13,8
351812 182653 1 7,7,0,7
205350 55325 1 7,1,8,14,8,13,12,14
293444 46186 1 6,3,6
111223 82609 1 14,4,8
204508 165435 3 10,3,6,4,5,4,11,5
298095 310636 2 3,8,7,1
231118 138891 2 8,5,9,4,4,14,15,8
52342 315101 1 3,4,8,7
73993 260821 1 4,10,12,1,1,3,10,7
316335 7865 1 12,14,5,5,3,12,2,2
313327 108405 3 7,6,7,7,2,12,7
277086 381751 2 3,1,1,6,4
303110 317868 1 14,3,8,6,11,7
133494 348009 2 4,13,12
318195 285380 3 3,7,4,7
361324 99066 3 8,14,3,12,6
29059 301093 1 4,12
354588 132178 3 9,0,2,1
363848 364526 2 14,7,7
248450 111720 2 12,1,6,9,4,6,9
7132 176945 3 4,3
95089 290468 2 12,6
131006 38995 1 1,8,3,2,5
194438 96456 1 14,14,15,4
140884 186591 1 3,5,6,1,1,1
213507 264853 1 7,7,5,0,5,7,3
364428 1456 3 7,9,12,9
372297 155699 2 4,5,8
303799 27068 1 0,8,4,5,11,2,5,5
188357 32828 1 11,1,9,15,4,1,1
18617 264574 2 12,15
255527 222766 2 1,3,3,4,6,3
313331 258111 1 12,6,6
195745 338308 3 3,4,1,5,1,15,3,3
73891 189009 2 1,12
277015 335270 2 2,4,1,6,7,6
118989 334779 3 4,4,5,14,1,7
20659 145838 2 6,13
35068 40134 1 9,7,6,4
318692 78637 3 8,8,11
69236 103966 1 4,5,13,3,8,3,14,4
19845 352845 3 3,15,13,7,5,6
87632 86340 2 2,1,0,2,14
216510 49713 3 8,1,8,4,10
213497 98192 2 5,15,4
21777 174193 3 1,1
192996 38470 1 4,3,15,4,13,0,5,0
33372 249078 1 7,13,2,5,3,4
298302 199559 2 12,3,6,6
312416 318150 3 12,5
69895 376811 1 4,8,12,15,10,14,4,0
167539 118163 2 3,3,7,1,10,12
43355 348303 3 14,2
140859 80704 2 3,15,10,0,5,14
221545 83838 3 13,7,0,7
117111 337964 1 1,9,5,5,8
124177 60075 3 12,6,12
63662 110318 2 7,5,0,4,7
11122 347966 3 4,7,8,1,3
199510 279488 1 3,12
272481 163936 1 5,8,8,13,12
287120 260907 3 14,3,2,3,6
228536 353154 3 12,7,7,10
371255 202008 3 6,3,5,5,10,7
120060 147706 2 1,1,3,8,1
248028 58919 1 9,4
279806 175639 3 7,6,14,10,1,12,12
7359 187267 3 1,1
40295 293280 1 12,4,8,4,13,4,6,5
371348 294945 3 14,5,9,6,1,13,8
211835 142191 2 12,6,1,0,8
4075 353161 3 5,1
48802 330641 3 9,2,7,3,4,6
193558 235351 1 0,5,1,4,7,7,3,14
218252 81066 1 11,13,4
306410 224758 3 15,5,5,13,12
310501 176968 1 5,1,8,13
313188 372427 2 13,6,1,1,15,3,6
263756 49337 2 13,7,6,2,3
161036 31738 2 7,3,13,3,12,12,5,7
297309 28899 3 4,12,2,4,1,12,14,4
198728 39932 2 3,9,1,13,15,12,3
80364 135680 1 1,3,0,1
43943 185813 2 3,13,1,3,7
347831 359482 3 0,13,15,14,8,8,14,6
352376 146245 1 13,8
230758 78065 1 13,14
276892 47648 2 10,6,7,5,7
228052 90445 2 12,3,2,2
111736 356541 1 12,7,1,10,4
312902 363004 2 10,2,12
236357 209547 3 11,15,14
203817 164003 1 15,12,4
300624 151503 1 8,2
181640 372849 1 4,7
353104 205912 1 2,8,5,2,5
243327 339798 1 3,0,8,1,3,8,13
210999 51099 1 4,4,3,13
367932 102053 3 4,13,0,9,3,6,3
29916 340419 3 3,4,7
313310 187592 2 7,3,8
261885 281454 2 6,4,5
201951 137997 1 12,6,5,0
151607 334147 2 0,2,4,14,3,11
4910 127324 1 5,12
145676 240062 1 12,8,2,8,4,13,13,6
90621 128515 1 10,8,14,12
362620 350165 3 2,8,5
205743 301860 3 15,7,5,2,1,3,12
67205 302185 1 0,14
313435 362664 3 4,14,8
373914 77332 3 1,1,1
276972 155535 2 10,15,14,3
91149 127815 1 4,14,7,4,6,5
286337 374514 3 8,7
248045 29345 3 4,3,15,13,3,1,10,4
378842 5773 1 7,14,10,8
243108 180351 3 5,4,5,1,7,15,10,12
240705 145762 2 10,1,8,2,7,3
139124 187391 1 2,8
184600 107835 3 2,12,2,1,5,6
382961 17613 1 4,5,8,3
166313 81358 2 8,2,4
306331 204094 3 5,15,13,1
284117 297720 3 10,9,7,1
41010 289930 1 7,5,3,1,8,4,4
145165 27094 1 3,6
126959 382773 3 4,12,1,15,14,1
196526 80404 2 7,1,0,7,9
251204 44234 1 4,7,6,4
39874 312256 1 12,12,1,6,7,13,4
261677 272229 3 13,7,7,9,9,5,1,7
256846 59138 1 14,8,15,3,14,1,12
277103 43944 1 6,7,8
258227 130802 3 12,4,4,15,5,3,12
27196 287092 1 13,10,5,5,9,11,13
282524 332114 2 3,14
244665 62681 1 8,7,7,5,7,2,5,8
349315 344612 1 0,13,4,12,5,6,3
331978 273114 1 4,5,9
329520 353431 3 12,13,2,1
265882 97283 1 6,10
3485 237226 3 14,4,1,15
95678 276603 3 6,4,2,7
296224 82554 2 4,7,13,4,6
100288 25364 2 1,8
26644 136412 2 2,7,3,4
232479 19495 3 10,3,1,5,9,11,3,5
73289 266728 3 12,12,0
228677 266769 3 4,8,7,7
265999 96161 3 0,5,7,15,8
363834 98190 1 8,3
268731 373719 2 5,5,12
102320 185016 1 4,1,5
116304 270432 1 7,6,6,9,7
15083 12111 2 13,2
4808 118841 3 3,6
131277 253958 1 1,1
141402 1442 1 2,13,7,2,11,1,5
179345 152346 1 1,4,7,12,2,8
25182 117070 2 3,5,7,3
46873 337662 2 7,7,5
7889 78395 1 13,1,7,14,7,3,13,9
