378219 290204 4 12,6,1,3,4,5,13,13
147166 75406 4 11,3,3,11,14,13,8
298553 155866 4 5,6,2,4,4,11,14,2
220808 140046 4 2,4
193687 310124 4 11,7,3,5,2,12
322344 75753 4 8,14,9,3,0,15,2,6
219449 86242 4 13,3,5
191540 339521 4 2,5,7
240771 328753 4 9,4
381416 328451 4 3,8,8,8,0,9
137737 176956 4 7,12,8,8,15,4
26257 375156 4 6,7,6,7,13,14
121607 216803 4 15,7,1,3,4,8,8,12
182821 228617 4 9,4,3,5,1,5,11,8
18369 24032 4 5,5
362518 149668 4 15,8,13,1,4
355640 357542 4 1,15
336454 266698 4 6,2,5,5
113380 383054 4 8,9,11,8,0
67402 83508 4 12,10,1,8,9,9,5,7
91278 69858 4 7,0,14,7,13,4,1,2
350439 19035 4 1,12,0,14,7,13
363663 222676 4 3,6,12,13,13,14,3
127697 309426 4 12,15,15,12,12,5,10
381352 44178 4 8,14,5,5
215675 48583 4 15,4,0,7,12
253719 289332 4 1,11,3
203978 345759 4 3,0,8,9,8,7,5
364965 233205 4 7,11,7,13
325293 90373 4 1,14,4,1
83302 149122 4 9,9,13,4,7,4,0
249518 370146 4 3,7,1,3,1,8,2
115280 186828 4 1,9,7,4
84872 330960 4 7,3,5,4
61754 29726 4 12,4,11,5
10447 252563 4 12,1,15,10
233915 133855 4 15,8,8,4
158101 252345 4 5,15,7
214368 320567 4 1,7,13,13
363039 336056 4 4,3,4
372177 96427 4 2,7,3
65030 74659 4 3,5,13,2,2,10
133947 255870 4 0,4,4,5,3
225576 81128 4 5,14,13,5
301084 98781 4 8,11,8,11,13
365467 262080 4 15,7,1,3,4
96095 188088 4 0,12,4,14,14,1,13,3
329955 383359 4 13,1,7,8,10,8,8
369850 203064 4 8,13,6,3,1,2,6,3
342431 59015 4 5,1,9,8,3,10
364521 245264 4 9,12,13,14,8
292062 269219 4 14,3,10,7,7,11
44906 130721 4 4,2,1,12,3,13
249282 164419 4 4,3,2,1,7,5
111922 115554 4 8,13,7
220149 73276 4 1,7,12,2,3
250179 221829 4 5,7,1,11,1
120766 322826 4 6,4,15,0,4
354638 33627 4 14,7,3,4,6
264795 377896 4 11,7,1,5
6127 243716 4 3,5
315299 197706 4 7,12,1,4,10,3
192952 312230 4 4,4,8,4
328396 283588 4 6,4,14,6
225168 22377 4 12,10,4,7,9,1
23811 349697 4 6,5,13,5,4,4,2
303156 241175 4 7,1,4,3,12,14
115624 88289 4 8,12,4,7,0
35578 310669 4 3,2,7
282852 297665 4 15,4
197401 271318 4 4,14,7,14,8,12
34652 104245 4 5,4,6,14,3,1
136806 109949 4 6,13,5,5
251804 57131 4 1,13,2,7,8,3,5
291136 187649 4 14,6,8,8,0,2
282509 116158 4 7,6,8
80728 140049 4 8,5,9
340493 330674 4 4,9,12
197734 38814 4 6,5,4,1,3
279069 325320 4 3,1,7,1
87537 106054 4 6,13,13,13,2,2
66346 214864 4 6,4,4,5,14
77097 308719 4 7,5,15,6
180786 327166 4 4,10
201462 18637 4 1,4,5
270004 303706 4 15,6,5
211771 185481 4 4,2,12,6,8,10,7
172602 238433 4 14,4
178039 276991 4 14,5,3,4,13,12,5,3
301435 335710 4 5,9,3,4,8,4,2
352914 52075 4 4,2
139622 315261 4 2,3,8
147364 258572 4 7,9
310374 4020 4 1,1,5,15,1,7
56320 60198 4 8,9,9,2,6,7,13,5
347402 294657 4 4,5,5,4,3
267584 273780 4 9,14,14,3,6,5
134758 368352 4 5,14
140650 367691 4 15,5,3,11,13,4,4
196230 275916 4 13,15,8,12,15
207905 35894 4 5,4,13,14,1,3,6
146264 88523 4 7,14,3,6,8,14,6
18894 7492 4 0,8,0,9,9,14,1
71221 277880 4 3,4,7,9,5
290682 189802 4 3,9
381897 372685 4 4,0,2,4,3,6
65987 221691 4 7,8,3,15,1,1,12,5
75172 286780 4 3,15,4,5,8,11
102784 303807 4 8,12,10,15
103137 130776 4 1,7,7,14
148154 68972 4 12,5,12,0,4
115306 355740 4 15,8,15,1,8
213740 230260 4 15,7,12,12,1,1,6
324362 363045 4 8,4,5,4,7,10,5,4
138020 130980 4 2,12,9,5,1,2,14,4
167150 255405 4 7,3,10,0,7
175243 69779 4 6,12,7,14,1,6,14,6
64450 246902 4 6,5,12,6,7,4,14
343436 110351 4 13,5,12,7,3,6
353802 273041 4 1,5,4,6,5,3,7,9
51339 75824 4 4,6,9,5,1,2,15
334859 287567 4 1,13,7,2,12
2525 105878 4 5,7,6,7
316581 58409 4 7,12,12
292752 190845 4 13,12,0
97966 231711 4 2,1,5,5,14,3,12,13
52877 265703 4 3,3,7,1,8,7,1
82065 90761 4 6,7,3,4,13,9,1
139951 307212 4 7,7,5,12,13,13,12
80104 287933 4 4,13,3,8,8,14,5
62466 306 4 4,1,4,0,0
234700 183208 4 5,12,5,0,1
106972 132576 4 6,1,8,8,1,5
378217 256977 4 4,8,7,5
248904 148484 4 0,4,7
307984 229604 4 15,3,12,1
57029 184562 4 3,8,5,7,3
223318 263427 4 4,3,13,4,12,7,5,5
344286 258279 4 6,6,3,8,4,2,12,3
253041 335493 4 7,4,8,4,4
382497 384002 4 4,11,8,14,1
122752 301553 4 4,5,9,10,10,0,5,7
134914 35187 4 12,14
367598 370113 4 3,4,6
70964 311386 4 12,5,3,7,5,12
164535 328412 4 8,5,12,8,6,1
343293 126723 4 3,10,4,1,7,12,8
308883 148825 4 15,7,13,7,4,9
275911 305074 4 5,12,5,5,3
223418 333052 4 8,9,9,5,2
292720 285541 4 4,13,6,9,5,7,1,8
321130 305667 4 3,8,1,7,1,14,8,4
324469 104680 4 4,0
176431 350981 4 7,13,5,3,7
206905 176010 4 7,0,11
263090 176377 4 3,3,7,1,2,12,14,12
193657 80957 4 6,3,14,14,10
236002 92689 4 8,13,5,15,13,1,7
332250 338791 4 14,8,5,5,6
365724 242222 4 13,0,8,11,12,3,15,5
126817 58917 4 5,6,1,14,7,9
45576 107837 4 13,3,4
124853 339902 4 7,8,15,12,5,7,4
51269 204656 4 13,3,6,3
290101 155161 4 8,1,7
63047 277594 4 1,13,4,3,12,12,8
4621 53544 4 13,11,1,5,8,14,4,4
175476 32215 4 3,6,7,8
272538 202379 4 8,3,7,15,13,3,13,3
228383 259947 4 4,5,2,3,6,6,1,1
280933 8965 4 3,4
144065 293966 4 12,7
95206 256799 4 5,10,13,4,7,1,6,7
234747 29826 4 7,13,5,9,5
280042 281452 4 13,7,3,6,11,4,13,2
232853 62472 4 2,11
239197 105051 4 3,11,9,13,0,7,9,4
189750 57282 4 3,5,5
373610 146758 4 8,1,3,9,6,12
288068 4955 4 8,1,12,15,15,7,13
288676 340903 4 1,5,13
319021 207803 4 15,3,12,7,12,0,1
134019 249903 4 5,12
275954 277123 4 15,2,3,12
36610 305751 4 4,3,6,15,5,4
127375 30448 4 12,8,12,2,4
193576 107367 4 1,2,3,14,6,12,1,4
246854 235338 4 2,13,12
45929 309378 4 3,12,3,4,3,6,14
225730 103866 4 4,0
308407 27016 4 3,7,5
237378 154454 4 8,2,3,9
84192 283300 4 4,0,1,14,3,1
358375 234763 4 6,10
380625 148882 4 1,9
350172 283612 4 1,4,8,5,7,13
191408 77068 4 12,15,7,3,10,3,4
272064 150882 4 13,0,12
89136 44334 4 8,9,0,1
252679 368802 4 1,8,8,8
100058 344854 4 1,11,3,5,10,3
55947 139778 4 3,10,15
153598 3478 4 4,8,1,3,3,4
15265 289139 4 3,4
50894 288494 4 9,13,2,1
142968 59871 4 1,2,2
78838 280221 4 15,8,1
40280 75340 4 0,12,3,3,7
337554 30405 4 8,14,8,2,0
56276 109022 4 9,6,8,5,4,2
187622 201288 4 3,4,8,14,8,12
91749 381248 4 15,3,11,10,8,7
213237 31449 4 7,6,5,12,8
137664 355608 4 7,4,7,10,14,8
270276 314616 4 2,7,7,8,3,3,5,0
174627 41225 4 8,2,7
357787 175874 4 10,9,0,6,12,3,7
136395 53876 4 5,0,11,12,1
55367 192775 4 6,8,3
310273 339955 4 13,3,4,14,6,6,7,1
153982 112715 4 0,12,12,5,1,4,1,14
126813 238866 4 1,9,1,15
326870 237468 4 0,1,0,4,4,7
346875 33899 4 4,5,2,5
138730 284970 4 3,9,15,6,8,3,10,6
313161 223578 4 7,13,6,5
295829 48884 4 5,4
207481 126136 4 1,5,3,0,3
16718 345035 4 7,1
249557 354451 4 14,4,6,2,6
26705 212214 4 1,4,7,3,8,4
265545 8344 4 3,5,10,6,12
6623 61069 4 7,0,7,13,6,15
42334 309755 4 7,3,3,3,1,0,0
6297 95562 4 9,7,9,8
18492 137822 4 6,1,1,14,11,8
373512 206647 4 10,4,3,5,8,0
267477 49616 4 5,15,8,13
369438 51409 4 4,10
159067 252363 4 5,6,7,7,7
363089 288853 4 7,12,2,6,12,6
279970 371024 4 14,8
253736 201096 4 5,5,15,12,14
244804 135625 4 10,15,15,3,10,7,12,7
242923 153875 4 6,8,9,2,4,7,14,7
253149 263566 4 13,1,14,0,6,14
127912 358649 4 2,7,1,9
274069 184507 4 1,9
321290 80040 4 7,12,0
339242 31269 4 4,7,3,12
19534 209479 4 5,5,10,15,5,1,9,7
66170 6806 4 13,7,8,7,3,12
40430 305260 4 8,7,14,0,7
27474 281697 4 6,7
295864 377730 4 7,2,6,3,5,7
352263 256894 4 12,3,5
290764 52771 4 5,14
255456 313469 4 7,4,3,8,3,4
187269 209559 4 3,6,9,7,1
316066 104891 4 8,4,7,0,7,7,8
379994 122503 4 2,1,9,13
139176 140557 4 8,0
192825 140485 4 5,10,5,13
330137 106899 4 4,8,6,9,3,12,1,11
238325 185106 4 4,8,0,3,7,15
36086 85447 4 5,3,4,3,8
282954 285495 4 8,4,8,6
99179 335689 4 3,4
240438 228945 4 14,6,12,1,8,3
82769 187150 4 14,3,6,1,6,7,3
232404 146931 4 6,1,4,10,3,9
325893 274603 4 3,3
339877 156529 4 8,0
296496 222528 4 5,3,13,9,14,4,1,8
50136 7310 4 12,0,12
151204 108924 4 0,3
66703 344520 4 13,1,12,1,5,5,3,9
356680 265775 4 5,6,7,12
383810 9533 4 0,11,3,10
71873 142007 4 7,10,3,0,9,1,5
308711 214142 4 3,1,4,13,4,13,6,8
11559 379873 4 3,8,3,6,3,7,2,13
131886 156902 4 13,6,4,1
45828 200315 4 1,7,7
57239 348765 4 2,9,13,8,1,2,2
59564 61598 4 13,0
64737 155764 4 12,6,12,5
230839 256419 4 5,3,7,7
321120 24040 4 6,7,7,15,14,2
6656 40380 4 15,12
117964 64430 4 15,13,6,5,5,10,5,5
365646 112217 4 5,6,15,3
66496 269823 4 7,3,12,8,4,10,1,9
318147 201159 4 6,5,4,0
250952 100846 4 15,8,3,10
233862 192629 4 0,3,2,4,13,3,5,10
192437 283271 4 1,1,6,8,1
1313 331753 4 8,15,12,7,1,14,2,0
324421 316114 4 4,8,4,1,6,5
282821 142328 4 13,6,14,9,12,8,12
154384 360343 4 5,6,4,5
213350 274422 4 8,3,14,1,12,3,3
359581 187366 4 3,12,3
294385 145843 4 4,2,4,6,4,8,7
249899 182001 4 1,12,5,3,0,5,14
65009 279888 4 5,1
27449 17310 4 0,1,7,11,7
188490 228781 4 5,5,0,13,6
367480 142967 4 13,4,14,7,7
50375 243761 4 1,10,8,5,10,0,7,6
215697 149698 4 13,7,6
369631 53573 4 4,1,0,0
170903 110352 4 6,4,8,1,1,4
163875 261691 4 3,14,1,5,0,3,3
157865 338396 4 5,7,3,7,13,5
218786 120449 4 1,6,8,3,8
202380 298597 4 6,3,12,14,11,5
18915 196008 4 1,15,7,3,5,5,13,1
144298 247350 4 2,6,7,4,3,6
335894 26425 4 3,5
218920 179598 4 2,9,6,3
241376 73087 4 4,1,7,5,11,4,2
97287 293784 4 8,3,13
61527 211789 4 14,9,8,13,7,1,4,7
309976 145240 4 8,6,2,2,4
281355 88541 4 8,7,6,11,14,11,9
146328 206834 4 0,5,8,4,6,4,4,6
52246 333791 4 8,4,8,6,4,2,3
81227 183671 4 0,1,1,4,8
64281 26240 4 4,15
312797 209954 4 2,1,3,5,14,8
347794 235440 4 3,4,3,1,4,7
366536 30286 4 4,14
187883 232175 4 14,12
199453 221938 4 2,4,4,0,8
234937 380473 4 8,3,4,15,7,4,8
148556 37815 4 8,1,2,11,14,7,3
5636 216294 4 15,8,14,4
175800 144130 4 7,8
230550 247692 4 1,4,4,4,10,4
94203 276751 4 0,5
280147 63703 4 1,3,4,4
5058 197100 4 8,14,13,4,13
314961 78524 4 4,9
90985 117519 4 2,8,4,8,9,4,13
191959 348329 4 12,2,1,4,11,12,13,8
130482 79330 4 7,2,5,5,9,8,4,9
313178 63936 4 10,14,12,3,2,12
68450 90684 4 15,8,14,11,13,3,8,2
156134 122661 4 6,8,4,15,3
327620 90695 4 9,4,14,12,9
330665 310608 4 1,4,13,3,9,13
166262 67007 4 14,13,7,2,5,8
339176 293138 4 3,5,12,8,7,3
186955 145702 4 1,8,5,0,11,8
314850 283308 4 13,13,1,1,7,6,7,10
44134 377469 4 15,6,5,1,5,8
167353 61765 4 14,9,13,4,5,2,7,9
255543 372414 4 8,4,12,14,6
220719 147278 4 13,4,5,15,5,9,12,15
124458 27434 4 12,12,1,12
330346 377850 4 13,8,11,4,9,12,5
25706 365557 4 0,1,15,7,1,4,13
224981 135624 4 13,13,12,14,3,1,1
25244 71782 4 7,6,5,15,5,11
335052 148682 4 6,2,5,9,13,15,11,1
34090 261343 4 9,1,13
293934 276323 4 12,12,10,12,3,5
67299 169009 4 13,9
121261 21539 4 8,5,7,8,7,6,1,8
289343 347989 4 9,6,2,7,5,2,5
323154 90779 4 5,12,4,8,11,0,5
274216 114033 4 2,3,9
135697 275778 4 1,7,8,14,6
231407 58940 4 8,7,5,13,2,12
360953 134628 4 4,8
14919 261271 4 5,2
122547 143601 4 4,12,13,3
105750 204337 4 8,3,7
179947 126634 4 4,7,3,1
143860 101813 4 0,2,13,14,15,14
135248 6478 4 8,7
288888 90596 4 7,11
210436 88227 4 6,8,12,7,8,1
318756 265753 4 13,5,1,12,12,2,10
86539 5022 4 8,1,8,1,0
116404 92565 4 1,7,12,7,2,1,10,4
59159 382236 4 6,4,9,7
346335 374996 4 15,4
375807 60365 4 5,0,5,0,13
352740 115505 4 3,7,5,4,4,3,2
162824 367219 4 3,13,13
64906 116872 4 4,4,13,3,6,3,4
265932 102907 4 13,12,2,7,2,1,3
81600 40823 4 7,1,7,4,12,4,8,9
339000 128719 4 14,7,12
93849 187045 4 10,13,11,14,5,12
72733 103289 4 5,3,7,10,8,5,13
341616 329234 4 7,12,3,2,9,1
309946 363626 4 9,1,7,1,4,6,2
334064 5287 4 5,3,0,0
363092 286566 4 15,5,8
166155 117098 4 14,2,12,15,6,9,7
313505 108701 4 1,1,5,1,6,15,15
198102 247939 4 0,11,6,4
129692 322309 4 7,2,6,7,1,12,9,3
153683 324174 4 1,11,10,9
323231 394 4 4,9
213235 67611 4 14,2,6,5
144019 243819 4 5,3,8
292720 18369 4 4,3,0
120055 156483 4 9,10,15,8,8
218847 85852 4 7,0,8
261828 41276 4 12,1,8,15
224439 218496 4 13,2,8,12,6,12,4
232158 108705 4 4,1,4,5,6,8
99498 343860 4 4,6,12,3,4
38204 342397 4 15,7
95349 147895 4 15,7,4,6,4
273072 75266 4 8,5,8,6,12,15,9
253012 369749 4 7,7
142208 262710 4 9,4,4,5,2,4,8
55513 82363 4 8,6,9,1,12,5,8
71443 170801 4 11,5
353680 39886 4 12,14,6,4,14,5
16333 211629 4 14,0,8,12,15,1,6,0
307988 210152 4 4,9,13,12,1,6
209713 106927 4 6,8,0,12,14,3,7,1
305828 192373 4 4,8,9,1,0,12,5
84857 15063 4 3,3,14,6,4,4,3,1
318418 14955 4 6,1,10,7,1,4,15
75375 246399 4 4,8,7,4,11,3
11506 306477 4 3,1,7,7,5,2,8,3
287749 213471 4 9,6,4,4,1,3,6
295871 259862 4 12,3,8,9,6
46322 44191 4 3,6,5,13,8,12
98916 60811 4 12,1,8,9,3,8
118725 77421 4 14,4,3
129372 50657 4 4,13,1
224940 290054 4 12,5,1,12,9,8,7,8
214943 273725 4 8,1,6,4,9,5,4,1
240936 211315 4 2,7,1,13,8,0
97564 154825 4 3,3,8,9,7,4,3,6
53277 56962 4 1,11,8,5,3,6
58567 142183 4 1,5,4,7,14
9703 13334 4 10,12,4,5,6,7,7
152187 367881 4 8,13,6,5,9
272548 363221 4 0,12,4
182258 10326 4 7,4,7,5,0,0
35095 179920 4 15,1,5,14,2,8,0,0
141596 174349 4 8,5,6,4,14,13
50535 112218 4 12,13,13,5,4,3,3
122161 239454 4 5,12,5,8
101167 361322 4 5,0,14
30202 142022 4 14,7,8,12,0,2
10396 255493 4 11,7,12,4,8,9,15,12
35523 174233 4 5,7
115993 317755 4 7,1,4,0
282610 3836 4 12,5,3,13,13,7,6,7
10341 229861 4 0,1,12,4
123324 375162 4 12,5
19621 303477 4 8,3
47571 157547 4 15,12,2,6,12,7,7,14
32080 318919 4 5,6,7,13,5,14,6
188713 299281 4 0,4,7,3,4,6
7431 29460 4 5,15,9,6
108573 189513 4 1,10,9,15,13,7,0
374713 352534 4 2,6,10,3,8,3,5
109923 110028 4 7,14,7,7,6
174219 232099 4 3,13,14,8,7,1,3,10
139455 69589 4 4,3,12
237196 335609 4 11,8,7,4
18960 63556 4 13,8,3,8,4,7,6
26231 192594 4 4,9,9,2
47399 378481 4 11,5,4
51180 228047 4 13,10,4,5
13237 123857 4 4,5,8,6,8
339528 307882 4 3,9,5,15
77046 248089 4 3,8,12,9,12,8,4
59921 311850 4 4,14,8,8,6,1,9,3
56989 235213 4 1,1,12
351569 362018 4 10,7,1,4,9,5,7,3
355609 360364 4 14,11,6,6,14,8,9,3
210199 279760 4 12,2,15,7,4,10
312185 314216 4 1,14,6,14,14,4,6,3
313454 244854 4 1,1,8
78514 226551 4 13,11,3,11,7,3
293102 263124 4 4,5,4,5
309069 213273 4 5,14,15
340978 230340 4 4,14,15,1,7
82294 277952 4 14,1,3,3,11,8
120422 35640 4 10,1,7,3,2,8,0
67199 339854 4 2,5,9,1,9,8,4
24720 120655 4 6,8,6,13,2,4,4,7
193504 40767 4 8,12,13,4,4
212958 196274 4 3,10,1,3,12,5,5
215656 217163 4 10,3,8,7,7,4,13
49900 59034 4 8,7,7,3
182841 226176 4 13,0,3,4
219375 139872 4 5,8,15,8,1,3
320192 330625 4 0,12
383304 102470 4 13,13,1,4,5,6,4
195411 8013 4 4,3
303107 352939 4 8,1,8
294720 37192 4 15,4,8,13,8
383600 367726 4 2,12,2,12,5,10,10,6
48429 119500 4 9,13,0,10,1,6,12,13
4618 61693 4 7,1,5,2,7,6
175087 229928 4 10,4,4
201442 189094 4 9,14,3,14,13,10,6
325941 285509 4 3,3,1,0,14
376383 316190 4 0,4,12
309393 174706 4 4,4,1,5,3,11,0,4
163917 5723 4 15,7,4
6627 362452 4 1,2,4,4,13,9
229855 373154 4 3,4,7
366339 64324 4 7,6,0
149055 89378 4 2,4,11,4
215767 347639 4 7,15,8,12,13,8,1
291380 63740 4 2,8,6,7,4,5
151442 79687 4 9,6,12,7,7,13
319887 378467 4 8,5,7,9
185278 119380 4 0,13,8,1,13,14
134785 5064 4 9,1,1,7
134666 72326 4 14,4,1
324607 317240 4 7,6,8,5,3,4,4,3
307379 239563 4 2,6,13,11,3,3
149656 284162 4 15,7,6,3,6,5,13
278201 264074 4 1,4
279179 126609 4 15,12,14,3,6,8,9,5
174794 211745 4 13,3,15,12,7,7,7
187518 320219 4 2,15
354792 64244 4 3,4,4,4,9,2,13
57030 127829 4 3,4,14,13,5,3,4,1
78242 140808 4 9,7,13,2,13,12
17614 255577 4 14,14,5,13,13,3
76267 107801 4 4,6,7,9,6
133302 20018 4 11,5,15,12,9
362761 70734 4 2,0,3,6,0,13,4,4
176507 342292 4 10,14
379271 295941 4 7,12,15
33151 224596 4 4,4,6,15
335033 85604 4 3,5,1,6,15
375926 329772 4 5,1,5,8,15,3,6,14
214556 228434 4 9,3,4,5,1,0
213264 81130 4 4,6,5,1
106557 234832 4 8,8
371449 29200 4 8,5,14,8,8,1,5,3
382475 288802 4 1,1
44363 365520 4 1,14,4,3,4,1,8
231439 206367 4 4,5,12,15
171852 235324 4 8,3
110 97231 4 12,11,12,13,0,5,0
51684 83342 4 8,6,13
49397 132029 4 14,7,7,7
353246 153039 4 8,4,1,8,4,4
146975 320465 4 6,7,0,12,11,7
92240 30047 4 15,15,13,8,5,14
125050 12932 4 6,1,4,14,12
336214 100755 4 10,4,7,0,5
177377 103128 4 9,1
251749 33212 4 8,2,12,7
370423 304858 4 11,8
246920 69786 4 2,0,7,14,8
153177 203790 4 12,14,2,5
142716 41557 4 1,5,5,4,8,4,12
58537 132519 4 4,4,3,14,5
264169 69342 4 1,4,7,4,9,3
217900 295803 4 13,6,11,13,6
228004 138710 4 12,6,13,5,7,6
185852 145641 4 15,9,6,3,2,9,11
46213 202626 4 11,12,3,3
53964 139013 4 1,2
147183 212438 4 7,11,0,4,9,14,5
211870 187767 4 2,3,0,14,2,8,5,8
16639 302510 4 9,6,11
353709 150395 4 4,7,14,9
166094 375924 4 1,0,13,6,5,13,10,7
379611 261294 4 7,8,5,6,6
54172 40034 4 4,13
125002 13100 4 0,1,3,14,5,3,4
339172 64395 4 2,10,3,8,6,14,11,4
235068 197082 4 6,5,3,4,0,1,13
320810 119524 4 11,9,3,1,9,14
304852 219683 4 5,7
312344 25527 4 3,12,6,0,8,3,12,10
193446 214318 4 14,12,13,12,6
357129 32961 4 3,8,10,4,5
253403 97319 4 10,11,6,13
7038 127319 4 3,14,3,4,4,2,2,5
296726 371392 4 1,5,7
54364 64385 4 5,13
208318 346865 4 12,0,8,12,7,6,4,12
31096 281347 4 5,9,8,8,5,8
309777 236850 4 7,7,3,1,15,6
73209 124889 4 14,3,12,7,13
143087 62285 4 1,1,8,13,7
229694 239581 4 12,3,0,7,12,14
228042 100937 4 3,5,3,6,3
221461 346223 4 13,13,8,1,1,6,3
360999 40824 4 8,10,6,3,8,12
316236 196583 4 14,1,1,14,8,7,14,12
320843 299041 4 3,1,9
375762 308770 4 3,0,12,5
311270 295485 4 3,5,8,1,0
1860 228046 4 4,8
369518 110026 4 1,15,13,0,5,4
323835 189852 4 3,12,1,15,2
332668 78522 4 15,14,6
177 301854 4 14,1
262691 15034 4 8,4,3,6
369882 194280 4 10,5,4,3,12,4,6
124337 357930 4 12,3,3,12
305839 28722 4 14,3,12
10937 193620 4 6,15
273867 247899 4 5,0,7
166813 218492 4 4,4
42835 82760 4 4,9,2,3,13,12,6
131348 30538 4 4,4,8
189160 90143 4 11,7,3,2,0,3,10
183691 123587 4 14,6
260018 308436 4 6,7,0,4,10,7,3,3
162275 278297 4 9,12,0,5,3
147060 131019 4 3,8,6,3,8,1,5,13
319019 296127 4 7,4,13,12,12,1,15,1
219098 283371 4 5,3
132108 316795 4 9,10,5,15,12,7,4,1
93900 199460 4 7,9,8,13,10
321833 27988 4 12,14,7,10
145599 277217 4 1,1
79079 247810 4 6,5,3,8,13
75221 279466 4 5,8,7
87091 59551 4 7,12,10,1,7
257788 90948 4 14,7
80037 77442 4 15,3,12,4,12,4,9,6
64742 82981 4 2,3,0,8
36059 357870 4 0,1,6,15,13,14,0
247023 125857 4 4,4,8,13
21496 346761 4 4,12,10,6,8,6,12
261534 186674 4 3,3,5,7
320845 133908 4 1,5
47331 265902 4 4,4,6,10,5,5,4,9
77793 274264 4 3,3,5,12,11,7,8
176007 9283 4 4,8
154790 79659 4 1,3,2,4,4,0,5,10
49448 128779 4 8,12,0,7
26568 15340 4 3,4,8,7,2,4,12,5
260537 141990 4 4,14,1,12,6
116157 20336 4 9,4,4,14,6
54984 370651 4 8,2,5
177170 205437 4 4,7,15
310684 273196 4 1,14,15,6,12,12,6,12
174220 862 4 9,4,3,6,12,5,3
288417 300189 4 5,3,5,4,5
31348 371731 4 3,8,15,9
61648 43656 4 3,7,6,8
311812 287633 4 0,13,0,1,12
291341 336722 4 3,14,0
13765 202992 4 8,1,9,1,4
275160 161735 4 10,13,8,1,13,1,3,12
270297 367786 4 5,7,4
357601 380344 4 10,0,8,4,3
341067 346447 4 8,6
89469 331291 4 1,2,6
56372 47504 4 7,13,14,11,1
168363 16516 4 4,5,6
323007 201541 4 10,1,12,9,12
126811 234840 4 7,7,2,4,1,11
138810 366586 4 14,8,7,8,1
37185 352337 4 4,12
267711 151043 4 14,7,6,12,10,5,12,8
367143 187196 4 12,7,1,5,6,4
344675 102451 4 9,13,3,9,1,7,7
134800 122192 4 3,12
376627 76791 4 6,14,6,6
36591 111623 4 0,7,7,1,15
167395 303295 4 0,6
372605 341940 4 0,5,7,1,6,12,5,4
325619 308385 4 6,7,13,1,0,6
242525 323421 4 7,4,13,12,6,5,9
308693 233886 4 7,1,10,7,8
218192 185440 4 8,2,13,12,12,4
186726 350989 4 13,3
300512 107368 4 8,1,12,6
97416 308671 4 6,8,10,13,4,9,3,9
278104 263969 4 11,15,12,7,14
135490 300841 4 5,8,6,5
355987 164325 4 7,4,0
278946 63244 4 3,8,11,7,8,3,4
379927 277165 4 10,2,1,3
186745 123868 4 9,6,10,7
150862 368268 4 2,2,3,3,1,6,1,1
350755 186825 4 7,12,0
380686 69865 4 3,9,7,4,3,12,15,6
214319 64118 4 5,3,6,3,4,3
376894 171225 4 4,8,1,1
144731 123011 4 12,5,14,5,2,7
337975 26816 4 3,7,13
18940 121136 4 6,11
287858 186034 4 10,4,4,8,2,4,4
155621 119267 4 4,7,4,1
169626 58886 4 3,7,14,4,8,5,8
334884 213264 4 2,2,8,6,0
272596 304038 4 1,13,7,5,5,4
170872 85570 4 7,13,11,3,7,1,7,2
326968 276506 4 6,8,7,3,8,9,11
33740 261895 4 12,3,13,13,15
269318 11710 4 14,1,5,0,1,9,11,4
151145 162887 4 7,8,5
357342 280044 4 12,7,14,2,8,0,6
229764 372843 4 3,8,8,13,3,11,3,8
244281 57176 4 1,13
332839 9324 4 8,3,5,7,0,10
181965 72003 4 8,3,3,10,1,1,1,2
51782 199871 4 4,14,13,4,12,8,3,0
20793 284667 4 15,8,13,8,14,4,8,4
132390 348784 4 8,5,12,4,0
53530 268326 4 4,13,9
333170 156732 4 5,3,4,9,1
85930 244097 4 3,10,4,0,4,7
33659 334015 4 12,3,11,4,8,1,12,10
338842 177937 4 13,8,5,2,13,3
22912 345385 4 7,12,6
233092 356567 4 13,8,8,12,11,3
170111 325634 4 11,5,7,6
347761 182545 4 4,3
219847 71853 4 7,6
285191 341206 4 13,12,3,4,10,7,4,4
240629 224907 4 3,5
162224 275709 4 6,8,4,13,5,0,11,13
366622 94343 4 13,3,5,12,1,9,11
383064 349297 4 1,5
24404 94308 4 12,5,3,7,12,9,4
29959 228781 4 2,12,8,8,5,9,4
306528 170715 4 13,9,7,0,1
253953 90527 4 7,14,1,8,13
122241 321871 4 7,12,7,3,7
26298 58586 4 7,15,10,6,4,12,12,10
127410 255214 4 8,9
94957 342123 4 5,1,14
49363 206133 4 3,6,7,7,5,14,1
155587 310483 4 14,3,12
335513 159853 4 0,13,14,0,7,8,1
10976 80725 4 4,8,8,10
370466 180175 4 1,11,7,1,5,15,9
173293 357913 4 5,4,14,9,5,4
369964 301345 4 3,12,12,6,6
109054 173009 4 7,5,8,5
304754 312432 4 15,7,4
212332 293812 4 5,4,3,15,12,2,7,3
354545 99603 4 4,6,6,13,3,3,8,5
125794 199844 4 8,5,4,7,13,5
251225 248231 4 3,7,4,15,8,2,12,6
64978 130021 4 3,13,5,7,14,4,10
148476 349605 4 9,4,7,3,4
252768 181082 4 8,6,3,3,0,12,12
70335 89351 4 4,1,7,13,5,12
67347 109417 4 4,14,3,15,3,5
133201 336089 4 5,8,15,8,5,3,3,7
51382 302731 4 10,6
303784 45399 4 4,8,14,8,6
285844 166352 4 1,1,8,9,1,4
41608 215712 4 1,7,14,1
245977 48017 4 12,2,8
46235 197571 4 4,5,7,15,1,7
32372 363300 4 3,8
184084 371980 4 4,1,3,8,14
267167 241915 4 7,13,5,7,8,11,7,13
148127 109917 4 12,2
346838 300222 4 12,3
145298 214029 4 4,6
35156 263255 4 3,1,3,9,2,7,7
198334 168574 4 8,9,5,8
24023 116621 4 3,15,7,12
286750 347770 4 5,11
277064 135257 4 14,8,14,7,1,15,8,7
377072 134309 4 9,9,4
9727 108539 4 8,5
93476 281555 4 11,14,2,13,12,1,2
10973 290534 4 5,1,3,12,4,2,6
25939 305023 4 5,7,10,3
29687 250187 4 9,12,4,6,6,4,15,8
28595 80600 4 14,8,15,5
3443 365292 4 3,12,9,6
41269 95598 4 5,13,9,3
173091 203743 4 8,8
51371 219408 4 8,3,6,6,2,15,1,1
287571 266198 4 13,12,8
117748 150575 4 12,9,13,1,4,3,13,9
218837 288590 4 1,4,12,0,12,4
307096 375760 4 5,7,5,7,4
142997 146833 4 3,7,7,4,2,14,3,1
282231 74576 4 4,12,14,6,13
84787 131419 4 0,6,6,15,3,15,5,10
266151 165670 4 10,8,10,3,3,12,7,1
233413 31743 4 6,3
351553 55237 4 14,9,6,14
65537 236399 4 5,4,3,9
236949 142882 4 7,14,1,5,2,14,8,12
16625 93365 4 3,4,12,7
180225 90972 4 14,9,4,5,2,15
377230 106630 4 11,5,1,14,3
264615 99580 4 3,7,8,5,5,13,8,13
39713 3325 4 7,10,8,3,5
152605 344268 4 12,3,12,3
335704 273949 4 12,15,11,6,1
178331 181428 4 14,8,4,8
210642 179783 4 4,4,12,8,8
381038 350700 4 15,14,15,5,4,11,14,3
44005 163086 4 7,1,4
245776 145016 4 1,4
172447 185738 4 14,7,6,4,4,8
81808 63556 4 4,7,12,14,12
170391 281450 4 13,1,4,3,12,7,13
83191 294006 4 1,12,1,9,14,8
63104 350286 4 1,5,5,10,2,1
241721 118390 4 15,7,14,1,3,8,4
12447 135606 4 4,4,3,14,13,12
76932 140436 4 1,9,6,0,3,4,8,12
229745 110124 4 2,8
111280 120114 4 4,5
315990 148073 4 5,14,6,11
346303 100421 4 10,8,2,13,3
800 28070 4 4,3,4,14,3,6
260417 283674 4 3,8,6
341149 377968 4 0,1,2,10,6,7,10
19995 234334 4 14,5,3,14
363426 89967 4 4,0,3,13,3,3,3
195165 69938 4 4,7
264908 145729 4 11,7,5,5,7,8,14,13
283893 36426 4 9,3
52826 322175 4 3,4
151272 71698 4 10,8,6,1,8,3,6,3
188970 170800 4 8,9,1,4,14,14,8
343491 331368 4 5,14,4,6,4,5,12
272495 214217 4 1,12,7,4,12,14,5,5
114825 18888 4 8,1,12,7
140061 301943 4 8,14,5,1,1,14,3
53694 19365 4 5,5,9,11,3,8,14,4
156165 197017 4 1,1,7,9,2
113877 292398 4 6,7
233470 162277 4 6,4
362823 337535 4 5,8,4,1
219436 242652 4 0,12,12,12,7,8,1,9
33413 194626 4 8,1,8,3,5
51068 58198 4 1,4,5,15,13,12,12,2
143803 264881 4 4,8,3,7,8,1
4401 339873 4 5,5
314257 26209 4 7,2,2,9,14,12
114234 346185 4 7,6,5,3,5,2,8
243589 88276 4 3,6,8,14,2,1,13,7
108061 20241 4 12,2,5
329937 162321 4 3,3,3
314391 210614 4 13,4
269659 145834 4 4,12,3,4
60892 110576 4 4,4,1,1,12,6,8,5
350966 169012 4 8,14,1,7,4,1,4,9
156423 52054 4 14,1,5,10,9,15,7
131209 87881 4 1,9
2324 82116 4 13,5,7,5
305921 285712 4 1,1
103294 326716 4 4,12,1,3,6,8,4
359663 129437 4 7,1,0,8,13,9,3,7
202851 332314 4 3,5,2,3,3,13
327148 84223 4 3,11,6,8,1
180901 179946 4 13,3,4,8,1,8,7,8
125947 202503 4 8,7,2,6,3,11,3,7
145983 227999 4 12,11,0,13,4,14
288579 57990 4 10,0,5,7
347589 49829 4 8,4,3,1,8,5,7
195941 289484 4 13,8,12,12,15,12,5,0
88581 33186 4 13,12,7
224369 36302 4 2,7,8,1
86725 129399 4 3,7,0
44315 318890 4 6,3,8,8,5,1,4,6
162945 343831 4 5,14,3,0,7,12,8,3
297742 56076 4 8,4,8,9,15,4,13,3
8100 140888 4 5,2,3,8,13
143050 100018 4 2,5,4
150847 246998 4 13,5,3,1,1,1,7,1
8538 56027 4 5,15,8,2,15,11
9402 259237 4 3,7,8,10,1,8
346757 64818 4 4,4,8,0
142119 340322 4 6,14
123756 209467 4 1,3,9,7,7
347272 245667 4 6,8,10,6,12,7
358987 356351 4 15,1,3,3,9,4,6,12
221734 137952 4 8,13,6,1,11
281906 273553 4 3,3,2,4
333380 307995 4 12,1,4,3,13,1
293628 47672 4 3,0,1,6,6,5,4,2
154131 68685 4 12,3,7,8,8,6
216260 157765 4 8,3
73949 140861 4 0,5,9,3,2
183329 372274 4 2,5,5
329163 325010 4 4,15,15,6,15
123703 346144 4 9,3,3,4,4,15
63305 83064 4 13,7
345020 125177 4 12,8,8,6,13,7,12
370051 55908 4 13,0,4,14
84715 266191 4 12,3,8,3,7,8,4,6
71997 31323 4 1,9,6,8
277612 224463 4 10,0,6,7,14,5
62942 168569 4 1,5,0,5,5,9,12
2963 321390 4 9,14,12,4,0,10
144007 60753 4 9,8,3,7,3,5,3,9
106939 357466 4 2,5,5,0,15,12,8
189043 373643 4 3,7,1,13
284469 60834 4 2,12,10,15,14
115298 90190 4 1,6
148555 285395 4 3,0,6,4,5
4176 35262 4 11,8,13
371563 315798 4 11,8,9,8
82703 225229 4 7,4,6,0,15
17039 364911 4 9,13,4,5,5,3
58101 288975 4 7,12,7,10,3
226811 46642 4 5,2
89199 12145 4 9,7,0
60931 281116 4 1,5
93710 141505 4 4,7
291224 234402 4 5,10
327464 326369 4 7,0,3,14,9,0
70766 83492 4 8,1,6,4,7,1,12
67929 168439 4 1,6,15,5
338643 183206 4 8,2,6
122449 345536 4 5,3,2,4,3,9
259739 51737 4 5,5,3
380466 85691 4 4,7,6,10,5,10,7,3
268817 309101 4 15,6,14
5297 314384 4 7,11
197340 193651 4 8,5,7,7,4,2,7
259836 357431 4 5,7,5,12,4,4
303225 56035 4 1,3,4,7
341468 299662 4 7,5,6,5,4
374180 315505 4 13,5,9,5,5,3
254456 302073 4 6,1,3,1,1,7,7,7
37435 154726 4 11,0
85063 145213 4 12,1,3,6,15,8,1,3
60266 88312 4 15,8,15,7,3
237609 376513 4 3,13,1,8,7
158599 222267 4 5,7,12,0,13,4,10,8
371416 175627 4 14,12,2,4
328131 306983 4 4,1,2,5
299759 292167 4 9,3,12,1,4,3
329382 180052 4 4,1,1,12,12,1,12
145789 286923 4 7,5,5,13,8
326650 333549 4 2,9,4,8,4
380299 80745 4 12,4
109896 20481 4 8,8,8,7,7,1,4,5
23343 74160 4 10,9,3
98156 327648 4 10,0,4,15,7
185977 139567 4 1,6,5,15
312578 182731 4 14,9,7,9,6,9,5
37715 300461 4 3,4,9,0,13,11,0,1
76702 330800 4 4,13,1,11,15
28851 231055 4 3,4,4,12,3,3,1,5
60458 288924 4 4,12,7,12
267398 277569 4 3,3
275547 35140 4 9,1
14704 128578 4 3,11,1,7,0,9,8,4
283883 287632 4 12,8,8,12,10,5,12,8
277154 306931 4 12,8,4,6
94847 295279 4 3,8,8,9,13,15,1
248253 234018 4 6,6,4,7,1,4,7,4
279934 276627 4 1,7
222377 218819 4 6,7,2,9,4,1
255484 83621 4 15,15,12,4,3,11
80770 366845 4 1,12,5,1,15,3
281475 85059 4 1,15,12,0,3,12,12,0
383445 330797 4 8,14
214215 30365 4 3,13,3,11,4,3
95815 367340 4 11,13,2,8
305173 113044 4 14,11,10,4
25970 312541 4 7,5,13,13,14,5,10,15
59832 261931 4 2,0,0,12,14,0
361333 105078 4 4,6,6,8,4,14,1
373834 246310 4 1,14,13
355412 93022 4 7,15,3,14,13,9,14,4
116338 181292 4 1,1,8,1,4,11,6
283999 9484 4 3,15,13,7
96165 193448 4 7,13,8,1,11
303410 337956 4 6,2
287393 305216 4 1,6,9,5,4,15,11
352227 39449 4 3,3,1,3,4,14
75736 232426 4 3,13,1,8
129267 234097 4 8,12
257887 151486 4 14,0,14,13,7,4
194402 47607 4 12,1,1
49585 223966 4 8,15,4,1
42259 317865 4 1,7,8,4,4
163681 193518 4 12,13,0,10
44607 207618 4 5,4,13,4,11,4
67595 324484 4 7,13,7,14,7
188228 380180 4 3,7,1,5,4,0
61276 260092 4 3,3,6,2,1,12,4
235818 379416 4 13,3,1,12,8,13
14873 228742 4 1,3,7,3,13,8,6
47091 379133 4 8,11
229450 202222 4 7,4,14,3,6,8,7,10
181313 289253 4 14,6,2,8,3,1,12,7
256599 60588 4 5,13,3,4
207184 220181 4 3,4,8
299021 88180 4 6,6,8
91033 102592 4 0,4,7,5,13,14
371043 112940 4 5,11,3,7
289527 179172 4 6,1,6
166947 75671 4 14,4
19026 49880 4 1,8,3,6,7,2
316593 592 4 4,4,14,15
379682 91340 4 4,12,13,7
76217 314242 4 4,11,0
93675 64438 4 10,9,3,1,0,13
357009 227649 4 14,1,3,11,13,9,1,8
275169 232461 4 4,3,5,12,8,11,0
309153 142794 4 7,5,3,13,4
96121 337769 4 6,0,13,5,4,4,8
143479 345584 4 5,4,7,7,4,9,10,5
307533 84880 4 4,13,3,4,1,14
256508 139908 4 5,6,8,6,5
242967 128994 4 7,5,12,11
52482 199596 4 5,15,5,8,4
165988 130024 4 6,8,3,5,7,8,3
93324 193146 4 4,4,4
213136 317812 4 12,6,10,11,15,3,8,3
83507 178890 4 6,3,7,1,7
258165 287871 4 1,11,5,15
106871 366681 4 14,4
224191 348403 4 3,12,3,6,3,6,0
354424 164223 4 5,15,15
48936 337080 4 9,13,6,11,2,12
87791 85361 4 1,4,1,7
29049 224084 4 1,11,7,12,9,8
171886 82730 4 6,3,4,8,1,9,1
156163 203252 4 12,6,12,0
206098 213661 4 7,6,8,6,14,1
371650 36719 4 5,7,3,7,1,7,7
185908 332545 4 7,6,5,4,6,5
159544 143848 4 14,4,11,6
28340 49848 4 11,2,1,15
60698 45183 4 0,8,4,1,12
153896 178300 4 1,3,12,5
322179 34853 4 14,7,0,9,4,10,13,8
345689 369728 4 14,6,5,11,6,3,6
211001 371365 4 13,11
67967 344558 4 5,1,8
87054 90471 4 12,5,8,15,13,13
323789 105765 4 7,2,11,4,11,4,3
41216 315273 4 1,15,7,13,4
82838 354757 4 5,6,1
319323 145239 4 1,5,14
126869 328469 4 8,11,8
210155 338678 4 1,6,3,7,9
52937 106390 4 8,9,6
183020 95231 4 3,14
122551 96279 4 13,8,0,4
300686 117757 4 6,8,7,4,1
39664 377737 4 8,7,6
6370 220579 4 7,4,8
293640 259195 4 1,7
139763 298314 4 2,6,2,13,4
124037 126370 4 14,3,14,3,5
248140 297041 4 14,5,12,6,2
224898 326423 4 15,4,5,12,6,3
369719 215372 4 8,5,8,6,7,5,14
361593 183303 4 11,12,3
278255 70725 4 12,4,3,13,5
114423 297611 4 1,12,12,0,8
209721 70869 4 4,1,4,4,8,6,14,9
377893 82987 4 5,3
365618 172299 4 12,3,4,14,1,10
356742 90807 4 6,15
188512 175906 4 14,5,3,13,10,5,15
281501 259606 4 14,14,7,8,3,2
19611 240138 4 5,4,9,0
176243 155743 4 3,1,8,2,1,6
178266 29222 4 12,12,7,1,3,14
162939 182771 4 1,7
102708 77641 4 7,3,12,5,7,12
112686 132707 4 7,11,4,7,13
248447 262746 4 0,0,3
308104 300151 4 8,1,7
338566 326585 4 3,8,5,14,7,0,0
51674 363957 4 0,13,7,4,8,9
159645 176865 4 14,7,10,1
368475 184119 4 11,12,3,15
65157 329307 4 10,3
261208 375354 4 12,4,4,9,12,10,12,7
80268 335369 4 6,7,7,6
324323 195991 4 13,2,1,15,5,6,1
153659 318377 4 4,8,1,3,13
309096 276047 4 14,3,7,3,1,5,8,13
345039 64919 4 13,5,9,7,3,6,7,6
41832 77024 4 3,5,12,8,7
32412 104605 4 8,3,8,8,6,3,4,1
3912 301501 4 7,11
360116 382296 4 6,4,13
292811 14908 4 6,14,3,1,3,4,2
163071 117122 4 14,4,13,0
192343 84886 4 8,12,6,7,5,4
204337 28789 4 12,4,4,9,2
160192 344886 4 5,3,12,5,6,9,1
308319 298328 4 13,3,6,12,15,2,15
72706 296174 4 4,1
372802 368386 4 3,14,11,15,3,8,5
155293 8856 4 14,7
11814 166492 4 7,6,7,7,4
193012 363878 4 0,13,3,8,6,1,8,3
165876 218298 4 9,15
69176 129638 4 0,5,1,7,6,1,3,3
123852 170086 4 9,14
109799 350347 4 2,1,10,12
203210 96031 4 8,4,15,4,10,7,13,11
121363 182227 4 0,3,3,0,6,13,8,12
48874 381796 4 2,6
46985 363148 4 6,5,8,13
131694 16300 4 11,15,7,3,4,6
78779 288416 4 3,10,1,3
283061 67831 4 7,3,5,15,8
99803 334154 4 13,5,12,14,11,14,0,7
152923 377037 4 1,3,14,3,15,7
197986 206837 4 2,10,4,12,2,4,10
160205 369969 4 1,3,8,2,0,7
196127 9311 4 10,1,7
244768 41484 4 5,15,2,14,0
250149 128743 4 11,12,0,5,14,7,4
224253 289291 4 7,1
133529 272178 4 3,6,5,13,8,4
329987 9345 4 4,8,12,9,8,5,11
66318 265283 4 3,8,13,7,13,9
110253 13321 4 5,0,7,13,4,3,12,5
69180 245905 4 7,1,14
290883 52697 4 13,3,4
309125 247518 4 1,4,8,14,7,8,5,7
13610 375140 4 8,8,11,7,14,14
153595 318913 4 5,4,4
372708 345742 4 6,12,11,12,1,9,3
142977 131023 4 2,3,0
307705 81210 4 4,4,6,12,6,6,11
23118 143760 4 8,15,13,14,4,4
329480 321863 4 7,11,4,3
338079 164177 4 12,12,4,8,12,6,8,6
292622 247515 4 3,8,7,14,0,14,6
117274 84885 4 12,7
97033 199180 4 14,9,7,7,6,6,2
165914 91042 4 7,0,2,0
45237 202039 4 11,4
125404 57281 4 8,6,7,3,6,5
239660 25584 4 7,14,3,11,12,4
366876 312419 4 8,8,7,1,8
44751 202782 4 11,3,4,3,10,14,14,15
80313 119368 4 12,10,1
192374 379853 4 5,7,8
102936 356896 4 4,8,7
208834 180624 4 9,12,14,3,2,7,1
228041 70110 4 4,9,14
124521 340939 4 15,2
130388 348642 4 0,4,3,9,4,7,7
260245 196006 4 2,1
133729 68104 4 6,6,13,14,0,10,4
133758 261057 4 9,10,3,12,3,3
107951 34117 4 2,7,11,7
64440 187307 4 14,14,6,7,5,0,3
119613 31110 4 4,7,5,4,8,15,2
148789 50813 4 10,11
9917 255514 4 4,2,4,6,8
272620 134834 4 2,7
177985 143067 4 3,11,11,1
126279 258577 4 0,9,13,0,1,11,4
291283 44571 4 7,3
141858 23612 4 2,3,3,5,6,6,0
44528 313345 4 3,14,3,3,5,13,15
355520 104460 4 14,6,8,1,12,7,5,4
326421 327733 4 4,13,4,1,4,0,7
310478 338796 4 4,1,10,1
224385 260556 4 12,3,7,2,3,3,3,11
172918 31363 4 4,2,2,2,4,7,13,3
17653 31953 4 8,8
381762 182042 4 3,5,11
85284 362965 4 8,8
34608 131324 4 8,7,5,0,14,1
192090 262497 4 3,12,14,7,11,10,11
193652 180390 4 4,12,1,8,8,0,8,6
289056 359490 4 0,9,0,0,11,7
364103 373709 4 3,7
37005 86209 4 3,14,9,5,1,8,15,6
97099 127892 4 1,1,4,4,7
292493 366340 4 7,12,4
338011 106232 4 4,6,1
357832 63161 4 7,14,14,8,4,7,3
117845 285064 4 3,6,0,4,5
332465 144972 4 0,11,4,12
131622 152834 4 7,8,9,13,5,3,12,3
120663 32001 4 0,1,13
374850 157431 4 7,5,6,4
40595 6706 4 4,5,8,1,4,14,1
128297 208222 4 5,8
110194 153878 4 4,8,3,2,14,8
104887 241107 4 6,7,0,1,11,3,6
68771 6393 4 14,1,8,8,1,0
256715 52603 4 4,13,6,0,12,3,5,7
221835 177523 4 2,12,0,4,2,4,0
370355 314530 4 4,8,8,5
270833 195983 4 5,8,3,12,13,6,1
107248 6170 4 1,3,0,6,3,15
150809 307421 4 7,5,12,11
383392 186718 4 2,7,7,7
65783 230422 4 15,12
158142 231722 4 8,3,3,5,3,6,2
20547 256513 4 6,3
49889 334596 4 14,14,8,1,6,8,8,3
155822 99917 4 5,8,3
172911 62170 4 15,4,5,9,15
207202 106721 4 3,15,13,10,5,15,13,11
186537 48751 4 1,6,0,4,5,2,1,5
297078 213071 4 9,6,12,1,7,5
202320 318621 4 1,7,4
363844 233295 4 6,4,6,5,9,5,13
164426 196643 4 2,3,8,2
147985 36341 4 6,2,8,14,12,4,5,2
70459 324277 4 5,5,5,4,14,13,14,1
344620 105455 4 3,14,4,4,8
310225 152456 4 3,15
220176 95684 4 11,4,14,8
17826 143121 4 8,14
369332 168447 4 13,11,3,11
337476 266271 4 4,1
156224 205416 4 8,8,8,2,6,12,13,12
364971 118448 4 0,8
224617 285464 4 5,4
113782 51047 4 6,12,1,6
253982 147674 4 0,14,6,10,3
240130 379628 4 3,4,3,6,0,11,13,5
222288 203265 4 3,13,4,3
285251 314661 4 1,4,4,7,5,14,3
120054 71242 4 6,1
217822 228766 4 2,12,5,7,1
302208 327643 4 14,6
273321 277985 4 3,12,4,7,1,13
4023 300527 4 1,6,7,1,7
12241 152561 4 4,7,13,1,12,15,5
263111 15071 4 14,7,8,8,3
268840 67789 4 8,4,8,7,15,7
151797 206323 4 1,8,3
10213 151186 4 9,13,0,12,13,5
87937 2960 4 14,6
113351 231941 4 3,8,11
157665 244572 4 1,3,8
229752 29335 4 14,4,7,2,13,3,1
165844 293591 4 7,7,12,0,1,14
148915 127567 4 6,9,12,5,8
203860 261844 4 4,14,5,7,15,14
208818 287823 4 4,7,9,13,4,8,6,7
333282 302107 4 8,11,0,0,8,14
57829 29707 4 12,13,3,7,4,4,13
302364 346396 4 8,11
283905 183427 4 5,1
338848 188460 4 13,2,6
233418 312910 4 12,11,4,15,15,1,3
260060 274293 4 14,4,13,3,8,7,1,5
377239 99369 4 1,0,5,4,1,5
237263 202404 4 1,12,1,7,3
126815 358056 4 9,7,6,3
304249 112175 4 1,9
129774 350863 4 11,15,10,9,3,8
142375 18018 4 0,2,6,3,7
9196 317631 4 15,12
208370 58012 4 4,6,7,14,8,2,0
54684 297098 4 12,6,8,8,0,10
78822 349329 4 12,9
115163 29086 4 7,5,9,7,15,5,14,9
145095 68203 4 13,3,1
266546 239836 4 1,0,1,2,3,8
77231 92221 4 6,10,1,7
16314 261108 4 14,8,4,12,4
351637 172272 4 6,5,8,12,7
120863 30893 4 13,3
222910 376883 4 1,6,8,3,12,3,5
126838 143054 4 3,2,11,4
220304 309958 4 3,8,0,2,4,6,7,4
383894 130400 4 5,5,7,12
264803 191995 4 7,8,3,3,8,7
53552 211690 4 5,3,0,8,5,14,7,2
216651 4767 4 6,8,4,3,2,6,13,10
118946 72059 4 4,6,8,13,9,14
78271 84205 4 6,14,8,5,8,7
26486 241984 4 4,11,8,0,14,5,12,5
156358 371965 4 3,15,6,2
184138 99836 4 7,3,8,3,9,6,4
108453 26672 4 3,9,5,3
108405 206965 4 3,4,3,3,6,12,2
356406 304270 4 7,14,7,1,3,14
248875 290298 4 9,3,10,12
193765 77041 4 7,9,14
352863 348665 4 1,4,1,6,7,4
115074 248235 4 11,13,14,12
314577 192011 4 7,0,11,12,5
335143 154480 4 4,5,14,6,7
24299 90186 4 1,8,4
315703 256951 4 5,2,4,4
67784 254871 4 0,9
354098 131322 4 1,8,8,3,2,6,4,4
236238 374847 4 7,15,6,14
143573 142231 4 6,4,8,15,13,3,7
247581 222785 4 6,3,7,1,3,6
21443 382794 4 7,13,8,7,3,8
365343 339324 4 4,10,0
264566 133812 4 4,4,7
114481 262404 4 15,1
308629 285632 4 15,6,5
324767 8741 4 7,6
292298 48135 4 5,9,13,12,6,1,12,1
356467 191995 4 6,14,3,6
302410 55438 4 4,4
266532 7106 4 15,2,1,4
50640 302672 4 14,3,12,9,8
14619 144360 4 13,14,0,7,8,7
324851 4434 4 1,5,3,11
231897 190575 4 8,4,14,9
218503 155462 4 4,11,3,1,15,14,4
261813 148005 4 14,12,0,3,3
200240 110059 4 13,8,15,3,10,11
61442 329717 4 3,8,8,3
212597 21232 4 8,4,9,1,12,13,15,0
56612 279344 4 0,9,7,4,8,7
282423 18415 4 9,12,4,6
286447 189505 4 13,4,13
131248 25023 4 8,8,5
336136 269239 4 7,14,8,5
107923 305212 4 7,7,7,3,8
105204 264628 4 4,1,14,5
85108 369357 4 4,3,14,12,0,3,14,0
31682 54017 4 5,10,5
38041 22430 4 1,6,14
314297 126885 4 9,5,5,5,1,15,4,3
164083 172233 4 10,0
185490 60366 4 0,13
150185 93770 4 5,5,12,4,1
342981 318316 4 9,9
340066 148272 4 3,3,8,3,4,12,8,2
108375 161478 4 5,3,4,5,4,5,1
121519 183799 4 3,3,15,14,11
57976 13661 4 13,4,4,4,4,2
244614 142389 4 4,11,6,2,2
68123 280223 4 12,15,12,12,8,12
342214 69707 4 12,10,3,5,8,7,3,3
272524 314886 4 0,3,7,0
114478 137936 4 3,1,2,5,2
56817 3526 4 11,6
174841 792 4 14,8,2
187437 191319 4 15,14,8,1,13
12896 188069 4 7,4,7,0,5,10
312587 160447 4 4,7,14,1,15,5,7,0
324639 297398 4 6,4,2,11,5,1
188767 40614 4 3,9,8,3
263616 175640 4 11,2
158637 330411 4 8,4,7,13,14,1
49790 47865 4 5,11,1,13,12,4,2
164480 18167 4 1,12,3
25506 300964 4 1,2,3,14,5,8,7,6
84904 114496 4 5,3,15,7,9,3,14,5
338986 177546 4 1,2
370737 98755 4 1,5,5,12,8,0,13,0
361108 222280 4 14,1,9,5,2
269835 94989 4 1,3,3,3,6,14
343229 335195 4 3,8,12,2
177228 179080 4 8,4,3,14,0,6
106014 137591 4 1,10
311971 146227 4 7,8
173607 291987 4 1,12,12,1,8,6
258322 352326 4 4,7,13,9
128490 249801 4 12,8,11,12,4,1,7,15
209108 345732 4 3,4,6,8,13,1
192143 161865 4 9,0,2,8,8
328548 142869 4 8,6,13,9,5
80093 202702 4 6,1,0,7,11,14,2,9
95142 120119 4 10,5,4,14,0,4,4
30855 74124 4 13,9,6,15
233361 67149 4 8,3,1,14,4,5
30395 365095 4 0,3,0,2
351855 9407 4 14,10,15,8,8,6,12
142214 297450 4 7,2,4,2,5,15,10
284639 285448 4 7,7
89660 328156 4 6,4,5
76674 232539 4 3,7,7,6,9
200688 176985 4 14,12,7,11,10,9,5
286750 381628 4 6,4,11,0,5
139763 356048 4 1,4,12
189777 276599 4 1,3,1
178776 192553 4 5,2
245107 83136 4 4,8,12,7,4
100112 296364 4 12,12
280120 113455 4 14,3,14,3
166624 42507 4 5,0,5,14
73189 299974 4 3,3,12,12,1
220607 74468 4 5,8,3,14,14,11,3,8
73381 220308 4 5,15
273601 312451 4 1,1,15,5,9,3,13,6
340259 326694 4 12,7,7,10,5,7
238096 175621 4 14,3,15
9928 28525 4 7,4,10,8,9,8,5,6
49110 242703 4 3,8,8,10,13,12,9,15
184115 228187 4 5,1
61944 1814 4 3,8,14,3,4,0,14
293976 179655 4 13,7,4,8,3,7,8,5
67742 64802 4 4,12
347304 219847 4 0,12,6,1
206718 310672 4 3,6
143884 351443 4 5,6,5
20791 207780 4 14,3,13
52936 194378 4 13,13,11,5
307094 376310 4 13,6,8,15
141268 20225 4 5,1
89057 309532 4 8,7,2,6,9,4
104582 52363 4 5,9,7,7,4,8
30248 362789 4 10,6,11,12,8,15
369982 359479 4 10,1,11,13
263908 50732 4 12,10,5,5,8,14,4
309275 133327 4 0,13,0,5,12,12
81731 124097 4 6,0,2,13,4,5
361398 247090 4 7,4
235392 210057 4 9,2,5,5,14,5,6,11
270792 287559 4 7,7,7,9,4,5,12
220869 129381 4 6,4,12,8,8
208745 187829 4 5,4,12,9,7
33770 245107 4 15,14,15,6,9,1
78248 109463 4 12,1,0,12
281502 87480 4 3,10,4,7
109524 4031 4 14,1,6,0,7
67038 330489 4 12,4,1,6,6,12,8,14
240792 209718 4 15,1,7,13,1,3,7,8
154937 80700 4 3,4,1,9
172117 311543 4 1,5
28133 58885 4 0,4,13,3,3,12
263294 162556 4 4,1,2,7,9,10,5
61090 153038 4 9,8,8,5
136852 108993 4 15,3,3
376966 18448 4 7,7
357970 308108 4 12,3,5
362746 45171 4 8,6,6,7,6
333652 185202 4 15,4,5,9,6,14,10,12
262447 352626 4 15,5
24094 348248 4 14,9,5,9,0
91386 239036 4 1,12,9
258018 141908 4 8,2,3,0,13,8
82990 87356 4 2,7
8130 81382 4 9,0,8,5
173296 183193 4 10,0,4,5
300265 53326 4 3,5,5,2,4,3,2
147407 123123 4 3,2,8,8,13,6
304045 53679 4 4,0,10,7,3,8,4,6
140230 352929 4 13,13,6,9,11,15,12,7
263950 224994 4 8,7,8,3,9,1
134768 142266 4 5,8
341918 143224 4 3,7
77822 2489 4 14,11,4,13,8,5
271218 178465 4 5,9,13,7,13,13,6,8
235048 229333 4 5,5,6,12,5,3,7
262913 275805 4 4,5,3,11,8,13
81153 180960 4 4,5,9,7
34425 303420 4 2,14,5
184762 24068 4 7,4,9,12,7,2,7
166344 339860 4 14,13,1
181082 184457 4 10,4,8
75494 54386 4 12,11,12,9,2,4,3,3
45609 261256 4 4,0
82998 341933 4 12,7,13,14,0,7,3,0
51596 31632 4 7,11
42610 146003 4 3,13,4,6,7
380919 95880 4 12,5
131418 83259 4 4,12,14,4
190247 75848 4 6,11,7,7,14,4,7,15
335894 248421 4 8,12,7,8,5,3,7
334694 18663 4 15,6,3,14,1
340547 266672 4 12,12,1
25834 101467 4 12,4,8,4,4,7,14
149579 139371 4 6,7,13,9,3,7
286822 246562 4 1,7,3,3,2
63139 175963 4 8,6,7,1,5,7,14,13
130246 64586 4 3,13,1,7,1,4,1
304331 127074 4 4,1,8,6
129409 125130 4 15,7
49142 164129 4 4,4
380231 137936 4 3,9,1,12,3
292964 72040 4 7,10,1,5,11,8
336331 50371 4 6,3,8,14,3,10,8
240246 29869 4 13,12,7,6,1,1,7,4
87623 198035 4 7,3,7,11,8,4,12,2
44799 199713 4 8,6,1,3
1800 149632 4 5,1,14,13,7,3
52245 278482 4 9,6,3
27023 206113 4 2,5,6
324981 311329 4 14,4,5,4,3,5,11,1
15388 115355 4 4,0,5,4,15,7,7
118850 284194 4 4,2,3,6,6,3
344482 19713 4 3,14,4,5,12,8,7
288367 95153 4 8,4,10,8
179908 317878 4 8,11
291661 50160 4 4,15,9,3,5,3,12
259317 59272 4 0,4,1
216066 138140 4 7,13
235768 94896 4 6,5
364923 137334 4 3,6,7,3,7,4,12,4
312507 87720 4 8,5,4,4,8,12,11,7
372022 120536 4 11,3,1,4,13,3,1,7
255993 120742 4 14,3,14,12,6,14,7,4
110632 150290 4 7,14,5
3127 379692 4 8,14
64057 31414 4 14,6,3,4,3,13,7
21079 125150 4 15,6,11,9,14
147066 343697 4 15,15,3,14
344339 368877 4 4,8,3,12,7
281503 7640 4 3,10,1,12,8
253337 266744 4 13,14,1,4,5,12,13
198188 315458 4 1,4
155273 366021 4 10,9,8,4,8
49779 60136 4 7,4,0,4,14,1,3
86304 162640 4 7,1,6,4
380153 291172 4 8,14,8,12
27530 192463 4 7,4,3,2
281854 339710 4 1,10
153834 150485 4 0,8,12,3,8,5
158273 379205 4 15,6,3,1
329951 112167 4 15,8,1,6,4
313004 126471 4 1,9,2,4,6
158677 151606 4 3,3,13,1,12,3
46360 155858 4 8,13
306194 274035 4 7,8,3,1,12,5,13
177566 239868 4 8,12,4,5
84870 345045 4 0,2,13,2
327476 224757 4 8,7,5
60647 119502 4 13,1,6,10
285965 280686 4 8,14,4,14,4
160380 149297 4 5,1,7,4,7,2,5,14
236835 209108 4 4,10,13,0,1,5,8
81742 308568 4 4,8,10,1,7,12,5
132050 205984 4 8,4,12,8,12
101254 67156 4 9,7,7,4,5,6,3
316048 5725 4 8,4,6,8
236674 366949 4 3,7
200120 323973 4 13,4,13
333249 241017 4 4,14,5,8
340904 6679 4 1,9,6,3,2,12
115537 118524 4 7,6,4,4
172719 76637 4 8,3,5
3703 332925 4 9,7,9,15,15,6,4,2
105718 12472 4 11,4,4,15,10,10,6
179031 230045 4 3,14
125216 327329 4 8,5,6
207973 43048 4 7,4
240051 159090 4 1,12,8,3,6,15
274726 66876 4 7,2
232409 252604 4 6,1,0
92190 20227 4 3,12
256710 381369 4 12,1,3,8,11,14
140000 335651 4 7,0,5,5
21487 194870 4 6,15
222169 370455 4 4,1,3,8,7
380016 38711 4 11,14,10
146005 96853 4 8,4
175875 51681 4 7,5,12,9,3,12,6,5
73734 7998 4 8,3,12,11,3,5,4,15
189083 366704 4 0,8,3,5,6
69587 313222 4 1,12
127473 246941 4 6,14
336101 106634 4 10,1,13,8,2
336786 183994 4 12,8,9,8,4,2,6,7
58567 105000 4 3,4,13
199863 352896 4 5,13,6,3,1,7,7
384041 7565 4 4,7,2,12
200686 206723 4 9,3,7,14,1,5,15
121805 195822 4 15,12,13
302332 109731 4 4,9,2,7,6
102546 324049 4 5,6,11
353114 231098 4 7,9,11,3,12
337131 261240 4 13,7,0
339132 290203 4 6,4,2,1,6,12,8,10
81192 10075 4 14,4,13,8,1,2,12,3
5450 98590 4 15,7,3,8,5,15
308470 11629 4 5,7,13,3,9,12,4
90952 150377 4 12,4,7,8,6,0
225783 107810 4 9,13,8,3
143397 375825 4 5,7,7,13,2
196206 165618 4 8,4,8,8,3,13
21517 104785 4 12,15,5
86558 283463 4 12,4,7,11,4
304293 170311 4 3,3,8,6,4,10
70023 332692 4 14,8,13
69418 78721 4 8,4,6,4,13,13
76866 147448 4 1,5
28110 301306 4 12,0,1,0,2,12,4,6
235421 248501 4 1,4,1,7,6,5,12,0
246375 177107 4 14,5,9,14,3
138811 296984 4 4,7,0,0,6,1,4
361365 149387 4 8,3,3,15,7
146631 157565 4 10,0,10,3,8
130458 23119 4 7,3,8,8,8,1,4
13704 90139 4 0,6,9,13,12,0,8,4
163095 242395 4 7,4,7,5,1
284115 370582 4 5,10,4,3,0
269281 31807 4 8,5,5,5
324 308764 4 6,8,5,4,8
299691 216510 4 10,15,11,7
101718 128757 4 7,12,6,12,8,1,12,3
116699 365120 4 6,4,15,8,4,12,9,11
162922 44670 4 7,4,8,1,1,8
228693 71679 4 4,2
232518 109604 4 9,4,5,14,8
164405 374496 4 1,3,7,15
256526 369154 4 5,7,4,8,3,4,9,3
143047 117241 4 1,7,9,11
133711 61187 4 8,4,12
337890 329260 4 7,8,1,4,12,6,3
373639 323290 4 1,7,5,6,6,13
143819 33740 4 13,1,13,3,9,2
96037 80438 4 1,6,1,1,3,6,12,13
300745 160320 4 8,5,6,1,7,0,1
101687 46977 4 6,0,10,6,4,4
193549 59567 4 2,12,8,2,6,8,6
365294 182835 4 11,0,0,12,12,7,15,7
15673 57080 4 5,3,3,1,8,15,4
250561 13542 4 4,14,5,12,9
122181 338899 4 13,8,9,6,7,4,14,1
351303 59196 4 7,1,8,12
52303 247837 4 0,8,12,7
344414 207791 4 8,4,7
135249 10099 4 1,8,4,6
98558 196548 4 1,3,0,8
316304 140870 4 5,1,4,7,5
143909 92744 4 6,13,5,7,12,6,3,6
74980 369999 4 12,15,12,4
86816 51455 4 1,10,2,2,2,4,4
187926 356342 4 4,3,5,12
79397 220009 4 4,13,12,13,5,7,7
299723 137287 4 11,3,14,4
137334 362860 4 4,10,7,7,6,6
60833 15731 4 5,1,5,4,4,0
340519 178827 4 1,8,5,3,4
257585 244677 4 3,5,8,14,4,4,9,13
245015 264646 4 4,12,8,4,5
32321 339402 4 4,0,12,5,11,8,13,10
223001 350290 4 2,3,14,5,4
310779 78368 4 1,12
340050 147366 4 3,1,3
345757 321913 4 14,14,7,7,10,5,9
293414 287943 4 13,15,7,13
255170 238337 4 15,8,8,12,1,7,6,3
156042 168778 4 3,6
79249 191170 4 15,4
203495 172448 4 4,2,9,10,0
248957 79110 4 3,4,4,13
107458 88346 4 14,12,6,4,0,2,1
242578 139863 4 7,3,14,14,8,1
86748 296084 4 11,10
93129 286810 4 4,9
166117 119752 4 15,3,2,13,8,6,2
332145 292229 4 5,10,6,9,11,8,4,3
147206 144073 4 4,6,3,12,6,12,7
125031 241571 4 8,3,11,3,13,5,8
352439 273085 4 15,6,5
102185 243024 4 14,2,3
213090 167359 4 13,7,14,8,8
369620 377164 4 4,13
82110 192120 4 5,5,3,14,12,13,5
41782 133021 4 4,6,7,8,15,0,0
36702 13961 4 8,7,3,8,5,8
91969 240697 4 5,14,13
54632 194998 4 1,4,5,3,1,12
54571 135271 4 14,0,10
297574 285082 4 2,0,3,1
372799 371423 4 5,6,2,6,6,5,8,4
223968 281298 4 13,8,12,8,4,4,11,13
349859 13039 4 3,7,5,6,7,6,11
117869 154712 4 3,1
141397 93443 4 3,3,5,4,2,12,14
33319 306406 4 8,1,6,3,4
266564 8390 4 0,5,1,1,0,1,10
19120 6038 4 10,4,7,5,3,6,2
335250 16758 4 14,2,1,8,12,7,8,7
128868 43717 4 6,7,13,8,5,7,6,6
382000 266669 4 3,2,1,3,10,3
231317 225849 4 13,7,6,5,13,4,3,14
274843 139984 4 3,8,1,1,12
26304 230932 4 3,15,8,10,5
364650 53136 4 12,12
266027 349866 4 6,6,9
349927 301638 4 3,12,8,14,6,14
41017 111458 4 4,8,10,7,2,1
147070 218212 4 15,2,2
29728 101271 4 11,15,0,3,4
160263 223278 4 14,13,0,8,4
103806 34049 4 3,7,12
213111 131649 4 14,11,8,6,4,4,11,7
161009 47279 4 8,4,3,12,3,13,7
78651 287809 4 4,8,4,11,12,6,0
178657 367906 4 7,0,5
126169 359091 4 13,1
39483 212916 4 1,13,2
250063 35398 4 3,6,12
270982 12528 4 13,8,1
294410 187068 4 12,6
350609 129725 4 13,5,8,1,7,8
133503 368661 4 15,6,1,13
94001 117681 4 12,8,13,3,6,10,3,4
316658 246674 4 2,4,3,4
239789 287382 4 4,12,6,6,13,4,8
321924 284812 4 8,14,5,14,7,7,1,5
310469 320593 4 13,14,0,14,0
342860 316269 4 14,6,7,4,2,0
293550 323227 4 14,1
267471 130173 4 1,6,14,8,3,13
80608 102943 4 11,8,7,1
59803 63284 4 11,7,6,1,6,8,8
106356 110490 4 10,0,2,5,12
271390 139918 4 12,3
280923 376456 4 8,7,12,0
318501 138031 4 14,9,14,1
96794 66922 4 7,8,6,8,2,12,4,1
341670 178739 4 10,3,3
50693 86903 4 1,4,4,5,6,2,2
260462 335073 4 10,14,13,8
298047 184789 4 15,7,3,7,15,7,15,15
80515 19388 4 7,13,4
179253 307909 4 9,3,2,5,7
280440 165184 4 3,7,6,3,3,3
298989 293588 4 2,3,12,15
248053 200878 4 14,4,1,8
349694 225952 4 3,4,1
248308 67278 4 12,10,7,7,5,12
199746 101728 4 5,6
70888 269192 4 4,13,12,8,15,4
217477 122502 4 14,8,10
246541 259075 4 3,13,6
242136 12183 4 4,1,4
218921 382683 4 1,15,7
159459 362288 4 12,5,12,1,14,1,8
111778 38526 4 3,13,15,12,8
343064 331489 4 11,12,8,1
304499 220083 4 7,10,8,8
46144 177730 4 13,13,8,15,6,6,6,12
295510 372374 4 7,7,4
165848 290021 4 14,1
324845 352286 4 3,12
277016 250829 4 4,9,7
84663 162524 4 6,5,6,13,3,6,8
276629 258500 4 1,3,7,12,6,0,9
167119 230710 4 12,8,2,6,9
82041 311891 4 4,5,12,14,4,1
227530 88006 4 7,5,2,2,11,3
194753 364223 4 4,15,7,14,6,15
301061 314588 4 2,14,7,3,5
234969 158336 4 5,4,7,6
238812 198471 4 12,2,4,4,4,14
232247 5732 4 12,3,0,3,11,5
214497 168692 4 12,7,4,4
245730 273058 4 6,8,3,12,5,4,13,5
93658 294643 4 3,7,6,6,1,8,3
92102 183585 4 5,2,12,1,6,7,3,2
4876 374527 4 6,4,15,12,15,2
284182 294415 4 7,9,12
200878 315156 4 1,6,7,5,9
191146 296180 4 11,6,8,2,7,11,8,10
26958 197388 4 7,4,3,6,3,4,13
117876 312044 4 1,5,8,14,12,10,1
215114 259813 4 12,13
226568 125079 4 4,8,1,12,5,13,5
59654 309049 4 5,6,15,5
223955 109474 4 4,12
37692 178540 4 7,3,5,15,1,5,7
325575 87237 4 4,3,9,15,3,1,0,7
290925 24581 4 12,4,4,6,3,0,4
88573 338171 4 11,9,4,14,7,2
378858 157103 4 3,7,4,3,12,1,10,7
139933 129642 4 12,3,0,1,7,13,1
313285 224558 4 13,6
61278 96283 4 8,6,12,6,0,0
231747 23948 4 6,6,1,12,10,10,12
243626 58462 4 9,6,0,13,11,13,7
16558 302335 4 2,7
69485 283349 4 15,3,9
44360 60284 4 8,2,0,3,14,6
167485 139662 4 14,8
88613 280629 4 0,13,4,6,0,8,3,7
25710 254954 4 6,5,15,5,8,11
171396 21205 4 12,5,3,12,7,4,8
356614 160812 4 4,7,1,6,7,6,5,14
188152 82851 4 7,3
341778 87500 4 5,5,10,15,15
225641 276535 4 5,8,13,14,9
104615 31592 4 1,13
14674 211350 4 11,11,14,5,4
189217 369471 4 14,1,9,15
70047 332031 4 5,4,3,8,12
260983 243469 4 2,3
86711 63744 4 4,15,13,7,12,9,12,9
93740 306673 4 8,5,14,6,1,13,14,1
337719 218553 4 12,0,11,5,8,11,6
254366 3213 4 6,8,4,5,13,4,13,3
99407 97566 4 1,5,7,7,9,7,2
307094 304315 4 9,7,7
126657 368639 4 7,8,9,13,1,5,5,4
277506 79275 4 3,6,12
334637 346027 4 7,11,4,13,12,11,13,3
154347 230467 4 3,7,7,3,8,4,6
276004 381306 4 14,13,7,14,0,15,13
289337 304513 4 12,6,7,3,7,10,4,2
80152 213666 4 0,5,4
201696 347542 4 8,8,8,1,3
68663 271582 4 9,7,15,1,4
20526 238561 4 4,5
352796 236379 4 14,5,13,0
217081 169775 4 3,5,9,15,4,4
34884 75954 4 6,9
211575 92955 4 1,13,8,8,1
171550 179460 4 1,8
196137 35580 4 6,4,7,4,1,5,7,7
220340 353648 4 6,8,13,6,6,12
188784 331929 4 7,14,9,8,2,12,4
172471 55410 4 6,4,14,15
151710 61667 4 7,10,9,5,0,3,8
139917 234075 4 11,12,1,13,6,6,3,3
322042 287156 4 2,7,4,3,8,1,4,5
223790 156375 4 5,4,10,8,9,6
354128 250004 4 7,3,5,6,11
82333 229271 4 3,7
326362 43944 4 6,5,5,5,8,7,7,9
297447 6402 4 6,13
377674 360576 4 9,1,7,8,4,6,14
329270 112073 4 7,9,3,4
144616 194313 4 6,6,10,10,14,13
123983 378860 4 5,9
158055 67473 4 3,12,0
120813 310102 4 15,1
214984 255983 4 7,1,9,12,14,2
211574 206631 4 12,8,8
326923 357391 4 5,15,7,13,7,4
312644 106354 4 15,9
106447 340552 4 4,2,0
318833 231551 4 14,3,4,7,3,8
144018 237771 4 12,7,11,12,2,0,12
251445 122635 4 4,4,12
384047 266604 4 0,4,1,14,8,12,14
330156 310103 4 1,4,3,3,15,15
321983 233540 4 8,6,3,13,5,7
12490 321389 4 4,4,7,8
9621 218326 4 8,14,13,4,7
8988 355951 4 4,0,7,12,6,1,8,11
164242 261546 4 1,6,13,3
206384 46979 4 5,10
342147 76488 4 13,15,1,6,14
45154 1793 4 7,15,8,15,3
90270 309892 4 15,3,14
166351 28807 4 8,5,1
335029 354478 4 12,3,9
359705 76036 4 4,3,3,5,6,9
378108 160643 4 3,2,7,3,7,14,8,5
191659 191959 4 7,4,12
186862 200804 4 6,4,7,11,4
35718 374239 4 13,4,7,1,7
371719 363906 4 4,1,15,4,7,13,1
26726 163117 4 1,15
137836 317922 4 8,1
383719 18112 4 4,4,7
235664 121026 4 12,14,3,4
1496 4550 4 8,12,6
50965 58801 4 3,8
59587 223089 4 7,15,13,10
89220 337197 4 11,6,6,5,4
322691 343837 4 4,7,8,5,7
75698 76750 4 8,1,13
68704 351156 4 8,5,3
343421 77712 4 3,1,10,14
116244 370997 4 1,15,14,7
377223 252394 4 9,4,7,14
145653 266919 4 4,0
357182 175385 4 0,6,15,11,0,7,2,1
43326 196363 4 5,14
153687 142463 4 8,8,4,6,11,6
243358 188070 4 10,13,5
17267 550 4 4,4
293301 135228 4 2,10,15
364831 289079 4 13,10,7,6,15,4,12,7
92551 23552 4 4,6,10,7,14
244863 47708 4 4,11,8,13,2,11
182803 300871 4 15,3
213738 213014 4 8,5,9,1
294982 224755 4 4,13,8
206430 202040 4 8,10,8,14
195955 10277 4 13,8,1
376499 160867 4 10,5,7,8
374328 331042 4 5,3,6,8,13
356585 86656 4 15,7,7,12,0,14,11
119614 94884 4 13,12,5,12,5,7,4
82423 242370 4 9,6
345372 222297 4 2,3,6,7,12,8
270456 175842 4 6,7,13,4
170680 277111 4 13,8,13,8,12,2,4
232485 301116 4 7,2,5
201055 102340 4 8,3,14,15,5
63334 127619 4 5,8,9,10,4,4,15,3
212934 30545 4 14,4,4
114781 365646 4 0,10,12,14,9,4
240593 30019 4 7,1,5,3
225719 114827 4 15,3,3,3
295076 57900 4 15,4,3,4,15
249393 17702 4 14,2,6
253366 354078 4 15,8,14,0,0,1,3,5
95876 275123 4 3,14,4,7
348249 344908 4 9,12,3,8,7,8,6,12
271698 243677 4 9,8,15,3,5,1,6,1
249037 177861 4 11,1,2,5,14,0,7,3
152728 158549 4 4,8,6,15,3,5
102967 103561 4 7,9,3
253782 122134 4 8,14,8,7,15,1
121449 122794 4 7,12,7
254241 290821 4 12,4,10,2,4
144169 10259 4 4,6,8,4,5,12,3,11
53961 304795 4 10,4,13,8
366662 252502 4 1,13,2,0
138558 228779 4 5,6,10,1,7,3,1
264809 145923 4 14,7,6,13,8
87517 224987 4 13,8
232306 246095 4 1,6
293050 317678 4 9,2,8,6,1
284420 255329 4 3,9
371447 47385 4 1,12,0,6
361609 330152 4 7,3,5,8,6
180660 230644 4 2,8,12,2,7
195169 169240 4 13,8,8,3,3
11762 256429 4 4,4,6
188449 285052 4 3,7,4,9,3,15,8,1
288004 51566 4 9,1
309228 184582 4 0,4,6,15,2,15,4,4
126839 62925 4 7,2,4
47849 223331 4 1,1
121869 286769 4 15,7,12,5
187341 298747 4 8,5,7,8,7,5,10,8
260028 270666 4 12,6,12,13,0,1,8,9
217470 281152 4 7,6,12,4,4
120566 164857 4 7,12,10,4,4,3
34071 161531 4 8,7,14,4
354561 248649 4 8,7,7,3,3,5
275214 376620 4 4,6,6,3,4,13,8,8
294473 52698 4 7,6,1,6,4
148985 365042 4 4,3,2,4,7,3,1
359885 182655 4 13,1,0,4,7,2
130916 42980 4 4,7,2,14
345878 353438 4 11,5,1,14
20378 166039 4 8,4,3,8,8,9,12
351995 380457 4 5,4,5,7,5,2
3556 164013 4 13,4,12,9,1,1,14
251537 191641 4 4,12
179330 215351 4 3,3,15,10
191647 313090 4 4,8,10,3,1,3,13
195982 344348 4 4,13,1,3,13,3,11,6
96420 60067 4 10,14,0,1,5,5
216200 27702 4 0,1,15,3
206181 101672 4 6,5,5,10,1,4
199131 38127 4 8,8,2,0,15,11,7
222755 7611 4 8,12,3,2,8,5,6,8
148601 169904 4 8,15,4,15
380459 137411 4 3,13,1,3,2,11
309645 358656 4 7,2,1,9,7,5
356126 170551 4 7,14,12,14,5,7
59077 187399 4 14,13
120184 153605 4 7,4,12,3,9,9,6
364342 376852 4 10,5,1,0,11
281864 169327 4 12,4,6,7,7
200820 47092 4 4,3,4,1,5,12,6,1
74454 135048 4 9,14,2,12,14,8,12,14
246596 82170 4 2,4,8,1,0,3,8
258191 698 4 13,14,5,0,1
183615 300777 4 1,4,4,7
312707 11572 4 3,9,0
299770 70524 4 14,1,8,8,14
233293 137676 4 12,0,8,7,3
53552 172430 4 6,0
11603 318793 4 3,1,0,4,4,5,10
234065 216480 4 1,4,6,4
220935 273368 4 12,8,7,3,5,9,1,1
224912 204175 4 7,3,8,12
244058 374800 4 2,12,2,9,1
356469 252555 4 6,1,13,4,6
169553 167276 4 1,11,6,0,15
329781 199764 4 6,5
4579 49898 4 4,4,15,15,4,4,1,8
7901 206222 4 11,0,5,3,15,7
190446 335998 4 9,6
179715 22679 4 7,6,0,11,6
2624 122958 4 1,8,14,14
77975 151128 4 4,9,6,5,12,7,15,3
264722 101158 4 8,1,7
272042 231860 4 3,3
47300 235026 4 3,5
20327 138598 4 13,12,3
346488 16663 4 8,8,3,12,2,3,3,12
41973 165104 4 3,0,7,6,8,8,0
111790 183569 4 12,7,8,14,8,14
261265 226715 4 4,2,7,6,6,7,7
277638 85416 4 4,1,9,3,2
174684 245809 4 14,7,8
76383 274048 4 4,4,1
176292 144999 4 8,0,13
196711 309476 4 15,1,3
314380 285518 4 9,7,7,6,9,1
147135 383279 4 0,6,8,5,1,9,6,6
288082 358726 4 14,13,4,3,3,1,4
292114 102908 4 5,3,12,1,3,7
166633 228218 4 13,4,9,1,1,8,13,15
371313 35826 4 13,3,4
20779 288138 4 9,3,13,7,9,0,6
223548 231755 4 3,12,4,8,4,0
18780 53064 4 11,12
75344 227502 4 8,4,3,13,2
208565 57695 4 3,4,7,6,13
104300 13382 4 2,3,0,1
29072 349810 4 1,12,1,14,5
321269 280563 4 15,13,7,6,3,8,6
274490 9422 4 7,11
276448 294556 4 5,4,7
358160 12989 4 1,13,3
356398 91718 4 5,6,12,0,4
268838 140568 4 8,7
29859 119600 4 7,8
28687 72308 4 15,11,14,3,15
227012 108583 4 7,2
313455 177279 4 9,6,3,12,5,13,4
160145 142143 4 11,7,14,15,0,15
132045 295516 4 4,12,1,1,8,3,2
196462 174771 4 4,1,6,2,3,11
175824 244415 4 4,8,5
158917 29617 4 4,8,0,7,10,8
258649 137406 4 12,3,9,12,12,1,2
346535 182362 4 12,5,9,8,3
361599 211547 4 3,11,8,8,1,3,0,3
86679 9608 4 9,3,4,3,0
3439 140292 4 3,8,1,3
112675 281136 4 3,15,8,8
133238 294083 4 12,8,4
156802 248165 4 4,4,2,8
285151 361150 4 8,15,2
371870 109359 4 13,6,1,3
262353 368520 4 14,15,5,3,14,3,6
164190 183798 4 4,11,7
261237 73284 4 10,0,4,10,11,12
316876 300406 4 11,9,1,12,8,1,13
288441 193325 4 13,4,4,5,11,5,4
305425 9746 4 15,0,3
158312 62400 4 3,6
125109 123779 4 1,6,5,6,5,9
155867 367775 4 7,5,4,8,13,13,15
63517 88606 4 1,8,7,4,9,2,4,15
44248 181172 4 0,1,5,1,8,7
174290 21349 4 2,3,12
4004 209072 4 13,2,3
311872 288245 4 7,12,12
84660 203129 4 9,3,10,15,7,8,3,1
219483 95134 4 9,1,15,1,1,6,4
226822 304224 4 0,6,12,4,7,3,12,8
221591 220396 4 15,6,7,1,4,6,9,9
249631 144768 4 3,8,4,2,10,4,6
142517 67533 4 14,13,9,7
342724 142278 4 8,1,7,10
133175 21833 4 0,7,4,8,1
86745 261374 4 1,13,4,4,1
244370 240744 4 6,7,7
352870 143446 4 8,15,1,13,14,1,6,12
337971 163097 4 4,8,14,5
215213 8976 4 3,10,1,5,8,7,7,7
189495 50557 4 2,7,3,7,14
114461 336524 4 14,1,5,8,14,14,0,7
118229 326073 4 12,11,9,9,4,8,9,1
8764 78360 4 6,9,1,3,8,12,4,12
383629 100551 4 12,3,0
263320 244471 4 8,9
342397 89001 4 14,6,6
348387 13299 4 1,14,7,12,7
322994 165530 4 14,12,1
281449 251983 4 2,4,2,1,5,11,14
41949 77523 4 14,13,4,14,5,1,11,9
175357 273353 4 0,9
28236 328921 4 7,13,11
152314 230439 4 7,6,5
137880 99929 4 7,14,10,15
219463 267052 4 10,4
353231 225416 4 12,11
332365 306127 4 1,8,4
307883 47755 4 7,8,8,8,2,5,8
131744 204771 4 9,4,9,3,4,4,14,8
185624 321774 4 9,5,4,14,4,8,6
73143 340095 4 4,15,4,13,13,6
327527 56057 4 8,1
226092 194260 4 14,1,0,3,14,7,7,14
273101 275285 4 8,12,6,15,5
54375 268296 4 3,2,5,5
298750 183519 4 3,1,4,3,0,15,3,4
1188 48106 4 8,8,3,12
56222 102846 4 13,4,0,1
232104 148174 4 9,4,14
355906 358267 4 7,3,1,9,6
255208 116578 4 15,8,11
60566 155348 4 0,14,15,9,2,12,3,1
185569 294633 4 10,0,7,13,7
289762 314059 4 5,6,11,4,7
248219 131638 4 7,2,4,2,7,12,1,4
244751 228156 4 8,2,4
209255 345915 4 7,6,4,1,5,5,1,12
339454 225744 4 15,15,5
255204 341407 4 1,1,8,7,11
151006 45953 4 8,9,13,15,6,7,13,4
114808 144912 4 6,13
365230 157059 4 5,2,4,8
130660 261595 4 11,6,5,7,3
105566 323143 4 8,10,15,3,13,9,8
283049 104988 4 15,8,4,8,4,8,4,4
324612 291212 4 3,14,9,9,10,9,0,15
151551 203377 4 7,14,6,7,3,7,14,2
152738 281056 4 6,9,11,10
313220 214482 4 3,9,3,14,12,8,1,7
122672 326062 4 1,12,5,12,1,9,15,5
211719 62040 4 0,2,5,3,7,1,5,12
173928 29827 4 3,4,6,1,11,2,0,12
53568 302300 4 11,11,7,1
122129 158668 4 8,8,8,4,3,5
237387 71192 4 1,1,4,8,1,6
339795 169891 4 0,3,8,10,9
43320 52659 4 4,6,7,4,4,14,3
213536 189830 4 8,4
231503 274866 4 13,8
44448 150880 4 4,1,7,8
172073 139849 4 12,7,12
291549 101854 4 11,1,4,6,3
14376 130013 4 3,1,12,0,6,11
135378 176868 4 7,14,7,4,3
170433 236318 4 12,1,6
327328 93856 4 4,6,11,2
244271 54319 4 13,12
185721 87778 4 5,2,3,1,5,4
372363 281327 4 3,3,4,12
10654 174488 4 4,0,13
160969 108790 4 5,1
377979 63997 4 12,13,8
282082 305192 4 5,4,13
91136 171457 4 2,6,1,8,12,4,6,0
112176 344564 4 9,8,12,4
237486 592 4 5,8,11,0,6
363090 205778 4 3,4,5,7
213877 292212 4 1,4,13,3,11
339728 216302 4 12,10,3,7,5,8
4422 86908 4 13,9,6,3,3,4
286479 6004 4 1,0,14
86065 219575 4 13,8,14,0,6,11,3,4
208997 180840 4 13,5
230801 195159 4 13,7,1,6,13,12
134106 189202 4 6,3,12,8,9,15,6
126192 162205 4 4,6,8,4,1
315334 100749 4 12,4
127446 132589 4 0,4,8,12,0,6
310845 45278 4 3,12,3,10,8
326346 201783 4 2,3,13,7,5,2,0
282683 191217 4 4,5,4,12,3,9
265886 142373 4 11,4,3,13,13
282015 280545 4 14,1,10,8,2,3
93583 221008 4 14,1,14,5,6,5
158768 329761 4 1,0,5
257508 185258 4 14,7,14,13,3
76984 226125 4 4,7,3,8
102596 118414 4 3,11,3,15,6,10
347236 71161 4 12,8,6
273114 176667 4 8,3,9,13,13,10,8,7
65235 375684 4 8,1,1,6,13,7
68054 336635 4 6,3,3,12,1,10
210877 104655 4 14,1,8
382579 16713 4 12,2,1,14,5,6,5,14
306886 167314 4 9,1,6,4
364895 375966 4 0,12,4
236989 141849 4 5,12,0,4,4
121528 309116 4 3,3,8
105847 247145 4 8,3,1,13,7,5
337956 149290 4 3,12,10,1,8,1
74251 68921 4 5,3,1
2041 307637 4 7,14,4,7,6,12,5
336249 160004 4 8,7,15,4,8,6,5,6
94109 245284 4 13,12,12,4,7,12
227675 81786 4 3,12,9
336738 103982 4 12,8,5
23184 50986 4 14,7,6,1,1,4,13,1
301846 11251 4 1,2
82590 289825 4 6,3,14,8,14
181238 324920 4 1,15,4,9,9,6,12,5
139198 2378 4 7,8,8,12
20945 354825 4 13,1,12,12,8,6,5,7
199160 13889 4 1,4,3,7,14,12,1
267111 308507 4 3,5,15,13,1,3,14
96001 255671 4 8,14,8,12,14
331750 238374 4 12,5
145404 185598 4 1,15,6,4,4
307815 295698 4 0,4,6,2,7
231677 227382 4 12,1,0,8,4,14
237244 163394 4 14,14,7,8,4,8,13
198221 183850 4 13,9
84753 24419 4 3,8,5
123103 205938 4 7,8,8,7
67277 331909 4 2,12,7,8,7,4
259080 191810 4 6,7,13
23226 114373 4 1,1,1,9,0,6
77410 8841 4 0,4,3,7,12,4,7
28991 47139 4 13,5,5,1,4,5
179229 180600 4 6,6
121887 325311 4 1,7,12
48416 377014 4 3,13,2,14,14
212621 123077 4 6,0
79589 181016 4 11,6,7,12,14,7,2,5
269803 140602 4 1,5,2
374285 266334 4 10,15,4,3,7
64423 364472 4 13,7,6,2
54050 207428 4 1,5,6,3
352571 37770 4 7,14,5
255694 252652 4 7,12,11,12
24856 266834 4 3,12,5
256426 196523 4 11,4,4,11,8,3,10,12
191018 114081 4 1,1,1,5,3,1
329293 249121 4 7,1,12,5,4,9,4,4
296563 196174 4 6,10,6,13,6
33816 183212 4 4,13
262372 85706 4 0,14,1,5,1,4,5,4
218355 20051 4 15,8,3,1,3
52474 248178 4 1,4,12,3,13,0,7
244015 99922 4 5,5,8,13,7
301359 251930 4 7,15,1
122569 367781 4 7,12,1,14,1,3
216808 148897 4 7,5
98838 11 4 1,12,12,6,6,15,15
151229 222029 4 5,12,3,8
368737 376824 4 8,0,1,13,1,13,10,9
103034 192259 4 13,8,5,3,13,10
61615 279906 4 10,9,4,8,2,15,13
357378 354131 4 15,8,4,8,5,5,4,4
291236 42310 4 4,11,9,3
351488 178753 4 12,7
90661 335342 4 13,11,5,5
309484 15519 4 8,8,15,4,4,4
1281 323661 4 8,13,13,11,14,2,3,7
128701 75781 4 11,15,9,8,13,9,14
346583 373156 4 12,7,13,9,4,1,5,5
329493 323113 4 6,9,2,0,11,7,1,0
125711 54854 4 14,9,8,7,12
289214 46557 4 5,5,4,0,4,5,6
246144 212921 4 6,1
161059 248786 4 13,12,14,6,14
23291 164785 4 1,5,7,4
114939 138430 4 9,4,8,7
257541 58617 4 5,12,14
131050 90020 4 3,4,12
253579 148391 4 8,4,12,3,7
56747 371099 4 1,8,6,2,14
268681 169375 4 8,0,15,8,10,7,1
166570 159017 4 13,1,12
344962 212805 4 7,12,2,7,8,14
329162 328980 4 9,14,8,12,3,0
24299 302022 4 14,11,4,6,15,3,1
336815 199375 4 1,0,4,12,5,0,7
184898 45565 4 8,8
81674 347424 4 4,9
255915 42159 4 15,2,14,4,0,7,1,7
264120 188990 4 6,13,14,12
206461 135799 4 12,7,10,15,6,3
360917 106988 4 5,13,7,11,13,0
116387 26531 4 8,10,4,1,7,4
360912 336607 4 3,10,7,8
131879 341048 4 8,15,11,3
201772 169964 4 7,6,5,1,2,13,2
354208 304159 4 4,12,13,4,2,12
49358 105534 4 6,9
145969 155464 4 13,8,7
156882 199003 4 4,3,7,4,8,4,5
339505 246771 4 13,4,12,5,8,7,9,0
317548 234571 4 3,7,9,11,5,12,6
146607 225408 4 4,8
169055 22741 4 11,0,12,3,0
261132 353053 4 8,15,0,5,12,13,4,1
352539 237182 4 7,7,6,1,9
247644 214113 4 7,1,5,12,3
265031 330254 4 5,2,12,5,14,5
250792 108995 4 11,1,8,4,8,9,0
328136 109572 4 14,1,3
228661 285905 4 7,4,5,4,0,5,7
322720 366585 4 8,3,6,14,1,8,13,7
35628 196721 4 8,1,4,7
353151 63079 4 8,13,12,15,8,3,4
145134 195578 4 13,0,2,7,5,12,3
297413 123770 4 8,3,3
75422 67158 4 10,8,4,3,4,6,4
54751 66577 4 10,5,3,3,8,13,3
300943 29070 4 1,13,7,9,10,14,3,14
81255 151986 4 3,6,3,4,5,2,4
139322 319567 4 3,15,12,9,12,11,4
193693 261128 4 9,8,0
346659 307383 4 8,12,3,7,9,12,15,4
152824 226621 4 10,15,0,9,0,13,4
215391 21132 4 8,14,7,14,1
64919 59038 4 1,1
109149 81351 4 3,5,1,13,13,3,4
274461 47147 4 5,6,13
268510 242074 4 1,0,9,8
300946 180932 4 7,2,5,11,6
113281 96057 4 13,14
77663 49790 4 7,11
21431 47499 4 7,5,10,1,5
114762 307576 4 14,5,7,10,9,7
172322 21569 4 6,4,8,13,3,15,0
346872 53874 4 8,7,11,1,5
304956 214385 4 9,5,3,1,7,12,8
355657 181744 4 0,15,1,15,5
124319 137183 4 7,5,7,9,1
381961 249873 4 3,3,10,13,3
123291 205424 4 3,6,4,6,6,2
120217 225159 4 1,5,9,1,7,0,13
72439 322383 4 5,14,8,6
273990 350531 4 15,6,11,5
114275 36385 4 4,6,1,13
288899 30380 4 2,9,14,12,14,14,1
212015 345346 4 5,7
302702 94134 4 14,3,7,12,9,15,7
321969 87295 4 8,12,4,6,4
58480 316792 4 7,2,1,7,7,14,9,7
193136 223774 4 1,12
88463 278944 4 4,9,1
216430 48437 4 7,3,12,1,3,3,8
245565 134787 4 13,10,0,14,7,12
11562 29262 4 6,3,4,3,15,9,0,4
596 17573 4 4,7
50752 38065 4 5,0,3,13,11
317740 244046 4 7,6,9,5,14,3,7
373246 103971 4 10,7,15,6
149331 297191 4 6,12
25914 103026 4 3,6,6,5,1
348726 206384 4 8,11,0,14,1,14
292983 108187 4 13,15,5,14,6,7
12657 169 4 11,7,3,11,5,5,4
324973 200141 4 0,4,3,2,4,3,14
272487 94741 4 7,0,7
68450 231951 4 13,5,12,2,14,0,0,8
253244 278821 4 6,15,0,6,7,5,7
212522 190186 4 7,12,3,7,5,8
144630 244304 4 11,6,15,13,5
153388 55596 4 7,7,1,5,2,11,4
245136 57943 4 1,12,14,13,4,13,13,5
339808 62057 4 5,13,3,2,0,3,8
192392 202293 4 12,1,9,7,5,6,2,13
336989 27256 4 1,6,10,4,14,9,7
49297 335114 4 2,0,12,5,8
360320 217714 4 7,3,8,7,14,12,7,5
349796 312989 4 7,1,4,8,1,7,6,7
201674 110126 4 6,7,12,3,5,8,4,7
121449 334785 4 5,13,1,8,13,12,1,8
360119 309483 4 3,14,8
1527 146729 4 13,6,8,5,0,2,8
32536 124218 4 13,10,8,13
160973 152974 4 11,7
119937 232961 4 3,2
167757 152748 4 2,3,14
285654 293387 4 3,5,9,5
286170 269387 4 5,14,2,6,9,3,0,7
235542 252193 4 1,3,10,5,7
2391 185129 4 6,6,7,3,8,0
197168 22954 4 6,5,3,9,3,7,5
128759 91639 4 10,0,3,8,8,6
211932 273956 4 4,3,14,1
144776 76038 4 5,8,8,1,7,4,8
220875 58240 4 1,6,0,15,4
132803 35420 4 7,3,7,9,6,14
349086 22458 4 5,5,5,3
376462 310841 4 1,3,7,3,6
102133 111705 4 13,1,3,15,1
101675 312758 4 1,12,9,7
283003 293940 4 3,4,1,7,5,1,5
368904 362314 4 7,12,15,6,6,1,10
31510 173601 4 4,1,6,8,8,7,12
13781 199751 4 3,14,7
160139 189802 4 7,15,3
271598 15851 4 4,8,6,0
381611 126552 4 4,5
62782 29047 4 0,12,3,2
219646 259651 4 3,7,5,4,4,4
315680 253853 4 5,8,11,12,7,9
36408 72705 4 6,4,15,1,7,14,12,5
37666 76251 4 8,8,3,2,13,14
209998 111506 4 3,0,7
79772 263043 4 5,7,4,13,7
130807 309446 4 12,1,15,7,5,13
124565 284556 4 3,1
199323 289418 4 0,8,6,13,12,7,7
240866 277407 4 10,8,13
29967 305704 4 5,1,3,13,11
269148 52277 4 5,5,9,15,0,6
67185 139198 4 4,5,6,12,13,4
254788 138137 4 7,6,1,5,0
167824 182814 4 7,7,12,1
218632 272033 4 13,4,7,13,15,6,6
375847 365696 4 3,6,8
286210 161318 4 3,6
142629 356304 4 8,4,7,13,5,1,3,4
279542 199483 4 14,2,14,5,5
327630 117907 4 14,2,3,2,4,4
80170 251678 4 12,3,10,8,9
52929 315686 4 0,0
339788 379229 4 8,15,1
195024 300461 4 13,12,5
178363 107349 4 6,6,12,7,6,1,1
248018 63948 4 3,3,9,3,4
305302 163622 4 9,15
255011 17755 4 15,7,4,1,1
223651 86870 4 4,4,5,5
37627 156940 4 1,10,1,5,6
176943 191701 4 3,15
54651 35200 4 6,11
279087 209983 4 1,8,4
337010 297335 4 1,11,6
261808 111974 4 5,3,13
190708 170224 4 4,3,7,3,12,1
125981 187229 4 9,5,1,7,9,9
327082 218209 4 4,4,3,11,3
373164 43228 4 3,3,5,13,11,3,5,4
89218 274190 4 4,11,3,1,9,0
77744 375865 4 3,1,4,1,8
63263 366135 4 5,0,6,1,4,4,11
73424 7916 4 5,1,7,6,15,8,5,6
214060 63747 4 10,14,8
190383 89082 4 3,14,1,12
180873 302082 4 4,7,4,12,10,12,3,4
375545 11818 4 0,3
283310 81475 4 3,13
6305 318413 4 7,0,6,2
270500 126087 4 3,10,1,7,14,7,15
338206 44826 4 5,6,3
292639 363056 4 0,9,6,8,3,8,13
321594 100671 4 13,0,9,0,13,2,8,4
318610 263595 4 7,5,4,15
265425 191819 4 7,5,1,3
240111 157429 4 14,8,6
71885 76397 4 7,9,5
110674 179386 4 7,10,5,12,7,0,6
273386 56339 4 12,9,7,12,14,1,8,3
202160 374203 4 11,7,13,3,12,0,2,6
297981 280832 4 6,4,14
260191 20468 4 15,3,12,7,5
77214 26946 4 5,3
234470 149271 4 10,5,15,5,4,2,4
214996 209243 4 8,0,8,5,13,6
379482 102214 4 3,3,9,1,7
80195 258619 4 8,1,12
117447 129510 4 5,3,2
197804 329922 4 13,1,13,1,15,4,0
54505 56764 4 1,7,10,7,5,11
378758 37899 4 1,13,8
64046 342774 4 12,14,9,7,14
133624 151720 4 4,6,9,3,4,1
65017 76587 4 3,4,2,10
71202 94088 4 10,5
114393 344937 4 3,8
22935 294610 4 3,0,3,10,7,4,7,15
159281 147621 4 8,6,3,3,1,1
259868 288516 4 15,5,11,7,3,14
249355 213353 4 6,12,6,9,1,3,1,2
268866 355309 4 12,11,1,1,14
185377 253762 4 2,1,13,3,14,3
325587 56106 4 12,6,1,0,11,11,13
172817 86 4 7,8
109542 132162 4 10,12,2,4
174155 208527 4 12,11,8,7,6
14707 226935 4 1,15,4
160247 290111 4 3,8
123512 294470 4 4,11,14
258467 15996 4 4,3
240460 47302 4 3,7,3
126027 14273 4 1,4,5
379089 370861 4 5,14,11,4
361605 326487 4 6,10,2,13
358448 327537 4 9,5,13,9,8,5,3
158387 177795 4 14,1,4,8,3,14,7,2
147976 313057 4 0,14,3,7,1,5
171505 120696 4 7,4,1,5,3,14,4,3
8369 368312 4 12,11,14,9,7,1
15875 33542 4 8,1,13,2,1,0,8
106757 304623 4 3,4,8
331064 152185 4 14,14,3,7,0
304478 267192 4 7,3,4,14,6,4,8
126939 16466 4 12,12,5,6,4,12,7,14
229212 337406 4 4,14
211428 179813 4 5,14,7,0,14,3
61534 17258 4 1,3,7,2,13
265134 186574 4 6,8,3,6
336249 364049 4 1,14,5,5,5,8,6
344742 85697 4 6,3,4,9,7,7
26512 341909 4 7,12,7
115586 21854 4 14,9
221753 216942 4 8,9,8,7,2
111117 108312 4 1,3,5
173373 255252 4 7,5,8,2,8,6
299284 247624 4 7,13,3,0,6,2,3,4
337996 21320 4 1,12,6,8
306546 17006 4 15,4
318296 213536 4 1,9,7,0
79569 338831 4 1,3,12,12,4
47265 193951 4 6,8,5,6,15,7,7,4
269873 213626 4 6,3,12,7,1,0
221823 129724 4 4,1,5,7,4,5,9
142021 334749 4 6,8
24631 379658 4 4,7,13,6,12,1,5
95551 336994 4 13,4,14,7
368269 111107 4 1,5,8,6,12
33543 379088 4 6,5,4,12
143935 180566 4 1,8,10,9,7,12,3
282322 132176 4 3,12,13,0,0
271695 204985 4 0,8,4,7
363390 58337 4 9,13,14,1,14,9,7
213098 25019 4 3,6,3,3,4,5,9,10
317581 63437 4 1,6,11,2,8,14,2,5
344604 320847 4 12,8,7,8
368339 330542 4 2,4
193835 100306 4 8,3,9
101083 64249 4 8,12,1,9,15,2,3,3
185634 94147 4 1,0
8195 146823 4 3,13,12
342764 65508 4 4,9,14,7,12
132941 185685 4 12,7,8,4
115909 196665 4 8,7,11,12,0,1,6,4
24750 375581 4 10,0,6,14,0,8
17762 370294 4 8,14,8,8,7
282695 336913 4 3,4,14,5,9
53996 235783 4 4,10,1,15,14,12
87934 61416 4 13,4,14,14,11
376805 34536 4 8,7,10
147464 230687 4 6,3,1
78860 306086 4 3,10
306685 283827 4 8,3,7,6
373461 88623 4 1,12,1,0
268426 251507 4 15,3,4,15,1,5,7
48265 148397 4 3,7,2
329992 233539 4 13,12,3,14,1,1,4
186539 305236 4 11,1,12,4,3,1,7
342258 196411 4 4,3,7,4
292209 277249 4 7,14,4,3
294522 186852 4 11,4
51917 179424 4 2,3,7,3,5
96140 348146 4 7,13,1,14,7,5
212753 297970 4 5,4
175477 284627 4 6,10,13,12
111400 357450 4 3,7,1
380390 353918 4 1,3,7,8
104917 8740 4 13,1,6,3,12,2,3
243866 162413 4 1,4
378435 125268 4 4,15,1,7,4,3,4
226231 134847 4 7,10,6,5,6,13,8,15
369774 122166 4 9,1,7,13
112828 253831 4 8,4,5,5
224792 192605 4 5,13,14,4,6,10
95654 93304 4 7,5,6,1,12,1,7,3
1330 179007 4 5,15,6,5,5,8,3,4
176227 100417 4 14,15,0,12
57623 271646 4 6,1
268531 176717 4 8,1,6,11,5,13,6
43028 188069 4 8,0,5
376436 296369 4 3,5
156687 235765 4 5,8
190098 341864 4 8,14
360416 321111 4 3,13,8,1
114392 84382 4 14,4,12,7,5
333484 328065 4 13,9,3,9,4,7
264895 80939 4 14,7,5,1
376897 48102 4 9,4,1
288990 339310 4 0,0,4,8,8,14,3,4
112317 335427 4 4,3,3,7,3
36828 163453 4 0,0,4
224453 331931 4 8,1
231018 318691 4 10,4,5,14
283397 227399 4 5,8,4,11
52128 346172 4 3,2,1,6,8
142750 170196 4 7,6,7,13,8,3,12,6
141323 307254 4 13,14,14,5
66885 194489 4 4,7,14,8,9,8,9
229986 298479 4 3,13,6,5,0,1,7
238521 56469 4 5,7,3,7,6,4,12
45550 282498 4 7,5,13,8,11
261516 118791 4 3,5
305781 87480 4 3,13,4,13,1,15,8
371116 282002 4 13,3,1
321850 317136 4 3,4,2,2,2,14,7
90502 252395 4 3,1,1,4,6
298437 172914 4 14,6,15,15
327536 274145 4 9,5,14,1,7
201717 383527 4 7,14,6,5,7
318263 206482 4 12,4,3,0
326988 23921 4 3,3,3,11
156713 245532 4 5,8,5,4,6,5
354533 61094 4 5,13,4
348822 207186 4 3,4,8
148235 367227 4 12,5
43171 75401 4 6,7,15,3
121008 348594 4 6,12,3
101741 301523 4 12,13,14
225716 37657 4 2,2,10
311804 382511 4 8,4
107262 69812 4 15,13,3,1,6,8,6,8
131975 151024 4 9,14,0,2,10,3,14,13
168659 28299 4 8,10
25937 170775 4 3,3,5
329648 209737 4 11,3
109262 97281 4 10,1,1
8442 105686 4 3,10,12,3,8,5,4
2172 353741 4 4,5,9,14
212062 202259 4 11,8,6,3,9,14,0
360868 4371 4 14,15
373405 58093 4 15,0
304480 122622 4 7,6,3,2,3,3
157864 357339 4 1,12,13,3
32096 324003 4 1,6,13,7,12,6
379488 1549 4 8,7,9,14,7,8,8,15
145661 180801 4 10,3
181651 43410 4 10,5
234196 301153 4 7,11,4,12,14,5
371946 274070 4 13,1,7,12,5,13
202532 188771 4 8,4,6,4,1
261232 170133 4 2,7
86346 281873 4 10,7,8,3
238450 377801 4 11,2
308057 212649 4 5,4,1,1,14,3,5
352441 34062 4 9,6,1,5,6,7,6,5
85619 174744 4 13,4,8,5,7
45262 88845 4 12,9,12,12
380882 157345 4 4,14
380573 311329 4 14,12
221792 303675 4 4,15,4
149739 367977 4 2,2
309981 90432 4 5,9,7,10,3,10
80513 331379 4 6,2
243351 58716 4 7,1,4,5,3,14,7
90285 203342 4 3,0,5,1
131002 120272 4 13,4,9,1,13,4
6458 216135 4 5,6,5,3,4,5,10,13
224590 78821 4 3,3,8,13,15
159470 151368 4 13,0,0,4
269866 361648 4 15,5,8,14,15
149978 348566 4 0,12,4,4,3,7,12,13
287840 201990 4 5,13,2
275852 346135 4 2,9,3,7
61702 179159 4 8,4,6
76270 321199 4 6,7,6,0,13,14
381426 348710 4 4,7,4,15,13,13
14044 506 4 2,7,5,10,5,4,6,13
185814 77714 4 10,1,7,4,6,2,1
234114 26 4 13,1,5,5,3
59723 43208 4 0,13,5,15,14,3,9
84383 220677 4 4,1,3,14,12,5
207272 249104 4 8,10,7,5,6,12,12
4462 299707 4 7,12,12,9,3,13,7
91602 287128 4 9,6,5,8,5,3
271603 82135 4 2,5
214581 20130 4 15,12,4,3,7,1
356408 211448 4 13,4,2
333346 157827 4 2,15,8,3,1,8
24909 167006 4 14,8,5,14,8,2,6,12
283027 219028 4 7,11,5,5,1,3,5
240652 354066 4 0,4,4,7,1,0,15,12
221109 321305 4 12,9,13,6,3,8,6,3
258485 190784 4 12,4,8,8,3,1,3,6
141758 57316 4 13,14,1,8,14,14
160303 175868 4 9,4,5,7,0,1
165693 219002 4 3,6,1
258648 84962 4 14,12
367685 90510 4 7,3,5,15,4
307809 107699 4 3,12,12,7,4
35672 361532 4 13,7,13,13
124225 203689 4 13,1,3,8,8,1,8
86892 218056 4 5,2,6,7,4,11
223522 261797 4 14,4,6,4,7,7,4,15
163490 28495 4 2,14,8,1,2,2
40752 232229 4 3,1,4
191376 203884 4 6,14,0,8,6,13
221465 348381 4 1,8
335005 377359 4 9,13,4,12,7,7
101769 224283 4 13,4,14,10,3,9,3
158391 180252 4 12,6,15,1,12,11
61389 144788 4 3,2,15,14,3,3,8
371129 144652 4 13,7,13
311117 153285 4 14,0
106421 308610 4 0,13,4,3,12
139231 73735 4 3,7,4,9,12,3,15
300146 224340 4 7,1,11,12,4
13103 127052 4 1,0
221203 162623 4 9,9,5,12,14,8
52986 19114 4 12,7,14,4
235030 61210 4 1,4,9,12,14,8
22335 253262 4 9,13,5
373762 235427 4 3,1,3,3,6
322542 195553 4 7,7
309001 48558 4 11,1,9,9,14,7,5
129286 162281 4 11,5,0,1
223343 147210 4 7,14,4,3,7
218314 313938 4 6,4,4,8,7
128501 207245 4 8,4,13,12,13,3
127363 214452 4 3,4
186434 325998 4 2,0,3
89190 166199 4 9,1,15,13,14,4
95007 144298 4 5,7,2,13
359276 125043 4 5,8,3,3,5,3
347863 320926 4 3,4,8
6051 26431 4 13,13,7,4
237536 310779 4 7,0,9,12,9,1
110721 214315 4 9,14,12
283408 149554 4 5,15,4,6
369257 107715 4 6,8
278577 76879 4 12,13,5,7
72174 132239 4 6,0,13,1,8,12,5,1
182157 29612 4 3,7,12
273207 309197 4 6,8,4,5,8
349118 249674 4 2,6,4,4,6,1,7,3
79472 304246 4 8,14
264852 380409 4 7,10,7,4,4
269336 204611 4 8,0,8,1,2,14,7,8
215852 241335 4 6,10,4,6,1,2,10
22940 337238 4 12,14
201169 193961 4 1,2,5,15,1,3
243316 351018 4 8,5,12,10,7
359831 28677 4 11,8,6,1
357227 3086 4 15,7,2,0,8
97119 315204 4 12,6
373909 43780 4 7,9,2,15,12,1
314893 106322 4 3,1,5
6596 47192 4 8,15
151487 236957 4 8,8,7,6,8
200401 296906 4 2,0,12,3,5
308610 39121 4 8,1,15,7,3,0
339326 69702 4 14,2,8,10,1,13
278817 288843 4 3,8,1,0
227993 261772 4 7,9,1,1,11,13,8
12097 357690 4 5,13,15,7,7,3,15
338100 270089 4 9,8
330175 335182 4 0,5,7,5,12,4
338593 290966 4 6,4,4
355817 258022 4 4,5,6,14,14,12,4
68618 164465 4 12,9,0,4,7
36034 292610 4 1,3,15,3,1,2,2,8
94505 59463 4 8,7,10
366998 330494 4 3,4,0
91500 298524 4 3,5,5,14
181630 8389 4 9,5,2,3,15,1
9357 38613 4 5,4,3,4
325842 334645 4 4,13,2,5,5,3,4
281734 111570 4 11,13,6,6,6,1,8,14
194466 173478 4 9,15,3,14
111990 209428 4 0,12,5,4,8
178119 252616 4 3,3,14,7
99617 211909 4 3,7,5,8,15,5,7,2
71804 376712 4 2,4,2,7,12,7
169349 206787 4 7,5
325924 116074 4 8,7,14,12
300685 111781 4 5,4,1,10
56206 338281 4 7,5,6,4,0,7,8,4
65035 232636 4 12,8,6,4,4,12
51973 290786 4 7,3,5,12,4,14,13
236261 8024 4 2,10,6,2
321426 182886 4 8,3,0
133805 159898 4 8,8,14,1
293950 146092 4 4,13,4,12,12,14
119047 54092 4 1,13,11,8,5,2,0
380740 365505 4 1,8,0,2,1,12,5
358554 83442 4 0,6,5,14,2,11
323130 288018 4 10,5,12,12,1,13,15
69697 294621 4 13,5,8,1
106401 372053 4 4,2,0,4,7
105905 259407 4 7,0,7,2,7,10,13
147528 323208 4 12,1,8,4,1,2
289786 81906 4 13,7,8,4,7,6,3,9
344598 223267 4 13,1,6,10,13,5,5,9
127089 231089 4 1,2,5,3,14,13,14
266393 85033 4 11,8
93041 216522 4 6,4
90811 145462 4 0,7,5,14,6
282372 338482 4 4,15,14
240715 173036 4 14,6,9,12,2,8,8,8
96755 209712 4 14,1,3,13,1,6
120335 74172 4 10,4,14,10,4,11
76504 173560 4 7,5,3,3,8,8,10
200939 275189 4 8,1,1,3
184236 266940 4 3,7,10,4,2,0,14
383207 13233 4 3,9,9
72498 330489 4 13,12,4,5,10
24803 354951 4 4,9,0,1,6,0
355535 368246 4 5,5,2,5,7
328725 383635 4 1,4,14,1,7,10
232939 334269 4 1,5
364145 72582 4 3,6,14,6,7,7
214199 344931 4 13,8,3,11,2
1032 239862 4 2,3,7,12,7,4,14
8247 141300 4 3,8,5,8
56245 27519 4 9,6,8,9,4
91624 331405 4 10,8
266523 1712 4 1,2,10,8,4,2
23046 323748 4 14,9,1,4
311652 11415 4 12,14
32659 153867 4 8,7,14,14,5
284519 238561 4 2,6,6,12
288477 317718 4 8,13,11,1,1,8,3,3
13008 232525 4 14,6
267139 301896 4 3,1,12,14
359991 57341 4 14,7
370226 237850 4 13,1
3019 185818 4 10,15,8,2,13,7,13
8315 54444 4 4,7,15,4,6
201070 9014 4 12,0,12,12,3,6
377562 123044 4 14,9,4,5
166538 184164 4 14,10,1,4,6,9
212291 218882 4 7,8
286236 143712 4 11,7
294568 303063 4 4,6,4,11
298376 318334 4 5,1,13,1,1,3
89246 189799 4 4,5,3,9
159876 113896 4 12,13,4,1,7,8
327915 89696 4 4,8,6,4,6
226647 117053 4 4,5,4,5
305293 99611 4 4,10,8,1
70009 124071 4 13,9,8,7,7,7,2,7
114774 149536 4 15,12,9,3,1,5,4
343966 109394 4 8,5,3,2
338078 72598 4 1,11,8,11
166123 56142 4 14,10,15,15,8,4
300105 131832 4 6,3,6,2,14,0
172985 44445 4 7,15,14,2,7,8
140007 89995 4 11,1,7,11,13,15,6
322659 85853 4 7,12,14,2,9,14,2
191768 342220 4 3,14,3
272121 99186 4 15,6,2,1,10,3,1
243603 103489 4 15,8
284230 232736 4 8,4,6,2
33072 194433 4 8,8,14,3,10
184410 60893 4 12,6,13,4,11
148475 100321 4 13,3,7,14,14,12,5,8
339468 328649 4 7,10,4,11,8,10,3
353629 124607 4 1,11
305546 335767 4 0,2
191690 100050 4 11,12,8,9,5,1
102735 12834 4 4,4,10,13,13,9,6
142670 138758 4 7,7,2,10,14
199156 383041 4 14,7,7,1,12,12,0
23508 75158 4 3,8
231701 70361 4 5,0,8,1,0,12,4,5
113696 310642 4 9,5,7
327638 33211 4 10,11,3,12,1,1
63606 174385 4 7,8,0
114400 259923 4 7,8,14,10,8
313469 168306 4 3,10,13,10,9
25699 314819 4 14,14,7,6,0,14,0,5
226456 271648 4 8,3,6,8,8
48097 185176 4 6,3,2,4,8
155883 1194 4 5,8,7,4,7,10
193949 149096 4 14,4,5
78897 29422 4 3,0,3,7,2
228129 120771 4 10,8,11
17677 381554 4 15,6,4,15,1,8,4,0
167038 90399 4 2,12,13,12,8
168367 380200 4 5,14,3,6,12,4,8,5
304446 83898 4 8,0,7,3,11,15,10
194146 235877 4 0,3
369810 142422 4 13,4,5,0,6,5,5
239685 104262 4 9,12,11,15,8,9,6,12
141064 177322 4 7,3,10,1
374863 116749 4 3,4
41738 101533 4 2,0,13,6,14,1
146452 370189 4 13,12,4
187097 66726 4 12,5
171225 142306 4 8,13,10,12
68922 12462 4 6,0,4,3
263427 289657 4 6,7,4,4,4,15
287172 61318 4 4,12,13
311429 79061 4 4,12,13
84662 376869 4 8,6,8,9
105271 57673 4 3,15
31100 272558 4 7,1,3,7,14,7
276751 282596 4 6,5,12,2
166867 324196 4 4,0,5,3,15,3
160237 272557 4 9,9,4
149855 306204 4 12,5,12,7
269004 35481 4 5,15,3,4,14,8,8
207424 349005 4 4,12,8,8,9
252168 120108 4 8,5,3,12,1
229830 273613 4 4,2,2,12,6,1,5
207980 383210 4 0,10
251126 253898 4 5,1,8,14,10,6,3,9
132894 124657 4 4,5,8,0,4
100571 302987 4 1,11,10,6,12,0,8,11
32347 289181 4 7,6,11,14,3,1,14
76924 161250 4 8,11,12,5
202626 19721 4 1,6
371272 116848 4 3,8,11,5,13,1,3
221054 105342 4 7,11,1,8
219053 226432 4 2,7,8,3,8,7,12,7
223784 294092 4 3,1,3,12
197633 54881 4 8,11,11,12
378250 289620 4 12,15,11,10
278178 266251 4 0,3
142049 181401 4 9,5,11,5,13,9,8
217236 3666 4 13,12,14,1,5,5
95333 10077 4 5,4,5,6
224212 87453 4 2,15,5,4,9,9
344292 25170 4 4,4,7
253779 263621 4 13,7,0,12
113424 57645 4 12,2,10,7,3,2,7
117741 278195 4 6,8,0,13,3,11
82848 354669 4 8,4,13,7,5
295348 310810 4 14,8,12,5,8,1,8
231242 252741 4 12,12
216206 334497 4 12,8,9
111524 59129 4 13,0,3,3,1,1,4
28098 60261 4 9,8
126476 359173 4 2,3,4,9,4
102013 275005 4 5,1,1,3,8
303574 291877 4 3,8,3,9
220895 86341 4 0,4,6,13,3,3,4,4
322931 135099 4 4,14
267142 195338 4 10,12,15,4,8,12,4
325104 221150 4 12,0,2
133107 12381 4 8,1,9,1,13,7
243080 45407 4 9,12
326610 67215 4 1,4,7,12,5,3
250815 27705 4 4,10,11,5,3
52445 257909 4 6,13,7,12,1,4,10
77633 381904 4 6,1,8,4
96964 113557 4 3,2,7
369464 239028 4 0,3
275803 346950 4 4,8,13,7,1,6,3
38922 353652 4 7,7,1,13
145939 231983 4 12,3,0,4,10,8,12
200685 224970 4 12,1,5,8,15,5,3,8
285442 195744 4 14,1,3,2,14,13,15
338746 249680 4 11,1,2,4,3
188696 7387 4 13,4
285884 252862 4 6,8,8,1,4,3,4
23131 278824 4 9,13
16135 263258 4 5,0,3
114525 148364 4 8,7,3,11,9,5,5,15
4293 66209 4 2,14,7,3
307101 233176 4 12,3,10,10,5,9
378557 270615 4 1,1,5,10,14,4,8,15
341359 286240 4 3,13,6,1
354497 117166 4 1,5,3,7,14,4,5,6
339790 9074 4 3,8,9,6,8,7
27852 170539 4 7,2,8,1,0,1,1
76890 11077 4 6,0,1,5,0,8,7
117522 35550 4 7,7,8,9,8
165681 18261 4 5,6,2,4
152817 108991 4 14,5,15
146954 256399 4 3,13,4,12,15,8
306710 153305 4 12,0,5,8,13,7,3,5
56224 327754 4 5,1,12
233420 222004 4 14,15,5,6,15,11,3
23874 149050 4 0,12,5,12,8,1,8,7
16515 260737 4 2,8,4,4,10
51448 265843 4 11,6,6,4,0,8,13
237643 136511 4 5,4,1,12,2,12,1
116512 286960 4 9,3,6
356597 84402 4 6,3,3,2,7,1
322861 333634 4 8,3,5,4,14,3,11
359123 334084 4 12,1,2,4,12
194818 344297 4 5,1,4
151014 91987 4 6,12,14
240506 150118 4 8,4,3,9,12,13,4
170686 322749 4 1,6,5,8
57606 54663 4 3,13,12
243399 182904 4 7,8,7
59307 340880 4 13,12,12,3,4,12,3,12
43096 314951 4 4,15,12,5,0
132594 220094 4 0,0,5,14,2,9
247843 62445 4 8,3,3,4
5551 139857 4 3,3,1,7,13,15
381960 64919 4 7,15,1,5,0,13,7,1
272726 110725 4 12,12,8
376070 35869 4 9,14,7,1,8,8,6
86311 240134 4 4,2,10,4,12,4,11,5
127222 164714 4 14,12,3,1,4,5,8,11
357467 166009 4 12,6,4,3,4,8,3,2
321445 231979 4 1,1,8
69392 341937 4 7,2,7,12,5,9,9,6
150256 233097 4 4,9
283726 318365 4 1,10,12,7,6,4
284734 311476 4 8,6
232931 258140 4 4,9,4
207492 213775 4 8,3,4,3
45985 228594 4 4,5,8,7,9
35804 288789 4 11,7,9,5
239785 33207 4 13,9,3,8,14,3,2
264266 79294 4 6,4,6,7,14,2
332950 348540 4 8,5
10117 288703 4 7,9,8,2,4,7
93752 267619 4 5,14,9,4,8,11,1,9
304470 240711 4 3,1
278475 170306 4 1,0,12,5
102152 267727 4 8,6,9,6,8
61967 75259 4 3,11
272740 79285 4 12,2,1,9
52349 317791 4 8,13
356468 139599 4 13,1,0,4,2
261871 186339 4 15,14,2,3,4
68130 195955 4 5,11,9,5,15,6
159941 268426 4 7,3,14,5,7
83064 15360 4 5,12
220206 305144 4 12,5,9,12,5,13,0
78173 294255 4 4,1,4,5,7,0,14,3
227355 37326 4 4,11,7,6,4,4,3
66304 337618 4 1,4
153276 265983 4 2,12,11
326753 363088 4 7,9,9,5,1,13
234858 67676 4 0,13,8,10,5
364683 267015 4 3,14,6,0,0,5,12
304949 149938 4 12,6
374257 6821 4 4,6,12,14,15,1,9
16804 164260 4 6,10,14
15900 70634 4 7,1
357587 360489 4 2,1,12,8,3,1,6
49664 194951 4 3,6,12,10,4,12
184472 119836 4 15,13,4,2,9,15,3,3
310294 200252 4 4,2
117482 170341 4 7,8,15,5,1,11,13
210124 358600 4 8,7,1,4,14,3,8,3
187346 366400 4 5,5,3
333408 203446 4 15,1,8,3,6
135363 200329 4 3,1,7,1,1,12
38769 135673 4 1,3,9,0,1,3,11,12
108428 193885 4 5,1
324986 313884 4 9,13,12,7,5
362303 237027 4 11,1,15,5
4606 323357 4 4,6,7,4
103102 76048 4 14,12,7,14,5,12
243736 137049 4 12,15,11,0,4,7,7,3
67833 87419 4 13,0,3,3,6
266053 22146 4 8,3,11,2,7
261528 10924 4 15,3,5,3,7,4,1,3
239641 219605 4 1,15,10,3,1,3
96183 18252 4 13,4,4,4
160168 86398 4 8,9,5,8,7,14,2,7
169673 197847 4 7,8,5,7
86407 27081 4 10,7,7,1,15
17155 127991 4 7,6,8
338200 169146 4 10,4,8,4,7
170158 4178 4 4,13,8
258828 56484 4 5,0,4,13,1,0
320843 59832 4 6,4,13,1,13,0,4
75125 41810 4 12,1,7,1,3
104579 326038 4 3,3
378365 189678 4 1,7,9,14,4,3,2,10
295046 72804 4 6,9,6,12,0,8,14
192987 128224 4 5,1,7,12,12,12,7
20609 191026 4 3,1,4,9,11,2
85671 307416 4 2,2,13,3,9,8,3
37596 140320 4 3,14,5,8,6,9,10
206099 356590 4 14,6,5
305058 364714 4 4,0,12,0,7,0,8
359754 18601 4 4,3,15
299503 234360 4 4,4,3,5,9,10
335746 73379 4 4,5,13
257120 208 4 15,5,9,9,3
78756 60552 4 12,4,1,8
235650 383835 4 5,13
146840 1537 4 6,8
168846 290423 4 3,3,7,9,8,5
237801 30958 4 8,0,8,4,8,4,7,1
131868 29047 4 12,3,5
64821 146430 4 1,2,3,9,6,13,1,7
254315 303589 4 7,10,1,12,3,3,7
327422 219983 4 8,10
336308 306519 4 1,7,4,14,9,3,3
271900 143233 4 8,6,3,1,9,1,13
178436 49543 4 5,3,12,5,3
264019 355767 4 1,7,4,7,3,0
38590 117133 4 2,12,6,1,2,10
61895 129603 4 9,14
92500 330801 4 2,13,14,13,6,6
12018 369484 4 12,5,2,12,6,10
289687 73686 4 9,1,3,5,1
203977 236627 4 8,5,14,15,13,7,1,0
76478 296892 4 14,1,9,7,8,4
330906 32029 4 15,4
14414 186532 4 9,15,14
168568 54185 4 0,3,6,4,3,14
173368 70581 4 10,1,8
67511 73312 4 0,14,13,7,0,5,2,9
287446 272449 4 14,6
355478 111332 4 13,6,0,7,6
62378 11930 4 3,14,10,11,4,4,8,15
123741 84962 4 3,12,3,1,5,6,14,2
63926 380907 4 10,13,0,4
70826 339772 4 14,14,13,1,3,3
113784 124947 4 8,3,12,3,7,7
99684 14847 4 7,8
175359 38394 4 4,2,3,4,3,9
180662 307772 4 3,8,3,6,8,5,15,8
247174 177988 4 9,4,15,7,7,14,0,8
244600 192217 4 6,6
227298 159692 4 15,15,1,4,15,15
379921 300720 4 4,4,8,14,15,13,7
244995 259855 4 6,1,1,4,8,7
165893 74166 4 11,3,8,5,11,4,13
140597 301078 4 7,4,6
318087 190306 4 0,7,5
148474 301518 4 2,4,2,3
28539 234369 4 3,1
177120 76683 4 12,12,14,8,3,4,8,3
162393 170892 4 8,14
192988 324827 4 15,12,15,7,4,15,10,1
191214 293931 4 3,8,0,12,9
52690 350667 4 7,8,5,7,1,6
22894 338998 4 7,6,7,3,3,12,5,2
56719 138905 4 0,1,1,6,7,9,0,8
63520 194170 4 8,6,8,0,15
61029 67793 4 11,9,2
146512 272555 4 15,9,1,7,4,15,9,12
61608 215234 4 7,4,13,4,6,1
169279 356068 4 4,1,4,1,12,7,6
82610 84595 4 4,1,3
185120 276125 4 1,1,14,8,9
157720 32880 4 12,0
55975 32822 4 8,4,6,1
96829 9854 4 8,2,7,4
66791 25027 4 7,15,9,4,7,12,4,9
376033 110551 4 8,7,14,9
12046 110278 4 15,2,3,0,4,5
96863 333787 4 3,7,12,0,4,3,7
255569 331892 4 1,6,12
351846 293527 4 5,1,12,14
326728 156504 4 6,14,5,1,15,3,10
177174 138300 4 15,10
209905 133642 4 14,4,5,5,8,7,8
302549 222978 4 7,10,7
171745 268036 4 2,7,13,2
141468 290506 4 3,2,13,6,6,7
364313 355482 4 12,3,2,5,1,4
79684 180952 4 4,14,15,2
288829 217736 4 7,8,12,11
312495 282196 4 6,10,1,1,14,8,1
54277 238603 4 5,2,7,9,7,4,15
146480 254575 4 15,5,14,4
237127 24791 4 14,6,9,3,11,6,10
64123 67039 4 3,7,13
273637 300572 4 7,14,12
46808 80862 4 4,14
32076 235913 4 6,8
369720 347700 4 3,7,0,5,3,6
38931 223863 4 15,12,7
30706 294495 4 4,8,0,7,1
359032 130044 4 6,12,2,14,15,4
352363 268886 4 8,9
55194 72108 4 14,6,3,4,7,3,12,8
167506 5157 4 9,13,4,1,6,9
337651 291988 4 4,8,12
325697 254981 4 10,1,9,10,1
379189 357808 4 12,0,9,5
315067 43338 4 6,3,0
129054 249406 4 5,7,3
213349 320392 4 3,13,12,14,5
338951 140723 4 10,2,3,4,0,8,3
152009 68116 4 12,3,7,10,8,7
50715 27659 4 12,7
86781 16706 4 3,2,7,10
20986 82292 4 8,3,5,12,11
371218 295479 4 6,13,15,11,3,7,5,4
195473 292691 4 3,11,11,10,3,3,3
78487 328166 4 12,6,7,6,7,4
14253 91627 4 6,5,8,7
117413 229822 4 15,2,3,12
80073 177086 4 3,15,1,1,6,5,6
289866 138904 4 12,5,12
162672 360236 4 10,12,15,4,7,8
283840 206723 4 3,0,8,11
211091 157117 4 4,14,4,1,2,5
330111 184174 4 2,10,3,4,12,8,8
253899 47854 4 8,15
181531 123949 4 7,4,0,8,6
83101 127989 4 5,14,1,10
32494 31552 4 1,1,12,8,12,6,2
172210 226420 4 1,8,3,10
223221 9514 4 15,1,3,0,15,8,8,13
49873 69581 4 4,3
44761 349032 4 12,3,8,4,12
378541 196125 4 1,4,9,5,7,8,6,4
262229 363722 4 6,1,9,4,8,15,12
338636 158057 4 8,8,7,4
29506 298119 4 14,1
354609 112851 4 5,15,3
40364 34755 4 5,12,7,6,6,2,3
224446 326391 4 8,12,8,7
101470 346309 4 4,14,7,7,8,7,13,14
39672 237435 4 5,5,4,4
163704 58619 4 8,12,8,1,11,0
170123 125653 4 7,14,5,3,5,9,5
233857 250675 4 5,5
243338 83520 4 7,4,9,15
179755 96591 4 1,8,9,9,5,4,10,8
338151 222459 4 4,5,15,14,13
155194 117723 4 7,15,12,14,6,4
27934 153694 4 4,6,8,3,7
332203 92530 4 7,4,13,12,13
265418 381858 4 2,4,6,6
207573 173419 4 2,5
123632 267184 4 6,15,7
78525 371346 4 4,2,3,6,1
28793 252816 4 8,3
382988 133489 4 1,14,5,7
158670 99118 4 8,8,5,11,11
60458 260366 4 7,3,9
309326 186121 4 3,11,15,1
137945 330583 4 2,15,5,5,9,4
26571 44011 4 12,0,9
359582 91859 4 13,1,8,0
338866 161447 4 1,3,15,12,5
211413 226622 4 15,2,4,14,13,4,4,10
322010 363972 4 14,14,7,6
321584 69955 4 5,7,11
47319 363351 4 8,7
134909 269990 4 12,3
298766 133869 4 4,3,7,6,7,4,3
97298 359839 4 7,3,6,5,6,8,2
210449 257242 4 5,12,4,15,7,12,4
183957 276043 4 4,5
178017 50095 4 8,6,14
5949 267568 4 10,4,14,5,12,6,13
31847 156087 4 0,10,7,6,7,5,1,10
370217 300838 4 4,8,4,2,9,13
324455 221986 4 15,8,8,0
187569 31015 4 7,4,13,5,2,1,2
331445 126103 4 8,5,1,1,3,13,6,0
207244 332697 4 5,6
10769 217233 4 3,13,3,7
275782 322750 4 8,6,0,14,4,3
374517 112438 4 6,15,1,7,1
383382 246608 4 7,7,4
81353 166188 4 7,6,1,4
121001 361535 4 2,2,4,4,1,3
285281 116046 4 10,7,1,3
238975 237005 4 8,4,2,12,3
363965 79374 4 6,3,6
52371 331132 4 14,1,8,14
379959 249501 4 8,3,15,6,0,7,11
207962 260222 4 8,7,5,12,14,7
195215 56906 4 4,5,5,13
10410 56959 4 3,5,0,15,2
355087 132912 4 3,7,7,8,13
381898 294971 4 12,13,3,7
273669 310560 4 7,2,1,1,4,5,10,7
372950 248673 4 7,1
344910 331267 4 1,5,13,1,14
245975 117431 4 2,6
79034 229928 4 13,13,3
141130 98021 4 3,11,10,12,15,7,8,7
308923 293748 4 9,0
180854 159253 4 2,5,8,3
377305 37510 4 12,11
194259 199772 4 2,7,3,4
220753 32230 4 2,7,8,7
287521 104263 4 0,0,4,8,3,15
34575 307711 4 9,2,8,0,4,12,3
271651 342503 4 7,11,1,13,9,5
312003 278900 4 8,4,15,8,5,0,15
143118 194380 4 3,5
122747 2529 4 1,7
201927 248133 4 2,3,8,5,1
45938 39078 4 5,4,7,7,6
252965 155201 4 6,5,4,13,9
75697 270826 4 4,5,1,13,13,9,1
20760 53420 4 13,3
189957 150004 4 8,6,15,9,3,2,8,13
226266 259154 4 1,12,7,9,1,4,12
157790 201186 4 7,11,4,7,6
215411 205386 4 3,15,5,3
342798 120798 4 3,4,4
345718 131258 4 1,12,1,6,8,13,15
203277 204567 4 15,15,4,6,5
148603 58344 4 5,15,6
337658 316879 4 5,3,6
22403 304376 4 7,8,4,7,7,6,3,3
331087 352900 4 14,8,7,12,0,4,12
229155 168088 4 8,5,12
289546 361711 4 3,1,2,13
68266 94829 4 7,13,15,5
28472 78790 4 4,11,13,14
82032 309997 4 0,13
230710 141108 4 8,9,6,15,12
355354 15263 4 4,12,14,4,5
326557 89397 4 3,7,2,7,13,3,1
282139 106214 4 7,7,8,6,3,3,0,14
178954 361343 4 13,6,0,5,11,8
307930 371714 4 3,7,3,12,1
236716 36324 4 1,6
319726 350757 4 11,4,12,14,15,3
286862 26421 4 4,1,7,7,9,5,6
302299 169396 4 15,9,8,5,1,4,13
134615 278129 4 3,13,14
216423 85514 4 13,15,12,5,12
96868 98153 4 7,4,1,8,1
283346 383828 4 2,0,2,4,6
358604 1122 4 5,1,1,3,1,1
208323 312498 4 4,3,2,3,1,2,3
357869 133518 4 15,2,2,7,3
380937 187302 4 2,6
87190 372858 4 5,5
156365 104196 4 4,15,7
305613 287501 4 14,3,6,4
372311 223024 4 3,13,8,4,3,1,9
164676 150920 4 3,1,12,14,7
301804 186885 4 2,3,2,13
156382 297493 4 12,4,8,14,10
174696 188670 4 13,4,0,4
360864 153733 4 3,4,13,15
22560 78166 4 5,9,1
105127 320583 4 8,14,14,1,8
145582 114632 4 4,5,5,3,3,3,3
189255 372581 4 3,8,3,5,9,3,6,14
68815 329020 4 12,4
183656 83420 4 0,1
97137 216239 4 9,15,12,3,13,14
178608 280421 4 8,3,5
163339 303756 4 4,1
239449 379849 4 5,6,13,0,8,4,1,3
10644 330419 4 6,0,14
41449 93132 4 8,4,7,3
314348 323389 4 6,5,3,11,14,8,10,9
195250 289026 4 4,5,4,2,0
136314 80864 4 14,8,8,14,0,15,1,11
93136 76646 4 13,3,11,15,5
364716 262277 4 15,0
92773 53596 4 12,6,3,3
98718 184140 4 3,12,13
341371 198347 4 5,6,7,12,3,0,2
230148 13295 4 1,8,1,7
267780 369831 4 8,6,12,4
228301 173485 4 3,1,6,5,2,1,8,6
281423 280649 4 14,12,2,7,3
7913 214699 4 3,7,5,5,5,1,4
183636 364147 4 1,4,3,14,3,14,10,5
15257 195770 4 4,3,1
66474 17835 4 8,6,4,7,8,5,2,7
181434 182658 4 15,4,7,8,4,12
334081 234285 4 4,6,8,5,5
55575 231267 4 7,1
376669 339350 4 11,9,5,12
233466 187260 4 3,6,13,3,15,12,10
42592 323715 4 4,3
231312 350265 4 3,6,7,15,7,4
5591 161732 4 12,2
298905 32987 4 7,13,11
5886 83727 4 13,9,5,5
6179 199888 4 13,4,4,14,7,4
193340 317937 4 12,8,15,4,5,6,9
12355 369607 4 14,2,12,7,15
95515 303497 4 0,8,2,7,1,12
329996 275658 4 14,7,7,12
365964 147487 4 2,9,7,5,4,1
150359 171004 4 8,2,5,8,14
134992 63336 4 2,1,13,15,3
10606 27245 4 7,0,7
152577 125104 4 5,14,5,1,12,4
160056 182550 4 15,6,9,4,9,5
277733 287680 4 5,7,15,12,5,3
75505 91759 4 6,2,1
51845 170676 4 7,10
139705 260390 4 8,5,3,3
118624 3864 4 15,2,15,1,7,6,3
231793 173577 4 15,9,5,4
253504 176132 4 6,7,5,0
5543 157320 4 12,15,0,13,10
59049 187135 4 2,15,0,12,8,6,7
305098 564 4 7,6
170933 250781 4 14,0,1,12,5,13,8,5
271566 293821 4 3,8
318843 313804 4 4,14,0,6,7,5
380839 239950 4 1,12,0,15,8,5
381117 114788 4 7,6,12,5,3,15,2
362827 48830 4 13,8,0,11,3
139250 25030 4 12,4,7,3,6,3
94594 102195 4 4,4,1,5
13991 200425 4 8,8
169038 138246 4 9,2,12
6245 189513 4 4,13,4,1,12,1,5,6
144598 144366 4 7,9,15,10,5,2,14
176546 78772 4 6,0,7
152457 327133 4 4,10,3,15,8
36186 332617 4 6,3,6
149674 91799 4 15,11,12
45654 292551 4 12,3,1,8,11,3,4
174631 39234 4 10,9,5,1,5,7
377134 276550 4 8,9,5,11,7
258478 324473 4 6,8,13
138473 15985 4 1,7,2,1,8,13
163761 68701 4 10,12,5
262418 349351 4 1,6,13,6,1,2
22803 264190 4 15,3,5,3,1,6,13
29577 262475 4 0,5,6,4
245705 302003 4 7,6,12,0,12,5,10
147720 274915 4 6,15,4,14,3,6
300032 182517 4 7,7,4,4,14,7,1,13
275085 224677 4 5,14,1,5
40398 251922 4 7,4,3,13
5866 160781 4 2,4,14,8
26818 194870 4 13,11
229526 8664 4 8,14,13,8,8
378928 75323 4 3,2,8,13,10,15
50773 197037 4 12,2,1,4,1,15,4,6
182533 242371 4 9,1,12,1
245031 105273 4 3,3,9,7,14,13,3
121954 246603 4 9,15,12,12,7
219815 310594 4 9,5,3
318313 13167 4 7,8
71392 185812 4 13,2,4
193263 275662 4 4,5
39078 129945 4 0,8,1,8,5,6
306913 232884 4 15,9,3
370122 152304 4 8,7,3,10,3,15
52486 192315 4 9,5,2,12,13,2,6
22074 257949 4 4,4,7,7,8
216301 370697 4 8,14,2
311836 308203 4 8,6,12,14,6,14,9,5
106896 151542 4 8,14,3
35162 173764 4 3,7,3,13,14,15,3
305007 324718 4 14,3
308762 73586 4 5,13,12,1,5
148834 197237 4 4,2,6,7,5,8,10
310514 247108 4 3,5,14,7,5,3
313554 272495 4 7,15,3
138709 43142 4 4,2,3,7,13
29176 72087 4 6,5,10,2
127318 210920 4 1,4
344374 293860 4 6,14,8,4
365461 136390 4 5,1,7,10
248803 24846 4 9,4,10,3,12,12,5
66588 142946 4 1,7,5,3,8,4
255383 173872 4 15,3,4,6,3
354045 263370 4 5,2,15,5,10,0,1,7
245770 22974 4 10,4,4
65512 273871 4 15,3,7,5,1,2
64357 305631 4 13,3,1,2,3,7
195052 198888 4 1,9,5,0
75960 160624 4 13,3,12,4,2
160300 239824 4 8,2,12,7,8
252948 198667 4 5,13,4,1,13,8
367502 325495 4 6,4,15
69694 119595 4 5,2,8,9,3,8,1,3
121134 136609 4 5,3
328993 27477 4 7,3,9,12,10,12
18972 127427 4 3,3,4,1,3,13,7,8
108959 377214 4 3,5,2,11,14,6
336776 354584 4 10,13,5,6,4
26758 323177 4 7,4,6,5,5,14,7
338623 375115 4 7,1,3,5,4
265631 286329 4 7,8,1,3
206418 186992 4 5,2,1
41440 36303 4 10,5,5
192448 206766 4 7,4,5,7,1,2
332974 309700 4 4,3,9,14,1,2
111815 293432 4 4,11,5,9,7
144462 338455 4 6,3,14,4
122402 152342 4 8,5
280006 341515 4 14,13,4
71489 137034 4 8,12,5,5
328971 103178 4 5,2,8,15,9,11,8
125326 307159 4 8,8,1,8,2
321296 295591 4 5,1,5,14,9,3
188873 35469 4 3,7
168261 341322 4 4,0,12,11,8
270287 150390 4 5,3,6,4,8,6
166583 238805 4 14,4,1,12,13,14
150337 358254 4 14,0,6,12,8,7,4,5
257031 367129 4 3,6,3
83656 219625 4 13,3,4,6
363062 236267 4 5,1,6,4,7,4,10,7
363631 339636 4 8,13,12,4,14,12,1,1
38110 373902 4 8,3
315742 70121 4 6,4,8,2,15,4,4,5
49563 335979 4 9,12,9
27680 336761 4 1,2,4
733 323583 4 11,15,1,4,9,14,12,12
222545 303248 4 7,1,10
137205 171919 4 15,3,3,1
83751 323544 4 3,0,1
116270 91489 4 7,0,12,7,12,3,6,1
27183 247307 4 3,13,6
88443 127877 4 15,3,12
288350 236673 4 3,5,4,7,9,2,5,13
95274 315692 4 15,13,5,5,3,15,8
134696 173534 4 9,3,4,7
284276 336087 4 13,14
79097 368686 4 3,12,5,14
19563 149325 4 3,4
41749 318209 4 10,4,7,5,9,1
33823 28242 4 15,8,5,7,8,0,2
353287 263858 4 1,7
215021 222182 4 10,11,6,1,12
121556 28509 4 13,3
86767 332076 4 3,0,4
254459 107577 4 14,3
2890 248559 4 7,15,3,11
382582 272297 4 12,12,6,3,8
365803 221564 4 6,13,12,0
126290 4740 4 14,8,1,12
328204 369898 4 6,9,2,4,4,4
184147 303694 4 10,12
148499 49525 4 12,5,13,7,0,2
350141 161397 4 15,9,13,8,12
97526 268935 4 3,6,5,0
344948 205028 4 4,9,0
18906 189007 4 13,8,12
271575 55043 4 4,5,8,0
148991 125787 4 8,14,6,13,0,7,4,2
87022 295432 4 6,5,6,8,5,2
218452 13725 4 13,15,13,1,11,5,5,15
253124 177752 4 14,8,12
148148 383460 4 1,11,12,4,14,3
343683 1933 4 0,6
335844 102641 4 4,0,13,14,5
380337 157568 4 0,8,14,14,4,13
374455 334374 4 4,14,4
296732 251225 4 1,12,3,1,8,15,7
361078 346954 4 1,6
273799 291851 4 1,0
193669 89901 4 13,13
348297 101235 4 3,4,15,13,1,5,6
315344 325962 4 7,12
67713 322701 4 14,8,5,4,11,15,13,2
49376 325152 4 5,7,3,4,3,14,8,5
56787 326381 4 3,8,14,2,3,7,3,8
247419 292507 4 1,7,13,7,11,12
56782 27187 4 7,8,8,10,2
338751 307421 4 13,14,10,14
312530 286038 4 13,4
62935 250273 4 15,15,8,12,3,1
221337 254619 4 14,6,5,8,4
601 345636 4 11,12,5
101700 145358 4 12,15,6,13,8,4,5
127781 28877 4 8,15,8
65323 4523 4 6,4,7,3
237337 213465 4 7,12,10,11,1
318172 330741 4 4,14
179389 374860 4 6,8,3,9
205104 80000 4 9,14,13,12,9,3
77675 13646 4 7,6,14,6,1,2,13
36021 314518 4 3,14,9
291523 289838 4 5,0,15,10,13,14
114827 254411 4 8,2,12,7,8,12,0
150474 336015 4 7,13,3,6
180279 56685 4 4,13,1,11,1,3,3
271162 323006 4 7,14,12,0,14,6,10,3
57589 173209 4 3,3,6,6,1,10
189959 280424 4 4,8,12,4,2,12,13,1
173052 116817 4 5,8,9,3,7,4,0
220678 257055 4 0,4,4,1,14,3
162535 43864 4 12,14,12,6,4,15
37012 312973 4 3,12,8,11,15,8
129670 79705 4 13,1
16510 69696 4 3,8,5
281191 346530 4 4,11,6,4,12
75735 67916 4 1,11,8
49990 120928 4 4,11,12,3,15,8,3,3
23238 178646 4 7,8,7,12,11,2
69397 293895 4 13,5
124318 13121 4 4,14,9,5,1,0,8,8
173996 214224 4 1,6,8,14,5
262481 377851 4 8,3,0,13
38276 92014 4 3,14,11
168767 2009 4 8,5
226799 157878 4 1,4,4,7,8,3,4,8
118369 67235 4 3,13,3,7,5,5
333366 44930 4 6,15,3,15,7,8,2,7
24774 18687 4 14,1,6,8,1,14,15
22249 317496 4 1,12,3,3,8
78454 353707 4 13,4,14,4,5,13,1
172227 156155 4 9,10,5,8,7,3,4
72732 111362 4 3,0,9,12,2
190148 324920 4 1,6,8,6,8,3
132820 303689 4 3,3,12,13,12,1
348465 353906 4 15,9,4,10,15
92483 97934 4 7,3,7,2,13,1,11
373460 369495 4 4,5,5,4,3
302559 4405 4 2,13,7,8,3,12,9,5
237978 64604 4 3,10,1,11,1,4,6,4
87666 85173 4 10,5,6,12
155031 318589 4 5,13,12
54483 358168 4 7,12,7,8,2
86309 137359 4 8,6,12,0,3,6
62561 215411 4 10,4,4,8,7
329619 331613 4 13,3
322055 14087 4 3,5,15
365836 98303 4 5,3,4,12
58539 115853 4 6,7,5
280802 208706 4 7,12,11,3,1
201491 349272 4 4,14,8,6,7,9,13
66927 322707 4 7,6,1,4
243410 225466 4 8,1,5,6,1,7,5
286853 203126 4 13,1
52728 38177 4 4,4,12,9,9,12
20365 124914 4 8,1,15,10
185783 80298 4 12,15
131495 304254 4 8,14
305151 357508 4 13,3,12,14,14,1
129626 260324 4 12,5,7,8,11,7,4
113050 35861 4 6,12,8
81812 62174 4 12,4,4,4
301673 331321 4 6,5
141642 376280 4 3,7,3
366527 83561 4 6,3,7,9,14
321455 64331 4 9,6,1,1,4,5,7
123723 134449 4 8,1,12,14,4,10,2
231609 92205 4 1,4,12,15,6,7,1
42280 163656 4 12,4,3,8
339645 116116 4 3,1,8,7,8,14,2
91902 374068 4 7,3,14,6,3,5,14,4
71298 253138 4 5,1
149187 130087 4 3,8,12,9,4,9
114868 152442 4 1,9,9,3,3,6,11
62659 19503 4 14,14
340480 91689 4 13,8,10
267979 106502 4 5,13
93682 170516 4 1,8,8,7,15
231015 233697 4 7,8,9,7,3,3
66127 81647 4 1,1,12,13,6
304957 140046 4 12,4,3,0,7,0,7
146898 297802 4 8,1,15
186756 155041 4 14,11,4,14,4,13,3,7
203996 273346 4 9,0,8,8,0,1,7,0
148570 62221 4 6,7,5
315131 101448 4 6,0,3,4,12
275470 371302 4 8,4
160831 250816 4 5,1,7
230777 178648 4 4,11,13,2,12,3,7,15
263504 234099 4 4,4,6,3,0
96338 81257 4 7,4,6,7,12,12,14,8
213164 198851 4 3,5
31749 291031 4 9,4,6,7,8,7,1
243706 182883 4 5,4
87949 117562 4 5,3,7,6,14,8,11
180947 271580 4 3,5,15,15
333192 141007 4 6,14,12,12,12,10
337873 165055 4 3,5,5,1,10,13,1,3
125226 145605 4 3,7,7,4,4,4,0
312072 119840 4 3,2
197838 7296 4 9,14,15
73796 247806 4 15,8,11,1,2,8
283034 358815 4 13,5,1,14,12,3,3
157181 90518 4 8,2
51459 197489 4 9,10,4,8
125859 67535 4 0,7,2,12,14
245482 205399 4 3,0,8,5,0,6
262450 79093 4 1,9,10,8,10,14,3,6
347757 149537 4 4,3,12,12,8,4,4
298381 364847 4 5,14,0,12,5,11,8,8
159713 373951 4 5,2,3
121354 52122 4 1,4,2,8,1,1,2
144915 158907 4 3,4,8,6
165724 309950 4 14,6
98494 40551 4 8,13
211755 340578 4 9,10,11,5,6,6,4,4
75628 383545 4 7,8,4,3,3,11,5,15
154979 296754 4 0,8,12,8,4,3
179117 34658 4 13,3,15,1,3,5,6,3
38533 315953 4 1,13,4,4,1
15943 71262 4 6,15,2
223760 39005 4 5,8
121487 143519 4 8,8
102849 339408 4 6,8,12,11
13947 187569 4 13,9,1,13,3,3
38337 232215 4 3,5,0,4,4,1,4,12
362921 81772 4 13,0,12,3,1,0,7,3
349461 34203 4 4,6,2,4,15,7,4
231976 284532 4 12,4,1,1,12,0,5
195053 340531 4 5,7,8,3,1,4,10
118653 322595 4 8,13,2,9
317864 312681 4 3,0,0
59658 377476 4 9,8,3,12,5,0
320634 206291 4 7,4,8,6
26961 353290 4 6,6,4,13,5,7,5,14
273297 33785 4 14,1,1,0
93027 145606 4 6,3,8
57070 317306 4 4,11
126182 193120 4 11,3,9,4,7,6
294786 56389 4 8,4,14,3,3,1,4
259861 249817 4 1,3,2,1,9,6,0
273640 367198 4 8,6,3,12,15
46925 257880 4 15,15,5,0,3
34624 11919 4 14,7,3,13,7,8,1,7
270800 244181 4 13,14,3,1,11,12
76513 7767 4 6,11,5,1,2,5,9,3
332819 139130 4 12,11,6
307496 319208 4 1,4,12,8,4
75068 340740 4 6,1
341210 64573 4 12,10,13,0,4
150095 312543 4 7,3,15,4,10
60216 261729 4 11,8
82864 239612 4 13,1
86491 187555 4 1,3,9
128563 336879 4 4,9,5,3
185740 229975 4 9,3,12,3
226305 381410 4 11,4,9,5,6,4
336038 32378 4 8,12
11444 289850 4 4,14,2,8,2,10,4,4
297280 275220 4 11,7,1,6,10
219227 296763 4 3,7,2,5,10,6,3,3
155934 288945 4 14,0,0,6,5
187462 6048 4 13,9,9
59324 254681 4 12,8,0,8
194821 86910 4 0,5,7
62503 179057 4 6,7,0
36074 338784 4 6,1
72929 292892 4 4,10,12,7,10,1,9,15
355827 27259 4 7,12,12,1,4,3,8
158939 266084 4 13,1,0,9,14,6,7
145326 67784 4 4,4,3,7,8,1,6,6
26845 169237 4 12,11,6
9845 336263 4 5,7,9,5
271840 326017 4 7,3,8,5,4,1,2,1
314357 159151 4 9,6,7,3,7,9,6
250948 209646 4 8,0,7,1
13475 39254 4 10,14,5,6,13,8
54795 243109 4 13,7,11,0,5
3000 118378 4 8,13,14,8,3,4
87097 60156 4 11,1,4
83973 99985 4 1,5,8,7,8
157412 81719 4 5,14,0,0,13,6
291696 222489 4 7,11,8,2,15,7
290553 320357 4 15,11,10,6,13,1,8
110931 165973 4 7,4,0,12,1,4,3,5
254076 259063 4 4,3,4
287211 141110 4 7,7,5,14,0,6,3,6
110822 332589 4 2,15
302688 105211 4 14,14,10,7
68650 344411 4 0,9,10,6,8,2,13
73207 64940 4 5,11,5
162693 89480 4 7,1,12
145738 301123 4 1,13,0,6,8,3,8,7
196751 36687 4 4,2,10,13,15
319834 373462 4 3,7,1,8,3,4,1
147237 225860 4 9,7,13,6,13,4
361742 193081 4 7,7,15
374185 347266 4 13,3,8,13,1
164113 361016 4 6,6,6,3,0,3,15,4
138980 312129 4 4,0
372793 351112 4 4,8,7,6,8,6
279365 316805 4 0,3,4,3,4
9228 200401 4 7,3,8,5,7
294326 104100 4 13,7,9,7,9,1
57494 94749 4 5,13,7,4,5,14,1
90427 80983 4 9,12,1,14,12,12,8,7
77210 286023 4 13,5,5,13,15,5,1,3
3058 169584 4 7,3,2,5,3
118447 297483 4 15,9,9,14,6,4
189299 86824 4 1,7,12
204109 124182 4 15,0,3,3,5,9,6
48869 187538 4 1,2,14,4,9,9,7,5
325932 225219 4 11,13
211188 279622 4 6,8,4,3,7
76784 186735 4 4,8,8,3,0,0,11,15
201531 168327 4 5,8,5,1
66150 67598 4 8,13,8,9,6
84527 376054 4 12,4
292914 147175 4 7,3,15,2,3,10,14,5
8419 185060 4 12,1,5
280552 380684 4 9,2
194996 174734 4 3,4,8
292064 153101 4 3,15,1
250985 125087 4 5,7,2,2,4,6,1,14
135740 356987 4 7,3,5,7
164019 83068 4 2,8,15,5,2,12
184195 92637 4 4,0,5,8,7,3,4
233656 233118 4 15,2,3,11,15
221510 362176 4 7,12,5
358601 353113 4 1,15,3,14
69883 296068 4 12,4,10,7,13,8
253009 84995 4 8,4,7,7
294807 66034 4 3,9,13,5,1,9,6
82636 59096 4 2,6
230672 123382 4 8,6,13,1,3
333701 300166 4 14,15,3,1,5,1,12,4
80709 374652 4 6,5,7,6,9,4
2673 373852 4 4,2,14,12,6,7
217002 287757 4 8,13
328527 90183 4 1,0,11
336482 199336 4 15,10,5
263238 354250 4 7,15,6,12,2
281501 264107 4 6,12,12,4,7,3,3,1
92181 11548 4 11,3
127483 357727 4 0,14,14,3,7,6
92885 3450 4 5,11,6
296210 239416 4 1,7,8,8,7,3
381353 209396 4 5,1
177622 361031 4 4,6
245966 280526 4 1,7,3
109714 9839 4 8,8,14,9,7,7,4,1
189704 123969 4 12,4,10,1
213769 104266 4 6,7
231422 224589 4 3,7,14,1,6,15,7
59284 348671 4 8,4,0,0
172172 268029 4 3,6,15
215891 612 4 7,3,5,1,12,3,11
78345 338047 4 8,5,8
10218 373810 4 4,8,3,14,8,9,6
252545 37457 4 9,8,7,10,1
87045 247106 4 12,2,4,6,10,13,13
214315 52188 4 14,1
271831 201110 4 5,2,13,8,12,4,9,2
337440 176499 4 3,7,13,1,3,4,4,14
78857 121141 4 1,15,3
311518 324151 4 4,7,6
11852 95254 4 6,8,8,1
82523 124880 4 11,7,8,12,0
143598 130586 4 0,8,7,2
131983 68132 4 1,4,8,1
305408 92726 4 8,9,2,1,0,8
164163 279574 4 5,3,12,15
96687 178504 4 3,8,8,13,8,6,8,4
178005 346949 4 1,13,8,7,3
109238 66491 4 7,11,2,2
268404 355164 4 0,13,14,2,1,3,4
154799 367795 4 8,3,4,15,13,4,4
66375 136861 4 14,4,15,3,0,5
360127 200437 4 5,14,12,6,6,6,0
166685 163769 4 9,4
193086 26189 4 15,7,9,7,8,9,8,9
198375 85042 4 6,6,6,3,3,4,10
312706 310527 4 6,7,3,11,4
260598 3822 4 6,3,7
214388 101321 4 0,7,3,2,11,15,14,2
162322 176435 4 10,6,1,4,7,9
262030 166460 4 4,4,15,15,4,1,6
203118 370162 4 3,2,2,5
171358 215166 4 9,7,6,13
306791 68741 4 3,3,13,7,8,8,8
167122 312877 4 1,4,6,3
42048 206634 4 0,7,4,8,4,3
301213 271790 4 1,13
353444 79246 4 5,3,4,8,3,11,9
286484 304359 4 13,5,7,14,6,1,5,1
215066 41719 4 15,5,9,15,8,6,6,15
83779 255263 4 4,1
99576 184577 4 3,12,4
292513 334226 4 1,14,2,0
372804 332841 4 5,1,2,4,7,12
82328 47082 4 3,0,14,15
3937 84655 4 1,3,4,0,7,4
323117 84471 4 10,1,14,2,15,7,1
196971 3249 4 5,7,13,5,6,8
255321 216462 4 9,4,4,3,1,12,3,6
232493 262890 4 4,7,15,14,6
180222 45367 4 15,0,7,2,11,5,12
295919 78900 4 3,7,3,3,12,8,7
265915 124093 4 9,3,10,11,4,2
174998 183339 4 2,5,13,7
245841 245909 4 4,1,5
337039 18313 4 5,2,12,1,6
343255 119653 4 6,3
182910 367012 4 3,14,2,12,12,4,2,12
223343 206952 4 14,3,6,1
42824 302919 4 1,3
153408 75256 4 5,4,4,5,14,3,7,15
290066 88917 4 15,5,3,8
67006 329355 4 3,3,6,3,3,11,3,11
223995 70302 4 15,1,4,4,0,12,4
70328 222273 4 7,5,1,12,6,7
284660 207562 4 7,12,7,5,6,3,4,11
195087 162694 4 3,6,10,7,14
316694 98588 4 12,11,4,1,8
102984 372819 4 3,7,1,6,5,8,3,6
113905 18118 4 13,0,8,10,5
377623 41697 4 12,0,10
374775 46622 4 9,8,7
295982 56894 4 14,1,8,6,2
291277 81406 4 13,6,7,0,3
112685 72149 4 13,6
97707 102631 4 7,6,3
157016 156211 4 6,3,1,5
373275 23542 4 7,5,5,14
123383 274797 4 1,6,3,5,4,14
62671 359320 4 1,9,8,8,3,12
320978 154124 4 6,7,3,7,13,7,12
311056 32844 4 5,3,14,0,1,12,13
190063 204681 4 9,5
302378 338848 4 3,14,14,3,4,1,3,8
226574 96135 4 15,8
57126 217821 4 2,14,7,3,4,8,7,8
224116 366872 4 8,10,1
171650 98349 4 13,1
225338 52727 4 1,2,14,8
106701 228095 4 9,8,6
32881 199234 4 11,14,0,1,14
146489 81167 4 0,6,11,8,1,1
199341 145591 4 4,3,5,6,6,4,13,9
226245 172747 4 13,12,11,7,13,5,5,0
176714 114409 4 10,8,4,3
266403 338587 4 7,7,5,13,8,13,4,15
20831 377974 4 8,3
66184 318339 4 5,13,8
281156 291897 4 4,7,7,7,5,12
81061 262085 4 9,4,4,3,11,6,3
195425 259655 4 5,3,5,13,7
52102 145612 4 7,2,5
152819 365067 4 3,12,0,12,7,0,6,15
274929 203237 4 14,7,15
291460 335383 4 4,8,8
125364 141067 4 15,9,7,0,4,5,4
20027 153660 4 8,0
223651 254646 4 7,3
349400 193352 4 3,2,3,1,7,13,13
5871 101806 4 3,2,5,7,9,5,8
401 192291 4 4,13,12,3,15,5,15
64158 196413 4 3,12,13,1
58174 296946 4 5,2,5,4
140822 5698 4 14,6,5,6,10,7,14
71856 204616 4 5,8,15,7,8,8,12
23892 264256 4 9,7,7,1,9,12
283957 67686 4 3,1,11,13,11,0
279514 113306 4 11,10,8,8
267050 70816 4 4,1,0,4,8,6
132684 24904 4 13,1,13,4,6,4,5,8
260659 98581 4 3,6,9,4,3,14,7,4
64004 337125 4 8,5,0,12,4
194916 356644 4 9,4,4,1,3,3,6
288174 45221 4 4,5,14,14,14,15,0
282568 263937 4 3,5,7
263500 103746 4 1,5
144348 280951 4 1,11,4,1
335441 356436 4 8,3
256960 372969 4 13,12,10,5
190668 123442 4 8,1
191363 358019 4 14,4
41452 92503 4 2,5
159635 146555 4 7,1,8,7,7,11,15,3
4329 274133 4 5,6,4
211373 313409 4 6,3,7,6,5,13,1
208327 258680 4 6,10
70378 382157 4 4,4,1,12,1,12,2
50195 87496 4 15,5,6,7,12
296377 231712 4 4,3,13,1
266776 122299 4 9,9,3
170184 360248 4 4,7,3
106736 289254 4 11,4,8,12,12
272353 334305 4 5,4
373505 78884 4 5,5,8
153452 279299 4 4,12,1
336888 92102 4 11,14,0,7,5,3
75593 95882 4 4,1,9,6,3
109440 321445 4 7,15,4,4
179478 378979 4 15,4,5,0
345653 38851 4 1,12,10
117553 130587 4 7,12,5,8,0,8,13
233565 134140 4 4,12,15,4,15,1,1,6
5511 34188 4 4,3,5,4,1,1,4
181735 373404 4 1,3,4,14,13,4
359933 194134 4 1,8,4,6
364817 250654 4 8,13,5,7,1,12,5
159087 269089 4 14,15,1,1,1,7
306476 146603 4 9,5
333831 96478 4 1,9
380158 338900 4 3,8,12,9,7,3,8
345359 275561 4 8,6,8,3
75362 205765 4 6,4,0,0,4,3,0,3
67518 297232 4 15,3,5,4,14
281393 167089 4 8,8,3,3,7,9,11,3
373831 165989 4 14,5,0,12,15,7
196999 128107 4 7,11,5,13,6,5,5
364195 297595 4 6,5,6,2,13,12,12,14
103823 236701 4 3,14,1,4,8,3,5
375594 93620 4 4,7,9,8,8,14
298809 154297 4 4,1
223319 57533 4 7,4,5,7,14
249961 128671 4 0,5,6,3,4,3
363808 289526 4 3,5,1,8,12,7
265245 313235 4 12,11,10,15,5,1,6,0
218999 363985 4 12,12
161690 251776 4 6,4,3,9,7,11,15
378681 159922 4 6,14,1,1,5,3,3
217652 249314 4 6,3,4,6
75257 177270 4 7,10,1,6,5,2,13,1
88579 337735 4 8,6,1,3,14,8
198600 153413 4 13,8
160495 354831 4 13,15,14
234985 260747 4 3,5,0,9,13
344739 161545 4 4,4,14,0,13,3,8,12
71644 261474 4 10,10,11
209008 10601 4 7,1,13,5,5
163554 265903 4 15,1,6,8,6
182796 254434 4 4,11
79144 172355 4 8,0,5,0,3,2,14,14
378821 361790 4 9,2,4,5,15,5,10,1
348985 297166 4 7,1,5,6,7,0
218582 164369 4 5,14,7,11,7,1,6,12
52267 344378 4 1,12,4,1
353770 87628 4 7,5,4,9,8,2,6,9
272700 364286 4 3,3,3,5,8,4
57249 283856 4 15,9,12,14,8
246144 4918 4 14,3,13,4
321028 71629 4 4,6,8,3,13
256748 225924 4 5,2,9,1
96257 137316 4 13,7,1
381028 90492 4 4,7,14,3
205957 230128 4 0,14,14
160293 42362 4 7,7,7
203360 294499 4 12,3,5,5,3,13,14
365041 371824 4 4,12,7,5,8,9,15,5
2287 285461 4 4,3,6
201131 140349 4 7,3
73500 72491 4 9,14,8,0,9,0
80981 331183 4 6,10,7,3,9,5
4266 213130 4 0,7,5,13,3,6,6,0
164322 170479 4 3,5
27065 107581 4 14,6,5,7,10,8,5
12541 378067 4 14,1,3,9,9
302401 284813 4 4,11,7,4
327657 299552 4 11,13,4,15,12
225310 30749 4 7,3,4,8
229336 38781 4 2,15,9,4
359253 63774 4 6,9,4,15,9,3,12
262457 63932 4 13,7,12,7,11,4,8,15
191665 212063 4 1,10,5,2
115091 208454 4 6,7,13,3,4
198289 209026 4 14,3,2,5,4,4,9,13
258859 121066 4 5,5,8,14
371686 325315 4 6,7,11,1,8
98968 67581 4 8,3,3,4
50557 28031 4 0,3,8,0,4
54085 227525 4 5,5
231156 96897 4 1,9,14,3
367456 326931 4 4,6,13,8
190201 89634 4 13,1,3,4
51923 205926 4 6,5,1
121924 100905 4 1,12,12,15,7,15,3
69200 277711 4 1,7,5
296705 313134 4 10,11,4,3,6,3,7,0
4043 223620 4 6,12,8,8,6,0,1
321466 173105 4 8,15
96079 309528 4 8,3,14
55222 383658 4 8,3,5,10
170892 133560 4 10,3,8
94806 198453 4 5,4,6,11,14,6,5
89462 271462 4 1,1,6,0,5,6,15
366032 377427 4 12,12,1,8
51797 313201 4 8,3,7,12,1,13,8
127321 317600 4 1,4,6
256993 378816 4 5,7,1,0,12
315534 348596 4 10,14,6,11,1,14,5
41983 310207 4 3,4,13,12,4,6,7,14
181245 261066 4 11,6,13
293768 155927 4 5,14,5,2,14,6,11
1111 44405 4 7,4,6,1,7,14,0
156572 314696 4 9,12,9,0,7,7
376178 237731 4 1,15,8,8,13,15
269316 295979 4 5,3,3
153874 275446 4 2,5,11,8,3
257235 146539 4 2,7
59122 3325 4 14,15,13
363745 103978 4 6,4,4,13,2,13
255779 102440 4 5,6,8,10,4,4,7,9
102921 205267 4 8,14,15,9,14,5,7,7
93837 127344 4 14,1,7,1,9,2
334897 36953 4 4,1,1,0,13,13,14
372073 208609 4 3,2
237975 209149 4 1,8,11
338298 326801 4 15,13,4,3,2,15,3
15268 287692 4 13,2
225049 266378 4 1,14,8,14,11,7
263315 288047 4 7,7,4,8,1
369726 162351 4 3,1,2,8,5
104373 111662 4 1,8,5,4,15,12
45830 312604 4 1,10
341266 191412 4 4,5
304960 98988 4 11,3,5
306803 351602 4 9,1,2,14,3,8,7,5
179026 35949 4 12,9,5,4
322701 67797 4 4,10,8,8,11
279950 34249 4 15,3,1,4
346070 96830 4 8,12,1,4,13,7
51034 240176 4 9,10,2,12,7,5
37167 136213 4 5,12,5,1,6,5,7,3
173500 36169 4 15,6,5,4,3,5,4,4
342262 309560 4 6,5
134276 243677 4 6,9,8,1,1,6
31187 320441 4 8,4,13,11,3,14
265338 282659 4 12,1
371354 208813 4 4,4,12,3,14,4
113242 234515 4 8,6,6,7
125346 316091 4 4,3,5,2,2,13,6,1
40293 349307 4 2,0,12,1,9,3,2,3
83799 250518 4 5,8,4
162586 81048 4 9,13
231455 215752 4 9,9,7,10,5,10
247237 348289 4 12,1,15,4
103912 354186 4 15,1,1,5,1
304305 309976 4 6,15,8,7,9
233991 229443 4 13,2,4
136518 13596 4 1,8,9,2,3,7,4
286850 237754 4 6,3,4
325778 69167 4 13,5,4,0
80411 268267 4 0,10,8,6,7
376130 348775 4 8,8,13,5,9,3,3,12
100677 258965 4 1,4,10,1
50439 208760 4 9,8,1,4,14,5,5,5
90192 148587 4 3,12,7,7,10
276893 192202 4 9,7,4
361180 30773 4 13,6,8,0,5,2,1
79765 113863 4 7,10,8,3,5,1,7
118371 298380 4 15,2,8,7,5
201865 159432 4 3,0,2,3,3
49104 57892 4 6,7,7,6,9,5,4
210259 186058 4 3,14
26621 243733 4 12,0,12,8,4
82965 31545 4 5,9,3,3
69865 272793 4 14,15,3,14,1,5,1
134040 12792 4 11,5,9,4
116652 91194 4 10,3,15
292560 284443 4 2,7,0,2
341034 224404 4 12,12,2,6,1,0
228592 345060 4 14,5,3,10,1
52902 29542 4 8,4,8,8,14,7,7
124469 209906 4 7,4,9,5,6,3,0
41680 348160 4 14,8,12,7,13,3,13,3
187686 113682 4 10,1,1,14,13,3,3
141259 226903 4 5,5,4,12
71269 356193 4 9,12,1,9,0,5,7
277526 141765 4 12,8,12,0,8,13,7
278018 73694 4 14,7,8,1,1,1
103309 23296 4 4,8,13
85401 111144 4 1,14,2,5,13,0,15,6
198134 112382 4 8,6
179333 342067 4 6,13,4,3,3,8
255879 312419 4 3,7,4,2,3,4
82980 216372 4 3,11,7,9
100501 173867 4 0,14,3,15,5,5,1
339753 314058 4 13,3,14
49553 73314 4 6,1,7,4,7,3,10
282675 145797 4 2,7,7,14
323782 87704 4 3,13,3,9,5,14,15,4
259707 366777 4 6,3,8,14
13313 311098 4 4,4,14,11,15
283301 299586 4 5,3,3,3,0,7,3,4
259829 61203 4 12,0,1,3
56791 144104 4 7,4,8,1,12,1
111261 151804 4 7,14,8,11
66369 273060 4 6,3,7
179346 105393 4 10,7,5,4,13,4,1
242889 141117 4 9,12,1,11,14,8
102467 51222 4 6,13
91782 243027 4 7,3,13,7,8,14,12,6
219564 373342 4 4,4,3
344136 315787 4 15,7,7,7,3,3,8
41479 316569 4 9,14
266561 372638 4 15,1,7,4
282250 62888 4 14,6,15,1
93536 325609 4 8,7,6,5,1,12,12
13464 114631 4 11,0,3
229031 257291 4 11,1,8,12,1
264360 61039 4 1,4,15,11
162842 36067 4 4,6,13,5,8,1,0,1
50980 15098 4 4,7,1,13,3,4,7,4
190456 370199 4 8,8,4,14,1
142661 215497 4 12,7,0,11,0
167400 110176 4 3,4
295174 212190 4 14,14,5,4,6
152170 321628 4 12,13
365501 28840 4 5,4,9,2
362798 33252 4 0,12,8,4
220626 206958 4 6,5,6,3,9,14,12,13
328466 107923 4 1,3,10,13,14,4,14,8
195197 74399 4 0,8,8,3,14,7
18319 55402 4 9,3,3
5050 126302 4 1,14,1,0,3,13
366251 12265 4 3,8,4,1
379547 321465 4 10,14,13,2
335188 338781 4 1,0,5,8,0,5,3
166967 139690 4 7,3
363510 368426 4 7,3,5,1,4
205226 98039 4 1,1,4,6,1,3,12
274284 114317 4 7,7,12,15
288962 53118 4 6,15,7,7,8,14,13
205988 5164 4 8,7,15,12,7,8,5
145627 37256 4 3,3,6,0,8,13
55536 271194 4 7,3,3,1,3,12
146959 192015 4 4,13,6,0,1,7,13
329593 135086 4 1,10,4
54726 320545 4 5,9,1,9,7,2,1
251772 21761 4 7,9,7,3,9,8,0,15
203634 11371 4 2,14,12,0,13,13
331560 239166 4 4,6
271159 51362 4 2,0,7,1,1,1
16419 258849 4 1,12,8,7,10
363522 131214 4 13,3,4,7
175320 170884 4 0,1,6,6,1,13,12
169351 167432 4 3,3,3,8,8
61721 81407 4 12,14,8,3,4,9,1
129208 17966 4 7,1,11
216069 74560 4 10,6,4,14,1,3,10,14
48233 270439 4 4,8,3,12,12,7,7
257296 286180 4 6,5,5,12,12,6,12,7
304065 93178 4 12,15,14,12,7,5,4,5
21879 255804 4 11,1
100549 190968 4 5,10
97231 128374 4 14,2,1,7
204672 120089 4 8,14,3
75704 312828 4 13,12,12
97494 297601 4 9,13,5,3,8
293735 339095 4 6,1
113475 3921 4 6,1,9,1,6,8,5,5
112608 296041 4 7,8,13
366994 165480 4 13,14,6,8
249283 133341 4 5,8
175138 208294 4 1,10,3,9
215394 334707 4 13,3,13,13,3
206225 374236 4 7,7,5,6,15,1,1,5
14045 289610 4 5,9,5,4,15
365785 375378 4 1,13
51712 197950 4 12,8,4,1
326362 348556 4 3,5,6,8
272842 127593 4 8,9,12,5,4
202395 308423 4 12,12,4,5
188344 266595 4 12,14
84362 129097 4 8,3,5,7
291436 198902 4 9,5,13,2,8,13
183205 361442 4 6,2,15,6
263079 38546 4 8,1,7
375976 323048 4 6,8,4,2,7
326704 167102 4 14,8
306360 209004 4 5,15,4,14,4,12,13
221240 95411 4 7,5,15,5,8,12,14
177507 321418 4 5,4,7
263407 311099 4 5,7,12,3,9,4,6,7
108798 348021 4 15,2,1,13,1
261773 41400 4 1,13,1,13,11,6,2,0
89492 109611 4 7,4,15,5,3,3,13,12
46422 18916 4 0,4,8,8,5,13,7,8
179423 310378 4 10,8,1,4
203236 251916 4 5,2,1,5,14,5,8
57280 346867 4 3,5,15
187025 53443 4 3,7,8
106430 23733 4 1,6
34672 84765 4 4,6,6,9,6,12,8
195814 318262 4 12,10,10,6,15,10,12,15
119781 28039 4 1,5,0,15,14
2472 235738 4 9,3
109074 33259 4 15,8,3,12,15,8,7,14
79228 129048 4 9,8,11,3,0,9
15998 123107 4 13,4,4,11,5,7,9,14
9547 57602 4 3,6,8,13,8
371543 97157 4 5,12,1,12,14,3,15,12
206161 284452 4 3,3,4,13,3,7,4
282512 154043 4 6,8,7
335477 89196 4 1,3,1,2,7,13,8,12
243184 143758 4 14,13,6,3,1,7,8
343488 43004 4 0,3,3,4,5,12
168136 224459 4 4,14,7,4,8,15,1,14
343599 350243 4 8,10,12,5,8,13
248741 62830 4 6,5,2,7,5,3
34641 260798 4 5,1,3,4
214775 16366 4 3,3,6,10,5,15,4,8
317621 111088 4 6,6,5,7,13
154593 311165 4 7,0,12
102405 290047 4 8,0,8,3,0
321009 41237 4 8,13,7
183393 73006 4 13,9,8,5
153092 74731 4 4,1,12,11
129445 52713 4 3,8,2,13,6
59617 224220 4 3,7,2
290502 379805 4 3,12,3,8,3,8
246007 128191 4 7,5,4
328877 140364 4 6,6,3,11
248265 269240 4 6,4,2,1,14,7
8131 162786 4 12,3,13,3,4,12,14
247091 65755 4 5,13,6,3
60463 26253 4 3,1,12,13,0,0
85663 377012 4 9,3,15,3
252078 216833 4 8,8,8,9
226414 28590 4 5,5,11
151811 84729 4 10,10
284788 4950 4 5,8,6,12,8,7
380278 38644 4 5,5
24118 7508 4 12,11,13,13
15664 143693 4 12,8,11,13
104323 197746 4 0,4,0,8
62229 240438 4 12,5,11,15,5,12,12,6
222837 19088 4 15,3
304681 17076 4 13,8,4,15
344734 313224 4 5,4,13
85936 294260 4 14,12,0,5,2,8,1,8
173472 179438 4 13,10,10,12
318497 304229 4 1,9,7,5
52195 20731 4 6,7,8
326183 25015 4 8,5,1
204311 271482 4 14,15,3
79345 110766 4 13,14
174571 175220 4 13,11
178753 124882 4 9,4,4,6,5,3,3,13
375614 349914 4 7,3,2,8,9,4,7,0
284923 346544 4 5,2,13,4,12,3,7,7
316071 290351 4 9,0,12
107234 174523 4 1,11,15,14,13
48085 231500 4 5,1
250619 210073 4 4,5,8,2,8,9
134560 106297 4 3,12,7,8
126491 1834 4 5,11,6,10,1,4,0,14
173191 354654 4 5,13,0,0,6,7,11
22342 304255 4 8,0,14,9,1,0,3
274665 311442 4 13,3,10,2,15
168777 330398 4 7,3,2,12
250140 273522 4 12,2,1,10
163736 323439 4 13,12
163520 163934 4 8,3,0,3,15,5
320413 363500 4 8,4,14,1,5,5
182232 213715 4 14,15
27685 123030 4 8,4
359417 72338 4 14,4,11,2
302191 165350 4 12,13,13,13,7,13,5,10
67257 378633 4 4,5
161537 347645 4 12,4
262089 89682 4 2,4,9
139108 89234 4 3,15,2,7,7,12,1
157734 244809 4 5,5,9,2,14,2,8,5
202515 5900 4 8,7,6
50332 258696 4 4,12,4,1,7,4,10
249029 296330 4 4,0,6,9
327747 41207 4 6,4,7,8,7,1
130607 154842 4 12,0,0
98180 300546 4 1,10,15,14,3,3
155488 82027 4 8,6,2,7,14,8
322794 175369 4 7,12
346047 60933 4 3,6,6,3
10200 310448 4 9,14,2,14,8
101253 80564 4 15,7,7,0,7,7
46535 219033 4 5,12,4,14
244502 96098 4 6,13,5,10,3
112996 335222 4 0,6,4,6
381382 245872 4 6,2,10,13,4
193029 25944 4 5,5,0,7
207267 141530 4 10,14,8,13,15,4,13
126894 22822 4 5,13,3,13,14,14,8,4
382704 232777 4 1,7
25610 16743 4 15,3
281854 342336 4 10,11,3,4,14,6
354596 210202 4 13,4,8,12,14,8,7,11
364671 14012 4 3,6,1,1,4,4
348986 319131 4 11,3,12
208973 217338 4 1,9,4,7,1,7
259790 124857 4 6,4,12,0,0,14,12
309456 287915 4 3,0,4,3,14,12,0,13
135163 150950 4 14,9,4
14235 376817 4 2,12
344038 118825 4 8,13,1,12,11,1,6,0
2954 306046 4 8,4
73609 151263 4 3,0,3
23696 304838 4 6,7,11,5,3,8,3,5
270399 209645 4 8,0,7,11,14
23359 207779 4 4,8,4,9
259072 319625 4 4,4,9,3
310877 383846 4 10,6,5,6,12
32104 200672 4 3,13
179506 196626 4 4,12,4,0,8,4,12,6
242910 287502 4 12,7,3,6,10,8,12
83872 191731 4 6,8,2,6,7
291600 276308 4 7,4,12,3,12
303945 154872 4 14,12
378688 95552 4 4,6,4
69195 147488 4 2,3,6,15
180804 73795 4 4,3,13,3,8,8,12,12
282703 64702 4 10,6,6,13,8
81971 41046 4 1,6,1,14,7,1,7,3
183733 21055 4 3,8,13,8,13,4,2,7
168267 68502 4 8,9,5,2,6,9,0,3
144529 281593 4 2,12,4,5,14,1,5
251341 83080 4 8,7,11,7,3
345137 308732 4 3,10,8,0,4,1,1,3
290951 44599 4 8,5,3,7,6
115230 341172 4 5,1,10,9
240564 178907 4 3,8,7,2,6,0,3,1
159838 353499 4 14,2,4,15,7,6,4,8
138080 14728 4 7,12,6,3
68791 9531 4 14,13,14,14
177057 129564 4 9,7,6,5
190609 381287 4 7,5,9,5
270429 133668 4 6,4,2,3
35030 239991 4 1,7
169194 133832 4 1,5,15
138878 322880 4 0,14
362072 350267 4 8,7,1,12
197898 60391 4 3,11
275617 22835 4 10,15
359395 51138 4 8,9,8,7,14,1,12,3
14232 240025 4 5,4
235558 88713 4 3,14,2,2
258769 247107 4 4,12,7,5,8,15
288140 56169 4 14,6,1
159864 64994 4 7,3
240613 122545 4 2,2,12,8,7,4
297676 305564 4 3,4
284497 292050 4 5,5,14,15
129333 29485 4 4,2
214970 230661 4 8,6,10,4
19941 372594 4 14,7,3,2,9
79892 193161 4 12,5,15,9,6
194811 72539 4 2,2,6,12,7,4
326848 13141 4 1,13,13,7
360934 71272 4 3,1
45188 10278 4 4,5
276647 317059 4 2,5,8,13,1,14,9,15
83037 286068 4 4,3
215289 913 4 3,4,1,15,3,12,15
144232 168453 4 12,8,14
48882 287929 4 6,8,13,6,4,1,7,3
284675 103768 4 0,7,4,3,2,1
175600 120806 4 3,12,4,3,6,7,9
211429 181208 4 1,7,7,6,0,13,5
334478 93107 4 7,8,7
367981 112149 4 4,7,12
6009 340512 4 5,1,2,8,5,13,6
105118 341047 4 2,6,13,0,7
116064 228880 4 0,6,5
317379 175922 4 15,2
194212 69519 4 7,0,2,7
206677 37335 4 8,12,14,3
282670 373628 4 6,9
185880 378414 4 7,8,2,11
226725 237971 4 8,7,4,6,4
31069 256812 4 15,6,8,7,8,10,4,7
248637 354194 4 3,3,3,7,15,12,8
43567 338719 4 15,12,4,0,5
226767 291634 4 3,8,12,4,0,12
105135 293534 4 5,7,12,7,15
237266 226023 4 5,5,14,4,4,3,3
196773 162848 4 13,4,7,8,9,10,14,9
224375 143492 4 8,9,12,1,3,5
153774 217604 4 12,6,4
172362 158186 4 2,0,15,1,7,7,15,15
281495 277963 4 15,7,7,12
336954 347427 4 4,9,0
254968 332538 4 8,4,3,5,5,9,12
217156 103224 4 1,0,10,5,12,10,13,1
348917 247907 4 11,3,12,5
367934 157142 4 5,7,10
339280 119798 4 7,8,8,13,2
302973 310361 4 12,7,3,12,8,1,7
345017 197861 4 8,1,15,10,3,13
64907 310421 4 13,4,15,13,9
136339 183097 4 1,14,13,1,3,4,8,7
297337 382543 4 3,11,4,8
135799 220862 4 7,6,1,7,8,4
250166 35487 4 6,13,7,0
62139 53382 4 4,4
285015 255938 4 1,0,1,3,1,8,4,1
134008 142989 4 4,3,1,7,8
43216 110238 4 4,4,8,4,7,4
244726 289478 4 6,8,15,3,5,7,6,3
298554 273148 4 12,3,3,3,0
347977 201077 4 7,5,13,15,12,8
211976 327333 4 7,4,3,7
192924 188517 4 2,4,12,13
316204 165152 4 2,15,4,5,3,2
246242 267127 4 7,15,1,8,8,14,7,3
103875 95648 4 4,15,12
25960 272616 4 2,14,1
238478 170655 4 7,13,9,1,14,3,3
12775 381444 4 4,13,0,3,13,5,9
112755 305324 4 5,8,13,0,12,5,1
68565 277909 4 3,11
173190 180530 4 3,3,15,5,8,13,6
31533 33995 4 4,5,13,8,12
338362 376652 4 5,8,9,9,3,12
316807 268060 4 11,11,4,9,4,8
280522 188567 4 5,5,1,13
38333 68919 4 11,13,6,3,6,3,3
105775 187580 4 0,8
15515 82032 4 5,5,1
217556 199072 4 0,5,7,13,3
49529 45890 4 10,13,8,11,13,5,13,0
152096 30979 4 8,8,7,13,6
180298 171041 4 12,4,1,3,6,1,15,4
30533 127569 4 4,13,13,5
265680 70841 4 3,7
250016 97822 4 6,1,8
287311 31402 4 3,8,15,6,13,7
264509 142659 4 6,9,6
347686 344299 4 6,6,11,3
350260 40940 4 6,15,8
197243 139420 4 12,6,7
369624 6599 4 4,5,4,0
202875 39460 4 1,13,14,8,14,1,5
86210 137795 4 6,14
21231 232659 4 5,4
351913 106275 4 13,5
73885 184529 4 8,13
80026 88282 4 9,1,9,8,1,15,8
331537 293367 4 4,5,13,4,8,8,3,14
321736 262601 4 8,4,3,15,3,3
354653 316488 4 8,14
212109 62838 4 8,13,3,9,15
105192 72127 4 10,0,14,14,12,5,3
129091 280416 4 13,6,4,8,6,9,14,1
228436 149114 4 0,1,2,2,14,0,11
300431 138990 4 6,6,9,9,3,3,6
63220 332313 4 4,15,3,4,3,3,8
44071 284705 4 1,10,0
307598 76042 4 8,4,3,1,9,7,8
287878 361236 4 8,9,5,6,1,10
230783 17087 4 0,1,1,14
329557 312994 4 4,7,2,5,8
69396 218911 4 4,8,6,6,11,13
290585 64622 4 7,3,5,4,7,3,8
349506 8088 4 8,2,2,2
267867 346103 4 1,4,7,12
273774 365843 4 2,12,1,4,7,4
261662 321376 4 8,10
87149 93073 4 7,3,3,12,9
319012 107790 4 2,4,15,10,12
128259 196514 4 6,1,9,5,3,8,9,8
31575 10275 4 9,13,10
377870 59591 4 7,14
350064 94250 4 6,4
296372 67511 4 4,7,9
58648 135034 4 10,4
174358 123602 4 13,6,3
20397 377229 4 12,5
14856 105986 4 1,12,4,1,13,7,14,13
170927 248053 4 3,12,9,1,8,13
144981 145535 4 12,5
9382 102808 4 3,10,8,4
327476 31178 4 8,14,5,2,7,5,3
77400 110961 4 1,3,7,0,1,5,12,8
37764 173857 4 4,8,5
11016 277763 4 13,5
373188 252886 4 0,3,2,5
333863 168921 4 9,5
178688 256195 4 7,12,5,11,9
165253 41377 4 12,7,7,1,7,4,8,6
220175 76758 4 1,10
287915 283526 4 14,12,7
153968 278763 4 13,6
383762 320126 4 8,13,8
258633 309113 4 4,6,10,4
282926 72411 4 7,7,1,4,5,14
347597 308558 4 8,14,5
175843 312377 4 3,12
53459 57553 4 8,3,15,1,1,5
1349 377655 4 8,4,14,4,4,4,12,1
94863 52295 4 5,2,1
55829 318689 4 8,5,12,9,1
63035 253703 4 1,8,8,7,8,7,1,2
101282 233869 4 7,1
275710 217417 4 5,12,0,4,6
23686 86241 4 3,6,4,11,8,7,5,4
110922 367461 4 3,6,7,13
362301 297588 4 10,4,4
282119 84766 4 5,5,2
20550 375112 4 3,6,7,8,5,3,13
215907 329017 4 7,5,7,5,7,10,8
144350 146199 4 4,10,7,8
312092 260596 4 4,3,5,2,0,15
128170 271432 4 2,10,14,7,12,7,5,8
151896 373630 4 12,1,12,2
298736 197664 4 1,13,10,15,6,5,3
27276 190619 4 14,0,14,13
267237 100219 4 6,3
81440 237731 4 14,7,15,9,15
33976 46534 4 5,7,8,14,0,13,15
198735 13316 4 6,5,2,4,2,9,10,12
193521 351200 4 6,4,15,7,3,7,0,6
43760 8419 4 5,4,9,3
66615 188905 4 5,2,9
289330 250508 4 6,4,3,5
323508 339550 4 13,7
255383 26146 4 7,8,8,3,1
226906 17635 4 3,12,1,2,0
195005 315962 4 6,6,1,12,3
96444 19189 4 3,10,8,3
164725 342116 4 7,8,14,8,8,4
30886 219366 4 4,14
364434 136260 4 4,4,7,3,4,13,4,8
68856 120075 4 3,15,13,8,13,3
118512 372309 4 4,11,12,4,8,7
246792 383588 4 0,4,6,0,7,4,3
168941 344216 4 3,4,12,3,13,4,0,1
194652 53608 4 3,13
22604 70030 4 7,10
197503 335364 4 5,1,4,5
170201 89135 4 10,1,12,3,7
37515 363220 4 6,6,2,14,8,6,12,8
217533 200304 4 11,6,5,12
205018 60585 4 7,15,1,6,7
46765 297612 4 1,4
341472 22692 4 2,8,14
347780 129607 4 12,6,4,4,8,8,6
38062 134250 4 4,15
306913 178166 4 12,10,5,14,7
346844 236188 4 13,3,8
4105 16764 4 8,7,4,7,7,2,12
32730 261873 4 14,0,15,10,6,3
196989 207691 4 10,1,13,1,1
105492 264536 4 5,1,9,12,7
204085 286051 4 3,0,8,7
288042 261555 4 13,5,8
97690 45942 4 5,0,11,1
77282 156688 4 4,13,4,4
158132 104196 4 6,13,7
17421 311584 4 5,4,5
177202 294192 4 5,11,14,3,12,5
96790 197847 4 8,14,0,1,0,3
216627 145682 4 12,7,1,1,4,4
356650 22380 4 6,3,6,7
133314 188440 4 4,7,5,14
9154 141897 4 3,4
247305 285318 4 8,5,13,6,4,11,3
39997 123155 4 3,6
655 335444 4 0,14,2,4,9
151730 52977 4 5,13,5
22350 349038 4 3,14,8
309489 109546 4 4,11,2,1,8,13,5
347465 137090 4 12,0,1
369554 277242 4 8,3
243939 85965 4 4,5,2
71233 360386 4 7,14
179450 315248 4 12,3,8
342623 56074 4 3,4,1,3
317265 363511 4 3,7,7
287750 133946 4 3,8,9,3,1,1,4
139754 60577 4 3,12,14,10,9,4,5,7
374117 309617 4 1,3,14,2,7
93175 360601 4 2,3,14
13700 188421 4 3,14,13,9,13,0,10
35656 196227 4 8,7,3,4,7,4,5,1
17569 177904 4 15,13,12,0,12
268614 89015 4 11,7,13,5,7,1
337611 157938 4 8,8,11
326473 183666 4 12,13,8,10,11
100611 72109 4 13,1,7,1,7,7
207982 196676 4 1,4,0,8,4,10,6
238517 185330 4 4,7,8,2,12
287381 116974 4 1,12,8,8,11,4
90154 357261 4 5,13,7,13,7,6,1,1
140780 33223 4 3,1,3,9,0,0
366313 155904 4 13,0,11,6,5,0,11,13
241872 31404 4 1,5,6,8
125993 260314 4 13,6,5,3,6,13,4
269293 75771 4 4,1,4,7,8
253131 122146 4 3,1,4
240664 306471 4 4,5,1
72344 213449 4 5,12,14
357356 292466 4 4,3,15,4,2,14
372316 18591 4 12,6,0,12,3
277126 86245 4 1,5
186270 329066 4 12,7,12,4,7,7,12
323614 215449 4 13,0,5,5
80569 198198 4 5,3
77906 228026 4 5,12,8,8,4,8,3
350093 375532 4 3,8,4
140314 109594 4 15,10,1,3
33627 239844 4 13,12
326527 121159 4 14,7,14,14
53637 83175 4 3,5,13,3,14,12
262164 154347 4 6,11,6,1
52613 155998 4 3,9,4
269796 7161 4 14,13,13
13306 353332 4 5,4,8
359532 79146 4 2,9,1,7,3,13,5
83326 167377 4 3,7,7,5,12
187493 118487 4 4,12,2,4,15,12
366072 105487 4 5,14
384025 338063 4 3,8
24105 82469 4 4,4,7,12,2,13,3,5
256416 368433 4 4,3,14,15,7,6
208103 302696 4 1,9,13,5,7,13,15
343237 45495 4 4,6,4,11,8,10,14,3
158673 264274 4 1,6,3
154586 291383 4 14,12,12,4
156612 196905 4 10,12,5,12,14,8,4
214263 108726 4 8,4,0
259415 208367 4 0,3,14,4,9
5479 51255 4 1,0,14,0
343098 144009 4 12,3
368314 223225 4 3,0,1,0,15,5,13,12
311471 9864 4 14,3,12,7,7
34253 35035 4 10,12,7,13,12
354451 67583 4 9,10,7,1
264424 85906 4 5,3,8
232409 301334 4 3,12,15,3
356918 33363 4 3,12,4,8,15,12,4
345977 250150 4 12,3
24797 331819 4 6,10,8
169422 306992 4 3,4
64821 306440 4 3,0,14,0,3,0,8,3
286947 343264 4 13,4,9,2
121988 135557 4 12,13,12
239546 136848 4 8,9
378163 193656 4 8,7,1,8,7,1,3
260217 233003 4 5,1
310860 84809 4 1,2
169435 67721 4 8,1,4,4,7,8,12
66014 71799 4 1,0,12,1,2,2,0
356577 150343 4 9,3,3,11
14355 207036 4 2,5,7,1,6,13
310811 188303 4 4,4
203078 119924 4 7,5
184854 67614 4 12,13,3,14,7,3
53579 42041 4 10,14,4,1,7
110709 76754 4 5,8,5,9,13
62920 354937 4 8,7,4,2,7,13,7
303604 227596 4 5,4,2,10,4,8
67034 275207 4 5,11,5,3,3,13,6
262764 334652 4 11,6,3,8,4,8,4
334635 231229 4 1,5,11,6,7,6
240247 284911 4 4,4,11,15,5,1,13,4
130868 267007 4 3,13
94120 316863 4 13,9,5,3
220591 343739 4 3,14,14,11,5,11,14,14
228948 202435 4 5,14
164725 183127 4 8,10
167934 164802 4 3,3,5,0,0,2,1,11
202500 175884 4 13,4,4,4,5,6,12,3
55673 299436 4 1,3,5,0,14,0,10
320775 322112 4 3,4,7,7
125385 47759 4 3,12
79991 40168 4 6,10,14,12
50791 174549 4 7,4
308350 215971 4 12,12,3,13,4,15,2
7818 84850 4 5,9
96079 12908 4 8,8
35701 318607 4 0,14,5,7,7,12,8
180326 6493 4 8,2,4,4,1,7
358314 62882 4 11,0,12,1
134094 102244 4 4,2,11,5,3,12,6
31724 277743 4 15,9,1,5
5952 370243 4 8,4,4,8
214678 326413 4 1,6,0,7,5,10
159237 208894 4 3,10,2,4,3,11
97154 357170 4 12,11
266065 146424 4 13,15,5
371698 109767 4 13,0,2,4,6
130521 183081 4 5,4,7,4,6
372178 286677 4 9,12,3,7
324629 193910 4 4,4,5,3,0,13,1,6
12582 89605 4 5,13,5,7,3,5,3
67599 319777 4 1,10,7,8,8,3,11
337733 198746 4 8,9,0,1,6
120617 354083 4 14,3
354349 200567 4 3,7,12,1,4
184053 227845 4 8,15,13,4
151606 217920 4 4,15,3,7,7,9,8
238638 140906 4 9,4,3,12
248924 287641 4 1,8,15,13
242534 263215 4 7,7,5
75309 88257 4 5,5,9,5,12,13,3
82129 110742 4 13,4,9,4,3,5
138988 92457 4 1,7,15,4,6,10,14
68920 185850 4 9,1,15
136719 235120 4 12,3
136090 117295 4 8,7,9,7,2,0,4,12
136948 188878 4 5,5,13,6,12
221156 292969 4 4,9,1
35377 179435 4 5,3,9,1,1,1
319622 379882 4 5,9,11,12,14,4,6
164125 377533 4 5,2,3,10,3,3,2,4
164242 186057 4 10,7,3,8,4,10,2,5
92600 86105 4 8,8,9,4,5,12,4
63718 120756 4 5,13,4,2,4
161693 272394 4 7,7,4,13,5,7
299315 93773 4 1,12,9,10,14,4,8,4
226059 18771 4 3,2,1
173397 170412 4 10,12,7,14,10
317121 47654 4 1,8,8
358273 356766 4 9,4,7,10,15,13,12
347816 372217 4 14,3,8,11,15,11,14,11
141697 8651 4 14,4,4,4,12,5,2,3
250648 199565 4 4,8
327252 261513 4 4,0,1,15,1,4,4
368376 138963 4 15,13,4,3,9
261992 84630 4 13,8,7,5
119803 104789 4 11,8,11,5,12,9,4,3
307462 273991 4 14,9,0,13,3,7,6,12
196431 271001 4 9,12,10,6,7
173995 215005 4 3,8,4,7,11,4,2
291221 95091 4 15,13,6
362501 319554 4 6,13,11,10,7,8
189665 85660 4 4,4,9,5,4
364704 280849 4 1,9,13,4,3,7,6,4
27443 121549 4 4,15,12,12,3,13
223375 138672 4 2,3,8,14,10,1,13
130700 99037 4 0,8,1,8,9,8,12,15
197972 188459 4 7,15
274500 230129 4 4,5,1,8,6
74207 53094 4 15,0,6,7
187339 276683 4 3,7,4
322481 141073 4 5,8,1,3,0,7,4,14
12431 189103 4 2,4,14,3,9,12
77697 206565 4 3,8
366693 38567 4 1,8,0
1014 15236 4 8,3,6
363110 6689 4 9,7
68501 310664 4 6,2,5
258062 48864 4 14,7,4,15,2
19066 58135 4 13,13,0
156722 218693 4 10,4,12,13,8,15
281555 364120 4 15,12,4,0,6,4,4,6
378076 185676 4 14,1,15,1,15,1,12
14210 89021 4 2,4,5,9
149701 218673 4 6,5,1,7,4,10
351573 240107 4 8,1,4
320155 335216 4 5,9
317318 40624 4 3,8,5
154492 52081 4 13,13,3,4,6,11,5,8
41747 126523 4 3,12,6,9,9,8,4,8
187791 156712 4 4,6,9,12
197642 102155 4 11,0,12,3,12,5
278227 87025 4 5,6,10,15,8,8
54989 65273 4 6,14,8,12
188993 166105 4 1,11,12,15
29667 195985 4 13,3,2,3,15,4,4
100043 225112 4 9,14,14,3
177767 104650 4 3,6,12,2,8
25592 30044 4 15,4,14,12,9
349419 377694 4 9,6,1,15
298760 307129 4 0,9,15,8,5,6
165446 298908 4 2,3,8
320986 480 4 7,4
304300 90857 4 14,13,15,1,3,4,4,4
67933 102797 4 14,3,4,8,7,4,12
323356 206715 4 6,15,8,12
234146 338623 4 14,1,1,12,4,1
204668 173235 4 6,0,12,7,7,6
383898 115450 4 14,14,9
151465 130175 4 8,0,4,5,5,14
306853 83690 4 1,6,12,6,1,3,4,12
21571 131899 4 10,1,5,3,11
311603 145776 4 2,4
31902 601 4 3,7,15,0,8
210093 91117 4 5,8,7,8,2
68016 163531 4 3,9
278350 258048 4 6,13,8,3,4,7,5
300609 95783 4 8,12,4
225560 109296 4 5,4,3,1,3,3
126171 70337 4 3,7,4,5,12,11,6,3
221092 283915 4 15,4,8,3,7,4,8,13
303232 217049 4 8,13,4,10
262993 15395 4 14,3,9,12
249170 14706 4 14,8,7,0,7
7993 202507 4 3,12,7
213191 83500 4 1,3,3,3,9
302938 356686 4 10,3,6,7,8
299094 262726 4 15,11
41733 238135 4 7,6,14,4,5,7,5,8
108807 308272 4 1,7,9,7,6,9
252050 256632 4 7,4,3,3,14,14
135117 195309 4 11,3,3,1,7
212893 202798 4 7,1
160391 116159 4 5,3,9
108643 215550 4 4,6,5
267785 106483 4 8,12,3,13,5,7,3
199818 157531 4 9,8
64429 150447 4 7,6,8
62575 335722 4 12,4,8,0,5,9,5
7890 270063 4 5,3,5,10,4,0,1,6
34804 185137 4 6,1,5
44394 367001 4 4,7,3,5,9,7,3
239257 338802 4 7,13,1,0,12
131243 193883 4 5,8,3,13,1,7,15,7
330045 158827 4 3,6
235181 140461 4 13,11,5,12,4
36855 285199 4 13,14,8,1,5,14
73373 218321 4 7,14,7,6,12,4,7
272158 61256 4 5,2,7,13,8,6,3
372300 54964 4 5,6,3,7
32672 176448 4 10,8,13
82927 301962 4 11,9,4,7,7,1
6442 139557 4 9,1
41223 317200 4 14,9,0,8,14,9
213558 205860 4 4,2,4,9,14,11,14
232267 216799 4 13,6,1,8
222051 97501 4 3,12,0,6,3,12,4
67545 149496 4 4,1
148020 314252 4 8,9,8,9
232264 160732 4 8,14,13,10,7,14
137309 57453 4 1,3,7,3,12,7,14,5
216537 133373 4 8,1,3,4,7
148900 130942 4 5,6,3,4,5
215891 308542 4 5,4,7,6,3,8,5,4
382282 4035 4 12,13,1,8
307267 102179 4 8,4,7
321473 155070 4 0,0,14,15,14
178205 98532 4 2,8,7
340315 234151 4 4,3
137151 212185 4 6,8
163475 180162 4 4,10,5,3,10,14
98691 222323 4 8,5,0
164481 327917 4 4,13,0,3,8,13,11,5
153554 256309 4 1,1,12
256036 124182 4 13,10,7,8,7,10,4
309837 192711 4 7,6
190028 198521 4 1,15,3,10
69030 9537 4 3,9,12,12,14,1,2,10
102911 258405 4 4,3,14,4,5,3,15
75833 335445 4 14,4,15
208694 291896 4 14,4,12,12
380380 63671 4 7,2,0,13,6,3,1,5
327177 338735 4 3,2,12,5
248014 153478 4 12,6,5,3,8,8
369003 14104 4 14,3,9
342845 306617 4 5,14,4,3,7,13,3
272841 35317 4 3,10,5,12,12,7,4,8
160690 12174 4 5,1
166331 172619 4 8,8,10,12,2
333440 314386 4 11,4,4,1,6,11
111391 88004 4 6,8,12,1,12,7,1
357105 43691 4 6,14,8
282325 381425 4 7,0,15
199700 273069 4 7,1
174769 348478 4 1,7,7,3,5,8
111415 157844 4 15,6,1,8,7,15,7,4
193494 12803 4 12,4,0,7,1
4338 42017 4 4,3,4,1
102077 364837 4 5,4,8
231091 161426 4 7,4,2,14
250710 127969 4 4,6,6,5,12,13,14,9
341397 319456 4 6,8,3,0,15
182241 53874 4 14,3,15
85720 348014 4 4,11,11,9,13,14,4
3551 250462 4 4,4,0,3,5
230119 140204 4 1,4
32203 324731 4 8,10
325759 187435 4 12,3,8,2,4,0,0,10
159633 76494 4 7,4
296547 185707 4 8,5,7,11
116085 6522 4 6,1
115235 77033 4 12,5,7,10,7,4,7
237733 243323 4 8,14
220046 319698 4 13,4
11522 48802 4 1,4,13,0,14
6891 367780 4 10,10,12,3
36457 354918 4 14,12
33052 325577 4 7,6
37571 258057 4 13,6
223044 349349 4 6,0,4,9
115541 37032 4 8,4
303686 2156 4 6,12,3,9,3,7
6543 96653 4 3,14,6,13,4,13,12,4
115818 299261 4 8,8,6,4,6
61723 280874 4 7,4,8,4
17438 288325 4 5,7,12,5,7,7
149844 211658 4 4,4,4,5,2,7
84340 36456 4 4,10,4,15,3,3
132465 375428 4 1,0
272187 364553 4 3,15,4
8202 157951 4 2,11,8
13857 11510 4 5,6,3,4,14,1,3,7
138702 298067 4 3,9,0,4,5,4,8,6
168909 146835 4 8,4,6,4,5,6
230575 321687 4 1,3,13,14,14,1,5,15
80906 150450 4 5,3,3,2,10
265286 160978 4 7,14,0,8,4
153044 113434 4 6,14,8,13,2,3
229577 297773 4 7,10,1,12,8,6,8,1
146947 140211 4 5,1,14,9,3,2,12,13
277950 373379 4 8,5,12,4,5
378240 197399 4 4,10,5,5,7
31419 101380 4 5,3,2,6
217894 186703 4 10,13,4,5,3,3,13
114456 318847 4 5,14
357203 224670 4 5,1
292096 335425 4 3,7,8,13,4
2011 272100 4 12,5,6,15,5,2
312104 119354 4 5,1,4,14,9,3,6,13
286274 220378 4 8,1,7,7
354920 110344 4 3,6,3,3,2,7,10,10
245574 98360 4 14,5,15,11,1,8,14
374129 212252 4 1,5,11,12,9,8
230476 249878 4 14,5,13,12,15
159288 112312 4 4,7
148430 152824 4 7,7
311635 3887 4 2,1,12,6
128846 224211 4 5,1,4,13,2,9,4
140353 69330 4 5,7,12,13,13,5,8
354701 145277 4 1,1,14,3,2
78459 154430 4 1,4,5,14
113717 368913 4 1,12,6,7,6,10,3
361493 41102 4 10,12,12,7
368247 283837 4 9,9,7,13,9,6
141258 195782 4 1,8
280131 93603 4 15,9,9
306295 81075 4 8,5,13,1,3,0,12
254392 75228 4 14,2,9,9,4,12,7,9
255848 353703 4 3,3,0,7,3,12,11
95817 141143 4 7,8,7,9,10,3,11,2
17165 32990 4 9,6,15,3
247508 331144 4 4,1,10
329605 267479 4 7,1,14,3,1,11,12,13
185022 25683 4 7,2,1
50280 109150 4 8,13
150843 46994 4 1,8,5,1,15,2,14,2
239797 56405 4 12,5,14,3,8,3,0
33603 71604 4 12,1,14
200964 184147 4 4,7,13
191160 135115 4 1,7,14
221340 95311 4 5,4
88437 293525 4 11,4,13,15,13,8,3
254713 326420 4 5,3
29703 354858 4 5,4,8,2,7,14,9
372358 34630 4 3,3,4
6681 6592 4 1,8,13,7,5
30604 268331 4 10,6,3
174023 241886 4 1,3,13
227933 350614 4 6,8
57581 333321 4 3,14,15,5,3,8,12
248009 174287 4 8,1,15,3,8
124796 149721 4 3,9,0,6,5
126862 22440 4 3,1,11,8,12,7,15,6
36868 165138 4 6,8
164871 382888 4 4,2,7,13,5
126226 43112 4 1,14,4,12,3
324971 246481 4 10,13,5,15
192147 49997 4 13,11,8,12,4
66571 353934 4 3,12
264824 126215 4 9,5,4,8,9,2,7,2
379483 177426 4 6,6,0,11
28683 68110 4 5,14,5
346605 244180 4 1,2,7,1
38276 101363 4 4,3,4
302645 282730 4 4,5,3,13,7,12
87576 265422 4 0,14
382931 22230 4 4,12
253086 331236 4 9,4,13,3,5,4,7
280083 157790 4 13,12,14,7
381402 79265 4 0,12,6,3
238694 334158 4 12,8,7,5
87953 196442 4 3,4,7,12
336462 62172 4 13,6,3
296628 7605 4 1,12
3932 377235 4 12,3,4,3,5,7,3,12
118179 28267 4 7,0,4,14,0,0,15
343378 131528 4 10,15,8,7,4,13,15
185677 2321 4 7,11,6,13,2
322655 49578 4 5,6,9,11
24119 272413 4 7,8,8,4
115741 335073 4 8,5
13728 193200 4 4,9,12
9574 283593 4 3,0,6,2
316479 52639 4 3,9,2
230569 149465 4 14,5,5
91669 31334 4 9,12,12,7
227909 371325 4 8,10,14,12,8,11
72094 159034 4 1,4,3,2,5,12,13,2
383147 176291 4 8,1,12,13,6,10
369158 257067 4 13,4,1,10
66142 320905 4 1,3
321846 147847 4 5,1,8,1
333202 358191 4 8,13,13,1,8,13,15,13
335621 229872 4 10,8
54778 326312 4 12,13,0,14,7,15,7
315046 33077 4 4,2
135482 44218 4 8,14,7,3,3,4,6,14
349269 278466 4 7,12,3,4,12
102929 263050 4 11,3,4,13
43062 232915 4 7,7
189614 201614 4 13,1,7,13,1,3
283317 279732 4 8,12
89938 116403 4 15,14,13,1,13,6
129457 336652 4 5,14,10
144676 83961 4 5,1,4,0
338470 23180 4 15,8,6,4,5,15,11
135085 13578 4 8,12
337171 141396 4 14,7,1,8,11,7,2,1
64683 67368 4 12,15
321176 352012 4 15,6,13,7,12,6,10
48327 176586 4 8,14,12,8,6,13
281912 365150 4 6,3,2,1,4,5
132091 369693 4 7,13,5,15
374282 21031 4 7,9,2,8,4
353679 113491 4 5,0,4
195086 132952 4 7,4,1
204358 207614 4 11,7,10,5,2,13,5,7
286286 218591 4 6,6,14,9,6,13
336940 259706 4 12,13,6,5,3
213752 269972 4 8,4,7
69376 16911 4 7,14
232228 155469 4 13,4,12,8,6,12,3,8
221316 11489 4 4,6,12,9,1
51026 279054 4 9,4,12,0,11,14,15,14
184862 234114 4 3,1,10
359248 67032 4 1,1,6,1
339125 254285 4 1,12,14,6
99899 67927 4 13,1,0,4,12,3,8,8
59585 216286 4 11,14,0,7,1,7,10,5
202721 155350 4 4,7,13,5,7,3,0
380294 50611 4 8,9,4,12,2,3,1,1
293457 149927 4 4,14,9,1
76808 261859 4 4,11,8,5
68190 155734 4 15,8,11,3
52579 300010 4 3,13,5,4,8,7
122362 168412 4 0,12,12,3,14,13,3,7
51320 332450 4 4,4,4,10,12,13
293696 163377 4 8,11,4,1
185149 70336 4 7,2
32221 115886 4 4,0,1,13,3,7
170947 383681 4 12,14,12
200313 360013 4 1,5,4,5,9,5
198687 112248 4 4,12,11,8,2,3
91544 182131 4 5,1,7,1,5,7,8,8
371613 232980 4 9,11
263418 77398 4 5,11,3,3,12
239024 336841 4 4,4,6,5,7,13
144705 377139 4 14,6
111191 327161 4 15,2,7,13,2,12
352929 374301 4 1,4,13,15,11,13,5,9
123048 34983 4 14,5,6,14,1
254276 317151 4 4,3,12,6,14
282134 98728 4 3,4
236879 24878 4 4,2
234222 298750 4 9,11,3
258328 164004 4 3,4,4,10,8,0,8
294663 180804 4 8,7,11,3,0,12,2,5
311330 301232 4 5,7,9,8,4,4,10
166243 170279 4 4,1,8,14
241937 205471 4 1,3,13
221574 234988 4 13,5,6,3,4,14,10
122801 117203 4 12,13,15,12,15
350001 197140 4 1,5,12,12,0,2
179274 93205 4 7,7,1,7,9
293671 157115 4 3,1,1,3,5,3,0,4
194350 30295 4 6,3,7,9
26270 356581 4 0,1,7,2,12
137707 138192 4 8,4,1,1,5,4,9,6
65665 168724 4 1,13,2,6,2,8,8,8
377824 77191 4 5,4,7,5,14,1,1
358426 19139 4 6,0,13,15,8,3
336391 332257 4 12,3,1,1,8
363780 214228 4 4,8,8
103394 16027 4 5,8,12,10,6
193596 71295 4 1,6,8,4,12
320691 268526 4 4,7,8,3
172053 98299 4 3,11,5,2,3,0,0,1
88286 140818 4 4,11
291966 347266 4 5,5,15,11
212338 29640 4 1,1,3,3,11,5
231348 142227 4 3,12,8,3,4
223500 113658 4 5,8,4,8
375692 176599 4 8,12
364130 185699 4 14,4,8,5,5,12,5,5
268708 172893 4 1,9,3
236984 98408 4 6,9,13,3
147379 12375 4 11,7,7,3,1,8
203083 169413 4 0,2,5,1,3
79767 143361 4 8,8
15531 177493 4 3,8,12,12,7
96227 345495 4 14,13,10,15
34993 70867 4 3,8,6,8
91902 27835 4 9,4,14,13,8,5,6
230044 237202 4 1,8,13,14
96741 198659 4 2,12
276260 61628 4 6,11,1,7,4,11,8
280273 106317 4 7,2,15,6,4,3,9
275581 42216 4 4,7
341913 160508 4 7,13,6,4,5
207509 288572 4 3,7
159824 38994 4 7,2,13,8,15,6,7
365111 19216 4 3,8,4,5
124331 327031 4 1,8,5,4,15
249031 299068 4 7,8,6,7
316187 45422 4 12,4
17234 14921 4 6,12
193221 67350 4 8,13,5,3,6,5
324818 98806 4 8,8,4,8,7,9
143982 106625 4 11,7
236926 335274 4 13,15,4,2,0,1
106551 121174 4 13,7,3,7,7,6,8
153710 107177 4 15,13,11,5,3,13,14,4
277926 59184 4 14,1,8,11
213551 228089 4 12,14,13,4
5523 155168 4 1,12,1,11
302457 320195 4 6,15,13,12,9
105008 198175 4 10,1,7
293081 343228 4 9,10
40143 345563 4 8,0,15,8,5,14,0,14
260734 130389 4 14,12,4,9,15,12,5
353116 252579 4 10,12,13,7
277941 273753 4 11,12
52546 330792 4 12,8
234277 304416 4 5,9
26660 155047 4 4,4,4,3
108439 299471 4 4,6,12,1,15
46954 106268 4 9,3,7,7,8,6,6,2
126174 148099 4 1,14,10,3
114491 90787 4 8,7
239641 160657 4 5,6,4,13,1,9
342728 65427 4 4,4,4,3,4
377810 123168 4 6,1,5,12,6,8,0
91045 27510 4 11,12,4,8,8,7
207130 369513 4 1,7,7,8
298295 252681 4 8,7,3,14,11,3,5
254900 202358 4 4,15,7,15
246818 172617 4 15,4,8,3,2,4
236499 244329 4 5,1,1
349149 57446 4 8,9,7,7
238974 256944 4 15,13,8,8,10,8,14
3542 103604 4 3,5
301391 382074 4 1,7,7,3
25429 14907 4 7,8,12,4,8,9,6
65317 283843 4 4,4,2,2,1
6272 80254 4 5,0,1,14,12,3
48296 205492 4 14,12,1
146501 253871 4 4,7,13,6,6,5,14
14056 193129 4 15,8,1,12,0,5
277117 353804 4 1,9
304900 54246 4 5,4
71966 104411 4 12,7,15,10,14,1,11
190612 116920 4 1,8
207223 174772 4 15,14,5
228265 255724 4 1,10,1,14,13,8,15,9
379122 238887 4 6,5,5,3
304233 146229 4 1,1,7
192121 19496 4 5,9,10,5,1,13,13
305312 245837 4 3,15,7
80274 72338 4 4,11,1,8,5
150521 129811 4 4,7,12,1,12,6,15,7
2559 274361 4 13,3,8,2
153307 140153 4 3,12
105632 196549 4 13,10,6,2
98278 253916 4 0,14,4
242271 197934 4 1,8,3,7,4
377366 174950 4 14,6,3,6,4
109809 243902 4 3,3,3,1,4,8
306900 268791 4 3,2,12,4
179864 291664 4 11,10
356197 197466 4 12,4,7,6,12
90832 219651 4 3,5,4,13,7,0,5,6
93162 165116 4 2,3,4,12,8,2,1
168225 344162 4 3,3,10
379383 118852 4 3,6,1,4,8,15,6
233582 132651 4 10,2,3,1,1,8
181613 373662 4 12,0,0
97781 44962 4 6,14,3
359089 179756 4 1,7,8,13,1,9,5
262798 106589 4 8,3,7,11,6,3,2,2
242667 349620 4 1,8
337795 80557 4 6,7
119171 114953 4 2,1,10,2,8,14,4
26240 207686 4 5,9,11,6,2,7
162890 287932 4 11,1,8,11
330242 108074 4 7,4,7,14
43324 201061 4 13,8,7
350632 169706 4 7,8,3
187114 82292 4 4,3,8,8,6
131351 107068 4 3,8,4
314715 66724 4 5,13,7,11,2,1,3,13
174878 188181 4 5,3,5,6
59514 188122 4 15,1
133565 222528 4 3,12,9,14,4,3,4
353983 95245 4 4,4,8
139839 57053 4 3,14,9,3,1,6,4
164036 124147 4 3,0,4,13,4,14
34427 60751 4 7,5,3,1
286160 307147 4 1,12,13,0,0,8,13,1
68536 244871 4 13,5,7,3
294667 208513 4 8,12
2531 312151 4 1,4,5
168442 275582 4 5,7,15
186183 47333 4 4,8,4,14,15,0
235220 117812 4 2,2,2,11
248345 338877 4 5,5,9,0,8,6,4,0
184794 285482 4 1,14,4,3,4
140161 231446 4 12,7
2895 338424 4 11,1
99036 27392 4 12,12,4,4,4,0,9,15
6871 3142 4 13,7,7
261386 331377 4 4,15,3,0,2,12,14
180077 259842 4 5,3,4,12,8
263416 271272 4 10,8,12,7,14,12
170394 269073 4 3,3,5,3,4
68389 204559 4 3,4,7
52568 171138 4 13,5,8,8
83393 152638 4 5,5,8
246404 346051 4 6,11
273407 192408 4 7,6,5,9,7
180863 11702 4 13,9,1
180434 30701 4 8,4,13,5,9,8,7
372571 366703 4 0,6,1
266815 342105 4 3,3,7,5
349989 260209 4 7,1,5,3
178588 33734 4 14,4,7,13
166651 87418 4 7,5,14,15
112847 182608 4 5,1,12,4,15
310188 330781 4 4,10,3,10,6
308695 362514 4 4,6,1,13
309556 174457 4 6,0,3,11,7,4,14
162178 907 4 7,6,6,4,13,3,3,3
101373 180671 4 1,5,7
149271 259801 4 5,1,5
16092 322852 4 13,11,9,2
133407 307095 4 5,12,13,5,0,12,8
303722 207456 4 7,1,3,8,6
339445 125096 4 15,12,0,5,6
261810 211658 4 3,5,15,8,13
246386 172994 4 12,8
208428 365211 4 4,7,7,8,5
359035 333442 4 13,14,3,6,3,6
16275 254132 4 4,8
277662 342629 4 8,6,7,3,14
118366 375872 4 14,5,6,2
82567 14877 4 8,11
128564 132395 4 8,10
230064 308098 4 9,15
85333 108957 4 0,0,14
137624 373008 4 2,15,13,5
355036 111635 4 13,5,3,15,3,2
21327 216105 4 1,0,12,7,8,6,1,2
200782 379482 4 4,3,13,8,13
287088 34441 4 10,2
147273 146405 4 4,3,7
35365 159755 4 8,7,7,3,1,12,4
128416 363336 4 0,8,9,1,1,14,4
83241 742 4 15,15,14,3,1
363017 351968 4 11,14
316407 27015 4 12,3,10,8,3
136409 282771 4 10,8,12,7,7,8,3
372421 325155 4 2,5,12
49084 303391 4 3,12
311802 319730 4 12,4,5,3,1,13,4,14
42792 4480 4 3,5
71084 160916 4 13,5
156694 42312 4 7,14,1,3,3,9,2,7
298454 134047 4 10,14
269381 34498 4 1,8,5,5,13,3,14,10
151332 74574 4 13,14,0,12
188062 141312 4 4,11,3,8,12,9,2
154289 50129 4 5,1
323463 9298 4 12,13,14,11,3
251118 261550 4 8,10,1,4
367904 139905 4 8,8
27436 382851 4 12,3,1,4,3,5
169893 209777 4 7,9,8,4
139404 68485 4 13,5,8,3,5,3,7
121166 73813 4 12,8,5,3
37073 324481 4 4,9,7
201040 306774 4 1,4,3,3,5,7
285051 203546 4 1,3,8,11,13,8,4,14
204106 264902 4 3,3,5,0,8,1,15,14
305372 63276 4 7,1
116176 307893 4 13,5,4,4,13,15,12,7
56638 222922 4 5,7,4,8,1,8,4
142105 158527 4 10,12,6,4,14
114056 247402 4 3,14,12,7,12
217177 330723 4 5,12
277298 297453 4 13,4,12,4
37903 153704 4 12,1,4,0,12,13,1
306229 340307 4 7,4
214857 275939 4 1,8,15,3,14
80492 66034 4 2,10
206373 146557 4 7,3,6
320944 382360 4 1,8,6,5
188184 67443 4 4,7,8,7,4
91737 361318 4 7,9,5,13,13,10,8,5
318009 213567 4 7,12,10,9,1,8,5
289798 266737 4 7,8,6,4,5
345867 2648 4 10,5
43325 217616 4 7,15,14,7,15,5,4,12
242294 352890 4 10,4,3
333545 45147 4 5,1,4
6034 50620 4 3,12,1,6
197660 84983 4 6,13,7,8
45868 72257 4 3,3,8,8,11,2,5,4
250434 169963 4 13,14,4,4,2
268719 85692 4 9,8,1,13,13
19115 364 4 7,7,3
366226 193022 4 11,1,4,1,3,13,11
117370 72556 4 8,4
212852 133313 4 12,13,1,5,3
46176 115384 4 5,4,15,0,0,4,6
4026 246716 4 10,6,15,4,9,14,1,13
170280 206325 4 14,3,5,0,7
217410 125245 4 7,4,1,5
29553 295308 4 0,15,6,14
178687 280028 4 14,1
109424 269281 4 1,3,7,7,6,8,5
152035 75532 4 15,12,11,1
18692 251828 4 7,4,3
228591 284618 4 7,3,2,12,5,13,4,11
130728 356893 4 15,14,5,6,2,5,0
31347 23521 4 14,12,6,4,8,2,12
148645 224326 4 4,5,3,12,12,1
6663 183251 4 3,14,4,10,3,9,15
177755 280575 4 14,14,11,5
208349 220098 4 3,7
380248 76424 4 1,5,6,5,7,13
299424 353206 4 15,7,14,3,5,13
324615 63655 4 1,8,9,13
355353 255083 4 1,14
66698 221012 4 4,8,15,5,13
189130 10124 4 4,5,3,6,11
200058 257965 4 9,0,4,11,3,9
161646 367264 4 3,1,4,7,9,7
218440 10946 4 4,6
373153 140207 4 15,4,3,10,7
302036 255741 4 14,5,6,1
179594 184801 4 1,2
371078 217217 4 1,14,6
128676 41703 4 1,0,13
24104 280407 4 4,9,12
11978 151911 4 1,8,5,4,13,13
71086 259691 4 7,12,13
25776 364899 4 13,9
164660 376952 4 14,1,1,13
98984 194465 4 8,6,15,3,8,4,14
278259 57645 4 4,14,12,11,13,12
291573 91428 4 1,12
42457 355454 4 9,3,4,3,8,11
361022 106883 4 1,8,12,15,2,2
234122 246803 4 2,12,5,13,6
38464 356088 4 6,4,12,11,0,15,10
93146 171100 4 4,14,13,2,1,2,1,7
341896 131470 4 4,13,5
322874 355681 4 3,3,9,4,3
80788 219051 4 11,7
42353 235269 4 7,7,14,12,4,14,14,1
202972 347088 4 5,7,5,4
41084 298154 4 9,1,10,6,3,3,7
74827 109361 4 13,10
121964 315770 4 4,8,15,4
83406 348899 4 3,7,5
73140 173039 4 15,8,8,12,6
212279 243683 4 15,4,4,13,4,3,0,1
111084 173613 4 3,1,2,6
886 104717 4 12,10,1,2,6
220701 63035 4 5,4,8,6,3,3
38429 11769 4 4,4,1,6,9,6,4
226978 230729 4 8,5,15,1,1
202101 143458 4 2,10
356332 97396 4 12,3
104854 163266 4 13,7,8,4,12,15,9,3
155393 123745 4 8,13,14
181183 191092 4 14,10,15
268330 4507 4 10,3,11,8,7,6
134423 113626 4 6,8,13,8,4,12
140985 267176 4 10,12,13,8,8,8,14,4
243404 182963 4 6,4,10,7,3,3,10
89031 260707 4 0,1,13,7,9
202102 157488 4 3,3,4,2,4
184948 93577 4 4,7,9,12,6,8,8,12
104784 190796 4 6,14,14
13555 108330 4 12,12,8,7
28805 162317 4 7,9,12,15,8
260603 131804 4 3,15,3
26045 67244 4 4,8,3,11
225216 217597 4 7,2,12,1,14,8,5
166609 100205 4 7,4
74969 345411 4 13,12
354156 4195 4 1,4,6,15,10,14,2
295777 318870 4 15,4
289115 340623 4 8,5,10,12,13,13
335802 62480 4 12,7,6,5,14
280012 132476 4 1,2,15,4,11
215592 286257 4 13,13,9,13,7,7,14
327476 87447 4 12,12,13,6,3
24079 105330 4 3,4,0,0,0,14,0,9
236626 218001 4 13,5
34855 294957 4 1,8,4,4,12,3,8,9
240607 160139 4 1,13,4
177966 320823 4 5,7,15,7,8
79779 256543 4 7,5,3,7,0
355871 34079 4 11,0,8,4,7
139340 134596 4 8,7
246166 42761 4 4,3,11
361827 152253 4 5,8,8,11,1,14,11
186555 337322 4 14,3,7
337849 119420 4 4,0,13,6
220203 280709 4 10,7,3
82912 44132 4 3,12
362106 159161 4 6,12,3,5,2,4
233525 144798 4 4,3,8,1
341028 106813 4 3,3,2,12
47592 273961 4 8,14,9,8,4,15,1,1
52961 166615 4 12,11,7,14,11,9,11
366467 73026 4 14,14,13
329758 58377 4 13,1,15,8
100734 181855 4 8,15,2,1,7
150779 342061 4 8,9,0
185454 192660 4 2,8,8
141551 27295 4 8,5,4,1,2
25155 62439 4 1,1,8,4,4,11,3,8
235256 172036 4 7,15,7,4,5,6,13,1
184919 228994 4 8,6,12,8
143646 315718 4 1,0
8117 372498 4 4,6,0,4
366495 156996 4 13,5,5,5,12,7
286209 272474 4 14,7,7,4,8,6,12,2
4391 113775 4 3,12,9
276288 139782 4 2,13,13,1,9,5,5
364308 114969 4 6,4,5,1,14,7,13,14
218225 64376 4 1,3
30717 319127 4 14,7,4,0,13
168588 157913 4 9,5,5,3,15,2
362451 222721 4 2,3,0,14,7,8,7
11806 117930 4 2,6,7,5,13,9
323506 220818 4 14,14,14,15,4,5,0
50184 277030 4 10,4,1
51325 284212 4 7,15,13,3,13,2
189075 68645 4 3,4
265977 64520 4 2,6,3,6,0
280081 27002 4 1,4,12,7
294723 184330 4 7,6,3,5,13,14
19102 207370 4 8,8,13,13
313714 222353 4 5,8
333608 354444 4 14,1,9,13,7,1
197867 260326 4 4,3,0,6
203403 14476 4 4,0,14,9,5,8,5
44348 81690 4 4,14
124758 339569 4 3,6,13,14,5
152803 128057 4 1,13,8
105798 347493 4 1,5
99087 29227 4 1,14,0,4,8,8,7
129166 21558 4 4,4,8,7
138541 69297 4 12,8,6,8
130807 143043 4 8,10,7,7
180711 281817 4 1,15,9,10,6,11,4
284298 234854 4 7,10,1
50584 202561 4 14,1,14,14
335898 196886 4 15,12,4,0
122500 261296 4 1,1,4,8,8,7,8,11
233483 230029 4 11,2,3,8,2,5,8
232485 54241 4 0,6,15
16338 91428 4 13,12,5,6,3,3,13,2
368920 246413 4 1,7,7,13
39211 258392 4 6,15,8,8,10,4,15,0
324482 93261 4 15,2,3,6,0,7,14
250810 211209 4 3,0,3,5,1,13
261292 37051 4 4,5,8,14,5
100775 327923 4 1,8
95580 274050 4 3,1,6,5,3,15
58539 184112 4 9,12
342093 40816 4 3,9,13,6,14,5
157101 110197 4 2,5
272626 49565 4 14,4,15,13,2,10
16328 319886 4 5,5
60561 306235 4 5,7,13,3
223160 336869 4 7,8,12,11,1,0,8,7
309240 34415 4 5,8
193925 8987 4 3,1,13,5,5,12,6
234923 265030 4 3,14,7,0,2,7,14,3
230315 116686 4 8,13,5,13,7,8,9,9
128551 369470 4 5,7,8
259823 171876 4 2,3,12,3,7
72565 186771 4 6,8
302903 239330 4 5,6,15,13,9,0,4,4
169794 89427 4 5,5,1,3,10
248718 28435 4 0,12,1,3
299695 190921 4 13,8,8
83865 89044 4 9,1,3,6,7,5
35256 159243 4 12,14,1,13,12
65881 231434 4 9,14
233420 96940 4 8,4,1,5,0,3
365866 376165 4 8,10,4,1,4,14
90059 147946 4 7,3,10,1,8,7,11
135874 318476 4 5,4,5,11,13,9
331509 226172 4 1,2,12,12,13,15,4
351091 123674 4 4,7,9,5,2,11
297353 13351 4 6,2
146243 293948 4 15,15,11,13,0,3,7,6
125872 57069 4 13,9,9,14,3,13
161883 72354 4 1,9,7,3,15,8,15,15
82913 14583 4 13,13,3,11,8
12938 77954 4 3,7,4,5,15
9525 171042 4 6,1,15,11,3,14,4
275360 272153 4 6,4,8,3,6,0,13,1
173077 44361 4 5,8,2,3,5,3
325615 185326 4 3,3,13,6,12,7,2
70946 347971 4 0,6,5,11,3,4
202445 238769 4 14,5,10,6,3,5,4
152019 375847 4 12,0,2,2,2,13
309189 1915 4 13,12,6,1,7,7,6,11
341004 52103 4 10,12,9,6
154123 207242 4 9,3,6,14,1,1,5
306196 314676 4 5,6,3,1,14,7,9,9
11335 244888 4 7,9,8,8,15,1
143205 276027 4 1,12,6,12,4,9,2
113681 159394 4 5,12,8,4,14
202231 76129 4 12,6,12
93250 48975 4 2,5,5,4,3,7,11
57805 341563 4 4,3,2
255510 202700 4 5,11,5,8,3
214690 82072 4 3,5
366072 176321 4 11,2,3,7
146735 352551 4 3,4,5,8,5
83867 325933 4 8,1,8,2
104148 135327 4 0,1
316167 261089 4 5,9,3,12
43631 110963 4 3,10,4
42660 191514 4 1,11,5,4,8
126586 185606 4 13,7,15,3
376654 206634 4 14,4,7,12,4,15,7,1
348873 327040 4 2,7,6,12,7,13,4
99941 333061 4 12,4,15,7,12,3
214770 234197 4 5,4,7,6,6,3,5
233675 337270 4 4,4,0
112426 90387 4 3,11,6,14,12,12,6,10
171959 263737 4 3,7,9,5,8,4,13
271731 201199 4 7,2,8,5,4,6,4,10
16740 269040 4 1,6,15
19718 172877 4 12,11,5,2,12
172539 321774 4 3,6,9,9,3,1
267797 93793 4 1,0,3
124048 55983 4 6,12,2,4,7,5,5
225823 105980 4 4,8
324126 64533 4 13,15,0,2
17509 348682 4 8,6,12,7,13,3
10389 157311 4 3,6,15,9,6
241643 323337 4 2,7,14,4,14,10
361445 181916 4 3,4,12,0,1
199493 208568 4 4,6,4,0,14,4
188969 338902 4 1,5,12,1,9,12
69145 35239 4 7,4,3,4,4,3,12,7
241743 58173 4 2,7,6,1,14
260591 131857 4 7,4,13,11,14,3,7,5
64924 114955 4 12,4,0
22834 42226 4 5,6,6,1,7
309235 332279 4 2,3,4,7,6
59026 105177 4 2,5,8,4,3,1,13
380963 100452 4 12,13,7
313641 98016 4 3,12
366514 167241 4 1,4
19028 360334 4 8,3,1,15,1,2
224600 303944 4 6,13,5,8,13,10,3
340860 203457 4 15,4,14,5,14,14
253631 207687 4 6,13,2,6,3,12,8,7
169395 75448 4 5,9,9
19342 269013 4 8,2,4
356240 288801 4 11,10,7,9,4,15,1,6
300456 138557 4 7,1,4,6
176869 132462 4 8,4,12,8
49119 284121 4 1,7,7,13,11
29041 308859 4 9,6,0,2
44853 373958 4 7,1
284613 219493 4 3,2
332005 254188 4 1,5,14,4,7,5
261918 184031 4 11,3
322307 122352 4 12,3,2
147811 20229 4 8,8,9,1,15,8,0
69525 370989 4 3,9,4,11,8,14
162603 101829 4 0,7,3,7
18975 100000 4 3,12
96953 323652 4 4,1,10
80746 334665 4 9,13,3,9,12,5,3
120162 327821 4 11,10,8
77180 309660 4 0,6,8,5,15,3
376120 208614 4 8,7
133322 238247 4 11,4,14,3,4,13,0,13
31885 23347 4 8,6,6,2,3,14
245744 262642 4 7,5,4,3,2,3,15,7
308054 171050 4 4,9,8,9,6,0,12,3
340732 296011 4 7,8,5,11,5,5,5
201987 152681 4 15,6,15,4,1
109799 239382 4 3,0
217253 28594 4 11,0,10,7,0
90079 322896 4 2,5,7,1,2,8,8
350081 55336 4 14,1,6,3
297417 52254 4 1,1
233317 347732 4 6,9
150480 13931 4 3,3
67309 373015 4 8,7
79475 177776 4 4,14
315725 235964 4 5,8,5
299552 174341 4 13,8,7,3,5
216843 168299 4 14,2,1,4,5,2,8,15
349152 126976 4 3,8,5,5,5,10,15,15
197692 317371 4 5,10,15,3,5,7
61182 331070 4 4,14,3,5,8,4,8
194655 266196 4 2,14,8,8,4,6
327740 262345 4 4,3
145789 350023 4 6,4,10
92484 278294 4 4,13
184291 172621 4 5,4,6,14,8,10,4,3
36058 302211 4 13,9,1,0,5,14
224738 48389 4 9,2,1,6,14,2
341424 5439 4 5,3,6,7
343195 251866 4 7,15,8,8
79042 22821 4 8,3,13,5
215967 151424 4 1,6,3,6
313787 28442 4 8,5,5,15,4,11,7
140046 219061 4 3,15
192663 97921 4 10,4,1,5,7
196553 209746 4 1,8,5,3,5
273138 315061 4 4,2,14
229697 285926 4 8,5,7,6,5,10
82894 314587 4 6,3,4
13387 226966 4 5,5,4,13,9
46597 33435 4 3,12,8,3,12,3,4,10
212887 158058 4 5,6,9,15,8,12
23813 16537 4 12,12
185679 23380 4 13,1,7,5,13,14,8,8
68202 230068 4 3,8,7,8,6,7,12
140401 47444 4 9,1
138193 31145 4 1,13,13,4,3,13
11432 372966 4 15,6,7,6,14,13,4
349488 52960 4 6,14,1,5,11,6,7,5
178913 91369 4 3,14
188078 368047 4 2,15
290181 239559 4 5,11,14,4,7,1
264922 263964 4 10,3,1,1,3,14,6
81500 168848 4 15,1,14,12,12,4
121539 220740 4 11,5,0,8,7,4,5
223161 356235 4 13,3,7,8,13,13,11
159006 226898 4 12,4,11,4,15
245072 151638 4 6,0,15,7
122196 379705 4 15,5
287210 54322 4 5,13
146380 217640 4 5,1
320503 325730 4 2,8,1,3,8,6
73167 345061 4 3,3,1,6,8
110555 263818 4 3,11
175141 94857 4 11,5
235595 153282 4 2,4,11,5,7,6,14,8
163012 86237 4 1,3
315261 148129 4 6,7,0,2,5
291139 169715 4 4,6,11,6
77847 173550 4 15,5
130751 168944 4 13,8,7,5,3
149328 258878 4 1,1,6,4,8
332819 84328 4 0,9,14,1,0,3
155756 355994 4 12,3,15,14,13,8
237914 51322 4 14,4,9,14
284824 112803 4 8,2,10,4,8,12,4,6
280171 127492 4 14,12,0,3,3,7
1071 370100 4 13,4
75941 132473 4 2,7,12,4,8
50694 329846 4 8,13,3
365377 330928 4 14,7,8,4
354185 189093 4 12,9,6,11,0,2,4,4
44530 375483 4 15,1,7
379524 96569 4 0,6,2
246918 71612 4 0,1,12,6,12
206872 64887 4 3,5
304025 312033 4 4,9,5,2,0,2,1,15
90371 167455 4 1,7,6,1,9
212063 66703 4 6,3,15,6,14,3
362402 179357 4 10,14,7,9,10,11,0
12388 201757 4 6,9,3,4,4,8,8,13
13744 221310 4 5,8,2,13,11
383083 175239 4 1,14,15,12,14,0,2
197998 363412 4 6,2,5,2
68136 55262 4 4,4,6,12,8
166716 72778 4 10,9,15,14,3,5
140096 362843 4 13,14,3,12,3,6,4
268868 222516 4 12,3,3,13,13,12,14,11
330659 215716 4 12,4,3,8
330527 250930 4 6,13,0,7,7,9,0,7
40205 299849 4 10,10
51446 268787 4 4,7,5,10
369764 198203 4 1,8,12,6,8
16110 327514 4 15,6,1,5,4
87123 317236 4 5,4,14,15,6,1,14
13857 21947 4 1,4,3,5
164952 19461 4 8,15,1,13,15
129685 284999 4 7,14,2,4,12,15,10,9
33523 94588 4 13,0,14,6,8,4
280560 342196 4 13,1,8,7,12,1
228435 189198 4 5,10,7,7,8,7,2
244221 128967 4 1,2,8
148389 287888 4 5,6,1,14,4,15,13
356781 333847 4 15,12,8,8,7,13,10
162989 312563 4 9,8,3,5,14,5,12
12206 247589 4 12,8,6,6,12,12,7,9
125990 311313 4 6,7,7,7,7,9,7
368446 317152 4 3,8,6,8,7,1
235845 109679 4 3,5,9
239082 250475 4 4,12,5,1,1,7
326888 159663 4 2,12,7,15,4,6,4,0
133131 152337 4 2,3,13,8,5,9,15
86440 126508 4 8,6,13,7
347688 180914 4 5,3,0,7,2,15,6
286465 330971 4 1,6,7,2,2
342542 322769 4 2,1,2
188121 165193 4 1,14
329418 215756 4 1,7,6,4,5,3,15,7
370654 345814 4 11,3,3
295771 356427 4 3,3,7,11,3
27153 188705 4 1,1,0
86717 346693 4 8,4,5,1,14
211739 330254 4 12,3
95357 169577 4 13,15,13,5,12,3,15
32630 119525 4 8,13,3,15,13
291964 378679 4 8,4,4,5,8,13,1
326085 373946 4 14,7,4,8,7,12,12
370347 20036 4 12,6
161280 67174 4 3,1,0,7,14,0,9,11
328731 263733 4 6,5,5,15,4
135194 48472 4 7,3,1
102841 196756 4 6,4,8,13
77239 47144 4 10,8,14,1
118422 190533 4 4,8,4,3,8,3,4
168784 265247 4 4,7,7,4,13,4,4,7
332572 277669 4 1,0,8,9,1,7,0,10
144987 48817 4 3,3,6
17095 235525 4 3,3,3,8,0,13
21532 124653 4 5,13
96391 364472 4 4,6,10,2,3,4,10,5
328458 291844 4 1,12,12,0
171395 300694 4 8,1
37315 333265 4 7,1,9
87547 168947 4 3,2,4,4,4
33657 170948 4 3,5,3,5
266697 103208 4 1,5,4
331612 23657 4 13,7,3,13
127765 183542 4 6,11,10,8
139039 49171 4 13,9,11,12,3,3,3
3061 320541 4 4,1,5,4,5,3,4
70582 278632 4 3,3,5,13,6,6,0,4
362570 230204 4 7,15,8,2,13,4
12803 65757 4 8,13,4,0,3,5,14,2
150771 357775 4 10,5,7,8,15,4,3
40380 367171 4 2,1,3,3,2,4,14
312722 337710 4 14,13,9,7
218319 176072 4 0,12,1,13,7,10
86526 22667 4 0,14,0,11,10,7,0,12
254943 292558 4 6,4,6,15,0
271452 350710 4 7,4,6,2,10,3,1,9
194367 46223 4 15,1,13
236627 78174 4 1,11,3,1,3,4,10
72072 226851 4 0,4,7,7,2,8,7
13014 333561 4 8,11,4
177395 257201 4 14,14,1,3,4
303688 335725 4 15,5,14,10,7,10
325445 272804 4 2,0,3,4,1,9,1
230120 50038 4 13,0
298099 38684 4 6,5,7,4
242856 292792 4 1,3,5,14,5,0
182923 39609 4 2,9,11,1,7,3,13
108542 113617 4 8,13,2,6
366625 320259 4 6,10
302260 31162 4 5,3,6,14
53007 45702 4 5,2,3,1,3,5,5,2
32766 163320 4 13,15,12
231530 52081 4 2,8,1,11,13,12,6
338171 211258 4 9,0,6,6,8
379380 160251 4 5,15,7,4,4,3,4,13
278319 277528 4 7,2,4,7,8,9,2,0
233498 379127 4 5,3,2,9,6,7
84246 119225 4 4,5,14,8,15
279615 342597 4 14,8,5,8,12,15
351686 364284 4 8,4,14,8,8,4
217769 4962 4 6,5,1,4,5
54669 93791 4 1,9,9,15,8,11
256983 6674 4 6,8
206291 176376 4 1,1,14
88985 224802 4 8,1,2
160246 320972 4 4,3,11,2,5,15,3
247859 304129 4 6,5,8
120952 145166 4 10,2,10,6,1,12,14,8
47578 366238 4 12,3,1,7,12,15
15030 45302 4 7,8,12,7,1,2
284163 351038 4 3,8,4,13
77981 111368 4 3,7,6,9,4,4
208381 261467 4 14,5,3,1,8,14,3,13
217969 226898 4 1,15,3,0,0,15,0
12108 274642 4 2,13
244753 340501 4 5,9,8
49166 2076 4 6,9
49727 140431 4 7,3,2,8,8
176677 190025 4 3,1,8,1
98660 178455 4 0,12,4,6,7,0,5
245238 191715 4 3,14,15,8,12
306795 313261 4 14,8,7,15,15
207745 135838 4 8,7,6
146754 68010 4 6,9,2,3,7
33180 235974 4 2,15,3
283507 161940 4 15,4,15,4,1,1
143087 248551 4 7,12,9
274660 166919 4 3,12,7,3,13
47011 50952 4 11,7,6,4,11,3,1
281993 361772 4 0,13,9,5,15
53405 171859 4 0,6,3,15,8
23877 194176 4 13,5,13,8,3,6,11
58716 163248 4 14,0,5,1,3,6,6
351063 339803 4 8,11
110244 257796 4 4,1,14,5
284534 214456 4 3,9,0,0
66175 274023 4 14,13,7,0,3,4,8,9
133161 88676 4 5,6
383978 357805 4 2,8,3,4,6,5,4,6
211948 170673 4 7,3,7,14,4,9,6,5
264492 3583 4 1,7
341641 176245 4 5,0,8
293332 37367 4 3,12,9,3,15,4
213682 150138 4 6,5,15,12,10,1,3
131401 188170 4 7,3
362604 14301 4 7,15,1,0,13,3,8
206924 312280 4 1,0,13,5,8
46865 298939 4 13,5,4,15,14
173696 287183 4 5,2,5,15,6,8,5
107707 152072 4 7,14
20903 131236 4 1,10
180344 142350 4 1,9,3
15367 267426 4 14,3,5,0,8,14,14
51619 138311 4 11,0,8,9,1,3,7,9
133423 92713 4 4,7,8,12
195503 129620 4 6,4,14,3
77227 210270 4 3,4,2,14,2,2,11
150816 109419 4 14,3,1
356871 52909 4 3,7,4,6,3,14,7
113662 252452 4 3,14,1,1,7,6,5
352392 277669 4 8,6,2,0,6,0
355769 246319 4 4,11,5,1,10,15,6
176027 215039 4 3,5,1,9
299944 332673 4 8,3,3,14,2,12,4
252945 284676 4 9,0
281571 354885 4 8,9,1,6,13
249258 102569 4 8,5
332058 222435 4 4,8,0,7,3,11,4
61088 372678 4 12,9
336736 114889 4 2,12,13,12
92971 235238 4 4,8,1,9,2,5
166497 88988 4 4,4,15,5,15,5,2,1
275258 146373 4 13,14,12,2,3,7,5
60000 52238 4 8,14,4,7,1
306087 169330 4 4,1,12,7,5,7
312955 238408 4 5,3,2,5,3,0,4
204018 342400 4 8,7,7,3
277652 303412 4 6,6,14,4,10,7,2
31378 157730 4 14,4,7,9,7,4,5,4
274872 380968 4 3,2,3,4,10
116436 121036 4 2,14,0,3,7
86449 203892 4 4,10,8,5,13
339810 364663 4 4,1,2,13,0,8
169173 370677 4 12,1,5,15,3,1
67266 64039 4 3,8,6,4
95055 375281 4 1,9,0,2,2,3,14,2
5044 18601 4 5,2
226459 313030 4 6,1,6,12,15,13,12
1832 87192 4 7,4,7,7
5975 50471 4 0,8,11,5,5,13,4
334606 283441 4 6,15,4
294480 20432 4 3,7,6,0
302434 7931 4 5,7
124237 27568 4 8,12,12,5,2,1,9,11
341355 261368 4 4,15,10
123007 140300 4 15,8,15,4,0,7,13
12693 10874 4 2,3,9,8,4,8
282717 165451 4 1,9
242795 121772 4 4,3,7,7,6,5,3,4
67436 95782 4 6,7
185794 162295 4 4,2,8,10,2
71658 29023 4 14,5,6,12,9,3,6,7
29980 364247 4 12,12,1
73315 46552 4 5,10,4,8
121532 244725 4 1,6
91237 159058 4 5,3,11,11,8,4
139733 30853 4 6,13,3,4
235787 32119 4 2,7,6
135171 116801 4 7,2,14,8,8
364969 243371 4 3,6,12
314349 37028 4 3,8,2,1,4,2
28962 149125 4 6,5,3,7,8,4
25838 163854 4 7,3,6
362099 92635 4 8,14
130997 25925 4 3,9,7,3,14,2,8,1
44420 315758 4 8,11,6,5,0
89999 313416 4 3,1,15,14
319478 329932 4 8,1,4,11,13,7,9,3
313816 77302 4 12,4,4,12
238434 312966 4 1,3,3
270285 155761 4 14,14,1,4,6
66190 244714 4 7,5,6,8,3,3
198737 322449 4 3,9,5,3,12,7,5
221547 185332 4 2,5,13
173608 55073 4 8,3,3
102066 142627 4 2,7,4,5,13,8
48834 351696 4 12,4,6,3,7,11
158683 247540 4 15,12,5,6,6,0
275258 376000 4 7,8,8,0,0,1,7,8
149880 123498 4 3,8,4,5,10
38147 46396 4 11,6,5,7,10,9
324304 96278 4 8,12,4,3,12,14,1,3
61114 28285 4 8,5,3,13,5,15,8
57444 227874 4 12,3
258745 368315 4 12,7,5,3
194427 367017 4 4,6,5,3,3,0
116501 345457 4 12,3,7,0,13,7,8
166281 313456 4 5,15,6,7,0,4,12
50943 67888 4 3,14,8,11,12,13,13,1
113213 74212 4 13,2,3
255079 258478 4 7,13,7,5,8,8,4
43473 51866 4 1,8,0,14,5
59376 55879 4 1,9,13,6,4,2,7
293973 163508 4 2,14
158224 193753 4 1,3,8,3,8,14,2
254566 21222 4 8,7,0,0,6,13,1
90861 177367 4 9,13,8,13,11,12,14
192069 25127 4 0,1,14,4,5,15
194625 377911 4 3,7,13,4,8,1,5,11
379077 144765 4 5,12,15,4,14
169337 217285 4 14,5,6,7,3
123843 12730 4 1,4,0,5,6,11
202293 1412 4 4,5,5,4,11
295776 257760 4 3,15,15
53288 274018 4 12,12,1,15,6,6,6,14
240521 177178 4 1,3,7,14,1,7,5
627 319414 4 13,14,8
150070 287654 4 0,3,14
143966 205792 4 1,13,15,14,3,7
209264 379667 4 6,14,12,10,7
373436 285424 4 5,3,4,8,13,0
46447 149667 4 13,12,4,7,7,4,13,5
233868 41764 4 5,0,1,3,13,7,7,12
355863 340660 4 5,7,15,10,6,3
194454 223760 4 1,5,15,13,7
357982 241181 4 7,12
80949 202621 4 11,9,2,9,4
74729 217757 4 4,9,7,1,7
199390 57191 4 14,8,12,6,1
98808 127343 4 2,8,9,8,5,3
301847 191943 4 15,8,9,4,9,4
281830 127745 4 7,12,10
118509 223429 4 11,8,4,9,12
64439 369831 4 14,9,2
252506 99439 4 12,5,7
219193 144551 4 12,5,7,5,14
180351 159423 4 5,3,8
24010 221130 4 1,3,12,1,1,14,8,0
137251 49130 4 4,5,5
294809 172806 4 8,0,8,10
283090 153680 4 7,6,7,1,13
103762 224803 4 9,5
173671 63005 4 8,14,10,1,9
30679 88103 4 13,3
273870 340998 4 3,4,7,5,2,8
26251 93203 4 1,14,3,1,4
143838 227368 4 12,12
370258 90008 4 7,3,13,12,8,7
183175 127941 4 1,14,2,14
164823 136470 4 0,7,12,2
225711 273567 4 12,14,1,3,14
149425 106979 4 7,8,15,13,14
45874 90356 4 0,14,3,4,1,7,4,6
256632 349480 4 12,7,8,12
190635 99836 4 5,4,12,1,1
189309 132074 4 9,1,12,7
215314 73591 4 5,15,9,11
144816 330403 4 8,8,2,8,5,5,4
87529 319661 4 2,4,3,7,7,12,2
17694 267594 4 3,4,12
144692 275994 4 3,7
371194 371747 4 6,6,14,3,9,5,14
56798 33799 4 1,15,2,12,3,3,4,14
260585 304942 4 5,2,4,13,9,3
155120 98969 4 8,8,5,14
1420 63704 4 3,13,13,2,15,7,15,13
130238 314587 4 4,8,4,2,8,12
82968 114859 4 7,1,2,8,14
149789 219558 4 12,1,11,1,4,6,7
41454 26910 4 8,7
143723 157304 4 14,7,7
38333 215134 4 7,7,13,4,2
143501 341543 4 8,9
115000 127375 4 4,14,8
304710 228351 4 8,4
317912 233390 4 7,0,14,8,15,6,1,3
192908 335287 4 3,6,0,15,1,8,1,7
381550 121398 4 2,7
293786 176997 4 7,3,6,4
92260 344576 4 10,3,0,3,3,13,4
161200 68598 4 6,5
243160 215181 4 1,4,5,14,14,11,13
223779 307776 4 5,6,5,5,4,8,8
376602 318039 4 9,2,13,8,5,3
263437 312301 4 4,1,3,4
151099 239386 4 3,7,5,14
27304 233129 4 8,8,15,3,1,3,6,3
248340 244774 4 7,1,13,8,1,7,12
63994 115128 4 12,11,8,9,12,3,0,0
132412 260710 4 14,12,14,4,4
344774 313798 4 3,3,13,12,13,14
118475 175036 4 7,4,8,6,10
248703 80822 4 12,12
339869 99348 4 5,8,5,4
9296 223253 4 10,13
256557 328979 4 12,4,12,1
257614 310809 4 2,4
369612 193597 4 6,4
246151 16746 4 14,4,3,13,1,4
121648 278694 4 8,4,1,13,1,9,4,1
79648 379561 4 13,6,1
175749 26901 4 7,11
383982 163667 4 1,6,1,13,2,0,0
130522 109737 4 7,2,1,7
150713 303433 4 0,3
16769 51998 4 3,4,5
101983 163533 4 10,0,12
382963 42917 4 12,11,10,15,10,3
47979 378647 4 14,8,2,1,3,3,4,11
284365 119733 4 3,11
363173 280088 4 4,13,3,2,8,11,5,5
325328 203025 4 0,4,2,5,4,4
228436 81079 4 14,7,11,7
95092 198746 4 13,3,4,6,0,5,14,1
16086 225596 4 4,3,5,7,7
210238 165152 4 12,5
6886 184663 4 4,7,7,8,14,15,5,3
132067 102260 4 5,3,13,8,12,8
8964 138238 4 1,8,13,3,4,8,15,13
319280 264458 4 12,8,5,3,9,3,1
91476 98740 4 4,3,3
159792 310573 4 7,7,10,9,2
142898 187389 4 14,15,6
48792 187951 4 8,14,4,0,3,10
147467 202215 4 6,3,1,0,7
20474 354087 4 5,12,13,12,14,7
44665 122178 4 8,4,6,8,3,14
258710 41860 4 1,5,8,10,8
94208 220875 4 2,5
305837 19965 4 1,12,14,3,3,5,15
46744 345771 4 6,3,3,13,8,5,12
66293 12846 4 3,9,8,13,9
346622 90340 4 4,1,0,12,6,9,7
63572 89600 4 2,6
48742 208103 4 4,0,3,2,2,4,5,3
375945 87929 4 15,10,6,3,13,13
35331 78765 4 7,7,5,14,1,9,3,7
30986 4233 4 9,4,3,7,7,11,7,5
322737 248421 4 8,2,6,8
281247 236739 4 15,12,0,5
133114 17996 4 4,14,12,7,3,3,5
191406 40238 4 8,7,6,1,0
303167 314275 4 0,8,6,12,12,15
301919 55632 4 7,1,4,11
311546 260184 4 14,4
346052 193161 4 14,1,8
40350 11259 4 13,4,3,1,11,7,13,7
97315 173999 4 4,9,7,13,5,4,7
10612 243166 4 8,1
82579 270810 4 3,5,4,4,1,14
280352 3770 4 5,7,15,6,15
145842 160376 4 7,9,12,7,6,7,1
308706 54563 4 3,1
78893 64773 4 4,14,5,5
194572 334932 4 3,0,13
29340 24926 4 7,0,14
335212 122357 4 7,1,4,13,0,0
206202 133113 4 15,0,3,4,13,4,5,4
256983 98036 4 11,8,15,5
127628 361597 4 12,3,6,1,5,15,3
62411 182909 4 4,13,8,8,3,5,3,9
24199 218862 4 1,5
96563 115043 4 7,1,1,7,4,12,5
32682 80943 4 15,3,1,8,14
343854 221545 4 12,14,11,0,6,4
39081 88295 4 4,3,0,9,7
19848 206007 4 5,6,8,3,3,13,2
97953 169624 4 8,7,6,6,4,12
235682 82410 4 14,4,3
88379 15893 4 4,4,4,14,2,15,3,15
252110 214373 4 12,9,5,14,6,1,7,2
196213 372172 4 7,4,4
233895 280390 4 13,13,13
100204 331936 4 11,7,5,6,14,4,3,1
329516 286797 4 11,3,3,9,7,6,8,6
224965 82933 4 12,12,3
201825 43418 4 5,6,15,6
322312 181349 4 1,15,5,15,12
317716 127212 4 13,14
250313 36366 4 5,10,3,3,5,0,6
381940 45495 4 8,14
87142 77868 4 12,12,3
110156 330082 4 11,12,6,7
110638 197370 4 0,7,7,6
229965 300403 4 3,1,0,15,4,14,5,10
347791 344976 4 3,5
7462 142167 4 6,7,14,7,0,1
275360 33999 4 7,1,4,1,1,14
169546 157245 4 4,5,12,4,4
383930 273138 4 1,4,14,13,6,6
300072 208201 4 5,14,2,0,4,15,8,3
84305 25320 4 7,5,13,7
237694 201164 4 13,1,6,14,6,8
171968 115423 4 6,12
225962 122685 4 5,8,7,12,3,7
230475 266235 4 1,11,13,4,3,3
356914 198350 4 5,11,15,3,7
65642 96888 4 13,6,9,7,3,14,12,4
242252 187476 4 6,6
319092 248038 4 7,8,15
142869 160655 4 13,5,14,11,12,12,0
133074 127978 4 4,4,1,2
41173 147888 4 2,1,5,2,8
19779 42126 4 4,6,14,1,8,7,4
134264 71910 4 2,6,1,8
65543 94729 4 15,1,6,5,1,3
124683 228274 4 0,9,4,6,5,4
132352 144006 4 7,15,13,4,4,0,11,12
284640 170232 4 12,6,1,14,0
186491 162340 4 12,0,12
348720 99810 4 8,0,14,11,1,13
48992 23212 4 7,5
210158 162448 4 4,5,13
184635 156047 4 8,7,6,1,13,1
210535 321623 4 7,3,7
273132 372497 4 14,15,15,14,8,5,4,4
301739 93869 4 13,1,3,9,14,14
67194 103590 4 1,11,4,5,4,12,11
41895 101437 4 0,15,12,3,2
121640 278941 4 4,8,14,14,4,2
273858 50496 4 13,1,13,1,14,9,8,8
201898 137627 4 12,4,9,3,13,6
256163 203154 4 0,13,8
143296 345721 4 4,15,5,13,7,3,3
93455 151292 4 10,9,7,4,7,8
337647 320444 4 11,5,0,8
189239 208081 4 5,3,4,10,1,12
5083 241241 4 8,8,5
109800 331414 4 6,8,7
3355 48247 4 3,8,13,4
270596 248839 4 2,15,1,11,1,1
191883 73850 4 1,1,4,3,10,7,6,7
320363 66342 4 7,4,8,3,3,3,4,9
68971 199760 4 3,5
232006 141027 4 3,12,13,4,11,1
234442 206840 4 4,7,13,5,0,4
228688 15210 4 7,13,14,11,7
334646 252341 4 10,1,3,7,6,6,9,1
329530 318759 4 5,1,6,9,13,11,7
19181 101836 4 3,8,7,14,6,11
221883 141745 4 4,1,13
375266 333385 4 8,4,6
330126 60690 4 15,1,3,4
94814 102297 4 3,3,5,8,11,6
279011 38670 4 5,3,1,4
196392 363117 4 15,4,8,6,3,7,3,1
164636 153142 4 6,8,1,7,8,12
94187 215728 4 2,8,10,5,14,3,3,3
123505 43385 4 3,14,6,3
285188 99634 4 3,3,13,0,4,3,5,7
201396 121938 4 1,3,9
242866 198651 4 13,7,7,3,13
91413 210245 4 6,6,5,14,8,8,8,12
353942 45868 4 6,12,2,5,5,14,3
6485 81802 4 14,8,8,15,8,12,4
270429 259119 4 7,8,5,6,5,1,13,3
29016 38507 4 12,10
363875 309552 4 8,7,8,13,8,5
27424 30095 4 10,5,6,4,13,8,4
259654 56374 4 5,3,15,3,3,3
170932 37015 4 0,4,9
164311 381613 4 3,4,15,13,8,12,9,8
116337 9718 4 1,8,12,8,0
79737 133640 4 7,0,15
100461 238924 4 1,7,15,8,6,5
63588 990 4 8,7,15,13,7,13,14,9
312055 134654 4 5,0,15,2,0,14,13,9
82774 146682 4 4,5,4
355751 264436 4 14,4,4,3,7,8,6,3
166742 13713 4 15,5,13,12,4,8,14
31750 374629 4 5,12,2,12,7
363187 368688 4 4,12,15,7
307281 369424 4 0,6,5,2,3,7,1
283135 289634 4 12,14,12,12,1,3
300772 4660 4 9,7,14
290358 264892 4 10,2,4,10,5,6,7
13138 52260 4 1,4
204879 286563 4 3,5,3,6,6,1
342218 235635 4 6,0,8,5,13
193696 146938 4 10,0,8,3,5,3
129924 45371 4 1,3,15,12
257665 30019 4 6,6,8,3,7,13,12,12
165077 113105 4 13,12,9,6,14,6
104267 289515 4 4,7,5,4,6,0,0,7
21658 92153 4 11,5,9,7,3,1,14
320854 82979 4 13,6,3,9,9,8,11
330583 146787 4 13,7,0,13,7,4,12
162340 375481 4 13,8,3,3,6,15,11
52636 85390 4 14,7,9,7
353169 297078 4 12,8,8,7,9,8,12,12
197336 259374 4 1,3,9,7,4,6,11,3
14192 313060 4 6,6,8,11,7
314159 164512 4 12,12,8,4,4,2,3,7
352610 220791 4 7,14
129863 370436 4 8,5,4,12,0,1,4,3
331152 144159 4 3,15,12,1,9,12
109526 39858 4 3,9,13,3,4,1,0,5
19952 55931 4 8,7
357567 293297 4 0,15,12,2,9
338636 19564 4 1,4
277718 80992 4 12,12,3,4,12
207530 26181 4 4,9,2,1,6,5
274503 98968 4 14,8,13,15,3,1
314760 137791 4 6,12,3
32298 226681 4 8,0
375206 304155 4 3,5,2,5,10,1,7,13
173092 67850 4 4,10,7,2,0,2,4
324703 96961 4 4,12,8,3
60659 12893 4 1,3,5
9695 184939 4 5,7,7,14
127126 100883 4 2,1,7,5,3,1,9
170311 284531 4 5,8,13,1,7,15,9
282831 138291 4 11,15,1,14,7
6118 289821 4 5,12,6,3,5,8
279316 363956 4 1,12,12
181726 366226 4 6,4,12,1,10,8,7,14
224656 358291 4 12,9
355462 1803 4 2,14,13,8,7
165731 291668 4 7,1,2,5,11
291832 71363 4 7,14,14,4,7,6,13,5
48351 22256 4 13,13,12
346011 383807 4 6,5,5,14,3,4,3
130656 148146 4 3,8,3,4
151639 238594 4 4,6,4
294983 173645 4 0,14
262092 364357 4 2,11
187682 346283 4 11,6,8,13,13
188280 147324 4 4,0,14,6,12,8
143830 236823 4 3,0,3,12,12,12,7,13
199808 364911 4 7,4,4,15,7,10,4
356505 171892 4 9,1,0,10,1
286147 112433 4 3,3,0,5,1,8,9
369764 371526 4 3,9,7,4,0,12,5
217183 72946 4 4,3,7,13,8
154224 127035 4 8,6,7,3,6,6,5,2
269749 5785 4 8,14,0,2,14,7,2,11
125881 131365 4 12,5,15,4,1
377402 87926 4 6,7
135829 380148 4 9,1,5,7,6,5
128997 169305 4 11,1,9,4,2,7,12,11
327255 304918 4 0,11,15,6,7
80588 23802 4 11,13,13,10,4,14,2,1
151072 64566 4 4,12,0
359438 336216 4 4,3,4,10,3,2
185083 48969 4 10,7
383950 2667 4 13,7,13
43628 184790 4 0,8,6,13,1,3
112669 368550 4 5,3
246323 94695 4 4,3,8,4
222749 9203 4 11,12
190501 349213 4 10,7,3,3,9,13
360012 264432 4 3,12,6
236038 150393 4 8,11,12,14,12,6,5
273310 87572 4 5,12,7,4,9,9,12,12
255168 350361 4 12,7,4,7,15,3,15,8
218202 155040 4 5,13,11,8
307629 46664 4 1,15,5,10,14
314042 365581 4 8,4,1
205442 189384 4 1,1,4,4,0,3,13
217449 167822 4 1,8,4,15
108980 214560 4 10,12,15,5
65282 370040 4 12,7,1,4
274539 363442 4 14,6,4,9,1,7,1
357806 58988 4 8,12,2,5,8,4
287073 283969 4 3,8,1,13,6,2
131989 107672 4 6,8,11,4,1,12
74585 268325 4 4,11,12,5,15,12,3,0
574 15879 4 7,4,8,13,9,4,11
93016 86129 4 0,9,12,9,7,4,1,14
141254 352569 4 8,6,5,15
309394 151144 4 4,5
156419 352879 4 12,10,8
206351 305915 4 4,13,13,3,5
357234 90528 4 10,4
225999 64491 4 5,5,7,3,14,3,12,6
85374 4055 4 4,8,11,15,11,3,1,5
35894 284172 4 4,1,7,2,15,4
47384 103382 4 7,14,1,5,4,7,15
65501 325548 4 5,7,13,3,10,8,13,11
241857 151607 4 4,3,1,9
383184 336028 4 6,14,0,15
190768 346802 4 7,12,1,5,11,2,14,3
30128 55483 4 5,7,0,5,3,4,4
83309 278839 4 6,6,7,4
227319 149575 4 10,3,8
27967 152932 4 7,1,4,0
108335 290931 4 14,7,14,9,14,3,9,4
172715 174805 4 2,10,2,10
124065 206359 4 8,0,3,15,1,7
111735 321167 4 6,6
315833 215526 4 1,5,15,4,6
245282 353370 4 5,5,11,6,2
46381 31903 4 4,12,7,15
338607 127013 4 3,3
242993 152378 4 10,1,1,1
225272 236835 4 3,11,6,13,5,8,4
13379 215426 4 8,6,3,1,5,10,5
255350 140461 4 13,8
122951 296425 4 14,4
38475 112800 4 8,4,8,7
375463 46556 4 14,4,12,6,1,15
15370 383284 4 8,12
292548 27832 4 2,8,3,8,5,4,14
228233 291737 4 0,14,12,4,3
24121 205952 4 7,3,8
45754 123555 4 12,12,8,9,8,14,4,13
16988 306898 4 7,3,12,3,1,5,7,8
174915 171821 4 3,1,14
373860 283238 4 3,12,8,1,15,7,15
263891 95453 4 14,6,6,3,7
133747 237082 4 1,8,0,3,7,15,0,1
50652 206212 4 15,1,3,4,12,8
174388 35803 4 0,2,7,4,7
24091 156763 4 3,14,10,4,12,4,8
305068 143574 4 9,8,6,6
212394 317208 4 3,9,14,7,12,5,1,12
272571 301653 4 7,8,13
200718 272825 4 3,3,6,7,6,11,6,4
299748 160697 4 4,13,5,1,1,14,6
244129 88566 4 9,7,0
343489 224430 4 1,13,9
325917 86489 4 14,11,8,10,14
143872 268703 4 4,7,5
232152 365258 4 7,2,3,9,15,1,8,5
348532 72982 4 7,8,5,1,4,4
49297 202096 4 8,7,5,5
383227 266032 4 13,12,7,13,8,8,1,6
368216 145661 4 1,7,4,12
262801 116840 4 3,11,10,0,13,8,8,4
211715 255227 4 3,1,15,3,7,5,5,4
27327 147695 4 3,8,13
194035 359086 4 3,3,3,9,1,4
202880 294739 4 3,3,7,4
299335 183198 4 8,8,11,14
240445 36469 4 1,5,6,13,3
46702 306742 4 3,8,5,1,6,8,8,3
147968 361414 4 11,1,12,12,15,13,1,7
129171 177498 4 12,8,2,12
136320 342932 4 5,8,13,13,0
72966 103487 4 7,15,14,1,4,7,4,1
245161 29819 4 7,5,15
52203 145913 4 11,3,1,9,0,5,0
86043 334124 4 1,3,4,10,2,1,13
366538 7491 4 8,2,7,15,8,7,10,8
143203 150922 4 6,14,14,3,1,3,4
303076 137710 4 5,8
110064 205976 4 5,4
147731 41063 4 9,6,8,8
126223 302291 4 11,4
332321 136738 4 5,4,4,3,8,11,7
314869 235396 4 0,0
314555 107318 4 6,5,14
38594 76751 4 3,15,4
173409 113531 4 0,8,6,12,5
90113 58235 4 1,0,3,3,10,1,1
35707 48885 4 4,13,4,2
135516 199169 4 5,3,12,5,7,14
263994 211108 4 4,8,4
267301 230825 4 13,10
119526 33391 4 13,14,5,1,2,8,0
19421 88116 4 6,0,11
322507 73264 4 8,4
132376 378760 4 0,6,8,6,14,2
288668 276680 4 8,10,5,9,1
312450 271496 4 6,8,3
268343 217586 4 6,8,1,8,3
173304 8144 4 7,3,0,8,10
210130 262015 4 5,3,12,12,6,0
225058 345307 4 14,1,3,2,5,14
38323 290544 4 6,1,1,5,12,12,3,13
130195 174107 4 7,4,6
119797 336675 4 6,9,9,13,12
23621 174029 4 5,12,1,1,3,13,7,5
199739 63974 4 3,8,3,5
85070 258112 4 1,2,3,15,6,8
131170 204651 4 9,8,10,7,3,0,4
321281 343693 4 5,4,5,4,3,2,12
204734 320121 4 10,1
258150 35000 4 1,8,7
70162 61018 4 2,6,4
68518 85177 4 4,3
86019 336313 4 13,3,11,13,1,8
204088 230079 4 0,10
382841 353513 4 7,5,5
192461 336452 4 14,13,1,13
49165 240938 4 7,6,3
74008 267221 4 9,1
180471 93915 4 13,2
207304 124541 4 8,5,13,2
117211 124509 4 0,13,1,1,12,5
7934 107795 4 9,4,2,2,11,3,8,5
185335 102272 4 2,1,15,12,12,1,7
2436 69741 4 9,8,0
33345 255148 4 7,9,8
256088 125094 4 8,4,3
158657 377313 4 7,4,10,6,13,0,4,7
269060 321894 4 9,3,9,1,13,14,0
287809 212004 4 7,1,1,4,2,7
58680 363418 4 4,5,14,8
189464 354896 4 11,8,3,3,1,4
25669 369411 4 4,1,1,5,3
297721 126437 4 15,2,15
314166 319551 4 1,6,15
288834 170717 4 15,9,4
90045 382011 4 1,13,7,15,11,3
140200 261279 4 8,9,1,7,3
17354 174664 4 8,1,13,2
274686 80401 4 10,1,9,12,6,15,4,13
25891 53702 4 1,5
63903 69380 4 8,10,6,6
49842 264801 4 4,3,3,4
349018 23571 4 8,5,7
171337 220825 4 14,7,15,6,5
209461 118978 4 5,14,13,3,4
30710 274229 4 4,8
56276 126680 4 5,13,0,4,3,7,9,5
231284 284819 4 6,3,1
91393 348852 4 1,4,8,15,3,5,5
270780 314594 4 14,11,8,5,3,10
50453 240679 4 14,12,2
12308 267139 4 1,3,8,15,14,13,2
357383 236251 4 14,4,4,13,1,1,4
215960 283883 4 11,7
13854 32552 4 1,15,4
113265 266661 4 7,8,4,1,7,6,6
273176 300347 4 7,3,7,8,5,13,0,5
330816 112690 4 14,5,3
315922 367648 4 4,15,13,7,4,4
380162 191373 4 13,14
192814 334128 4 10,1,9,5,14,4,15
228355 35844 4 6,7,3,4,0
332564 280689 4 11,13,15,1,15
382387 192040 4 5,2,6,11,4,6,2
179410 23202 4 8,12,14
194324 212214 4 14,7,6,4,12,9
251147 232492 4 14,11,15
224780 115055 4 3,12,5
43991 68629 4 8,12,7
206678 218844 4 5,7,10,1,12,5
300439 26457 4 13,12,14,4,6,7,8
77905 280866 4 4,3,3,11
34624 97434 4 6,8,1,12,5,6,6
111999 265139 4 15,3
9363 276434 4 5,3,3,14
123701 65198 4 0,1,12,14,7
1204 203961 4 15,8,8,3,5,2,1,15
247228 72543 4 0,1,13,5,14,2,2,4
270546 160343 4 4,3,3,14
98351 282216 4 5,7,4,8,4,8
169057 16415 4 5,3,7
329746 196288 4 8,13
289572 102759 4 12,10,3,11
229587 223700 4 14,8,5,5,15,3
295498 261272 4 4,13,7,3,4,5,5
220920 30432 4 4,6,4,8
147492 50388 4 3,4,3,4,9,7,5,12
183275 21296 4 4,15,5
274653 104244 4 11,5,5,0,7,11,3,15
313129 185382 4 12,15,14,4,3,3
191771 193388 4 0,10,6,9,3,3
258521 172786 4 9,8,5,8,0,0,5,7
223924 306066 4 14,12,2
120610 17158 4 15,5,8,2
276133 276543 4 14,14,14,14,3,14
332508 160639 4 5,6,5,4,12,4,2,13
45977 258607 4 1,13
65327 176680 4 1,2,12,0,4,10
222317 38894 4 3,15,4,10,8,15,5
278426 273310 4 5,5,13
60795 368060 4 14,5,14,9,7
15657 112635 4 1,14,13,3,9,4,3
240143 295925 4 7,13,13,0
139637 32860 4 5,8,1,5
192679 226989 4 2,7,12,1,14
58734 103807 4 5,8,1
19945 53277 4 12,15,3,1,7,9,2,8
152867 344532 4 4,1,4,8
110481 43997 4 10,3,13
227311 244739 4 6,2,3,10,0,7,8,7
135316 324361 4 7,5,10
290898 124495 4 1,9,5,4,6,8,6
202046 210283 4 8,3,5,7,12,7,8,5
107789 356090 4 8,14,3,6
277005 238834 4 4,1,5,1,4,1
228492 340393 4 8,4,8
334152 91682 4 14,15,0,4
25002 110654 4 6,13,15,1,1,4,3,8
93643 85373 4 3,5,3,1,0
87219 104988 4 9,8,3,5,15,12,7
204015 107169 4 4,6,13,6,14,10,5,5
75371 177279 4 3,12,9
266995 106984 4 7,1
117287 291124 4 3,3,13
171644 62881 4 8,4,3,2,12,1
127856 171045 4 2,5
79431 187352 4 4,13,2,4,7
299307 313623 4 13,12,8,4,12,5
238746 141326 4 9,5,7,0,4,13
40757 205321 4 5,6,3,3,4
220266 136347 4 3,12,7,6,4,8,9,5
227164 342043 4 1,13
226206 89900 4 0,12,5,6,3
292114 382915 4 12,13,5,8,9
264474 40487 4 14,6,14,3,4
136300 152865 4 13,9,10,1,4,3
252107 204190 4 9,9,1,0
177581 234446 4 6,8
118559 7640 4 4,7,4,1,8,5
353848 165768 4 10,7,11,7
35652 12763 4 2,3,9,2,4
120658 145974 4 5,15,3,5,8,8
142971 100233 4 14,14
136096 100373 4 13,1,15,5,11
76022 12711 4 1,4,6,14,5,2,11,1
336806 14008 4 13,8
219817 43442 4 11,13
158630 143586 4 1,9
357842 258511 4 8,12,0,1,4,12,4
203057 29299 4 4,13
20147 240520 4 2,5,12,12,7,7
338163 333463 4 4,5,3,4,8,4,13
315090 327919 4 1,5,7,7,13,15,6,14
372282 299241 4 9,12,0,1,7,13,12
193731 165532 4 4,10,14
237571 108729 4 1,7,12
127030 183887 4 12,11,4,1,3,12,13
349544 254072 4 13,3
67917 300290 4 15,14,7,5,5,8
322974 265325 4 12,4,10,4,4,5,7
325460 44764 4 7,7,4,5
371086 272405 4 13,9,6,12,4
193873 364762 4 10,5,13
25268 168611 4 1,3,6,8,15,13
142646 367993 4 8,1,11
215829 204679 4 8,4,2
132039 198173 4 10,3,1,9
276339 161612 4 0,15,15,11
368864 344067 4 6,10,5,1,9,7,7
334810 5003 4 8,1,5
19745 163571 4 5,8,11
176756 280801 4 1,14,4
216434 307597 4 0,7,8,3,5,1
334706 330659 4 7,8,4,14,6,7
223277 217744 4 14,8,5,5,7,11,3,7
142151 166968 4 7,1,8,4,7,14,13,10
331002 213743 4 7,2,4,4
63682 115665 4 7,6
132740 127400 4 8,9,1,12,13,2
365346 95082 4 10,2,4,10,1,7
382773 314989 4 12,4,3,11
16331 14652 4 1,5
208585 365460 4 6,9,7,7,3
35719 240123 4 15,3,7,11,8
250949 286466 4 3,8,14,3,0,13
183720 68121 4 3,12,5,6,12
32981 154125 4 5,7
83671 45185 4 9,2,7,3
323170 183168 4 9,5,5,1
302717 80462 4 10,12,2,4,6
20334 156383 4 3,1,14,1,12,13,13,2
282409 363014 4 5,8,9,0,8,11
203406 325151 4 12,8,7,4,11,7,3,0
374568 355025 4 5,8,4,3,7,13,8
213404 221130 4 3,6,6,5,1
230251 188065 4 10,12,15
200051 250866 4 12,5,8,2,9,11,8
153213 245397 4 1,9,7,2,8,4
229685 166158 4 3,11,9,11,5,8,12,5
182695 203034 4 10,10,11
160296 106707 4 0,5,11,12,12,3
238772 197905 4 10,4,7,3,3,8
275450 170554 4 3,8,8,5,2,12
81088 278304 4 7,1
314698 265531 4 11,4,1,5
95721 275198 4 5,5,3,0,6,9,13
214149 365674 4 11,8,5,3,5,4,12
185630 215978 4 2,6,3,3,10,7
236110 199777 4 7,1,2,3,3,3,1
8563 276919 4 7,6,14,12,0
80257 83228 4 6,1
19161 45825 4 4,8,12,13,4,1,7,0
247640 365442 4 8,0,15,3,3,7
124555 102371 4 8,4
63906 310386 4 7,1,6,4,3,12
189287 240062 4 12,8,4,9,12
333087 313432 4 7,8,14,8,0
115597 185223 4 3,3,3,7,5,11,5,3
110779 265064 4 5,2,9,1,0,6
135365 221885 4 11,4,3,0,3,8,4,12
324627 255838 4 3,8,5,3,7,4
271843 106063 4 8,6,10,11,4
293246 195895 4 8,8,4,3,7,6
134323 354165 4 14,2,2,10,6,8
177857 349991 4 4,9,11
16965 144997 4 3,12,13
124065 118833 4 3,8,7,3,10,6,3
336107 207211 4 5,4
54232 342976 4 11,6
164981 149186 4 12,6,14
360757 109312 4 9,10,2,8,7,3,15
363753 10188 4 7,3,14,3,0,6,8
64522 45106 4 12,8
178975 2778 4 7,10,4,7
206511 296307 4 7,12,3,3,5,14
210249 114406 4 4,7,14
333313 263614 4 3,0,4,14
277223 364219 4 3,4,4,4,7
8743 319884 4 3,10,4,5,1,15,8
141540 217181 4 3,6,14
160056 212888 4 8,3,7,5,0,7
55983 354273 4 6,6,4,12,13
38988 363674 4 3,8,4,6,10,12
172950 141724 4 7,8,6,4,15
305041 309515 4 7,4,7,14,4,8,1,5
107834 52274 4 6,4,7,3,13,3
164190 77225 4 4,3,12,3,3,12,12,8
182419 74666 4 0,6,7,12,3,4
342504 236456 4 0,1,6,6
133835 61822 4 0,14,6,4
257089 45740 4 4,2,15,13,14
227141 252416 4 0,1
306550 355107 4 6,14
231097 382739 4 12,0,11,9,13,9,8
141250 271826 4 12,5,12,4,14,7
9618 189333 4 5,7,5
18697 362295 4 4,8,15,4
71490 258506 4 8,3,4,12,14,3,8
144360 273466 4 13,4,11,12,15
122357 202864 4 3,9,8
266653 247285 4 9,11,8,4,0,11,14
213436 287422 4 8,0,8,8,4,10
184988 312658 4 13,5,9
206593 175817 4 15,1,14,8,3,10,5,5
44757 111003 4 4,7
354418 205195 4 8,3
10011 71005 4 5,8,8
271779 328111 4 14,12,7,5,11,12,3,5
283642 8435 4 7,4,1,10,9,15,3
204947 29363 4 3,14,9,7,1,4
367756 24775 4 13,13,8,10,12,7,0,8
174021 145149 4 12,9,8,5
198606 260330 4 4,3,3,12
180517 354515 4 14,7,5,12,3,7,8,12
67456 239023 4 8,10,2,14
206865 334609 4 11,0,3,1,2,12,15
338878 379243 4 8,8,8,15,13,3,6
64003 352766 4 9,5
103452 73756 4 1,2,13,10
224127 33097 4 15,11,6,12
171574 213404 4 1,12,15,12,7
323446 339515 4 1,8
77422 41607 4 5,6,2,6
381875 234538 4 9,14,4,3
77958 91454 4 5,8,3,1,11,1,8,14
104423 134761 4 6,7,1,5
157859 32157 4 1,12,5
83671 214359 4 0,5,13,7,1,1
123384 170959 4 3,0
181771 102275 4 11,8,6,5,8,12
260845 320240 4 8,8,13,6,0,3,12,12
308356 7736 4 1,6,12,12,13
227416 361492 4 12,4,0,1,7,1,8
63065 146563 4 5,8,8
256317 59007 4 1,14,5,15,12,6
103622 356031 4 15,6,15,2,6
223734 53917 4 13,15,15,3
369638 63368 4 3,12
142795 53236 4 8,15,6,8,8,15,7,3
69684 281775 4 7,7,8,7,7
65061 179540 4 6,3,4,14,0,11,1,8
338328 141401 4 13,3,8
161446 370607 4 15,1,8,3,7,6,6,14
113975 75131 4 6,15,10,7,13
22418 34597 4 6,1,12,3,3,6,12,10
150067 317724 4 1,0,9,4,15,3,5
317869 214937 4 7,0,7,13,3,1
62985 69987 4 7,4,4,5,1,0,7
140136 6331 4 4,14,4,5,0,3
290962 377809 4 15,5,12,0,8
82258 268589 4 4,11,5,8,7,3
139770 115207 4 14,3,5
181871 100496 4 7,4,0,4,9,7,4
285174 262342 4 1,14
339908 125393 4 14,8,3,4,13,9,8
94454 180964 4 5,12,6,4,4
57908 41639 4 8,15,6,14,7
332097 254831 4 5,15,9,7,13
8838 92602 4 3,9
31804 115350 4 4,1,5
21752 202637 4 14,13,5,13,5,1
98297 238903 4 9,13,8,5,6,5,12,8
376288 371453 4 6,8,4,7,12
283445 16855 4 1,3,8,5,7,8
71879 307715 4 14,1,3,6,4,4,11,10
171443 7266 4 5,15,7,0,13,12
307643 153015 4 12,11,4,6,3
160810 69317 4 4,10,0,14,0
286584 2582 4 8,4,9,12,12
92775 53507 4 3,13,13,5
305206 287571 4 9,13,12,0
69520 329605 4 0,4,1,2,5,7
144651 46161 4 4,8,1,6,6,2,3,12
198222 363370 4 3,10,6,0,8
270944 180906 4 8,3,12,7,7,0,4
348921 259818 4 1,4,13,5,7,8,13,4
279998 93520 4 8,13
367076 260744 4 7,12,4,3
263154 298555 4 8,5,6,7,13,15
82865 36895 4 3,12,7,7,1
28720 23165 4 14,7,4,13,6,1
373488 270933 4 3,3,3,2,4
207983 87379 4 3,5
246612 68844 4 3,7,13,4,12,7
250246 317478 4 8,13,8,8,7
284231 265085 4 12,8,5,14,4,4,0,0
154730 332987 4 4,11,10,6,7,7,11
274537 88034 4 7,5,14
355891 351539 4 10,8,4,7,4
218293 328770 4 4,8,12
160400 27472 4 3,3,3,5,1
72051 272136 4 9,12,6,7,9,6,8
352529 1946 4 12,1,6,1
162289 335234 4 12,15,12,14,5,11,0
312330 176038 4 7,13,15,3,5,6,5
76184 370073 4 0,7,12,3,8,8,13
274217 380833 4 13,9,1,6,2,8,5,14
178916 84144 4 12,6,1,13,1,6
235756 225874 4 15,6,9
190918 244887 4 7,14,6,3,10,4,15
16132 321211 4 5,12,8,12
137001 142523 4 8,2,1,7,7,7,8,15
285607 31574 4 14,1,7,6,3
103190 229205 4 12,12,5,7,5,2,3
324389 262359 4 2,4
224215 50288 4 4,3
179973 147104 4 4,1,4,9,1
302915 183448 4 15,7,8,14,9,12,12
304767 239297 4 14,12,4,5,4
362259 209842 4 7,6
338550 90027 4 3,4,15
128459 178515 4 3,15,3,2,7,9,3,4
299597 224079 4 14,5,5,14,15
242946 270041 4 1,5,12,3,8,15,4,13
164016 161828 4 2,14,5,7,9,15,1,9
106755 187293 4 6,13,4,4,7
288201 10033 4 12,10,4,13
180566 203998 4 3,5,3,1,0,14,14
368732 322429 4 14,6,4
305974 364192 4 8,14,8,9
93556 328961 4 8,3,1,4,7
236742 259524 4 1,10,6
243449 288048 4 2,11,10,4,6
289742 209974 4 5,14,2,3,8
332863 63447 4 8,12
164362 345760 4 14,12
207099 323788 4 0,5,6,6,1,6
65424 368405 4 12,12,5,5,13,7,10
248277 7775 4 3,9,11
334056 8392 4 1,6,1,8
51966 216305 4 8,0,10,12,8,1,7
50114 236919 4 13,9,15,3,4
2466 13442 4 3,13,7,6,13
101965 320676 4 0,0
51309 261796 4 4,4,13,9,12
157964 244218 4 13,2,6
222690 83256 4 4,3,5
23762 54826 4 7,5,8,1,4,13
108476 43304 4 15,7
55446 86305 4 5,3,12,2,0,0
232079 271514 4 3,15,8,14,2,3,12,13
87815 119032 4 3,1,6
332306 12917 4 4,12,11,5,12,5,11
45692 293366 4 0,9,7
353716 257108 4 1,1,6,8,8,5,4,7
215719 246155 4 8,3,10
99231 87254 4 4,9
24552 182212 4 10,1,4,5,8
383515 271811 4 7,5,6,14,1,6,8,8
90872 232001 4 3,6,3,2
184240 380025 4 3,7,2,11,15,3,10,3
371337 15061 4 5,4,0
53321 130152 4 14,1,14,7,4,7,1,12
342762 178341 4 4,3,3,7
307351 324712 4 5,15
170739 186172 4 6,6,1,13,8
316168 118394 4 8,3,15,3,12,12,3,15
112907 288749 4 4,4,1,15,0,8,15,12
206157 150930 4 13,9,4,8,4
372293 150680 4 12,12,10,14,15,5,14,1
248796 226731 4 1,7,15
75175 65327 4 6,8,7,4
294156 138948 4 3,4,5,12,1,8,1,2
365732 30572 4 3,1,0,9,10,4,3,13
375356 64534 4 8,8,12,15,8,7,8
344834 57560 4 11,12,7,14,15,5,0
97948 286724 4 12,13,2,0,8,5
251255 4200 4 8,4,6,6,8,8,8,0
44996 107780 4 4,3,8,3,5,9,1
141788 133563 4 6,5,12,6,8,5,1,7
315164 263054 4 14,6,0,12,4,1,8
107699 198043 4 13,12,10,1,3,4,5,5
324394 91722 4 2,12
383706 352228 4 4,12,3
41426 128099 4 7,15,8,15,9,12,13
178892 135235 4 6,13,5,8
274333 373053 4 14,4,6
49650 323343 4 1,4,4
134764 166586 4 8,6,7,1,12
23816 151510 4 4,12,15,13,4
206428 46481 4 5,5,2,8
153844 241606 4 8,9
239696 276227 4 3,14,5,5,6,4,12
92556 220169 4 7,6,13,12
306581 211141 4 5,13
378059 61552 4 12,15,15,6,12
282189 273042 4 12,4,2,8,13,15,1,14
117400 44236 4 7,4,0,5,6
313151 373027 4 1,14,0,6,7,3
296198 196346 4 13,7,7
182583 319469 4 7,12,13,1
292502 23697 4 13,8,8
66392 325974 4 13,13,5,4,6,9,4
374395 92019 4 14,2,5,6
196236 225193 4 1,4,7
58215 47778 4 15,0,7
309181 345331 4 3,7,4,1,4
186406 352312 4 6,5
183020 4917 4 7,3
363691 209262 4 9,4,3,1,10,0
347705 201588 4 9,13,2
13081 195213 4 3,13,7,12,8
364930 201444 4 3,7,12
45353 32751 4 6,13,0,7
305770 179228 4 1,7
63705 378796 4 7,7,4,9,1,4
147001 312172 4 6,3,5,6,6,15
197046 336658 4 1,2,14
332008 74336 4 1,4,8,10
123980 214353 4 8,8,8,2
14825 192420 4 0,4,9,3,14
153030 252633 4 4,6,7,14,12,10
97028 320282 4 8,3,1,5,5,1,14
78193 167903 4 14,4,7,6,5,12
262660 21718 4 4,4,4,15
317982 270857 4 4,3,13,3,6,2,7,6
321469 155340 4 3,11,0,15,14,12
339664 223420 4 4,10,7
215095 122315 4 6,5
305184 251735 4 1,7
192 100277 4 1,6,1,9,0,8,8
14838 332405 4 4,1
182922 104601 4 4,4,1,8,14,1,10
253057 77473 4 6,15,6,6
335656 55232 4 8,6,14,12,3,2,3,4
368884 144623 4 10,10,7,7,11
231011 173278 4 6,9,6,14,12,7,11
343143 70223 4 15,7
356892 310221 4 5,15,8,4,1,12,14
375409 123063 4 3,8,6,14,11,3,7,4
202665 222408 4 3,1
38166 65175 4 7,6,4,7,3
308171 223981 4 5,7,5,10,2,13,10
249140 366525 4 7,6,4,6,3,8,3,6
249922 177980 4 6,11,7,5,3,7,13,11
356797 74372 4 0,4,14,14,9,10
346956 124812 4 6,3,12,1,5
122524 188971 4 15,12,5,7,9,3
281632 105040 4 2,5,11
81000 349270 4 6,12,9,7,2,8,9
300349 51893 4 15,10
52575 315370 4 2,6,0,12,7,5,9,3
100262 245338 4 3,1,4
73111 51889 4 1,8,1
47844 119228 4 1,7,12,13,6,2,10
208906 86252 4 3,13,10,7,8,12,15,6
242607 235379 4 14,3,8,8,9,8,3,1
207107 105735 4 3,4,3,2
160142 153263 4 4,3,11,9
88354 190491 4 11,13
33967 240931 4 5,12,9,4
107523 65234 4 15,6,0,4
337625 218315 4 9,6,9,5,13,2,5,5
370854 198640 4 3,14,9,12,11
266710 56633 4 7,13,9,3,8
333624 216837 4 3,12
313442 50331 4 13,9,3,5,8,7,5
131388 62444 4 4,3,3,3
334814 357730 4 6,5,5,8,6,5,3,3
17455 250147 4 9,6,7
76690 139190 4 14,5
129505 205676 4 10,15,6,0,7,7,12,5
253426 128373 4 6,3,6,3,1,8,0,3
276598 197712 4 11,9,7,13,4
156442 305601 4 2,14,4
71215 227834 4 7,11,8,6,2,2,5
344689 328198 4 2,3,8,13,8,9,2
231824 26142 4 4,12,6,0,8
159217 92505 4 7,12
301327 247226 4 14,5,7,1,1,3,5
84127 42319 4 2,6
360147 280859 4 5,6,8
288996 318867 4 6,15
84045 377839 4 10,13,1,4,8,10,14
357675 53741 4 4,8,0
381878 13547 4 14,3,2,8,7,9
32323 348843 4 14,0,4,8,4,3,3,5
317236 131568 4 7,5,4,3,0,3,3
322678 220369 4 14,7,5,7
181979 299239 4 2,7
265758 215762 4 3,5,8,8,6,4
179901 264752 4 10,10,13,6,9,8
211477 112811 4 15,6
118089 126570 4 10,3,5,10,6,12,6
215874 372149 4 4,6,1,7
292077 242689 4 12,7
309415 76334 4 2,10,5,5,4,12
316649 116682 4 4,11
69423 266334 4 3,1,13,8,4
223371 52772 4 1,1,4
267817 236914 4 4,14,11,2
314581 48852 4 12,12,1,8,4,4,4,12
228 67571 4 5,8,8,14,12,0,9
325482 303508 4 14,1,3
299301 82293 4 6,14,1,3
88258 134213 4 13,8,3,4,7,3,0
177628 74198 4 0,5,14,14
71742 176733 4 1,4,2,8,15
300145 343299 4 9,7
197506 37838 4 3,4
346023 205402 4 1,4,1
282205 123521 4 3,9,12,1,7
84121 127810 4 2,4,13,4,6,1,1,7
383797 277017 4 11,2,9,14,3,3,4,14
82451 287766 4 6,8,2,13
368497 245546 4 5,1
335974 270887 4 7,8,4,8,9,1
375862 158517 4 0,10,3,6,6,1,2,9
205147 326820 4 12,14
237723 187379 4 7,5,11
249194 925 4 5,2,8,12,5,8,6,0
225153 77540 4 7,3,15
245425 56475 4 13,9
362815 144470 4 11,8,4,12,5,5,9,7
338509 362551 4 0,7
250049 196424 4 3,2,5,5,12,5,11
136202 241097 4 1,8,6
272319 74409 4 10,5,5,8
61873 115086 4 9,7
109117 369863 4 5,12,5
180476 61670 4 5,8,9,12,1
154066 141048 4 4,11
372487 228401 4 10,2
54319 244784 4 8,15,14
53098 939 4 6,15,14,8,14,0,7
115432 241901 4 12,11,14,1
372758 37626 4 12,6,6,14,7,6
380714 153745 4 9,5,6
163301 367320 4 11,0,4,7
52333 341123 4 10,3,0,10
176801 52847 4 5,4,7,1,7,8,12,6
59460 64155 4 6,14,12,3,13,11,6,5
67070 259501 4 7,12
376280 139683 4 6,14,8,1,4,7,2,1
249393 77738 4 15,4
12403 288803 4 8,12,0,6,5,2,1,7
41905 325870 4 0,6,6,14,4
245614 324000 4 0,3,0
95962 194957 4 5,5,12,13,7,12,4
1883 168360 4 5,7
255592 216875 4 0,1,2
327354 269527 4 5,15,8,5,1,4,14,5
308427 44748 4 13,6
216006 350377 4 1,3,2,9,4,5,12,1
794 291556 4 8,6,5
365471 282815 4 8,5
236380 16842 4 7,1,8,8,5
228171 181324 4 3,9,5,0,8,12,12,8
50161 147011 4 11,4
105446 195218 4 14,7,8,8,9,8,4,3
33375 179280 4 4,5,8,3,4,8,6,12
41422 367150 4 4,8,8,6,7,8,12
137060 221672 4 3,8
215913 220912 4 5,3,8,3,14,2,6
31562 270060 4 1,1
371120 311873 4 14,10
350213 232396 4 7,4,7
173028 44816 4 2,12,10,4,14
111014 3692 4 7,3,5,7
344699 130831 4 4,15,3,5,12
2676 192438 4 1,9,8,8,7,8,8
308982 323599 4 6,7
322982 168980 4 13,11,4
357116 47891 4 15,14,7,14,14,7
211813 290072 4 7,0,15,5
377723 229261 4 5,12,14,3,15
173098 33150 4 8,14,5,6,14,5,9
319185 42456 4 13,1,8,1
111192 77491 4 4,3,5
171192 224757 4 3,1,7,15,8,8,8
325439 146486 4 2,1,2,7
118739 90141 4 7,7
292465 316361 4 5,10
13019 135431 4 1,7,14,3,1,13
266563 275164 4 6,6,12,4,5
131402 83473 4 1,13,7,5,2,15,3
297363 316660 4 6,15,9
135752 321673 4 4,1,6,4,5,12
40363 303978 4 1,8,3,4
249337 168780 4 0,4,12,9,7,7
188367 310763 4 6,9,9
102540 292462 4 11,8,3,2,15,9
98054 38499 4 6,12,12
311773 80873 4 10,15,7,5,1,7,15
247903 137382 4 7,7
363920 25092 4 12,1,3,3
116807 275287 4 8,3,1,2,3,3,10,14
355529 208004 4 8,5
1496 326652 4 7,5,6,4,14,15,13
189377 35484 4 3,5
320497 242977 4 5,14
407 95431 4 6,1,8
22933 135598 4 12,14,3,4,14,15,7,5
370770 62359 4 13,13,8
207663 294778 4 7,11,5
94685 7091 4 3,7
104472 383554 4 7,7
26142 57576 4 14,12,1,13,3,8,4
37218 285248 4 6,5,15,3,3,13,8,8
222152 37892 4 0,5,12,3
39357 12442 4 11,14,9
146148 201323 4 10,3,4,13,5
153756 159163 4 13,5,5,9,4
289169 257811 4 6,8
335139 218606 4 14,0,15,8,13
278833 95812 4 12,0,7,4
111671 84626 4 3,7,11,9,0
12223 55768 4 5,6,2,8,10,14,3
335790 348828 4 8,1,12,6,1
90220 53141 4 15,2,5,11,6,15,6
177251 80969 4 1,3
112277 329285 4 8,1,1
27184 204605 4 13,8,7,15,1,15,6,4
18060 63354 4 6,11,1,0,15,7,4,5
77931 352703 4 13,7
201142 216876 4 14,12,1,4,4,7,15,2
53498 97349 4 0,11,10
248881 118795 4 3,5
111869 6811 4 5,13,6
213439 350863 4 7,3,2,5,10,4
37311 15318 4 10,0,1,8,5
224950 73900 4 4,15
105419 113809 4 9,1,5,7,4
161751 188697 4 5,5
237331 308228 4 8,1
350281 260293 4 5,11,3,14,8,9,12,14
82576 317088 4 3,9,11,4,1,9,5,9
327576 103675 4 11,5,3,3,1,1,10
143309 85480 4 14,14,4,4,7,13,0,1
327285 276696 4 5,6,3,11,4,3
256668 296719 4 7,13,3
286024 3633 4 5,6,4,4,0,3,5,5
140345 153844 4 2,3,9
42735 258162 4 14,3,6,12,1,9,7
91068 184985 4 3,8,6,8,5,14,3
138109 97637 4 7,5
278664 11837 4 5,0,2,4
253279 267565 4 8,14,4,8
28953 74153 4 14,8
227937 212708 4 2,13
223748 130784 4 7,8
213100 93378 4 13,8,15,8,6,8,3,2
217515 198441 4 2,4,1
243896 368652 4 8,9,8,8,6
271793 351932 4 3,0,5,4,2,7
138822 337531 4 7,6,3,6,14
284329 72545 4 7,4,3,6,14,1,1
95344 317483 4 6,5,5,8,13
283227 116525 4 5,2,5,3,5
13799 81580 4 2,5,12,8,3,1,8
217091 322333 4 2,8
150392 239786 4 12,5,8,11,8,4
100968 281545 4 10,13,8,11,8,10,7
303980 37637 4 0,3,1,11,3,3,13
102770 230930 4 1,7,10
50592 301488 4 5,1,5,0
249548 294002 4 5,1,5,11
298027 334262 4 8,7,1
78710 256203 4 7,9,13,3
303440 21127 4 8,3
97045 365890 4 12,6,3,4,5,4
320387 339126 4 5,4,14,13
47239 260477 4 0,1,10,6,6,6
143744 125236 4 13,1,8
65665 226784 4 12,4,0,4,5
101172 237751 4 11,7
379087 84986 4 4,7,8,12,8,1,7
132047 46914 4 1,3,2,2,8
307081 13667 4 6,7,9,2
128678 13142 4 1,2
359156 147572 4 4,13,14,8,13,15,11,8
19092 150171 4 5,7,12
34615 44429 4 4,8,2
242107 343922 4 7,0
383674 191074 4 15,1,6,2,3,7
268622 118316 4 7,6,6
226240 334937 4 4,6,15,3,5,4,12
334918 129719 4 6,3,11,1,2
207214 322930 4 1,7,1,7
132520 156099 4 7,3,3,8
185981 187021 4 5,15,5,0,13,10,5,7
185536 120611 4 10,10,8
222686 112422 4 9,7,3
94726 55130 4 14,12,13,3
257521 57404 4 1,14,6,3,5,4,8
184549 247651 4 12,14,12,1
178108 113181 4 1,13
55260 71810 4 4,14,2,8
183485 132094 4 7,14,9,3,7,1,7,1
58331 284523 4 5,13,4,15,1,9
239519 80052 4 2,3,15,8,3,7,10
312309 383177 4 12,0,4,11,9
307177 334107 4 7,13
318049 319126 4 8,13
85205 254298 4 6,3
284624 4272 4 6,12,1
375687 179419 4 9,15,1,12,5,12,2,15
301347 274590 4 11,15,12,6,8,9,11
212395 29079 4 5,5,4,3,3,3,9,8
319743 182474 4 6,12,7,6,1,12,15
172477 148413 4 3,3,4,4,2,7
217509 289015 4 6,0,15
41287 207692 4 2,8,12,1,11
322167 333041 4 4,12,3,12,13,1,3,3
288434 217971 4 5,7,8,6,11,8
351759 186575 4 6,7,8,7,11,6,8,5
14062 31020 4 5,3,12,4,7
346205 105792 4 7,8,1,6,8,13
181852 251288 4 5,5,3,8,5
80605 220931 4 0,12
268174 190929 4 3,4,3,14,2,0,4,14
141157 93989 4 9,12,2,4,4
31923 316300 4 4,6,5
284595 293116 4 14,3,8,11
114563 99958 4 4,12,9,8,6,7
314155 299404 4 14,0,1,10,15,1
279339 368654 4 7,4,8
238738 237545 4 1,4,8,3,1,6
266778 119832 4 6,3,11,13,6,13
33449 197345 4 11,3,4,12
57436 97559 4 13,13,5,0
366856 149906 4 4,5,14,4,10,1,0,3
318657 257360 4 14,3
90407 381712 4 7,11,8
159549 72151 4 0,5,5,9,11,5,5
61864 85738 4 6,12,8,13,1
66499 258893 4 5,4,5,5
179316 164582 4 7,14,8
99299 33554 4 1,1,4,15,13,4,12
265867 329742 4 4,12,6,0
150359 272746 4 4,5,0
53322 95193 4 1,1,9,6,7,3
100356 2934 4 5,13
247788 277618 4 5,6,10,13,4,8,11
269779 25181 4 12,9,5,7,7,1,12
321914 110610 4 8,4,12,6
99901 232354 4 1,7
73156 360624 4 7,3
358928 267258 4 8,14,5,7,2
159607 249604 4 1,1,3,2
76023 64083 4 1,4,13,5,12,12,12,8
100865 379105 4 12,10,1,3,6,9,6
102770 159922 4 1,8,13,6,6,6,1
82963 265270 4 6,8,7,7,6
312029 252735 4 12,6
364789 246391 4 13,6,12
47313 214251 4 8,5,9,10
89802 355662 4 8,9,7,15,14,7,3,4
375166 355472 4 3,6,3,1,8
222349 251567 4 4,6,0,7,12
198951 338874 4 4,13,3,7,1
364755 106574 4 9,9,8,8,2
177042 42794 4 13,8,13,1
45060 215720 4 2,4,4,1,7
34535 215466 4 7,5,12,1
196597 163669 4 13,8
246552 135537 4 8,3,2,5,2,6
342745 363418 4 4,12,14,7
164638 294628 4 10,11,14,7,8
26306 43696 4 2,12,8,6,8,5
171782 46130 4 7,0
264234 121722 4 7,10,13,7,14,13
297763 250729 4 8,2,7,8,8,8,1,8
333282 59825 4 1,9
123073 212616 4 12,8,7,14,3,3,5
73614 240297 4 7,7,12,14,5,5,7,5
354930 206846 4 5,13,4,7,13,10,15
175396 246343 4 5,3,5
113881 61525 4 4,3,5,13
301139 11502 4 5,12,7,7,4,15
220951 359262 4 1,13,15,4,7
283014 114728 4 1,9,7,5,9,1,2,9
57706 113360 4 4,8,5,4,10,14,4
20809 343947 4 15,1,12,1,4,5
154096 122076 4 5,11,0,12
274873 271323 4 10,5,8,10,3,3,7
380992 136965 4 1,0,0,9,4,14
248103 304046 4 9,1,7,12,7,6
22785 147883 4 6,7,1,3,1,0,14,8
198236 192582 4 4,8,8,0,7,0
192281 21996 4 4,5,3,13,11,0,7
229906 334837 4 6,4,5,3,4,1,13,7
170335 202032 4 13,5,10,8
131188 244987 4 7,0,7,12,12,4,3,3
64107 350560 4 4,0,11,7,9,11,7
279230 192111 4 7,10,0,5
57548 322736 4 5,6,7,3
366865 60189 4 3,1,5,3,3,15
274448 127429 4 6,6,7
107563 123390 4 12,3,9,13,8
352851 12672 4 1,1,14,4
257939 291502 4 0,11,6
255549 68023 4 3,13
330648 221052 4 15,6,7,6
313875 63391 4 12,9
80680 38571 4 4,1,0,8,13,4
357777 58459 4 12,14,9,7,9,14,5
169764 334945 4 2,1,7,5,3,8,2
373759 343905 4 14,12,8,13,13
306865 127604 4 6,8,5
94229 153509 4 4,7,5,3,5
198270 80748 4 3,7,0,15
253735 206681 4 0,12,14,3,7,6
106550 65017 4 14,12,0,14,1,5
106601 11151 4 14,7
127018 237076 4 11,8,4,13,9
203471 283925 4 10,8,14,3,6,11,1,4
362045 87304 4 8,3,6,14,3,7
66892 15086 4 12,8,3,5,3
82823 207929 4 8,1,13,8,7,1,12
335745 256844 4 7,8,3,2,0
254815 24025 4 5,15,0
166882 171525 4 7,4,7,6,3,8,2,14
104550 300662 4 13,3,8
112679 291765 4 3,13,12,6,6,13
80162 84989 4 12,6
115800 193679 4 4,4,8
282873 131254 4 7,7,13
153417 95480 4 6,1,7,7
60818 216921 4 14,12,4,6,2
258039 76057 4 10,1,2,4
301067 173400 4 5,1,14,5
124351 122813 4 8,11,12,1,4,6,14,10
324072 324447 4 14,9,9,7
219400 357388 4 2,1,12,4
167541 205681 4 9,14,14,8,10,8,14
375838 106944 4 5,12,9
219210 263817 4 7,1,7,1,1,14,11,8
252768 12633 4 5,10,9
63610 6427 4 1,7,9,8,4,7,12
145105 55960 4 8,1,5,6
41727 329105 4 3,9
18518 304754 4 7,6,9,3,9,4,1
212327 231824 4 13,12
269450 153460 4 4,4,1,4
342231 383458 4 10,4
346075 138584 4 7,4
130033 184309 4 7,9,14
220693 59153 4 7,1
45318 90426 4 15,11,4,11,7,4,0
326345 59635 4 9,3,1,5,3,4,12,7
336376 308950 4 10,14,4,5,4,1
268071 36680 4 3,3,12
27335 133780 4 1,7,8,5,8
362097 4112 4 11,15,1,7,4,3,5
229080 100471 4 4,12,9,14,12,15,11
315105 159302 4 5,9,1,13
209223 374518 4 2,3
82257 49660 4 4,6,12,11,3,4,3
42998 232515 4 5,9,14,1,8,8
22980 355094 4 11,1,8,4,1,6,6,7
307246 38472 4 1,9
138044 344284 4 4,6,5,7,12,7,3,7
210931 376475 4 7,13,15,5,3,3
245530 198267 4 7,5,8,12,15
120130 189428 4 10,8,14,4,4,12,15
95989 225350 4 6,0,11,5,11,9,3,0
152770 47201 4 11,12,8,8,10
307852 222759 4 14,12
376960 60865 4 12,6,0
66795 244434 4 4,4,7,5
112243 353252 4 1,9,2,3
290128 87992 4 8,1,8,8,13
122855 333443 4 7,1,12,7,8,7
13455 100530 4 7,13,5,8,4,1,3,13
372180 79985 4 3,2,6,14,3,5
180985 256080 4 13,3,9
381465 185901 4 7,6
376853 228553 4 12,7,5,5,6,1,9
299822 365133 4 1,7,8,7,7,12
224376 80033 4 5,8
290012 309605 4 14,3,9
7066 19994 4 12,14,5,8
308849 42630 4 3,3,1
45334 150579 4 1,3,7,6,13,5
317113 5790 4 14,8,12,8
272810 91452 4 4,3,5,12,8,10,6
176625 311595 4 15,7,4,7,7,12,1,8
205782 9032 4 3,5,9
165178 372176 4 14,0
217850 141061 4 0,5,13,4,8,1
37779 270796 4 3,4,1,6,3
186412 140773 4 0,5,2,3
274158 208754 4 9,8,8,6,6,10
217063 329597 4 10,6,1,1,14,13,5,8
62692 270945 4 6,12
11985 153354 4 8,1,12,5,7,5
218438 19535 4 3,5,12,5
200354 167558 4 14,8,7
305419 305251 4 6,5,6,4,6
305613 116484 4 14,12,8,15
265516 191083 4 11,11,8,9,15,8,12
67214 347467 4 4,2
235455 122346 4 13,5,6,7,11,13,4,12
58298 325225 4 10,7,12,5,13,9
177118 352896 4 1,1
235758 34458 4 3,14,1,6,6,8
143907 233319 4 9,8,9,15
17981 297163 4 8,15,3
84377 125745 4 9,8,12,4,14,6
356692 318585 4 14,4,13
120222 268023 4 4,2,6,3,9,6,4
866 114415 4 15,0,6,15,8,7,5
335604 79496 4 12,4,12,12,5,5,5,14
214915 228027 4 12,6,12,6,5,11
159677 373540 4 2,4,5,3
23908 261596 4 7,13
372320 367760 4 15,8,1,8,14
85783 313102 4 15,3,6,11,8,5,3
320122 293613 4 14,0
170776 339223 4 9,0,3,9
283276 294069 4 12,8
373576 264431 4 15,6,5,15,1
223158 271541 4 4,14,8,7,8,15,5
323039 30825 4 10,5,8,14,10,3,13,12
287072 284421 4 5,5,4,6,4,5,7
294587 94036 4 6,1,4,5,3,3
281968 161554 4 5,4,3,6,3
165958 99757 4 8,8,7,8,6
120556 374013 4 2,7,3,1,14,7
241175 242723 4 7,8,0,7,8
274838 309637 4 8,10,7
291971 49856 4 3,8,15,4,3
28358 138547 4 1,14,4,13,11,5,5
92869 12800 4 1,12,11,8
194711 10183 4 5,11,8,7,14,5,8,13
201699 2224 4 1,14,5
149817 153461 4 5,6,5
186518 358526 4 5,4,8,1,6,5
126992 327551 4 1,4,8,1,8,5
374786 80735 4 8,4,12,7,3
178113 186984 4 14,8,8,12,4,15
124017 142085 4 9,10,4,14,4,8,9
298524 346779 4 4,1,8,1,15,13,8
13469 228187 4 0,4,3,3,9,2,12
372461 246898 4 14,12,6,13,4,13
166245 279342 4 12,1,8
93782 355622 4 5,4,5,2,6,5
174573 174001 4 6,0,14,5
187134 48844 4 7,9,4,7
379895 46007 4 14,8,1,11,4,7,9
64664 36495 4 13,14,3,10,6,4,5
346921 64273 4 8,6,0,4
383158 68719 4 9,7,6,6,5,4,6,7
153207 383939 4 12,4,13,9
263080 176832 4 10,1
132413 41404 4 8,15
209496 176987 4 15,0,12,15,14,13
76666 262011 4 13,3,7,6
314931 34082 4 1,1,7,13,11,3,5
270777 279833 4 13,8,10,4,5
371519 312824 4 5,2
300661 216282 4 2,3,7,8
134187 82389 4 0,8,11,11
220875 172988 4 4,8,7,11,14,8,14
38083 122141 4 1,0,3
225584 334593 4 5,4,6,4,12,4,10,11
294981 178842 4 1,5,4,8,7,3,3,12
211489 121859 4 5,7,3,0
30679 21624 4 6,7,4,15,1,15,1,12
312822 184190 4 7,7,12,1,14
21906 131373 4 3,1
119543 107501 4 4,1,0
205776 205172 4 12,2,3,4,14,12,0
25827 216547 4 6,1,8,13,1,7,7
220891 285824 4 8,5,5,14,12
28803 67363 4 9,0
132307 216682 4 3,12,13,7,5,6,3
359209 279582 4 7,11
175692 152105 4 2,13,8,13,14,13,3
170234 60156 4 4,7,4,5
33897 141171 4 5,5,12,9
107443 307571 4 13,6,2,5,4,5
207749 291382 4 8,3,13,2,1
107209 34358 4 1,2,8,15,11,4,5,4
284318 107794 4 1,8,0,3,11
35208 93979 4 7,4,4,3
48144 154618 4 15,4,7,6
217022 297811 4 5,10,2,1,13
232175 159984 4 4,12,9,10,8,6,14,14
126961 258533 4 10,8,13,7,4,8
244578 197109 4 9,13,8,7,15,3,3,8
305922 364568 4 14,3,15,2
365233 94842 4 12,15,13,14,8,3,9
64866 241094 4 9,14,6,13,3
238621 318857 4 4,0,0
137583 289416 4 5,1,6,3,0
98012 159199 4 5,4,0,13,2
380543 113930 4 11,13,9,7
177949 299740 4 13,7,5,3,7
103365 370551 4 1,4,1,4,0
110904 137673 4 7,13,6,15,12,5,5,7
129442 16428 4 1,4
368508 259746 4 12,11,2,7,14,13
25646 36501 4 6,12,8,13,3,15,3,13
203028 161865 4 12,0,7
333986 135308 4 6,4,6,1,12,3,0,12
309570 311350 4 1,8,14,1,8,10,4,1
284076 276258 4 14,13
164735 319429 4 1,12,15,5
351884 82704 4 12,5,15
363602 23940 4 0,3,14,3
1375 97392 4 2,7,13
226748 207471 4 9,8
326200 20511 4 9,8,7,7,12,3
187356 293759 4 4,15,3,5,1,11,8,10
366925 1465 4 0,5,7,7
298250 124048 4 7,4,7,2,8
102640 90794 4 8,1,14,8
284970 38095 4 8,7,4
382730 276207 4 6,7,8,12,5,13
242938 291945 4 11,12,12,12,9,3
283058 132578 4 7,9
206451 44212 4 8,3,0
203702 370716 4 5,8,7
308112 311646 4 9,4,13,12
374063 349347 4 2,8,12
5689 74003 4 7,1,3,7,8,13
78744 316233 4 8,2,5,15,5,6,3,14
165512 260276 4 12,3
374709 63300 4 3,7,5,1,8,8
316854 20161 4 4,0,9,5,12,5
91114 323241 4 9,3,8,4
117529 293162 4 6,8,3,1,1,1
339886 251870 4 9,12,1,15,1
129909 52640 4 9,10,12,6,6,8
279288 123425 4 15,13,7,14
261954 326252 4 1,11,7,3,15,7,5,5
288075 373090 4 14,1,14,0,3,14
74882 320218 4 8,3,12,6
39218 120784 4 4,12,14,3,4,6
170950 286561 4 11,11,5,5
218893 1569 4 5,13,9
170040 222188 4 11,5,1,12,9,12,4
233486 368027 4 4,3,7,9,12,6,4,5
101333 52513 4 0,14,12,1,8,7
159286 131421 4 10,14,7,8,8,13,2
106609 202208 4 10,9,1,1
69424 237676 4 9,5,14
46587 174571 4 8,2,3,3
75748 73078 4 1,4,14
188894 369520 4 8,7,8,14,7,8
140850 125472 4 3,14,13,8,2
206240 94819 4 1,7,6,14,2,5,5,6
304166 189626 4 15,3,6
314652 207006 4 1,0,13
119941 27481 4 1,9,15,6,5,7
268104 248091 4 15,13,7
121118 380336 4 12,12,1,11
114935 146600 4 1,13,7
14372 237874 4 3,12,3,3,4,10
315485 243462 4 12,3,12,4,5,1,1,15
308464 220279 4 11,10
145495 233467 4 8,1,15,2,3
194633 201097 4 1,12,4,11,14,8,12
178670 18842 4 7,12,6,1,6,4
77229 350223 4 5,8
206321 79034 4 3,0,6,13,5,14,8
492 100066 4 2,8,3,0,3,12,7
19423 334823 4 4,7,11,5,8,1
111610 192585 4 1,2,0,8,3,15,2,1
166175 123693 4 3,1,7,0,3,9
294953 83211 4 4,7,14,7,5
46416 136056 4 7,5,3,8,1
9776 178771 4 4,15,3,3,12,8,4,3
15141 294640 4 5,4,1,8,13,13,3
323666 336697 4 1,1,12,4,8,15,13,14
233507 195559 4 13,7,3,9
326592 33140 4 1,7
168881 161565 4 12,6,4,14
95684 6675 4 5,8,4,11,5,13
286968 159361 4 7,0,4,6
208522 56319 4 3,13,14,2,13,12
144229 336878 4 4,8,2,12
278953 216555 4 12,5,5,3,6,7
20517 349256 4 6,3,9,12,7,6
87423 191423 4 3,5,5,7
12421 57675 4 4,7,8,5,1
27238 284752 4 1,4,7,7,12,4,2
114553 33012 4 14,0,3,3,7,13,7
84759 169098 4 7,6,7,5,4,2,8
275979 116198 4 11,2,4,0,6,7
18092 376030 4 11,3,8,8,3,0
367474 364543 4 7,5,6,0,4,13
141339 379313 4 1,15,3,4,5,13
377407 29235 4 8,0,0,4,4
125170 324665 4 1,8,12,8
296044 98566 4 15,8,6,7,1,12,7
319923 38692 4 1,5,7,9
363170 314149 4 3,10,1,4,6,12,14
162635 39310 4 5,1,6
89186 278064 4 3,7,14,10,7,1
233320 381787 4 5,2,3,13,6,9
219824 111824 4 4,9,5,4,5,7,5
159781 363922 4 9,6,6,7,2,3
6085 355539 4 9,3,12,1,8,4,15,7
72997 11728 4 7,9,3,10
78535 317458 4 0,5,4,15,3,10,12
126765 359277 4 3,12,1,11,4,3,13
58944 247667 4 2,1
270682 238013 4 12,5,1,2,12,5,15
142156 331248 4 14,13,9,7
31665 247430 4 4,7,8,6,13,11,3
333317 93129 4 1,3,11,8,6,15
160588 77437 4 12,10,5,1
137394 351991 4 6,14,15,13,0,8,3
75551 1064 4 3,5,3,15,1
180107 220744 4 3,11,7,6,15,0
362219 220424 4 11,13
346606 90183 4 5,8,5,4,5,13,5
137874 374701 4 9,4,3,14,5,4,7,5
279787 30055 4 6,15,8,5,8,4
274723 73866 4 6,5,1,10,3,1,0
286943 260379 4 1,11,2,13,13,7
74586 285358 4 8,7,9,14
294168 159185 4 5,6,4,4,6
346480 150707 4 0,7,1,6,5,1,9,1
342464 236097 4 12,0,5,1,11,10,15,4
57364 382113 4 14,7,13
55259 334229 4 13,6,13,15,1,6
370999 323901 4 12,1,8,8
34478 104395 4 7,5,3,5,7,7,5,1
318264 16851 4 4,1,14,12,5,2
154845 298609 4 13,4,2,2,12
286515 267990 4 13,3,1,14,6,14
39008 228826 4 9,3,14,0,4,14,3
216414 157950 4 6,2,3,8,10,7,13
305971 367500 4 2,8
328736 117400 4 6,1,4
147274 337593 4 13,7,7,4,6,12,15,10
358603 362321 4 12,3,2,9,1,3,8,3
265398 53434 4 7,4,10,4,3,15,9,11
214055 191149 4 5,1,5,13,11,14,6
23747 153017 4 9,8,7,14,12,7
88977 123815 4 13,8,4,3,5,4
137839 251724 4 5,7,1
105861 265410 4 1,13
367442 5572 4 6,7
313862 59433 4 9,2
237714 110302 4 13,5,3,13,4,4,7
272322 275464 4 13,7,8,14
350802 173234 4 4,4
234367 79319 4 3,3,5,5,14,6,4,12
159072 155167 4 14,12,14,7,12,4,11
235706 343579 4 12,2,7,1
256855 194432 4 10,8,6,4
162897 311049 4 10,3,1,13,9
227352 74935 4 0,12
358549 136068 4 12,8,3,14,1,12,7
284757 80586 4 8,2,13,7,5
259675 266362 4 9,12,0,8,13,0,3
25125 74555 4 7,7,7,4,4,9,0
52764 328184 4 9,3,9,2
207877 194899 4 8,6,14,3,7,1
161758 164357 4 1,4,12,15,4,13,2
4360 34420 4 15,1,1,1,1
198946 178665 4 3,14,2,13,14
214012 143890 4 1,3,12,12
190687 372179 4 14,12,4,14,1,3,3
269558 18353 4 1,4,14,4,1
309223 140569 4 8,9
116045 96756 4 1,8,5,4,12,13
323133 368046 4 3,3,8
345736 141453 4 2,7
383782 123315 4 8,9,5,4,8,8,5
298131 67143 4 1,9,3,4,5
316273 254547 4 14,14
301138 148376 4 3,14,8,14,5,3,15,6
76489 351205 4 5,0,4,2,1,3
293353 245936 4 15,14,5,12,3,8,9,5
321154 1805 4 7,0,4,8
291460 190863 4 13,8
370324 311759 4 11,14,14,7,0,7,1
331629 112838 4 4,15,4,1
287559 315568 4 3,4,3,13,7,7,5,0
183224 43570 4 7,12
87263 375693 4 12,4
140121 101981 4 11,8
102653 223660 4 13,15,0,15
70188 346697 4 8,15,15,9,3
140638 165595 4 8,8,2,10,5,6,9
98987 12012 4 4,6,3,6
78925 352460 4 7,6,15,1
297558 349324 4 8,12
57607 332641 4 14,14,7,6,6,0,4,6
280477 381836 4 13,0,1,13,7,8
313267 24461 4 2,8,3,2,12,1,5
216133 68420 4 7,14,7
55402 49168 4 9,12,11,14
15694 50943 4 8,8,3,1,4,2
204660 65892 4 0,7,2,8
141377 352213 4 14,12,8,7,3,9,4,15
45825 69782 4 2,13,3
291275 210219 4 9,1,4,7,14
181174 44440 4 14,5,1
339668 44675 4 0,1,12
204218 357056 4 9,7,4,12,14,4,13
48114 368554 4 3,12,8,5,0,8,7,4
120645 114229 4 1,7,10,8,4,4,6
351723 169139 4 3,4,11,3,12,3
168996 3143 4 8,3,3,15,0,12,11,11
367960 128590 4 12,4,9,7,8,11
38140 110955 4 2,5,7
32738 248390 4 3,1,5,12,4,7,15,6
168863 227934 4 4,2,12,5,2,3,8
294046 261436 4 8,13,5,9,0
101736 29993 4 4,4,5,7,13,13
179206 288568 4 3,4,4,8,1,1
298577 299886 4 5,3,5
146154 235238 4 1,14,11
27496 62056 4 10,3
107907 57626 4 8,12,3,8,1,4,7,6
369755 22408 4 13,3,0,1
25788 378027 4 0,9,5,3,2,7,6
302705 328849 4 7,8,12,15,9,6
184452 280398 4 1,13,3,2,1,7,0,5
58377 297985 4 3,7,4,0,8,5
164956 202984 4 15,5,2,1
213425 101579 4 12,3,7,1,5
11815 102060 4 3,3,1,3,4,5,12,7
98976 313442 4 9,2,15
143316 103856 4 5,2,3,8,9,12,2
230813 204684 4 4,6,15,5
172805 346269 4 8,2,8,4,12,15
179607 56685 4 12,8,12,14,6,3,3
271677 136625 4 15,6,14,12,8,7
36126 97090 4 8,1
27734 317148 4 7,8
80228 199187 4 7,6,10
190066 143144 4 0,3
257807 245418 4 14,2,15,1,14,8,13,12
200092 68007 4 1,12,13
312878 362485 4 8,13,13,13,8,6,8
306699 178919 4 3,6
305580 155730 4 11,4,1,1,5,6,8
217624 193254 4 0,14,5
146184 138880 4 13,4,8,3,5,1,12,3
235193 68170 4 14,6,6,4,0,1,1,5
156155 179006 4 2,0,15
186714 281216 4 11,14,5,9,2,3
216085 264323 4 8,13,7,9,1
176776 9951 4 3,4,4,3,4,3
353167 217526 4 3,12,8,2,7,8
59080 74647 4 1,8,9,9,1
81849 177933 4 6,13,6,4
251199 173411 4 8,11,12,1,8,8,9,14
354783 48900 4 1,14,1,6
62252 242581 4 9,0,6,6,2,5,7
178397 241411 4 11,6,5,7,5
298945 108479 4 6,2,6,12,4,4
125907 123716 4 2,5,6,4,1,15,1
303757 87640 4 0,5,11,11
9096 381262 4 2,5,8,4,4,7
246824 376069 4 15,4,13,8,1,4,1
346216 53920 4 14,6,7,8,4
179589 3613 4 13,4,8,3,8,1,7
353131 285456 4 7,3,13
117744 16429 4 15,5,8,8,2,14
344648 291422 4 0,5,0,4,15,4,1,13
122938 232218 4 8,12,5,7,6,2,4,8
119855 326464 4 5,15,1,6
12673 218191 4 9,12,10,6,1
202138 263263 4 12,8,2,14,6,12
48990 174915 4 3,5,9
271968 46602 4 11,7,8,12
133095 330575 4 14,13,5
94707 40792 4 0,5
6613 250843 4 14,8
378160 244930 4 3,5,9,11,4
206834 172449 4 12,6,5,5
352256 78052 4 15,8,2,6,9
279317 141502 4 1,12
270966 279891 4 1,7,14
244951 73301 4 4,3,4,3,7,0,6,1
116829 214757 4 12,15,6,3,0
61700 143839 4 6,4,4,0,8,10,6,2
28329 120409 4 4,2,4,3
170534 108840 4 9,3,7,9
292972 272912 4 0,12,4,4,12,3,13
2533 220839 4 6,11,7
246205 243581 4 7,1,6,14,12
220983 182657 4 4,5,15,4
16766 313659 4 1,13,12
57741 302680 4 1,4,12,10,6,6
168378 7719 4 2,3,7,1,4
251246 87696 4 7,9
105534 371393 4 7,14,3,2,6,0,12,8
177439 328598 4 9,4
86509 273893 4 8,4,8
80071 347745 4 13,8,1,0,4,12,2
158399 20852 4 9,3,6,5,4,4,14
64801 148066 4 4,5,6,8,2,2,0,11
173095 100543 4 8,10,15,6,1,12,3
110587 286962 4 7,8,14,12,8,4
10162 82595 4 11,1
68070 88048 4 9,5,2,0,15
183322 245142 4 7,5,8,3,1,7,6
134140 161404 4 6,2,3,7,8
69956 293134 4 8,15,11,3,5,6,5
211318 220074 4 12,6,13,13
224431 172299 4 4,8,3,10,0,0
92208 371467 4 8,8,5,5,5
132325 343347 4 9,6,1,5,13,8,2,7
374587 150642 4 1,8,4,7,6
167434 113149 4 3,4,5,4
271713 115391 4 4,5,6,8
244016 153496 4 1,13,13,6,15,15,2,4
368251 175825 4 2,4,7
34781 115705 4 13,12
151733 61793 4 1,11,8,7
182034 51204 4 2,7,12,8,1,14,13
286192 183137 4 1,14,5
330778 316533 4 5,8,14,7,3,5
34209 352559 4 4,5,10,7,6,13,13,4
317727 149990 4 12,4,14,7,8
248005 265046 4 2,4,3
240020 119154 4 1,14,6
49427 347001 4 10,1,9
249148 45889 4 7,8,4,3,8,1,3
121086 164151 4 3,6,8,5,7,5,11,11
62920 344752 4 6,15,6,11
12618 44666 4 8,7,4,1,14,6,9,14
368193 263238 4 6,12,13,14,15
45131 101239 4 5,3,8,1,4
17587 356753 4 1,10,4,3,5,15,4,1
80121 37719 4 5,10,12,10,6
46224 331033 4 13,6,8,2
348253 145539 4 8,7,4,3,8,1
203468 158905 4 12,8
209595 82108 4 6,7,13,3,1,8,3
95004 174801 4 8,4,2,12,3,9,5
19507 383725 4 12,11,5,2,6,7,4,5
382390 167000 4 5,5,11,8,4
289281 250930 4 14,11
380404 234569 4 14,6,12,8
133736 313290 4 4,12,10,3,10,8,3
32151 274310 4 2,14,8,6,4,12,5,7
181496 84806 4 1,6,8,1
13113 65838 4 6,14,7,2,3
201489 290785 4 0,1,3,9
94036 268891 4 3,6,11,13,2
173020 155196 4 8,2,10,12,1,0
137003 182496 4 14,12,12,8,1
236775 307853 4 15,0,3,12,15
191593 150479 4 0,8
109953 91226 4 5,1,13,10,1,15,8,1
362539 314405 4 9,15,7,0,13
38889 327165 4 7,10,1,4,5,3
199445 370691 4 8,8,4,12,4,4,6
130799 276118 4 5,3,0
54166 340366 4 13,13,3,9,7,5,12
56975 110512 4 5,7,3,3,3,2,14
51464 235162 4 3,5,3,12,13,12,14,6
314703 57770 4 5,3,14,4,1,5
224496 55048 4 11,3,0
337812 367171 4 11,15
336595 56067 4 7,1
121638 136671 4 6,14,7,0,7,4,0,7
369782 73075 4 7,6,4,3,7,9
271759 267456 4 1,9
248220 53618 4 4,13,13,9
335335 51759 4 3,5,2
74739 36036 4 4,7,6,12
316905 202062 4 1,1,4,9
361347 44199 4 4,10,10,7,7,2,9,13
120974 354079 4 5,8,1,5,6,15,4
272134 210913 4 8,13,9,3,1,4,12
225270 142657 4 8,14
361809 224181 4 3,13,8,11,14,8,9,4
67678 5278 4 1,4,12,8,8,13,6
242316 171215 4 6,4,1,13,2,0,3
240230 248144 4 3,3,4,4
80529 106922 4 4,11,1,4,12,9
137372 280912 4 4,4,8,4,6,13,1,3
136009 359540 4 5,4,8,9,5,9
170982 96865 4 13,1,4,8,8,7,4
49900 104371 4 15,5,9,14,6
355281 268432 4 3,9,8,14,13,12,0,2
196069 35203 4 12,0,8,14,3,5
34030 161102 4 12,5,7
326711 194888 4 8,6,9,6,9,14
261996 234354 4 6,5,10,5
347228 285565 4 6,14,1,5,14,6
84630 171156 4 6,4,8,8,7,6,3
223709 190261 4 7,7,1,9,3,1
195621 297133 4 2,8,4,6,15,4,4,0
131093 297592 4 8,3,9
209021 38568 4 6,3,9
128660 163862 4 8,8,10,0,3,1,12
12846 313848 4 8,14,7,7
82746 107431 4 1,1,9,3,13,2,9
106893 305403 4 1,3,4,1,5
319772 376597 4 5,11,13,5,13
300834 292907 4 9,4,4,6,6,5,10,5
315755 18963 4 14,9,1,1,12,12,6,5
153713 28010 4 8,1
131190 126165 4 3,9,7,12,3
314293 63502 4 15,15
280809 367926 4 3,0,14,9,4,3,12,8
51832 204461 4 10,13
138965 192299 4 14,9,4,2
232819 107436 4 5,0,2,9,3
93910 2507 4 5,12,7,3
89501 331411 4 7,14,13,13,6,10
189901 323989 4 5,4,2,5,6
284495 120681 4 15,11,11,4
4561 52633 4 6,3,6,15,14,10
287269 348860 4 4,6,4,5,11
22092 165149 4 0,13,1,7,6,6
56951 252609 4 2,6,4,6
311015 5716 4 4,14,0,1,3,8
337025 47654 4 12,9,3,1,8,10
269092 314662 4 8,13,5,5,12,6,3
382030 38401 4 8,4
236160 314830 4 6,13
51498 245139 4 11,5,11,4,1,8
3532 144862 4 3,8,13,5
206865 113613 4 3,0,3,6
47042 6396 4 5,3,3,5
139612 283241 4 13,1,13,14,7,5,5,9
182589 4649 4 1,7,12,8,4
357090 36524 4 8,7,9,4,10,13
19178 353854 4 5,6,7,5
353568 30811 4 3,4
281703 371245 4 8,9,4,4,12
383487 137653 4 13,7,6,5,12
99507 281346 4 8,1,0,2,3,14
79722 89922 4 6,13,0,11,9,6
242619 31531 4 12,10,4
47764 271945 4 3,7,2,5,7,13,0,12
90087 170966 4 15,6,12,2,10
118943 318983 4 3,7,11,13,2,7,4,9
340802 169436 4 12,8,7,7
296665 329043 4 4,15,8
368964 55486 4 10,12,10,9,6,8,5
161962 42638 4 5,9,1,12,6,12
378251 51422 4 5,13,14,1,7,11,8,2
118875 35526 4 1,2
39166 98791 4 7,3,2,4
140524 172268 4 9,3
132912 169278 4 11,14,8,8,5,1
307049 208422 4 9,10,1,5,4,14,3,5
298255 135934 4 7,3,4,4,12
52841 326498 4 6,8,10,12
148817 270626 4 15,11,2
267999 369616 4 7,4,1
83232 152498 4 0,6,10,3,10
62003 1156 4 6,10,1,9,4,5,7,1
358100 131999 4 0,8,12
100186 300703 4 6,4,13,15,6
242089 290727 4 5,7,5
358626 65321 4 12,12,3,3
261144 115201 4 0,13,3,2,5,3,10,4
174411 153718 4 13,4,4,8,13,6,0
332257 117060 4 4,14,8,3,3,7
265885 305032 4 15,10,14,4,15,7,8,6
348284 146868 4 2,6,5
162222 59241 4 4,2,8,4
87115 111907 4 7,8,7
236836 24638 4 1,4,14,3,12,5
78272 112323 4 10,7,10
144199 350496 4 8,4,1,8,13
128765 237173 4 14,12,8,15,3,6,8
33435 164288 4 13,3,7,0,4,13
210477 208861 4 7,7,6,7,15
87467 59808 4 12,8,15,14
229149 100145 4 15,4
53473 41112 4 7,1,4,5,3,0,4
322687 150835 4 1,4,8,3,2,3,6,3
140728 345376 4 15,0,11,8
41363 215128 4 15,6,3,7,14,4,5,3
257437 374302 4 1,3,1,6
222206 347623 4 7,5,4,1
106921 160112 4 2,4
249655 301358 4 6,3,7,9,6,4,2,9
323784 271274 4 6,11,9,7
284383 275820 4 6,2,14,4,4
262111 298648 4 6,14
270290 318100 4 4,15,13,14,3,7
292681 294058 4 13,12,14,1,15
302073 55722 4 6,13,14,10,9,9
162370 117305 4 6,10,4,2,2,0
155476 274395 4 5,4,7,6,4,1
323837 340943 4 12,15,1,13,5,2
139115 281717 4 14,7,5,3,5,4,8,4
64267 251281 4 3,1,4,1,8,3,6
175819 143135 4 8,4,6,8,8,9
8067 181540 4 1,4,7,4,7,1
88180 360461 4 8,4,8,13,4
225952 152414 4 6,14,5
147320 41960 4 6,4
136116 154294 4 8,12,4,1,8,12,4,8
317570 167061 4 9,5,0,7,14,7,13
366685 377895 4 8,4,4,3,5,1
237281 60719 4 3,15,0,5,14,10,2,7
336689 80983 4 0,4,5,1,13,8
352 270683 4 5,1,3
79624 45225 4 3,4,13,10
116354 59287 4 8,6,10
245168 144723 4 12,6,7
251706 277931 4 3,4,7
11207 212376 4 3,6,0,14,1,1,14,2
268137 222377 4 5,2,5,6,0
358538 66755 4 1,8,8
231966 54770 4 4,8,7,4,2,3,8
215367 312598 4 8,1,7,13,12,1,6,15
292211 181927 4 8,8
164910 53561 4 8,13,14
35758 224509 4 9,1,5,7,11
245571 313469 4 11,3,5,9,2
350906 283776 4 13,13,13,6
245104 227755 4 4,4,8,3,5,13,3,1
149171 143441 4 4,4,12,5,8,12,11,9
11098 339026 4 5,9
276473 175640 4 14,2,12,8
90702 341399 4 0,12,6
95555 191562 4 13,14
96634 366291 4 12,4,1,15,12
294098 329556 4 8,13,4,1
264035 90532 4 5,5,0,13,5,0,7
236679 11212 4 3,1,14
238133 152639 4 6,1,5
198925 250365 4 1,4,8,14,5,7,8
245776 258432 4 6,4,8,14,15,5
61852 19000 4 12,3
157497 301540 4 15,1,13,3,13,13,1
228826 318485 4 1,9,8,6
228463 366846 4 13,1,5,3
103457 327892 4 5,13,0,13,3
318475 161062 4 12,2,3,4,3,8,6,12
176686 88673 4 6,12,6,4,1,1,7
340799 46399 4 14,6,14,4,3,12,9,4
272003 205518 4 9,1,5,12
44920 54595 4 3,14,6,10,6,4
95562 328059 4 3,13,4,7,3,3,8
360294 320957 4 1,7,6
89468 292959 4 5,0
374949 162496 4 0,14,9,8,14,8
78610 3862 4 13,3,7,7,15,12,13
148735 142136 4 7,3,6,8,3
254859 352783 4 15,0,5,1,1,5
80671 229412 4 13,13,14,5,14,3
283279 42438 4 15,12,7,6,6
18848 33304 4 3,14,14
178569 147375 4 4,7,1,14,0,7,4
12013 268611 4 13,10,1,6
202450 230114 4 4,0,4,6
82096 207897 4 4,3,9
41862 40988 4 1,11,5,3,1
18674 241706 4 5,5,8,6,12,12
94210 349738 4 4,10,4,0,6,3,1
154073 36794 4 4,4,3,8,3
334343 372507 4 1,3,2,4,3,10,4
236747 81202 4 12,1
158846 39323 4 11,5,4,7,14,8,3,7
259957 149714 4 8,0,4,7
270649 336526 4 1,8,4,0,15,8
150279 302640 4 9,13,1,12,2
307007 154509 4 10,8,12,5,8
24417 273938 4 15,5,12,7
154300 278293 4 2,13,13,8,2,8,4
352689 331478 4 12,3,8,3,3,1
129793 189383 4 9,4,8,1,13
355663 348925 4 6,14
380699 227291 4 9,15
69398 240901 4 10,6,4,7,1,4
157506 56005 4 9,3
160612 246970 4 15,5
198705 241690 4 14,14,3,0,5
343433 154918 4 5,5,1,5,7,13,0
366472 272031 4 13,14,4,11,13
184117 84463 4 0,0,9,8,1,8
236492 215243 4 13,6,10,13,5,7
129495 174411 4 2,7,12,7,3,14,7,10
2817 178986 4 2,1,6,14,12,15,6
129259 297508 4 7,4,5,11,4
222622 100175 4 9,14,12,13
350698 274671 4 7,2,1,4,8,6
76493 41816 4 9,5,4,2,13,4,9
188875 198780 4 1,5,5,3,9,11,1
112006 175235 4 13,5,5,14,15
131184 355832 4 4,4,14,4,2,1,10
335270 159755 4 0,4
228985 14322 4 6,13
176028 234319 4 7,6,6,12,5
317930 73524 4 8,5,2,8,14,5
180167 383415 4 6,13,7,8,5,1,4
243567 117142 4 12,8,3
347280 95493 4 6,15,4,2,9,5,7
292024 373729 4 15,1,9,14,15,7,7
218399 181169 4 1,1,5,4,4,3
104321 191339 4 0,1,14,3,3,4,8
355926 71589 4 3,3,9,8,0,3,1
173342 350769 4 7,8,3,7,15,1
380558 297694 4 5,12,8,3,3,7
292537 223390 4 1,7,12,6,5,8,4
316410 366317 4 8,1,4,9,5
18359 120576 4 12,11,15,8,2,6
146948 245222 4 3,0,15,7
326835 304092 4 14,1,9,15
13292 55497 4 3,3,1,4,1
275946 29608 4 15,15,4,14,3,12
341168 337767 4 10,8,7,3,2,1
139690 275225 4 4,6,8,3
39365 312688 4 7,7,3,12,1,14,10
297488 251371 4 13,2,3
62586 228341 4 1,12,1,14,8
131274 159370 4 9,3,12,1,7,1,2,3
325359 185637 4 7,13,10,2,4
17263 191399 4 4,3
124784 377695 4 4,3
307039 102198 4 4,8,4,13,13,8
1243 112862 4 4,8,6,11,9,11,3
12019 129481 4 0,5,3,3,8,4,7
363778 16863 4 4,4,8,10
182080 37560 4 6,6,4
185944 13249 4 6,10,7,8,13,6,2,5
367046 316934 4 1,9,11,6,3,6,5,8
140592 152128 4 0,8,12,7,7,7,7
146564 178454 4 9,7
349635 46 4 3,4,7,4
244710 13941 4 1,2,4
241260 297093 4 10,8,13,4,14,4
52019 15309 4 5,8,10,6,7,4
322551 172694 4 8,3,0,8,2
191966 105661 4 13,12,10,4
383073 270680 4 4,5
206138 153567 4 3,5,12,8,9,8
291677 232372 4 13,4,1
252672 158682 4 14,3,7,0
121088 257798 4 2,10,1
213997 95349 4 5,9,9,5,2,5
342430 376139 4 4,5,14,3,4,7,8,8
3868 245858 4 8,1,6,5,6,5,1
62550 295948 4 3,1,3,12,3
59863 370438 4 2,7,3
226247 38136 4 8,2,14,3,7,15
183876 338950 4 0,7
129521 208427 4 5,12,13,7
195730 320472 4 12,8,3,7,13
222635 86041 4 15,3,11,0
51183 335820 4 7,13,15,14,8,4
352980 163527 4 2,5,5,0,2,7,6
132618 121826 4 2,12,6
228163 212399 4 15,5,13,5,4,5,1,7
243061 93313 4 5,6,7,5,11,1
84475 54284 4 15,13
86660 349183 4 13,0,3,6,9,12
10410 50142 4 9,8,6,12
170236 267736 4 15,3,7
9426 85824 4 14,0,12,11
297643 297315 4 3,3,1,5,5,10,13,12
365725 272351 4 0,4,4,3
69909 44397 4 12,12,14,13,1,13,8,7
11857 257467 4 9,6
363950 273187 4 4,7
332695 335636 4 1,1,3,8,4,4,4,14
300572 36455 4 8,6,6,12
290053 310119 4 15,8
366463 33221 4 13,8,14,14,0
70089 83026 4 4,9,3,15,4,4,13
98986 108861 4 7,4,12,12
325018 13304 4 13,7
102495 117989 4 1,15,2,10,8,1
11685 271813 4 3,8,6,0
304157 61003 4 1,9
6320 345682 4 3,7,2
136827 16508 4 2,4,0,1,8,8,13,3
146839 180535 4 1,3,7,1,1,8,13,4
262599 226868 4 7,8,5,8,4,7,5
229992 92234 4 6,6,10,2,8
238902 276255 4 5,3
98242 44782 4 3,0,5,13,3,5,10,5
151724 266553 4 6,13,3,10,3,10,12,8
350009 128949 4 11,8,9,6
223626 342164 4 9,4,1,10,14
139511 14454 4 15,3,8,7,1,12
329744 23031 4 14,8,6,7
48835 51914 4 3,7,3
83492 141288 4 7,8
123383 259419 4 15,6,0,13
60962 45948 4 4,4,13,1,6,1,8,4
312742 247963 4 8,14,2,12
297316 62724 4 3,5
60854 88924 4 5,15,2,7,8,8,1
82958 210096 4 7,1,1,14
243207 189645 4 0,13
99901 210517 4 13,3
7081 350469 4 7,14,14,3,4
276947 106288 4 8,13,13,14,1,7,8
33679 37745 4 13,0,12,4,4
320630 328811 4 12,1,5,4,12,6,8
230545 280892 4 5,5,3,9,4,13,13,13
329111 165406 4 6,7,1,3,1
225567 213991 4 11,6,3,6,14,3
169244 25337 4 6,12,12,5,12,2,13
366306 287799 4 5,1,3,5,12,5,14,7
62209 313454 4 7,14
353332 19078 4 6,3,6,15
126888 277961 4 8,7
342538 27476 4 14,5,6,15,5
279171 290302 4 9,3,14
300684 69456 4 13,7,14,2,12,10,14
311219 249942 4 12,7,4,13,15
246677 300124 4 6,12,1,5
372307 296235 4 15,2,0
41445 257597 4 13,3
299014 10434 4 10,4,4,14,8
160147 95850 4 3,5,15,12,6,14,15,5
241172 93700 4 5,12,4,13,13,12,1,1
169675 168056 4 10,9
228367 94172 4 12,12,1,4,4,0
116300 314029 4 3,9
286871 350253 4 9,6,7,6,0,2,14
94854 143331 4 13,1,0
111498 257949 4 10,6,7,2
189529 316017 4 14,3,5,15,12,8
106639 147032 4 5,2,9,10,12,15,6
203730 205044 4 8,0,5
187514 68082 4 4,12,13,1,13
312327 377742 4 14,14,3,7
108634 79078 4 14,2,2,4,8,2,8
181699 58170 4 7,15,5,2
272218 159389 4 12,13,8
293884 344065 4 5,8,14,1,13,14,12
336375 169722 4 7,2,1,15,8,10,10,8
55997 104136 4 7,7,13,7,7,11,4
88770 369198 4 12,1,14,4,12
374720 308788 4 14,10,3,2,6
371916 83085 4 13,8,8,11,8
315103 378731 4 11,5,7,3,4,3
300321 170161 4 2,8
364513 30091 4 12,4,7,11
311133 335008 4 3,15,6,2,11,9,2
33240 146272 4 4,13,12
353969 241922 4 1,8,8,4,2,7,3,1
353410 66162 4 3,14,10
145342 126737 4 10,3,2
125409 196788 4 6,12,3,13
378911 127340 4 3,10
163294 51579 4 9,4,8,5,7
292437 340411 4 3,3,6
165543 311379 4 6,1,4,6,13,7,5,4
356826 274719 4 3,3,12,4,5
361678 71070 4 12,7,5,3
32012 116608 4 7,6,1
199516 172866 4 6,0,4,4,1
292429 371330 4 11,13
216285 295484 4 7,4
107682 34505 4 12,5,11,8,13,9
359095 314692 4 13,0,8,14,1
133591 31117 4 12,2,11,5,4
20717 11242 4 4,7,3,7,4,9
46926 228641 4 11,1,10,3,7,3,14
77815 29312 4 14,12,9,9,8,3,7,3
202119 22064 4 0,5,14,5,12
132883 213834 4 3,3,12,8,7,14,0,8
112887 291262 4 2,14,12,3,6
272723 191506 4 8,13,2,6,6,8
250219 131879 4 9,8,13,2
8734 359256 4 6,15,5,3,4,5,12
12270 76243 4 11,13,7,12,3,3,2
370620 168021 4 8,1,11,13,5,4,14,8
67879 330251 4 6,9,4,15,4,5,13
380521 104112 4 3,15,3,13,7,6,8,3
235638 231492 4 4,15
155699 267794 4 15,1,13,11,1
317230 146569 4 15,12
306734 19437 4 13,3,6,12,4,1,13
240609 101622 4 11,3,15,12,14
29473 281310 4 3,3,14,3
93237 147632 4 1,13,3
205157 327143 4 5,8,14
109407 262400 4 3,12,4,4
270057 218983 4 4,0,10,9,13,9,5
73154 311812 4 3,1,7,7,3,7,7
98363 243540 4 8,7,3,5
347405 362739 4 6,13,1
282446 217923 4 12,1,15,13,4,4,7,1
142953 6998 4 1,11,8,4,2,1,1,4
65778 329289 4 13,9,13,0,4
187087 55892 4 8,2,14,6,3
181508 22643 4 4,4,1,9,11,0,5
286886 176241 4 15,10,1,1,12,4
248240 76170 4 0,8
71151 74929 4 4,4,4,8
152945 175284 4 1,12,7,3
200503 111994 4 7,7,4,0,6,10
309296 116441 4 1,3
300151 74155 4 15,6,9,7,2
260795 87583 4 8,3,7,9,9,14,12
22019 88591 4 13,7,6,7,3,8
264283 6513 4 15,4
270412 87829 4 5,4,11,10
88532 325926 4 12,6
354242 382178 4 8,4
81121 80868 4 3,6,5
96399 341302 4 5,4,3,9
45550 253221 4 8,4,8,6,5,1,8
355791 255922 4 15,8,7
25204 241533 4 14,7
345648 98782 4 9,1,11,15,1,8,3
237567 216687 4 7,2
190658 373322 4 8,10,8,15,3
351773 119327 4 8,9,6,15,5,9,5
83 37477 4 8,4,5,8,6,4
200312 251304 4 3,8,14,8,7
266127 313774 4 7,8,12,10,6,8,4,15
278351 259726 4 1,7,15,0,2,5
275348 153622 4 15,6,10,13,9
79317 60798 4 7,4,7,11,12,4,6,4
346789 244835 4 5,2,4,11,7,12
241444 311414 4 7,13,12,9,4,5,8
227908 205942 4 14,5
190532 358873 4 13,9,1,9
97727 191556 4 12,12,15,12,6,1,1
357566 230249 4 7,10
352112 274900 4 12,4,2,5,6,8,14,4
367578 98999 4 5,6,5,5,12,2,5,3
168036 129951 4 3,5,3,8,8,13,0
344468 70697 4 1,4,1,1,12,1,14
285706 41695 4 2,8
287157 130630 4 2,7,0,4,12,0,12,13
198111 160983 4 3,8,7
29992 382451 4 13,4,5
271841 165985 4 8,6,4,7,12
192662 208076 4 0,12,13,8,5,15
36510 125250 4 6,13,4,11,1
233101 319807 4 0,6,0,13,3,13
284078 122675 4 1,3
33626 329767 4 1,9,7,0
302732 177092 4 4,0,8,3,13
214715 307648 4 6,14,3,6,7,3,8,14
366626 145522 4 3,4,3,6,9,2,14
117128 68441 4 6,13,0,7,14,3,8
269280 248614 4 1,3,2,12,14,15
118544 188654 4 14,5,12,7,3,10,3
281230 255086 4 1,6,12,4,0
353188 274098 4 8,0,3,11
258042 165884 4 7,7
107586 264351 4 5,6,3
323767 91052 4 8,4,5,13,13,3,10,8
366689 20679 4 7,7,4
35938 220475 4 8,1,3,2
48113 263767 4 10,3,10,0
71051 316660 4 15,10,8,8,4,7
168486 226463 4 4,4,3,6,10,7
151130 302992 4 1,12,10,7,12,2,0,2
51872 84263 4 4,8,14,6,5,3,13
60510 37845 4 2,13,2
332710 282513 4 4,4,12,8,7,15
40529 205559 4 3,3
122297 336246 4 5,15,8
132388 294059 4 9,3,8,8,13,5
320044 301578 4 12,8,9
344778 330052 4 8,7,7,14
324193 170071 4 15,10,11,5,6,3,4,3
181923 111237 4 10,3,2,12
302995 134850 4 12,14
334876 187593 4 1,7,5,12,4,15
313901 378062 4 7,3,7,1,0,1,12,10
375710 27400 4 0,7,3,5,13,4
242685 37056 4 4,4,1,9,1,12,1
37446 184787 4 2,7,1
94071 17425 4 7,9,4,3,4
325287 129264 4 0,11,1,12,3,12,6,7
227946 194741 4 5,13,12,10,12
109577 245633 4 0,6,12
175233 192054 4 3,7,1,14
43101 246432 4 1,8,4
282034 214434 4 12,0,13
339911 334998 4 9,2,5,15,3
189838 210179 4 11,10,4
101671 276268 4 6,14,1,2,13,3,7
311483 148999 4 5,6,4
103647 103826 4 3,6,1,2,8
103862 187705 4 5,7,3,7
91759 22465 4 5,13
378985 267255 4 8,3,14,13
210289 132170 4 8,7,6,0
128904 113655 4 8,0
196490 299788 4 12,12,12
132566 274659 4 14,13,11,7,4,6
124401 108757 4 8,5,4,4,5,10,8
160398 21940 4 14,13,4,12,12,9,14
22716 282701 4 8,15,8,4,8,4
226371 174035 4 8,4,7,8,9,1
5375 106785 4 8,15,8,8,12,13,13,6
55067 376304 4 8,4,14
303759 62543 4 4,4,14,3,13,8
348917 78560 4 3,5,10,1,0
139293 338595 4 3,8
96799 52649 4 6,9,8
224684 69087 4 0,3,15,5,8,0,13
282961 316334 4 2,4,13,2,8
123453 83359 4 3,9,15,7,1,0,14,9
259302 19208 4 1,4,4,2,3,1,6,7
330045 337354 4 8,3,1
34662 271875 4 13,0,2,4,7,6,4
144288 262524 4 8,10,6,7,13,9,12
364998 79538 4 3,12,12,0,5
330563 216826 4 3,4
264132 220060 4 7,7,3,7,5,15,6
220599 161619 4 9,3
281026 12112 4 4,4,2,3,3,8,4,11
224277 42274 4 0,12,5
376358 9260 4 12,8,1,5,14
131566 87056 4 4,5,6,6,13,13,14
16022 3689 4 11,10,3,3,9,3,8
67821 100779 4 10,8,5
243768 104694 4 1,13,6
166312 208732 4 8,1,1,3,15,1,8,12
57568 213752 4 11,5,8,2,7,5,15,8
361944 257004 4 9,5,1,7,10,12
175638 323338 4 14,10
220411 355756 4 4,14,3,3,8
335801 18637 4 2,2,7
199573 232452 4 1,6,12,12,10,5,7
97647 247173 4 0,12,8,3,13,1,12,3
87713 105203 4 9,3,2
367034 172346 4 0,1,6,6,12,6,3
130489 26314 4 1,1
288697 307037 4 8,6,6,7,4,4
109511 90111 4 5,1
44476 241624 4 1,10,5,5
35247 187892 4 1,0,9
380044 353108 4 3,4,7,1,12,7,5
322094 301795 4 4,8,7
165363 86671 4 8,1,5,12
90495 123800 4 15,8,0,15,8,3
174865 253291 4 8,8,1,7,5,3,7,2
264584 263709 4 8,7,11,12,8,6,4
356876 135959 4 11,2,8,3,3
244357 34029 4 5,4
321244 330085 4 2,13,12,3
190939 57729 4 8,8,5,6
310649 224463 4 3,6,14,12
80003 364286 4 14,7,15,3,8,4,4
348228 93333 4 9,10,10,7,6,3
55674 133209 4 1,11,4,2,4,10,12
173683 181798 4 4,5,11
78822 119719 4 6,7,1
365361 185179 4 15,4,12,13,1
41405 107936 4 8,6
79104 232726 4 3,14,4,8
332191 97930 4 13,5,3,3,1
153409 34463 4 4,9,3,4,9,5
113205 203226 4 3,4,7
196673 328582 4 1,5,13,5
200753 101641 4 14,12
350709 249306 4 4,14,12,3,6,1,5
316854 16816 4 10,15,3,3,0
126552 234110 4 13,5,12,7,3,8,12
39372 18752 4 5,5,8,6
312902 370959 4 6,14,12
373354 115649 4 15,5,4,5,4,5,8
212577 65821 4 8,1,2,13,4
255637 178312 4 12,0,10
68220 111998 4 1,8,8,3,0,7,3,12
60077 344459 4 15,7,8,5
63535 303396 4 12,14,9
367352 65383 4 10,1,12,7,3,15
17274 174848 4 4,5,2
115702 370900 4 7,7
121734 181953 4 8,7
272368 276427 4 11,3,3,6,9,11
195776 341160 4 1,0,2,1,14,12,11
242046 61697 4 13,7,4,14,0,7
373464 214278 4 12,6,13,9,8,6
100875 222750 4 6,3,4,0,2,8,3,6
346424 260819 4 1,3,6,6,7,12
222359 303040 4 14,8,5,9,14
308737 281582 4 7,3
121350 158200 4 15,1
25824 173041 4 6,3,8,1,5,3,4,0
25926 103736 4 13,3
175805 274120 4 4,5,11,2,5,7
81098 342656 4 6,5,9,4
24321 306377 4 4,11
178648 245784 4 4,7,13,2,7
52967 50737 4 6,4
171353 213592 4 2,8,14,4,12,13
351250 227238 4 3,13,15,4,2,4,8
39524 191513 4 7,12,6,11,1
106461 114910 4 14,15
302037 337714 4 9,4,12,8,4,7
244803 99933 4 4,8
160782 244390 4 12,13,0,9,9,7,7,3
59326 369081 4 1,12,12,3
163787 118813 4 2,4,14,0,3,3
27441 145526 4 4,0,8,5,9,12,3
325573 169457 4 6,4,14
143366 151363 4 8,1,1,8,7,6
251484 332746 4 3,14,13,8,8
146746 269613 4 1,8,3,8,4
237867 181998 4 14,11,8,3,5,6
139864 5014 4 5,15
325850 223028 4 2,5,4,0,13,9,0
142005 247284 4 1,4,0,4
271362 200610 4 3,3,1,14,2,7
227813 199368 4 5,6,4
330525 139993 4 12,10,1,1,8,8,13,8
264349 210526 4 12,4,1,12,5,7,0,3
262330 162820 4 8,3,4,4,0,3
241875 168392 4 7,7,14,13,7,9
195205 221569 4 12,4,1,3
25443 185630 4 15,3,13,1,5
184686 3354 4 7,4,3,8
360952 279013 4 9,6,0,5,4,5,3,14
138435 45215 4 3,3,12,3,8,4,10,14
28225 57167 4 14,12,11,7,4
71537 134210 4 12,13,6,1,2,7
353177 249758 4 13,2,13,8,15
234317 29513 4 5,4,0,8
163768 192369 4 7,3,7,4,14,8,8,4
263580 252494 4 0,12,5,5,14
218166 222709 4 1,12,8
432 306196 4 1,1
19922 333841 4 2,14,4,3,12,5,7,15
193947 276472 4 5,1,6,8,3
148325 61075 4 8,2,13,4
30848 327452 4 5,1,1,13,14,3,6,9
233844 95246 4 3,5,4,1
23504 74538 4 13,6,7
252775 271414 4 7,5
231189 308733 4 8,8,12,5,9
320258 159304 4 7,4,3,3
348738 42644 4 3,13,1,6,13,0,4,11
308063 163173 4 6,8,4,4
303971 23245 4 4,8,7,7
124705 337941 4 5,14,14,5,5,13,6
111611 374170 4 3,9,3,5,7,9
44052 261262 4 8,8,10,3,7,5
83511 179725 4 12,13,12,3,3,14
141825 115277 4 9,8,7,6,12,3,5
262141 326248 4 2,0,1,7,2
27909 191591 4 13,2,4,1,3
281836 217802 4 15,1
151145 318477 4 2,1,8,4,5,13,1,14
15704 217069 4 2,5,0,3,8,4
110718 261896 4 12,7
319691 246655 4 3,9,5,2
88817 149511 4 6,7,4,3,5,8,12,14
182423 290056 4 14,7,12,5,12,8
307425 59530 4 15,13,8,6,4
247576 289568 4 8,3,14,6,14,6,12
270571 333891 4 5,3,4,9,5,2,0,3
358181 190327 4 3,8,10,10,13,4,5,4
237992 9131 4 1,6
24844 317932 4 11,10
69440 323531 4 7,12,4,2,5,5,9,0
23546 225868 4 0,15,14
92362 74000 4 1,5,4
245332 99669 4 1,1,4
177653 316754 4 1,5,7,3
354085 258826 4 6,6
305042 17117 4 5,10,4
249307 295629 4 0,6,7,12,1,1
380302 41258 4 13,1,12,5,8,11,14,1
278345 361564 4 11,15,10,15,1,15,7
307279 55434 4 1,11
310245 322632 4 5,12,14
353074 31138 4 1,3,4,7,3,12,8,12
147572 237089 4 4,14,3,7
166984 298934 4 13,8,12,1,9,14
197311 231858 4 9,0,14,11,0,5,1,5
366355 195824 4 13,0,12,8
219012 138494 4 8,7,15,0,1,1,4
329453 162824 4 8,12,1,5,11,7,8,9
269152 258600 4 0,4,3,2,12,14
11425 12522 4 7,3,5,7,2
35801 110439 4 0,14
327941 16480 4 7,0,1,5,7,14,8
127320 141704 4 4,3,4,10
352384 357506 4 9,10,15,9,1,2
179012 37722 4 4,3,4,3,8
304636 320378 4 8,1,5,4,0,2,3,3
144868 112231 4 11,6,5,7,8,7,12,6
282629 41686 4 7,8,8,8
48084 180729 4 4,13,8,9
242457 25495 4 15,9,3,15
356997 328310 4 12,6
106136 225417 4 1,9
293030 49130 4 11,15,6,13,5,1,7,8
143280 259571 4 2,8,3,8
31203 119199 4 6,15,2,3,13,5,0,3
5459 46503 4 11,4,4,12,1,1,1,0
315536 196123 4 8,3,12
285440 173471 4 1,0,14
174346 179200 4 1,2,4,4,3,11
221767 118334 4 5,6,3,7
299566 183915 4 4,8,5,4,8,9
166234 69731 4 11,3
246768 326124 4 15,8,14,5,2,1,12
276255 230202 4 8,5,9,14,14
201680 226644 4 7,14,3,4,15
229027 29617 4 5,4,9,12,0,7,8,5
154913 59550 4 13,8,4,1,8,2,8
192902 56163 4 6,2,15
346787 268726 4 12,5,15,4,13,9
166283 167280 4 3,14,3,7
148773 40658 4 7,14,13
122730 243835 4 13,0,6,7,7,13
174516 180704 4 15,1,0,5,4,3
168556 284302 4 5,1,10,3,15
34180 85762 4 4,9,7
241092 298430 4 1,3,1,14
233493 347979 4 12,7,12,6,15,6
189651 252535 4 15,7,6,5,10
170971 282380 4 14,2,4,5,4,6
216871 232429 4 14,11
155917 255729 4 7,4,7,7,11,7
63926 380843 4 7,5,0,8,4
139005 174289 4 13,6,14,3,4
115420 276314 4 0,3,1,12,4,6,7,15
185335 335213 4 4,15,13
111998 278769 4 3,6,5
372768 347084 4 8,9,6,8,2,13,15,5
336184 23982 4 0,7,12,5,3
200498 156031 4 14,2,7,6,6,12,5,8
323370 143452 4 6,14,3,6,1
267255 57411 4 3,2,4,0
120268 182949 4 0,3,5
114887 151841 4 6,4,0,7,9,3
301517 275086 4 3,4,4,1,3,8,8
59974 221318 4 5,14,7,15,3
99384 7090 4 7,11,0,11,1,4,7,15
154965 21517 4 2,8,8,3
258162 85766 4 14,7,7,3
321937 150389 4 8,15,12,6,3,2
336821 278186 4 4,7,10,6,5,0,7
378371 168355 4 7,7,8,8,1,9
332325 311417 4 3,3,10,1
314550 283961 4 4,2,12,1,11
10464 141912 4 8,14,12,6,3,5,12,1
175347 207478 4 1,8,13,0,1,1
105632 180674 4 2,8,3
53423 134648 4 15,1,7,4,8,0,0
11296 345013 4 4,3,3
278607 207722 4 1,14,1,2,8
281778 56886 4 13,8,3,6,8,13,8,0
319129 195885 4 2,6,12,8
153306 98505 4 4,13
145862 247190 4 4,11,7,0,12,7
29260 324555 4 10,7,5,3
198470 288148 4 11,4,2,8
330073 285384 4 4,6,14,1,1,1
6392 238390 4 1,13,4,13
32426 332352 4 8,15,12,14,3,7,14,9
13676 23983 4 4,1
359393 214017 4 8,5
290063 310191 4 9,7,7,13,13,9,4,11
135967 73383 4 1,7,1,14,8
320183 135179 4 3,4,5,7
291683 42558 4 5,14,15,7
127870 371734 4 9,2,0,10,9
296058 275711 4 1,4,14,8,7,8,14
323569 53762 4 7,9,1,5,8,4,6
152704 23922 4 3,3,0,6,13
323812 289878 4 8,7,2,3,3
362893 250001 4 4,4,4
100015 165566 4 9,1
137352 84542 4 6,8,14,9,6,8,5
197123 338768 4 2,8
252472 232979 4 8,7,14,3,5,12,7
287145 66547 4 4,13,1,2,3,3,6,3
45072 308028 4 4,8,15,5,4,15,12,1
187534 238804 4 1,8,9
340908 361794 4 6,4,7,15,4,15,5,12
94580 300789 4 7,9
278070 307234 4 3,5,4,8,6,15
136726 16287 4 14,11,7,5
360868 210191 4 12,4,7,8,4,0
358209 91574 4 0,6,7,11,12,5,8
12555 316670 4 8,3,13,1,8,14,1
275 71385 4 1,14,6,15,13,12,5
91973 118583 4 1,4,13
278056 373407 4 5,7,7,4,4,15
56213 254985 4 4,4,9
160835 129038 4 3,3,8,8,2
260535 59206 4 3,4,4,8,1,0
150854 10215 4 1,8,3
350552 78610 4 8,11,7,12,9,13,7,12
76504 68594 4 13,7,7,8,12
38538 349607 4 8,15
74319 312122 4 1,5
222618 135541 4 0,7,8,5,3,3,7,14
273484 329011 4 14,5,12,3,5
264077 95871 4 7,12,13
127522 327135 4 0,3,9,5,3,13,10,7
370723 320138 4 3,15,12,12,3,13
23015 135031 4 6,1,12
363941 337572 4 12,3
19721 312062 4 4,8,3,7,12,8,7
84906 375715 4 13,8,5,8,1,14,8
155947 107685 4 8,13,1,15,5,3,1
61033 281938 4 7,4,4,0,8,11
324672 69614 4 14,7,13,1,13,6
276173 146829 4 3,14,3,6
152293 279968 4 11,5,4,8
101802 14999 4 5,8,15,4
109063 169086 4 13,6,8,6,1,5,8
190226 83047 4 15,13,1
256010 213508 4 8,3,3,6,13,11
304927 138544 4 8,7,2,4
270974 215413 4 1,3,5,4,1
193783 198099 4 11,4,12,6,2,3,8,1
234718 324953 4 0,1,1,2
269257 336653 4 7,12,7
170027 163527 4 7,4,8,5,2,13,13
301694 301271 4 12,4,8,12,4,10,5,4
80714 213900 4 5,6
311438 238631 4 7,1
214692 316644 4 14,4,15,1,15
259121 240611 4 1,4
329124 334411 4 1,15
189593 180694 4 2,1,14,15,1,12
332518 254050 4 5,1
255330 65099 4 4,1,5,8
367547 338616 4 5,8,13,10,11,8,7,5
374864 217077 4 7,9,12,13,8,5
76559 85679 4 0,9,9,4,8,9,12
353859 11397 4 5,3,15,8,2,4,13,2
256657 91902 4 1,7
305511 269128 4 6,6,13,2,8,9
134869 163383 4 13,6,8
133719 82912 4 7,1,4,4,3
271429 244871 4 9,12,4,3,3,3
186873 284717 4 4,12,0,9,6,12,9
299020 369112 4 3,12
202139 323376 4 15,4
113226 254997 4 13,9,7,3,15
56385 209593 4 14,10,7,7,2
206578 146053 4 14,1,8,1,0,5,3,2
58689 238592 4 3,10,2,6,3
40813 41661 4 3,3,15,0,12,5,14
81214 45695 4 3,5,3
199164 327665 4 14,1
136674 60057 4 1,11,7,12,1
260060 335620 4 12,14,5,0
238932 44901 4 6,5,4,5
76763 188401 4 9,1,4,5
327256 55511 4 1,12,13,8
321848 93050 4 4,4,12
53604 285022 4 4,2,4,13,2,4,9
36222 280271 4 11,13,4,11,6,2
169190 243465 4 12,3,0,5,4,7,4
131956 164563 4 7,13,13,1,1,14
379481 16404 4 4,12,2,11,4,5
322844 239752 4 5,8,4,7,9
132180 130288 4 10,2,1
113978 280689 4 8,8,3,12,3,0,14
196124 373067 4 1,4,1,3,4
291544 14875 4 14,1
79579 199173 4 4,6
188302 246836 4 8,7,6,13,4,10,8,13
193959 123 4 2,3,4,12
113713 20917 4 14,13,7,12
268705 377786 4 13,5,1,5,15,12,15,0
66992 253722 4 3,7
224560 36292 4 1,5,8
267152 246469 4 6,1,10,1
127662 77939 4 3,14,3,0,0,6,5,7
176418 353161 4 7,5,3,4
8291 7970 4 0,7,13,7,14,5,1
375543 38447 4 7,0
346020 32682 4 6,7,6,7,1,10
353708 205588 4 11,8
210822 6291 4 3,4,13,5,4,12
13210 158352 4 9,0,10,0,1,1,6
125966 267018 4 7,7,9,7,3,13
60401 305601 4 5,1,0,2,14,10
363559 170985 4 12,5,1,4,13
304165 224652 4 8,12,3,4,3,13,6
335644 144008 4 1,12,5,1,12,3
230986 111281 4 8,11,4,7,3,12,12
123975 117049 4 4,1,6,8,4
286879 259350 4 8,13,5,2,12
243236 289258 4 0,1,5,6,4
219618 172044 4 4,1,4,12,7,15,8,14
117786 178612 4 13,9,4,7,5,7
235084 175887 4 14,11,0
185550 1217 4 13,6,3,4,1,5,2,6
272536 149747 4 15,8,12,8,5,7,10,0
133673 322798 4 4,7,7,1
141685 121009 4 8,1,4
130366 346419 4 4,1,4,8
144396 333312 4 3,1,15,6
162479 123215 4 15,12,12
113510 55449 4 0,1,9,0,1
63883 41142 4 2,4,6,7,8
307205 40851 4 13,5,4,10
2505 49934 4 7,8,14,4
217641 358504 4 14,15,7
340591 334446 4 6,15,6,5,2,7,14,15
98461 57990 4 5,4
93510 8731 4 4,2,1
51952 103815 4 7,7,12
120802 299983 4 6,8,5
58769 65133 4 14,3,8,12,4
289886 356913 4 15,2
288474 364051 4 7,11,5,7,12,3,13
228086 69840 4 4,12,6,13,3
306939 196758 4 3,1,8,5,10,12
260776 256583 4 6,14,11,3,14,4
4366 238304 4 7,8
162125 332524 4 0,5,7,7,5,12
76148 71514 4 7,7,9,11,7
142904 263520 4 11,7,1
191032 97629 4 1,3,15,1
314497 215408 4 4,12,11,12,7,2,5
320016 215617 4 5,8,9,1,5,6,6,7
338363 316438 4 2,15,4,5,9,5,3
37957 12036 4 13,12,6,14,7,12,3,1
4611 234938 4 0,8
52043 334227 4 2,4,9,11
47072 207080 4 8,0,8,14,14,7,12
323458 298725 4 8,7,8,2
331605 291273 4 4,7,0,4,13,13,9
367736 3178 4 5,8,8,2,3
99662 143691 4 11,13,11
176364 207254 4 15,14,12
77836 12850 4 11,1
263481 274559 4 0,5,3,3
83405 25954 4 14,7,4,0,8
57671 301743 4 14,5,2,3,14,4,14
214 168895 4 3,4
367566 174175 4 9,14,1,3,12
295484 190244 4 8,3,8,12,3,12,4,3
227436 272698 4 2,4,6,5
194137 99174 4 8,6,8,10,12,3,6
226425 136197 4 11,8,7,1
127913 19224 4 1,12,6,8,2
63274 148201 4 4,6,3,3,8,12
257601 70843 4 15,15,4,13
262541 263963 4 3,6,3,6
271868 36162 4 3,7,8,14
99822 353100 4 13,2,14,8,11
82961 34128 4 5,4,1,4,11,8,2,8
246644 287583 4 3,7,1,13
207876 243034 4 13,10,5
344309 192891 4 13,10,4,4
70007 273615 4 15,7,12,8
154276 5460 4 6,9,11,13,12,8
104499 124238 4 0,3,6,4,14,9
260775 288658 4 12,6,12,8,3,12,10,15
59290 215515 4 9,12,4,8,7,14,10
34662 277319 4 8,9
110837 348322 4 4,15,5,5
198615 163599 4 4,4,4,8,0,11,2,7
34335 106096 4 1,3,2,12,2,3
339436 340570 4 9,3,6,2
330989 345914 4 8,12,4,8,3,5,10
224963 12059 4 13,3,6,14,5,12,5
376941 249175 4 11,7,5,3
288474 358257 4 1,11,0,5,0,12,13,11
268856 157840 4 10,4,12,1,0,8
113529 219142 4 8,0,14,14,8,12,3
35186 72869 4 12,1,2,7,3
368178 69762 4 2,5,2,4
133030 211371 4 8,12,4,4,14,6,7,10
331711 374510 4 1,7,7,13,7
6033 9235 4 4,4,7,13,1,8,7,14
94008 177652 4 4,8
46473 163052 4 4,0,15,8,8
196562 353441 4 12,6,3,4,3,11
344108 213961 4 5,6,1
223173 29319 4 13,2,1,3,8,3
256792 326032 4 1,8,11,3,4
298985 148956 4 8,12
285705 198981 4 1,5,14,6,0,1,15,5
49820 126013 4 4,8,4,0,1
115103 85842 4 14,1
3910 39202 4 9,0,15,14,14,4
32238 330259 4 12,11,4,4,13
373151 230706 4 12,13,6,10
349104 111120 4 5,1,3
264896 292255 4 5,8,1,5
308262 56082 4 7,4,5
78995 320266 4 13,5,6,7
27387 334727 4 6,12,2,11
131036 344657 4 8,2,3,15,12,5
111661 267105 4 7,5,4,15,7,2,9,3
30790 258102 4 2,1,11,3
214473 357984 4 0,3,6,7,12,3,9
184504 33284 4 6,7,1,14,4
328475 358872 4 7,9,3,4,1,4
115525 58395 4 11,1,0,15,4,8
70812 266316 4 7,13
11794 284600 4 9,10,5,12,8,5,11
158635 253630 4 3,2,7,5,10
148754 372433 4 7,9,7,14,15
242962 208139 4 10,7,7
182561 39156 4 11,7,7,13,4
161182 292315 4 4,3,0,7,14,14
368218 138075 4 6,2,8,4
215345 293448 4 2,8
356109 250794 4 5,1,8,4
8613 287603 4 14,1,7,1,1
13788 143079 4 2,9,6,3,3,5,2,5
317315 79741 4 1,5,14,1,5,1,8,10
35659 182800 4 13,5,1,6,9,12,1
173959 377187 4 8,4
94204 219006 4 1,3,6,9,1
15510 28174 4 1,7,10,7,5,15
22990 160642 4 8,1,4,12,5
345985 375642 4 0,3,5
2176 316064 4 4,12
358339 108768 4 0,3,8,2,3,5,0
131330 150908 4 3,14,5,5,2,13,6,4
40199 284311 4 5,12,3,6
276833 172741 4 1,13
183444 25767 4 1,3,3,7,1
141801 260892 4 5,5,9,14
9639 340018 4 8,5,12,15,12,6,7,6
17165 208592 4 12,1
103317 367315 4 13,1,8,3
272857 99512 4 6,12,1,5,15,13
23653 93254 4 6,6,4,1,11,14
165232 352592 4 14,8,5,4,15,7
179936 75099 4 5,5,14,3,6
64420 367390 4 3,7,1,5,13,1,3
201745 171013 4 8,5
371444 277855 4 5,13,10,9
359592 19871 4 13,15,13,1,9,9,7
316328 376937 4 7,11,3,5,7,3
209059 183760 4 0,15
319852 65417 4 15,4,3
202529 322496 4 14,15,0
287427 277131 4 8,5,13,9,9,1,3
212719 155836 4 6,14,11
27133 273471 4 13,12,3,4,15,4
231095 45007 4 5,12,2
382046 372649 4 2,14,7,9,6,5,1
169232 93251 4 8,2,13
364461 245837 4 13,14,8,7,1,6,4,7
219790 347470 4 3,8
361531 368975 4 13,3,6,14,7,5,5,15
131413 33621 4 3,12
332540 59858 4 6,2,7,14,8
254389 94459 4 8,4,4,6,8,11
177170 327936 4 9,9,1
271378 243133 4 9,7,0,5,13,13,4,5
74148 29667 4 4,14,11,4,0
137491 307897 4 11,4,4,6
377542 69173 4 3,6,15
68668 111168 4 3,6,2,14,13
45354 362841 4 8,5,0,3
253010 363455 4 8,3,12,2,12,7,15,0
5291 118336 4 5,8,7,1,7,3
321542 312418 4 1,7,12,11
342999 136352 4 0,6,0,1,15,13,4
337315 260736 4 4,7,14
211276 10179 4 2,5,1,9
258392 382842 4 2,5
155533 85915 4 3,0,8,7,3
193131 303528 4 7,7,12
243812 170085 4 6,13,13,4,3,13,4
270887 146851 4 13,1,8,13
36028 349117 4 2,6
254576 287648 4 12,2
354137 287837 4 7,12,4
275626 233287 4 7,4,5,11,12
361304 31832 4 13,9,5,5,7,14
69937 85369 4 11,5,9,3,0
161647 62269 4 13,4
165211 176650 4 4,0,7,6,0,1,4
37381 149017 4 12,14,3,14,15
147256 297515 4 0,14,12,1
92793 90727 4 5,12
346722 317171 4 13,15
119053 92230 4 4,14,14,0,3,8
126588 81262 4 8,0,11,6,3
67039 204551 4 14,7,13
143865 22930 4 8,5,1,2,14
200526 72103 4 1,12,7
660 311259 4 12,7,10,3,3,11
148888 245822 4 5,1
34499 3267 4 0,7
22257 191845 4 9,11,12,5,7,10
219153 96617 4 3,2
29417 111263 4 14,15
150630 65815 4 0,5,3,8,7
179620 29924 4 13,5,4,3,7,10,7,1
271599 194719 4 3,8,2,3,7
346040 155802 4 7,7,13
52341 235432 4 4,6,2,1
277021 234552 4 1,2
223432 164894 4 13,0,3,13,7,12,6
241134 133260 4 12,1,13,3
78467 16681 4 12,0,13,3,8,3,11
167710 191270 4 0,13
198320 351431 4 12,4,9,6,5,10,2
227474 5392 4 7,1,8,11,6,6,13
334153 39916 4 6,13,12,11
293284 356601 4 6,4,11,4,10
130395 284357 4 3,8,7,12,10
311571 17145 4 12,15,6,4
381294 313111 4 4,7,9
155423 313364 4 3,4,7,1,7,7,0
317904 169532 4 4,6,7,10,7,15
301280 344064 4 7,3,14,14,12,9,13
333869 116808 4 8,11,4,10,3,3,4,1
157053 223510 4 12,1,5,14
189344 89584 4 9,13,4,9,2,13,1
37559 315250 4 4,14,2,7,10,3
228674 75038 4 4,3,7,7,12
27519 109680 4 5,4,8,6,5,15,3
100109 241249 4 1,4,3,7,8,5,2,3
307191 49473 4 5,1,6,5
209173 55443 4 15,13,6,5
345848 215754 4 3,5
262533 268457 4 1,4,4,8,12,5,5
26349 18013 4 6,11
378698 135097 4 5,5,11,8,7
227153 365584 4 1,8,12,13,8,3
141029 284505 4 0,7,6,10
74407 211675 4 6,12,8,1,3
133118 38267 4 8,7,7,14,4,5,6
333069 164578 4 14,14,7,9
302361 94690 4 0,6,7,4,3,13,7
83527 263645 4 4,14,15,6,5
256679 290343 4 5,1,7
265925 102378 4 14,8
133749 236701 4 7,3,14
151285 142746 4 3,7,5,0,15,8,12
42928 36376 4 14,6,4,13,5,11,1
107725 3776 4 5,13,14,8
234989 170539 4 3,4,2,7,3,5,15,1
264730 246080 4 14,15,4
300718 175913 4 9,8,13,12
308912 234956 4 1,7,6
215459 197837 4 15,3,3,6,0,4,2,13
246307 35139 4 1,8,15,11,8,7,8
51465 358463 4 8,6,4,0,5,2
146622 169201 4 12,2,0,8,8
299716 82123 4 0,14
156017 223353 4 8,7,15,14
182043 301199 4 5,13,7,9,0,4
361880 246815 4 1,12,9,4,14,8,14
123238 131652 4 3,8,2
313099 319595 4 7,0,14,14
322395 56447 4 14,12
152144 122128 4 14,6,4,4
328536 23369 4 0,4,8,1
228625 294587 4 1,9,7
357298 79520 4 7,9,5,6,13,4
276247 279 4 15,9,5,13,7,0,12
320135 278886 4 0,13,12,8,3,5,2
3644 352723 4 1,8,2,8,7,4,13,12
353238 237111 4 0,13,8,3,11
334045 361869 4 7,10,9
51901 142136 4 8,1,4,4
252109 57075 4 8,4,4,6,12
364855 319 4 12,8,11,5,5,7,12
205396 378441 4 7,2,14,8,13,1,8
335102 208642 4 3,3
235825 64601 4 5,1,15
312657 352443 4 7,0,14,6,15,8,1,8
277334 272563 4 1,7,13,1,9
116926 151869 4 0,4,4,6,3,5
349918 28554 4 5,5,12,8,5,7
62427 225254 4 4,14,8,6
358291 271632 4 5,11,15,14,12,6,12,6
31621 127403 4 15,5,0,5,12,0
338623 323574 4 13,4,11,1,5
41128 251417 4 12,13
40658 325164 4 0,15,4,3,1
40419 308578 4 5,12,12,4
290772 187294 4 3,12,6,10,5,3
266289 47460 4 7,3,1,4,10,12
66723 72750 4 8,5
383779 345299 4 7,9,1
209357 138451 4 14,12,6
321368 333396 4 13,3,11,4,8,0
159303 268100 4 12,5,8,7,4
375763 46786 4 1,7,6,1
54746 360022 4 7,3,8,5,3,7
224905 76812 4 4,11,12,3,3
4665 183170 4 15,15,2,8
222525 19901 4 7,1,7,8,2,8,0
203823 285778 4 6,1,1,13
50307 348841 4 6,0,3,1,10,3,8,3
93384 65116 4 13,12,12,9
181989 351069 4 12,11,12,4,6,2
281475 4156 4 0,8,1,13,3
232113 313567 4 12,2,7,6
127666 341052 4 1,1,12,4
319504 25198 4 0,5,2,8,4
17802 322967 4 5,1,1,12,7,3
87975 214745 4 6,8,6
130840 96656 4 9,4,14,3,4,7,2
16281 302731 4 8,15,1,8,1
103811 182218 4 5,4,1,9,13,8
330087 256237 4 14,6,4
269032 141101 4 8,15,3,4,0
172328 365386 4 3,3,8,5,11
26681 368996 4 3,6
242740 171751 4 3,8,10,15,5,4,2,9
104569 209343 4 0,4,6,3
369789 138836 4 5,6,4,11,7,12,3
158413 3822 4 9,0,10,2,14,3,4,11
371438 380432 4 4,15,3,14,11,6
331870 349438 4 6,7,4,3,12
254432 148234 4 12,14
130172 130066 4 5,2,1
359948 15949 4 4,8,4
88613 211344 4 3,3,4,3,7
313018 127105 4 14,8,5,14
174176 327264 4 3,5
49373 151879 4 4,8,13,0,1,8
171222 379115 4 4,7,14,5,7
270884 131201 4 1,1
261155 287402 4 12,4,8,2
375278 295935 4 10,8,13,15,0
230091 312073 4 15,10,5,7,7,1,14
326254 381490 4 14,12,0,3,3,6
11175 246094 4 5,12,5,6,3
361121 87426 4 7,5,7,13,9,12
147192 338569 4 3,2
176766 254528 4 3,1,3,3,11,0,3
188132 287030 4 9,4,7
238847 321721 4 3,14,9,15,5,4,7
166719 337119 4 5,2,12,4
290453 365573 4 4,6,5,3,7
74043 294219 4 9,5,7,9,1,1
315749 235704 4 6,9,3,15,3,0,6
330971 66394 4 5,5,5,3
264597 46761 4 8,7,3
195132 181525 4 13,4
46726 244475 4 4,8,0,5,5,3,1
327076 81573 4 14,1,4,9
67006 138072 4 13,3,5,5,12,14
300880 272697 4 7,8,10,4,14,8,5
113129 291741 4 3,15,3
338708 250059 4 8,0,2,3
317115 158930 4 7,0,8,0,8,3,15
72121 243220 4 7,12,6
226497 185534 4 6,10,4,4,6
73515 119621 4 8,15,5,9,13
110265 148619 4 8,3,1,3,4,13,12
37197 223037 4 3,4,3,8,12
114986 276657 4 7,0,8,4,14,13,3
118851 326461 4 9,7
286513 96859 4 1,4,8,6
361692 132842 4 1,0,3,12,5
133682 354041 4 15,8,15,4,10,5,5
114646 38735 4 4,15,14,12,0,15,5,14
290748 15249 4 5,7
110756 208351 4 4,1,5,12,0
44259 383539 4 3,4,5,7,13
148232 104060 4 6,3,5,12
67899 291620 4 0,1,9,7,7,1,11,2
110097 96436 4 7,5,1,8,13
235598 148197 4 13,4,4,3
226678 10692 4 6,5,6
272711 375070 4 9,9,14,15,5,1,14,3
124465 15633 4 4,4
186718 230128 4 8,1,0,1
177708 32416 4 12,5,3,1,1
217306 280858 4 14,1,6
367344 41698 4 7,15,6,9,3,3
344893 311259 4 4,7
19948 371559 4 1,4
146799 49413 4 3,4,3
6570 325105 4 3,7,4,2,4
170123 292481 4 1,6,7,7,6,1,2,4
34018 77712 4 9,1,6,1
157467 914 4 0,15,7
237889 223283 4 1,2
263854 247259 4 5,9,13,13,5,10
241193 59763 4 5,0,5,1,1,7,1
364858 364452 4 7,10
76342 248366 4 11,1
46954 157537 4 11,12,0,0,13,3
239160 188194 4 4,13,13,15,4,14
76319 231551 4 4,6,13,3,2,4,12
291852 131999 4 4,5
360682 108435 4 6,1,4,3,14,12,4,7
145213 36372 4 1,14,7
147558 273001 4 8,15,4,14,7,5,13
58631 383192 4 4,0,9,13,2,4,5,12
239093 241452 4 9,4,3,6,8
340566 127399 4 4,3,15,8,4
59505 103429 4 7,12,10,1,5,0,12,1
332718 201422 4 4,3
292184 236956 4 11,3,10,9,4,15,3
136693 24094 4 3,13,3
358395 102943 4 5,2,5,15
337985 225334 4 13,4,6,4,7,6,1
322520 9100 4 13,2,8,2,6,3,12
276404 7358 4 3,3,3,11,1,7,1
349100 163263 4 11,4,1,8,3,14,5,3
38177 230533 4 8,8,2,2,8,1
196029 374435 4 12,0,14,1
378673 142153 4 3,4,11,11,13,4,4
97503 268991 4 12,4,6,7,13
334618 330610 4 6,3,3,12
31126 92522 4 1,15,3,12,5,8
56442 195134 4 4,9,2,1,8
89286 87930 4 8,12,14,5,5,4,6
336154 96932 4 6,12,8
53986 179722 4 7,8,13
183152 59587 4 8,8,5
63349 302815 4 4,5,6
305270 115867 4 0,12,1,7
165560 289543 4 6,0,4
223024 80417 4 8,7,13,7,3,4
192923 22692 4 5,3,7,4,3
364829 108867 4 3,0,4,10,8,4,8
301394 317992 4 4,13,1
232846 301363 4 1,7
58830 333784 4 3,6,7,9,1
76308 96413 4 2,3,13,4,5,8,12,2
278646 158999 4 1,4,7
320020 285096 4 15,1,3,11
338593 383337 4 5,9,2,12,14,15
165285 250639 4 15,13
147624 71355 4 9,5,3
7872 262995 4 2,12,14,4,8,5,6,15
315958 265014 4 7,0,7,9,1,2,12,5
201712 230502 4 1,3,5,15,15,6
144082 108037 4 6,4,8,5,14,13,14,6
270886 100042 4 4,2,2,13
136395 199634 4 8,3,2,15,5,14
50827 182034 4 14,7,7,3,7,3,1,9
192632 298127 4 12,2,5,6,14,12,13,15
52996 340058 4 0,6,6,3,12,12
205668 327797 4 7,3,14,3,7
319769 200447 4 7,6,7
108440 321326 4 7,14,9,12
202522 235985 4 9,7,8
96160 290228 4 4,8,8,13
171004 381052 4 2,3,8,4,14,5,7,12
94516 200042 4 12,5,14
131980 284568 4 7,8,4
306325 147446 4 3,5,14,13,8,2,5,4
210030 239570 4 8,2,7
161934 312643 4 14,4,2,8,8,5,4
251366 9285 4 5,5,1
225010 23073 4 2,7
319241 163878 4 7,2,8
128372 353233 4 4,12,1
282006 331802 4 9,13,1,5
3599 87914 4 5,3,9,4,4,3
259606 283592 4 3,14,5,4,12,8
225317 193703 4 10,1,15,8,12
366019 329779 4 5,10,10,6,12,3,13,3
169045 307729 4 15,3,8,1
154169 179630 4 2,12,8
138554 282689 4 9,7
165461 359102 4 8,1,15,7,7
5826 173692 4 14,1,13,12,8
1372 138442 4 5,14,4,10,8,7
371497 129255 4 3,4,11,1,1,10,12
142703 309612 4 3,0,6
102629 170020 4 2,3,14,6,5,7
199887 114079 4 0,6,7,11
66607 275243 4 3,9
97265 146798 4 14,7,3,0
95855 59274 4 12,5
257607 32874 4 7,3
204758 151648 4 5,0,5,6,11,13
220967 274368 4 1,1,12,5
241383 333164 4 4,5,7,7
225827 18265 4 3,10,4,7,6
311234 119423 4 7,5,8,15,7
376230 268741 4 6,3,6,5,3,4,14
149426 286943 4 10,14,4
100719 128426 4 10,4,1,12
244843 200842 4 11,10,14,3
230304 245317 4 14,9,0
61707 17534 4 14,15,8,6,14
65698 297665 4 11,9,4,15,5
73967 248651 4 3,3,4,14,5,9,7
11267 349085 4 13,8,1,4,3,5,12,12
229087 117521 4 5,14,5,5,14,7
344512 201052 4 7,8,3
110936 214460 4 5,5,5,5
17910 378714 4 1,14,8,10
174042 159613 4 0,14,15,5,9,5,8,3
168452 138031 4 10,7,2,1,7,6
124188 231689 4 11,5,14,14,7,8,3,8
313726 364313 4 7,4,8
149650 175252 4 14,15,3,12,8
274738 29955 4 4,14,8,8,13,12,14
100049 332657 4 8,6,9,1,4,3,14,3
81957 344000 4 5,5,2,10
94477 251390 4 7,11
284035 296435 4 4,11,10,14
45975 292998 4 11,0,7,14,4,7
14384 323994 4 15,3,9,9,4,5,3
117408 289779 4 1,3
143327 94813 4 8,15,6,8,6,13,7,8
52707 225099 4 6,7,3,0,9,14,3,11
237881 244281 4 0,3,6,4,5
172440 91521 4 12,11,3,3,3,14,6
339931 5949 4 8,11
368550 327558 4 3,3
104906 9735 4 3,7,13
118633 141852 4 7,12,1
217042 7797 4 12,15,6,3,8,2,8,2
377733 295764 4 1,14,1,5,9,10,1
259704 106473 4 12,12,6,14,4
318952 43744 4 14,5,5,6,12,7,13
85749 128449 4 6,2
294043 262026 4 0,7,10,2,4
302751 218287 4 12,6,8,8,5,12,5,7
312382 262310 4 15,13,15,6,8,8,13
33097 188278 4 1,6,4,14
286539 79893 4 7,8,4,8,1,8
292509 295076 4 9,4,2
33909 131282 4 9,6,12,7,2
248690 194696 4 5,7,12
82867 144768 4 4,4,3,8
132095 269895 4 10,6,12
284720 116788 4 14,1
70427 40520 4 5,1
330310 195318 4 2,5,5,1,7,9,12,7
84020 34413 4 12,14
221605 1059 4 9,8,13,1,8
254360 218722 4 5,1,8,15,3,13,10,2
58447 349092 4 4,1,3,1,5,10,12
323804 161117 4 14,8
214438 81301 4 7,5,7,8
210868 132114 4 8,4,14
12555 69764 4 9,4,1,7
318881 332634 4 13,4,0,4,1
217560 42168 4 6,7,6,3,1,4,13
203817 169123 4 6,11
209457 120816 4 4,15,0,12,6
217645 55006 4 8,6,14,15,3,15,6
280862 77599 4 13,12,6,3,7
343352 360673 4 3,15,0,1,3,14,15,8
186801 65248 4 0,4,4,7,7,0,12,8
173586 283169 4 0,5,9,7,9,8
122745 296960 4 10,6,1,3,8,8,3
377015 283198 4 13,3,1,3,14,1,15,13
152398 301587 4 7,4,5,14,6,2
282513 56162 4 12,12,15,13,4,11,4,4
26936 15265 4 6,1,5
100315 281074 4 6,3,13,7,2,9,6
61502 83016 4 4,5,8,1,4,9,3
33348 286107 4 13,0,8,4,12
148258 291031 4 11,12,1,4,15,8
210354 353320 4 13,12,15,15,7
377380 207872 4 15,8,5,12,1,7
34520 142328 4 6,7,3,8
187309 220859 4 6,6,14,11,7
164552 307976 4 6,4,5,3,7
191312 134649 4 6,6,6,2,13,8,13,0
236838 256937 4 4,11,4,14
108071 15405 4 12,1
88759 200422 4 1,14
226439 153020 4 7,14
147653 163562 4 5,11,11,2,4,14,3
108841 77941 4 4,3,3,4,10,7
184167 73240 4 13,5,5,14,6,13
288091 16994 4 4,10,1,4
69181 35676 4 4,11,9,7,12,8
376349 131540 4 9,5,5,14,11,5
304924 239331 4 4,4,7,1
48628 139902 4 15,1
36842 153970 4 3,1,4,14,8,4,7
59049 32059 4 11,7,5,2,4
188571 252579 4 6,1,15,6,4,13,7
199580 87824 4 1,5,1,14,9
276182 16956 4 8,3,15,5,10
277542 195665 4 8,13,1,2,1
344207 53865 4 12,14,14,13,14,5,9
134655 123765 4 11,1,8,3,3,12,10,9
117185 218684 4 4,7,4
262749 187149 4 8,5,1
105230 87185 4 7,8,4,4,4,7
327554 235775 4 3,4,12,7,3,1,13,1
129517 158739 4 4,1
291193 288696 4 0,10,10,5,9,7
96636 157228 4 8,7,8,3,7,3
173946 244965 4 4,7,11,12,4,8,14
181294 295940 4 13,11,8,6,1,7
13315 25712 4 8,11
230109 268813 4 3,8
81711 109596 4 5,11
215892 11157 4 8,1,7,7,1
282600 292793 4 7,12,8,7,14,9,0
51290 307208 4 6,7,5,3,4,4,14,7
236792 3212 4 3,13,0,11,1
91758 541 4 12,3,0,0,5,14
212753 211932 4 3,8,15,12,13,5,14
359392 173955 4 2,4,4,14,5,12
92384 252671 4 15,3
362101 82683 4 11,1,8,8
219391 131249 4 15,14,2,4,3,5,4
365227 320093 4 2,6,8,10,5,13,7,4
164156 158297 4 4,1
117859 16361 4 0,14,13,1,6
41115 119764 4 15,1,5,3,11,5
173906 32891 4 14,3,6
178939 238527 4 10,7,11,3,5,2,5,2
37242 59014 4 4,4
58063 101249 4 5,13,8
59821 322273 4 2,3,1
190832 120518 4 2,8,4,7,8,2
113815 206420 4 3,13,7,3
384024 19804 4 6,2,4,8
337636 244679 4 3,12,5,15,5,1,7,15
155987 51588 4 13,2,5,14,8,6,6
55568 158323 4 1,14,3,7,5,6,2
309062 148501 4 1,1,15
317921 290958 4 14,9,7,15
217810 154182 4 8,13
276731 369201 4 5,8,14,10,3,7,8
287236 152973 4 0,4,5,2,5,3,1,3
327667 324506 4 3,15,11,12,15
29200 287837 4 4,13,7,3,1,3,4
185888 81180 4 7,1,6,6
262568 54919 4 9,6,7,4,13,7,5,7
180828 316725 4 0,8,3,5,12,3,4
378192 365685 4 6,5,7,11,3
237112 195833 4 8,0,15,2,13,13,13
259764 327228 4 6,6,8,7,9
235765 324500 4 12,4,14,7,10,5,15,6
29420 382677 4 10,13
61643 290259 4 7,1
90649 200286 4 6,3,13,0,7,12,3
361932 261861 4 4,7,1,2,1,4,1
106214 118198 4 13,1,5,7,2,7
114749 264522 4 14,6,8,0,1
351910 12514 4 12,10,3
80668 143202 4 11,3,3,5,15
43881 59118 4 1,7,9,1
314076 108583 4 2,1,5,3,3,7,5,5
214672 98573 4 4,4,15
73744 2758 4 3,8,14,1,3
378137 332986 4 1,13,1,3,1,8,1,4
297708 108183 4 2,15,3,3,8,9,6,0
41882 31219 4 0,14,5
67626 1630 4 10,1,11
308109 212042 4 8,9,4,0,9,9
114309 333813 4 1,1,1,13,0,1,13,3
347068 346006 4 15,6
364910 32395 4 1,8,1
78183 201009 4 5,5
333325 110671 4 7,12
343574 36991 4 12,12,3,8,9,15,3,6
238269 217967 4 15,4,12
337849 166890 4 6,12,15,2
66457 376848 4 5,7,8
32802 100529 4 6,12,1,3,4,8,4,5
82171 351677 4 4,4,0,1,5,0,11
111473 44178 4 6,7
305359 102555 4 8,3,8
344882 227950 4 12,1,5,10,13,0
247535 162114 4 12,9
269859 45207 4 12,6,8,14,0
125156 89157 4 5,10,6,8,15,3
107762 88508 4 4,11,5,13
167963 229414 4 7,4,6,5,5,12,4,13
315211 231690 4 14,9,1
338966 245340 4 9,4,5
213242 108992 4 11,6,5,0,5,1,4
206899 83001 4 3,7,5,2,12,4,1
95472 116497 4 3,8,0,7
301232 113650 4 15,7,8,13,8,10,14
265870 184814 4 13,13,4,8
372746 155197 4 12,8
97639 126894 4 7,5,12,5,3,7
194106 380066 4 12,0,8,3
78271 104383 4 7,12,10
115578 112619 4 5,14,5,7,11
101738 364908 4 14,3,5,3,12,9,4
48381 2808 4 7,3,0,12,1,8,12
211835 357287 4 10,6,9,14,14,14
375874 350186 4 4,6,13,9
81628 265584 4 1,6,3,8,7
261763 246227 4 7,8,3,9,2,7,5,6
16274 217626 4 3,15,5,10,8,8,2
84740 66599 4 0,13,12
20148 279495 4 5,11,7,5
84770 224357 4 7,7,8,1,2,7,10
91430 204020 4 10,6,2,3
251322 340358 4 4,7,13,8,12,5,3
214365 319744 4 13,15,1,5,3,1,14,14
99227 73195 4 3,6,8,12,14,4,12
27174 116931 4 11,1,9,15,8,3
271081 167827 4 7,13
231016 106911 4 14,7,12,9
34607 304430 4 12,12,5
187843 157352 4 3,7,3,3,13,13,7,4
143206 224926 4 7,10
185975 7719 4 7,5,3,2,8
206754 299164 4 8,3,2,4,7,7,14,5
240392 148895 4 4,13
229262 248924 4 2,8,1,7,15,3,4
183122 27160 4 14,4,10,9,3,3,6,7
41975 77362 4 4,9,12,13,15,13,1
10255 138901 4 13,7,14,7,1,14
147060 62258 4 10,5,0,1,13,13,0,14
356815 293295 4 5,3,3,12,11,2,4
61185 48576 4 11,1
362411 92859 4 3,8,11,3,11,12
317821 200299 4 0,3,0,5,6
349604 326939 4 9,3,1,3,12
16453 169433 4 6,4,7,12,3,7,0
47752 317677 4 1,13,0,3,8,8,5,12
246839 246830 4 15,10
84259 133455 4 7,11
207683 90123 4 8,1,2,7,5,12,8,14
64230 354360 4 4,9,7,6
226599 374897 4 1,14,4,13,3,12
374043 336513 4 8,10
197793 277576 4 15,15,14,13,7,2,5,1
299823 34059 4 13,1,8,7,12
246346 114030 4 8,9
312328 356900 4 7,1,4,1,11,13,12,3
188687 182927 4 3,8,1,1,4,5
30496 188232 4 6,1
79333 122017 4 3,1,14
340540 103582 4 13,3,6,13,1,6,9,4
92669 263537 4 14,7,1,5
170033 45063 4 12,9,14
100626 7454 4 8,11,1
259352 292824 4 1,6,12,3,13
290944 271420 4 3,3,6
278444 230287 4 13,13,12,4,6,7
161470 8203 4 7,2,4,13,3,3,10,8
2813 142554 4 3,1,14,1,13
2208 198866 4 8,0,13,15,8,8,12,3
104699 227454 4 3,15,7,14,13
359691 119380 4 6,14,9,12,8
244327 115683 4 5,2,7,12,14,15,7,3
9315 68155 4 4,15,13,7,8,3,11,15
353436 231235 4 2,6,7
226697 192552 4 15,8,4,4,15,10,8
74855 5954 4 8,3,6,1,12,14
210125 155725 4 12,12,7
120784 69345 4 4,7,1,0,6
39773 221949 4 1,11,1,8,13
240180 276214 4 8,10
345879 339317 4 15,14,8,1
169400 189706 4 4,5,7,3
241650 130456 4 14,4,11
333775 109133 4 1,2
171119 138617 4 11,6
244293 36414 4 7,5,2,8
257464 373333 4 1,3,3,5,7,3,9
125529 69791 4 4,3,13,0,1
174238 151246 4 3,15,10,10,1
38239 140420 4 1,0,3
355568 370737 4 12,3,7,8,15
199055 18860 4 14,7,14,15,4
37709 250283 4 11,0,4,3
110718 54516 4 7,0
373067 300247 4 12,15,0,0,7,3
49647 186843 4 9,10,1
94399 248027 4 4,6
131815 277738 4 6,10,5,11,15,8,13,3
285999 370354 4 11,12,14,4,9,1,10
32555 334260 4 4,12,12
270729 71102 4 0,3,7,5,4,4,5
355965 83897 4 14,15,3,1,6,11
39811 202431 4 11,4,6
9088 267643 4 14,0,8,12,9
219243 249467 4 9,1,1,3,8
255482 225101 4 3,15,9,3,13,11,7,4
18521 351214 4 10,12
118921 156746 4 1,12,14,7,11
137141 40898 4 6,6
344174 319709 4 6,14,3,12,4,11,7,0
204376 94187 4 4,12
171653 88900 4 14,4,15,3
85983 327327 4 1,8
49035 331189 4 8,9,15,8,2,1,12,13
233497 31774 4 1,9,15,1,9,8
214517 174263 4 1,4,1,7,0,9,5
119957 22125 4 13,5,13,13,4,5,4,15
125777 340762 4 8,5,3,1,8,7,5
203413 129049 4 15,4,7,5,4,3,6
362269 288489 4 12,3,4,13,8,4
344335 78402 4 3,1,4,11,10,1,9,4
50830 36194 4 3,5,13,4,1
308102 78403 4 7,3,3,1,10,4,11
190945 43865 4 12,8,0,10,9,0,8
240444 208017 4 7,9,8,12
108665 303844 4 4,14
49150 99608 4 6,1
173541 224208 4 5,7,14,14,2,6,3,13
334959 10424 4 8,10,2,6,1
128004 103893 4 1,5,1,4
30606 329461 4 7,8,1
372430 202888 4 8,4,11,10,7,4,12,6
73571 239763 4 3,7,1,8,12
196978 123376 4 11,4,7,3
229405 359986 4 12,3,1,3
67774 341741 4 3,3,6,4
20485 317313 4 14,2,1,6,1,5,8,6
339877 152523 4 11,13,7
226928 5540 4 9,8,4,3,9,4
283929 145984 4 0,1,3,12
134116 237216 4 0,8,6,4,8
309790 201942 4 14,13,3
268672 66330 4 3,3,9,8,15,1,12,5
340837 363341 4 8,13,13,3
283497 282061 4 13,8,13,0,11,3,5,5
47528 200258 4 10,12,5,4,12,1,1,8
55337 232189 4 15,14,8,5,7,8
36629 114122 4 12,4,10
167982 233591 4 8,14,10,7
140301 4857 4 13,14,13,2,5,3
201733 374679 4 3,1
304211 138325 4 14,8,14,7,9,7,11
243946 298578 4 5,8,0,2,3,6,7,1
361184 266487 4 1,9,7,11,14,6,2
301439 114461 4 9,8,5,14
140453 338744 4 9,14,4,15,15
296445 207746 4 1,1
155921 361276 4 10,5,5,4,0,5,14,8
172513 4334 4 5,9,0,9,8,1
191738 17319 4 7,7,12,4,8,7,2
343620 260240 4 3,15
87323 288995 4 10,1
255007 185080 4 1,8,1,4,6,4,4,4
132886 295383 4 7,4,15,6,12,0,7
223114 121957 4 11,5,0,0
100876 24621 4 4,9,8,4,8,15
236373 229744 4 10,4,15,12,6,0
125537 81820 4 4,5,1
121758 197849 4 3,1,4,5,6,4
383741 20012 4 7,3,1,10
376369 351688 4 4,3,4
8807 49562 4 6,6,11,1,13
197373 118764 4 11,14
112414 208128 4 1,1,2,4,2
255672 157647 4 1,1
107757 345741 4 7,9,5,2,11,6,6
298822 158916 4 3,11,1,1,7,6,4
269234 166025 4 6,8
379336 128146 4 10,11,3,13,2,3,4,3
69498 197306 4 4,7,5,1,12,7
256449 202777 4 7,7,4,1,12,14,5
179372 11551 4 10,8,1
323660 377961 4 7,8,4,0,4,4,4,0
118043 194543 4 5,7,3,14,14,3,14,3
58309 129831 4 7,3,13,4,13,0,11
367297 100482 4 5,2,11,4,14,8
258587 10249 4 12,13,3,0,7,11
383728 39989 4 5,5,9,7,9,12,9
113791 227173 4 5,13,9
372743 321901 4 6,3,15,3,12,3
145352 152203 4 13,12,8,0,7,10,2
41878 61391 4 6,14,6,5,4,13,8,3
228628 93249 4 5,0,1,12,5,5,5
154203 127958 4 10,15
16768 46263 4 15,12
356098 134067 4 13,12,6,13,3
37279 342406 4 9,4,14,8,7,2,3,5
152112 109546 4 9,14,1,13,7,8
197948 34177 4 0,6,8,7,12,6,7,15
13215 49603 4 8,4,14,7,14,10,5
260992 142954 4 3,6,3,4,3,6,1,13
377786 301600 4 13,4,8,6
355828 331160 4 11,15,8,7,4,1,1
380452 297636 4 0,1,15,1,8
268661 55874 4 1,14,3
103182 144180 4 7,3,2,8,6,11
24758 326629 4 5,8,11,7
212302 270882 4 4,6,7,3,0,4,12,7
135188 228946 4 1,3,6,4,6,3,7
286424 169677 4 8,0,1
219502 371408 4 3,7,12,15,1,3
46693 203762 4 15,8,15,3,6,4,15
130898 134770 4 7,5,4,4,5,3,12
109049 73705 4 7,12,8,1,12,14
49130 360013 4 3,1,3
26827 332177 4 8,6,4,1,7,7
365502 105413 4 1,3,4,5
49896 195513 4 0,6,5,5,6,11,3,5
103687 310795 4 15,7,1,6
47560 256751 4 3,9,1,14,5,3
205500 78847 4 6,15,10,1,11,4
189462 362729 4 1,8,1,4,9
80188 276139 4 3,8
360293 282359 4 3,0
206774 197461 4 8,7,8,4
346011 235143 4 4,8,5
253412 166723 4 5,1,13,7,1,8,13,1
38063 115742 4 4,4,6,4,0,3,11
305408 237654 4 14,6,2
62690 224980 4 0,7,13
2376 337669 4 8,10,5,2
167122 210136 4 5,12,3
227235 269721 4 2,6,4,2,12,0,15,3
337069 134140 4 1,15,8,0,5,9,8
205499 310090 4 14,5,3,4,12,7
308217 258945 4 15,4,1,13,3,13
178243 147850 4 1,6,1,12,12,3
371282 383294 4 15,1,1,1,4
139618 366653 4 4,10,4,4,7
247220 287841 4 6,3
109572 11517 4 1,6,4,7,5,8,0,5
183218 274738 4 7,14,10
240648 247936 4 13,3,7,15
259802 170081 4 12,7,5,8,4,12,0
218704 174093 4 14,8
322502 28906 4 2,8,10,11,7
383626 56716 4 1,13
295399 257862 4 7,0
77196 312041 4 8,15
185636 87632 4 4,8,4
236787 151757 4 9,6,5,13,3,15
212242 170814 4 4,12,7,14,4
279870 330631 4 3,13,9,12,4
350728 19358 4 3,1,14,11
369648 358215 4 7,7
220442 179528 4 3,3
83354 222828 4 11,9,0,2,14,3,7,2
377968 85399 4 8,2
10744 315299 4 4,8,6,6,10,6
150026 364826 4 12,1,7,8,8,11
270810 220070 4 12,13,4,4,3
291773 113197 4 3,4,7,8,1,4,7,8
293900 15903 4 1,11,9,3,9,3,12,14
35893 10731 4 5,3,6
279146 36845 4 6,1,3,7,8,11
13489 122506 4 3,11,13,7,13,5,7,12
8474 257526 4 10,13,4,2,7,1
351946 205091 4 12,1,14,3
81457 47971 4 3,7,6,3
116587 298797 4 8,2,6,3,7,14,4
78667 50003 4 7,7,4
349852 300683 4 5,13,12,8
263761 40209 4 5,6,13,5,5,8,1
195200 29078 4 0,4,3,14,8,12,1
288252 197809 4 5,14,8,1,1,3,13,8
167100 32703 4 1,12,14,15
228901 133682 4 15,4,6,13,6
151283 87870 4 11,3,1,3,7,12,8
259506 252151 4 13,9,4,4
238402 211211 4 8,8,1,12,14
123896 300769 4 12,1,0
324577 362375 4 14,1,14,4,1
65945 270465 4 7,0,7,0
132793 139889 4 1,1,9,12
30363 270331 4 6,12
13115 278529 4 3,5,14,9
128464 125458 4 4,7,3,6
154630 65267 4 1,6,8,14,1,4,3
96106 335633 4 1,4,15,4,5,4,4,3
228987 326599 4 4,9,8,9,11
162700 101606 4 14,7,4,3
359715 355147 4 3,12
286319 340690 4 3,12,7
280784 255588 4 2,6,8
18974 60161 4 8,2,14,13,12
197797 324187 4 5,9,6,5,7,4,3,7
61000 119484 4 4,3,15,4,12,4,13,12
116165 139401 4 7,4,3,1
185541 316634 4 3,3,9,6,8,14,5
261375 195479 4 7,4,7,12,2,5
142885 168039 4 3,5,6
100625 50155 4 3,4,8,4,3,7,7
38277 378594 4 5,4,15,1,15
120118 175930 4 13,6,13,14,12,10,12,0
256042 63081 4 5,4,13
327946 257935 4 7,4
341715 133870 4 4,15,1,3
336407 37161 4 6,8,11,4,6
32286 86134 4 6,6,8,15
142156 238719 4 4,6,2,15,15,7
268555 287906 4 9,11,6,6,6
162139 249406 4 8,5,6,12,3,9
176506 107066 4 2,5,4,13,11,6
297227 85615 4 7,7,4,4,7,5,8,4
3594 156610 4 7,8,1,4,4,5
373672 311884 4 4,14,4,4,4,4,6
252140 378735 4 4,3,7,8,9,7,7,7
72078 156170 4 7,8,9,8,6,6,4
74412 320714 4 4,15,1
200992 70549 4 1,5,0,7,12,14
361335 54201 4 8,12,4
1014 258377 4 4,8,4,2
180130 162272 4 6,12,4
330889 359511 4 1,14,15,6
227065 49556 4 6,5,4,13
261369 120268 4 13,14,9,4,2,4
54657 129758 4 14,4,12,2,9,12
365429 111051 4 10,1,6
364074 209612 4 0,0,12,14,0,2,5,4
60291 345333 4 7,10,14,1,1
293252 14166 4 5,5,7,13,7,8,3
220242 141897 4 0,8,8,0,8,12
3094 43419 4 6,8,12,10,13,14,6,4
169761 339708 4 5,3,8
73605 173621 4 13,13,12,2
35406 239815 4 4,2,0,9
278669 135392 4 7,13
103338 295878 4 3,12,15,15,2
328031 142706 4 2,12,3,3,3,4
58090 149121 4 8,3,7,1,1,1,2,14
239309 41509 4 6,7,2
272818 347423 4 2,7
60013 180066 4 4,2,1
141178 213198 4 10,14,9,3,6
318483 358227 4 8,3,9,6,7
146137 336171 4 0,0,10
266858 250021 4 3,0,12,10,10
366173 122791 4 2,2,4,13,8
146670 191951 4 13,7,12,14
117765 336272 4 3,3,14,0,0,8,5,12
48555 228444 4 7,4,7,8,3,4,8
25728 233577 4 0,12,9,5,8,2
97999 228773 4 15,10,6,2
365577 333761 4 4,10
112193 75026 4 2,4
66347 376736 4 3,10,0,9
130707 26294 4 8,1,1,7,6,5
143829 308099 4 6,5,8,15,3,5,4,0
335641 113308 4 2,4,13,4,4,15,5
204131 342003 4 3,5
111119 381809 4 7,7,0,6
302798 307919 4 9,5,4,8,8,3,1
319121 72782 4 4,9,3,2,9,2,3
373611 24788 4 8,4,14
201517 121021 4 4,3,8
76130 56496 4 15,8,15,7,12,14,15
60269 62278 4 14,8,15,8,8,5
133698 346038 4 11,4,12,14
54712 69312 4 15,4,7,7,3
194547 297578 4 13,1,3,6,1,1
74020 241417 4 5,8,3,2,3,13
379385 120808 4 13,2,13,4,1,3,7,10
313803 201364 4 0,12
11110 104110 4 3,5,4,8,12,15,2
211538 348831 4 6,5
261648 379787 4 4,4,6,9,8,11
118601 343098 4 14,3,2,5,1,6,5
208645 47056 4 3,0,7,9
276920 93501 4 15,7,3,5,1
293909 97068 4 15,13
370276 88144 4 9,5
242030 150789 4 0,13,1,5,2,10,3
54141 37081 4 1,2,15,4
4228 211781 4 8,0,1,3,8,8
154002 108713 4 12,4,4,11,0,13,6
355624 124925 4 1,3,8,8
138154 94163 4 0,2,8,12,12,13,8
171988 52212 4 4,3,12,3,11
255647 315566 4 8,4,4,3
38603 328082 4 14,0
173506 81696 4 12,3,8,6,8,2,0
61664 112480 4 0,1,0,5,14,6
256929 202391 4 8,12,2,5,3,14,7,2
307698 361428 4 13,6,1,8,8,3,5,9
345091 75953 4 13,7,13,8,14
317610 182361 4 7,1,8,15,7,13,8,3
144355 303249 4 13,4,13,7,13,2,3,1
252167 176613 4 3,12,9
212400 46762 4 4,1
224986 115942 4 4,9,1,9,15,14
5561 294430 4 1,11,7,4,5,2,5
3020 247283 4 5,8,7
191664 291586 4 7,7,1,8,7,1
325229 298963 4 10,5,7,7,6,5,3
300658 295206 4 8,4,12,4,6,9
222996 219282 4 7,1,2,8,3
347266 33598 4 4,1,9,7
313464 157360 4 8,0,12,5,14,4,4
9636 126929 4 4,9,5
338252 43794 4 8,4,7,4
250581 86588 4 4,14,0,8,13,15
273187 209262 4 8,1,11,15,7,7,4
213998 138821 4 4,13,0
305028 144287 4 12,6,3,4,5
116236 302982 4 12,7,8,7,13,12
357938 72424 4 12,14,6,4,7,1,9,13
199554 250587 4 12,1,4,1,5,7
211833 127555 4 11,7,6,4,3
66976 277475 4 9,6
50204 76562 4 12,0,1,12,3,0
253292 362897 4 3,2,3,1,1,2,9,4
261514 8606 4 8,5
296068 235198 4 4,6,3,10,8,13,14
142065 183044 4 13,7
152151 72067 4 4,8,5,10,3,6
122004 75137 4 5,0,8,3,3,14,3,2
180210 359101 4 7,0
145313 50264 4 11,8,8
165270 50919 4 7,0,1,3
325283 191424 4 5,2,14,8,3,3
359371 50261 4 1,8,8,8
158444 81066 4 1,8,4,13,14
342417 252070 4 9,6,6,6
351233 103542 4 14,3,13,15,7,12
205716 31689 4 1,6,6,12
330104 326937 4 12,7
292065 44183 4 1,13
152817 245105 4 7,8,2,7,15,5
208085 379672 4 14,7
181102 261934 4 15,0,8,3,13,8,4
221418 328065 4 3,12,13,8,4
125126 267279 4 9,8
355859 33264 4 10,4
252695 52540 4 12,15,9,8,9
47296 201322 4 15,6,7,0,7,3,15
217097 154954 4 7,9,4,12,14
336189 277577 4 7,5,3,3,7,2
219313 198795 4 1,8,2,15,5,14,5,9
297334 82684 4 8,6,7,8,1
243811 331248 4 7,3,6,5,2
338547 180685 4 1,4,4,5
209855 355291 4 7,6,3,15
202993 205546 4 7,9,3
49446 210824 4 4,9,6,13,10,5
37222 195065 4 15,15,3,14
232943 312617 4 8,8,5,8,5
320863 249698 4 5,4,6,1,11
377476 222255 4 1,5,4,5,14,6
148136 345557 4 1,14,1
195638 309192 4 4,14,7,1,7,8,4,7
205047 202584 4 13,8,0,4
66834 370585 4 3,7,1,4,8,5,3,13
99579 172185 4 6,1,13,4
44202 223957 4 6,13
81852 186481 4 12,7,6,0,0
19600 350318 4 7,5,12,4
194056 271002 4 8,12
241303 127581 4 1,1,1,8,4,7
73202 273502 4 14,12,4
194536 269737 4 1,7,3
170452 179872 4 2,5,2,4,7,4
43135 279470 4 8,6,14
211969 314426 4 8,4,13
78715 357026 4 15,7,8,12
106428 351476 4 6,3,9,4
332281 137361 4 0,3,4,11,10
309429 136866 4 8,0,1,12,1,0,14
263859 363627 4 1,9,1,8,6,6
375082 202731 4 6,10,2,5,7
314701 89476 4 6,4,5,14,12,6,7,5
210592 353890 4 6,4,10,9
57336 249314 4 7,1,13,14,4,3,4
52804 53366 4 4,4,3,4,8,3,13
317871 332172 4 8,15,15,14,13
301411 217789 4 1,1,12,5
172365 197242 4 1,4,0,8,3,13
2734 177761 4 10,6
122103 145374 4 7,7,6,12,12
362315 179152 4 4,12,5
79205 313427 4 8,7,4,4,12,6,4,13
246277 340257 4 6,8,1,4,14,14,13,7
288893 233934 4 6,3,10,15,12,5,8,8
84032 100385 4 4,9,13,9,14
255782 145388 4 11,8,10,12,6,5
343554 324442 4 4,6,5,15,0,13,5
34406 140140 4 7,0,4,14
379330 335228 4 4,2,7
45600 197713 4 4,8,14,1,14,5,3
148096 30750 4 10,1,4,14
381096 247767 4 2,7,8,10,6,0,3,8
303750 96914 4 4,3
28423 151491 4 5,12,6,7,5,8,8,7
201099 343587 4 12,2,12,4,0,1,12,3
273120 305738 4 14,7,7,8,4,4
106508 326854 4 7,1,8
343119 88613 4 9,12,15,14,6,7
15197 223633 4 15,12,4,15,9
299280 141898 4 1,14,3,2,1,7,10,1
142503 338112 4 5,2,13,0
109007 44810 4 4,2,14,1,4,13
76035 321687 4 12,6
58327 364654 4 8,0,15,3,3
138127 58381 4 5,1,4,7
327324 318118 4 12,3,1,1,2,7,10
221960 265974 4 5,7
375487 287613 4 8,1,4,1
169278 45624 4 1,3
127743 81217 4 3,8
339889 177552 4 7,7,4,15,1,14,3
260469 313003 4 10,15,14,12,4,4
314494 382318 4 7,5,1,5,15
370777 137899 4 11,5,7,14,12,9
241403 155978 4 1,6,11
286956 101899 4 12,5
285124 272901 4 0,12,9,10,7
333064 139517 4 1,7,8
128396 277916 4 13,0,14,12,13,9,1,8
175161 93693 4 3,3,7
238975 288390 4 5,7,11,13,7,8,3
101381 319092 4 3,3,8,1,1,7,1,4
108873 158460 4 6,1,7,8
265012 329879 4 8,0,1,5,7,4,1
