355901 11922 9 13,12,6,15,9,4,2
253280 135898 10 5,5,4,3,4,5,12,9
88516 41866 10 8,15,15,3,7,3
49722 333526 9 0,15
213507 328915 10 4,5,1,11,9,4,10,0
159471 157923 10 1,7,1,9
327884 309616 9 15,9,5,12,2
133141 368456 9 1,13,8,4,3
226070 296752 9 5,3,7,1,14,1,6
327546 336067 9 0,15,5
214953 206764 9 12,5,7
322121 226519 9 14,11,3,7
197195 373664 9 8,8
355662 6276 9 14,10
112795 129942 10 13,5
173012 18994 9 3,6,3,8,1,7,6
94949 347887 9 1,7,3
190659 153051 9 7,3,13,13,11,1
95133 270615 10 4,15,0,5,7,15,13,7
338973 217991 9 4,8
216363 30512 9 1,3,8,9,10,5
212451 383692 10 11,11,1,1,7
272412 200473 10 14,13
8889 297651 9 0,14,3,1,3,15,4,3
8610 71380 9 1,11,6,5
320379 132606 9 5,1,6,5,3,6,1
140889 22380 9 8,9
293879 117514 10 2,5,5
263374 260993 9 12,8,8,5,14,3,7,7
278864 147678 9 10,8,15
283361 71080 9 5,14,1
285343 108250 9 3,13,1,4
113872 67790 9 3,0,14,8,1,3,3,4
86878 173433 10 5,2,14,3
314573 139442 10 5,12,5
295299 241243 10 4,7,1,7,5
336975 273426 9 8,1,6,7,12,12,5,4
272148 40742 9 3,5
56559 34206 10 8,1,1,5,7,12,8,6
210352 110764 10 7,14,5,4
58449 293642 10 3,1,1,4,5
318589 226398 10 9,3,12,7,5,8
258437 102849 10 0,3,3,1,8,5,4,0
27994 107198 10 3,14,9,5,1
205008 227806 10 13,12,12
340607 157071 9 14,10
56811 295234 9 8,11,13,5,6
335863 269521 9 7,12,1,8,6
204468 108113 10 14,8,8,5,8
26452 318427 10 14,7,0
284554 149042 9 5,7
94556 86610 10 13,4,7,6,5,1,9,0
134873 24377 10 5,3,8,9,5,2
54449 369115 9 11,9,7,1,12,9,13,7
303373 28869 10 1,3,2,12,8
123102 121929 10 12,12,8,2,7
253522 150278 10 5,8,2,15,3
373777 163562 10 12,5,5
196516 66922 10 2,10,8
191809 126203 10 8,4,1,5,6,8
24398 147156 10 7,8,11
137398 298745 9 2,15,13,12,5
149501 300029 10 9,6,14,8
267443 234017 10 7,8,11,6,7,4,14
69671 26076 9 3,4,14,10,1,2,3
74145 252445 10 12,4,0,0
190154 329655 9 4,11,1,1,1,8,5,0
215870 323665 10 4,3,9,5,4,3,4
97002 111208 10 5,7,7,11,4
204167 116570 10 1,5,7,4,7,15
221470 21534 10 4,3,8,6,5,6,1
123557 179424 10 9,8,7,3,5,7,5
145082 234072 9 4,8,8,14,8,8,10
357690 62357 9 4,3,15,7,4
254091 307746 9 5,7,0,6,6,4,15
180319 29342 9 7,5,7,10,8,14,13,5
324518 219384 10 6,14,4,14,12,1
379643 35622 9 14,1,0,1,2,9,1
240106 202126 10 14,8,5
139508 84004 10 1,10,1,5,7,8,1
84154 225426 9 5,2
47370 175060 10 11,14,8,3,8
63469 117943 9 11,14,12,7,11,2,4
15958 51621 9 7,5,6,2,0,11,4
175502 38685 10 4,4,9
266761 159592 9 7,1,11,3
302923 67184 9 14,12,5,4,9,7
352640 349304 10 4,8,13,9,0,5
121983 22007 9 10,4
179227 71142 9 12,6
360409 169063 9 2,4,7,11
295690 283038 10 3,7,1
166275 296078 10 2,1,6,0
74710 7879 10 7,13
211135 51414 10 4,11,7,12,3,14,5,3
109224 125804 9 15,6,7,14,1
2475 140871 10 4,5,8,7,5,3,2,10
41997 128161 9 6,5
366381 30151 10 0,12,8,2,5,3,7,13
192952 107757 10 1,12,7,4,8,6,14,2
298023 26180 10 11,8,4,2,4
353245 134089 9 5,8,8
61988 174670 9 7,5,5,4
56136 330073 9 5,4,1,4,6,9
222167 32614 10 14,6,2,13,7,12,6
100129 270251 10 6,0,15,5,14,6
263377 118919 10 3,8,2,7,4,2
367742 183135 9 6,6,7,12,8,9,5,13
382788 15141 10 8,5
272519 200475 9 9,8,15
338463 213490 10 6,11,8,1,3,5,12,6
326118 79511 9 4,2
132674 178165 10 6,2,9,4
216972 380130 9 4,8,0,5,6,4,7,8
194276 27274 10 7,13,4,1,14,13,5
71723 159626 9 14,10,13,1,1,4,9
322232 87600 9 7,6
206814 28551 9 1,7,7
378256 129121 9 1,6,1,5,13
374160 180293 10 13,14,11,14,4
1626 84373 10 4,7,5,3,8
240132 247808 10 5,3,5,6
116281 97196 10 7,4
66611 349861 10 6,8,12,4,12,6,15
348317 74415 9 8,11,0
161332 95448 10 2,8,12,8
178113 138112 9 5,11,7
232802 305391 10 7,8,2,0
133673 157106 10 3,13
11295 49742 10 2,11,7,3,3,7,3,8
247448 373241 10 2,12,9,6,11,9,4
214837 308215 10 15,0,3,3,4,11,8
120226 180709 10 8,7,4,4,13,12,4
278274 230807 9 0,7,14,3,7,14,7,8
60290 8983 10 3,5,4,2,12,14,4
193202 45064 9 7,3,4,13,7,6
162213 120430 10 0,9,6
6490 298327 9 7,8,8,5,3,3,6,7
170847 96520 9 4,8,6
349236 261652 9 1,6,4,2
225041 268433 9 3,7,5,7,9
31704 214341 10 7,14,0,13,6,1,12,14
268982 265863 10 4,8,5,12,7,6,8,1
20612 172196 10 7,8,1,4
94036 311948 10 15,3,5,1,6,8,13
128620 160095 9 0,2,6,14,1,14,1,0
151850 130495 10 12,8,4,2,14
320302 350796 10 4,7,1
373852 113086 9 13,8
232845 144125 10 8,0
94802 207827 10 2,9,8,3,6,13,10
197808 50114 9 4,6,7,1,7
115564 255524 10 8,4,8,5,12,8
340456 15506 9 1,8,1,0,1
288714 276945 10 13,4,9,7,14
105068 258308 10 5,4,5,5,6
333927 270647 9 11,4,14,4,13,9
339659 339622 9 12,0
37650 29671 10 14,12,7,3,14,2,7,7
88630 100964 9 8,15,7,9,7,6,6
61675 248885 9 3,6,1,13,0
90486 168539 9 1,7,7,1,3,14
341820 22126 10 11,3,3,4,3,8,4
158613 369331 9 6,3,13
266424 179506 9 14,2,8
56725 300494 10 3,0,10,4,10
140681 200522 10 5,3,0,4,13,4,4
185706 372815 10 7,13,14,2,5,5
10800 231870 10 9,7,4,12
103407 22700 10 3,6
253640 75710 10 8,9,7
6757 212945 10 13,3,0
275161 145349 9 6,5,1,5
193004 136075 9 3,6
350105 233595 10 3,1
65954 48752 10 11,1,8
229395 226903 9 3,5,3
177632 110631 10 2,6,8
184260 278350 9 0,12,0,10,4,14,10,8
64940 126688 9 4,13,6
282268 50630 10 7,3,14
323719 24573 9 13,9
278054 271749 10 7,9,8,1,6,2,14,1
162296 93349 10 6,13
374303 354842 9 0,1,0
52733 379886 9 13,14,4,12,12,9,8
45967 284315 10 14,2,8,3,4,14,6
133853 42216 10 6,2,12
111676 342939 9 1,4
291496 18002 10 1,5,9,6,3,6
192439 149194 10 10,14,4,4
202855 250040 10 7,12,1,4,3,14
131113 255811 9 14,7,4,7
351421 104585 10 4,7,15,8
134036 113885 10 3,8,3
218257 175970 9 11,14,3,12,12,8,5
245715 338161 10 3,11,13,12,4,10,4
223651 107804 9 0,4,11,12,4,5,7
211787 131987 9 5,1,6
230861 164744 10 8,8,14,5,7,12
248190 378829 9 12,7
286171 128062 9 6,6,4
197161 118945 10 15,4,2,9,3
33499 152811 9 7,15,14
230792 251340 10 11,1,9,12,1,9,11,5
182359 1133 10 2,1,8,8,5
162288 70918 9 13,8,1,13
155895 186795 9 9,4,3,7,3,12
177861 331975 10 8,3
371078 314520 10 12,1,7,12,8,4,3
71980 361991 9 14,3,15
372899 17640 10 12,8,3,7,14,7,4,13
349839 162673 9 5,2,9,8
60755 85971 9 14,9
9121 295356 10 9,1,6,3,4,1,13,14
303106 274311 10 7,3,10,9,11,15
356701 1405 9 12,6,8,8,4,15,5
275573 227659 9 5,0,14,3,1
116281 297031 9 4,15,5
278584 90428 9 2,10,11,4,4
186768 287535 9 12,1,4,1,3,15,1
101998 374226 10 3,10
64199 317405 9 7,6,12,7,6
203715 150613 9 1,5,12,14,7,3
302546 263398 10 8,15
118859 255653 10 6,4,4,8,5,13,7
359608 305618 10 13,2,10,5,3,7
172159 169633 9 7,1,6,4,2,10,3,8
148040 140248 10 5,7,4,4,3
286485 166844 10 12,1,3,12,9,10,6
306669 52210 9 5,6,0
275144 308386 10 9,15,4
194938 308159 10 3,8,3,0,9,3
138908 162035 10 8,12,1,15,6,5,6
110186 40453 9 4,8,7,1,11,6,7,9
205636 369311 9 8,0,4
198111 28039 10 0,8,8,8,4
111750 145145 10 6,12,14,4,7
252947 55231 10 7,8,0,8,5,3,4,2
98330 367358 9 8,13,6,3,8
372522 328605 10 2,3,4,9,4
17245 251972 9 7,9,11,4
309584 100309 9 7,9,7,2,4,7,6,7
151692 329540 9 3,6,1,7,4,5,7
364225 315703 10 7,13
78055 209339 9 9,4,7
233982 185112 10 9,5,0,8,5,9,4,4
55197 21967 9 2,12,1,15,5,4
29454 52427 9 0,1
200263 117729 9 3,12,7,3,12,4,14
184541 370654 9 3,3,12,4,10,13,6,5
229354 159436 10 4,1
303378 114705 9 1,3,15,8,4,7
355929 349363 9 14,9
337680 251057 10 5,3,6,12,6,3,7
256007 223422 10 3,13,4,13,5,2,2
65074 362280 9 1,7
311014 79988 10 0,1,3,6,8,5
103169 55094 10 3,1
273004 362177 9 12,3,10,7,15,3,3,12
38563 150924 10 7,15,12,2,12,7
160643 83895 9 13,12,6,1,11,1,13,9
197822 355660 9 12,15,8,9,11
361860 244590 9 12,10,14
269001 215885 9 6,12,3,12
32922 214514 9 15,9,1,8,12,13,1,3
9464 114092 9 15,13,3,5,3,15,4,15
316541 240612 9 1,8,10,4,8
362033 292010 9 15,6,13,6
382775 90024 9 10,2,4,13,5,15,9,3
14833 364027 10 1,5,2,13,10
187646 34675 10 8,1
281434 277874 9 5,7,2,15,1,4,15,4
86313 2418 10 5,1,1
270205 173223 9 1,0,10,5,3,6
94959 193580 10 10,2,3,1,7,2,7
368420 11218 9 7,11,13,7,2,3
210080 220873 10 12,4,7,8,13,4
151799 24939 9 13,5
77268 285457 9 13,1,15
166249 365561 9 8,10
184431 249814 10 5,8,8,9,5,6
249570 264055 10 5,1,7,12,5,15
69862 339723 9 3,4,4,8,6,15
348986 337208 10 5,12,4,4,7
363196 239964 9 3,3,5,7,4
241778 288954 10 6,3
103481 187841 9 12,7
29204 67658 10 7,1,0,3,8,6,7
249221 188293 10 8,3,3,14,4,10
45475 102322 10 12,13,5
75411 59422 10 4,12,0,8,5,12,6,7
380015 38088 9 4,6,0,7,5,5,6
336705 171506 9 8,5,12,6,4,0
62656 113302 9 6,5
165620 29536 9 6,5,1,4,9
160820 81621 9 4,5,5
122547 2669 9 10,12
9299 1767 10 0,10,1
295224 134261 9 5,6,8,13,12
334445 5103 10 4,3,10
356938 191154 10 13,13,4,13,5
75818 128332 9 13,8,13,14,3
236870 289047 10 10,12,8,5,0,12,7
306230 316341 9 10,9,11,4,0,4,3
314792 71444 10 8,3,4,3,0,5,3,3
71893 139786 9 7,14,1,3,10
32225 184616 9 12,1,11,12,3,14
382109 118200 9 2,5,1
255288 85857 10 9,4,10,8,5,3,5
60703 163811 9 12,6,11,14,12
258744 140376 9 13,2,13,4,13,15,7,9
312946 292440 10 3,14,4,10,13,6,3
280683 52750 10 10,5,6,7,14,9,8,15
201948 260735 10 1,15,12,7,4,12
357126 224325 10 5,8,3,8,11,1,8,6
319700 320 9 13,7,14,1,7
326600 150773 9 8,11,13,8,2,6
75644 59194 9 15,9,10,4,8
14180 373261 10 8,4,15,4,6,14
315475 19983 10 14,8,1
114370 153748 10 5,13,4,5,12,8,6
19143 265177 10 5,6,6,9,0,6,3,3
347333 71802 9 4,15,4
1817 95840 10 14,14,8,9
24175 19051 10 15,3,8
121053 129205 9 13,4,15,5,9,3,4
263890 130262 9 5,4
221585 213306 9 4,14,8,9
122762 101422 10 12,1,2,3,4,12,1,12
246587 69395 9 1,5
259189 161216 10 12,6,4,14
256534 233762 9 3,4
228461 209470 10 3,3
88212 99351 9 1,6,4,3,1
25822 339176 9 15,0,3,5,13,10
315647 101447 9 3,7,1,6,4,7
381986 206675 10 1,13,3,10,6
61039 353199 9 12,11
116602 252302 9 8,15,7,5,0
186744 181161 10 1,13,14,14,4,0
25975 59121 9 4,5,4,5
362370 106805 10 4,3,1
139049 319729 10 3,8,6,13
292121 85936 10 8,8,14,3
181623 255426 9 12,4
167218 324379 9 12,2,4,15,14,1,2
229529 300041 10 5,8,2,3,7,10,8
134695 195387 10 14,3,0,11
111331 205426 9 6,1,12,5,12,6,4,12
174838 314960 10 12,4,12,2,1
369467 63206 9 1,7,8,3,0
16547 224902 10 15,3
224017 198563 9 4,0,4,2
319334 138361 10 12,15,1,6,11,1,3,3
25545 117620 9 8,15
167674 97344 10 7,4,11,0
234893 309484 9 13,5,0,6,14,15,12
214305 21717 9 13,8
296127 234065 9 5,4,9,4,1,4,7,9
124865 194884 10 2,12,14,6,5,12,8,10
310344 233556 10 4,3,7,4,3,14
153521 91305 10 14,7
293922 208758 9 9,1,7,9,7,13,8,12
136562 204592 10 2,12,3,13,5
311493 316395 10 11,8,4,4,8,4,13,4
157462 313736 9 14,3,7,7,7,1,11,8
63026 246029 9 4,6,3,3,7
138412 143533 9 0,13
230854 163920 10 6,9
259783 185457 10 4,5,8,13,3,10
143485 100899 9 12,8,15
165551 232038 10 6,14,0,7,15,5
347403 340941 10 13,13
326679 300678 9 1,3,1,6,8
242610 321852 9 3,2,5,3
243994 216990 10 3,2,3,8,14
21889 175872 9 15,15,9,8,2,11,15,8
125419 66731 9 14,5,6,4,9,9
335740 343549 10 1,9
193357 313295 10 4,8,2,6,0
254672 339718 10 15,14,4,0,14,3,4,8
130866 365658 9 1,11,0,6
129637 253551 9 12,10
112098 335164 9 6,5,7,12,13,10
333437 85649 10 13,7,8,8,6,9,4
146066 183845 9 5,10,6,8,8
363271 17474 10 9,7,7,4,6,1,1,10
300762 192441 9 5,3,7,10,8,12
80133 309683 9 14,13,2
132685 99309 9 8,3
173104 122252 10 0,7,0,1,4,8
31767 171561 9 3,4,2,4
355393 105407 9 7,11,4,1,3,9,7
343212 365425 10 7,6,13,7,14
344268 350938 9 11,13,2,6,4
213914 276558 9 4,2
173181 371597 10 5,5,1
139595 243555 10 0,11,6
97671 332986 9 3,3,3,12,3
164468 161667 9 8,2,1,13
173785 53558 9 6,1,6,2,4,13,13
269567 27527 9 3,5,9,10
285677 112296 9 12,9,5,5,9,3
2524 317884 9 7,4,6,10,3,3,6
338232 367128 10 8,1,1,12,0
252359 98543 10 13,4,6,1,11
348846 149983 10 5,1,1,5
236799 246482 9 10,8,1,4,8
83129 63941 9 9,12,15,5,1,9,4,6
25023 219410 9 8,8,15,8,7,10,14
256708 292260 9 7,11,15,0,8,13,3
89851 222522 10 4,2,14,1,14,3,4,4
210388 47076 9 15,4
109377 3071 9 1,6
166549 224035 9 7,3,5,3,13,3
259151 364161 10 12,15,5
356113 309655 10 4,0
179964 264853 10 8,6
383571 9027 9 6,0,10,7,1,13
241896 248948 10 8,5,8,4,8
157198 37335 9 4,9,4,9,3,12,4,10
166518 110103 10 4,3,10
206477 169942 9 7,4,10,7,2
285552 146463 9 0,9,12
332098 201336 10 6,12,5,13
313915 306841 9 14,3,7,8,14,3,8
345713 213691 10 6,9,1
40050 132911 9 15,4,15,5,3
107334 34211 10 4,4,1,6,0
75859 86226 10 3,7,6,3,15,1
177397 58416 10 4,14,3,8,0
264683 227993 10 13,4,4,2,15,13
233057 346227 10 6,5,0,13,8
214620 190471 9 4,14,5,8,6,0,15,13
30719 85562 10 7,1,5,10,9,3,12
285279 317797 9 0,5,12,5,8,7,3,7
209814 98601 9 8,3,4
66170 346631 10 2,7,4,2
229418 368953 9 6,10,15,0,13,3,15,14
284995 57512 10 4,4,14,13,6,14,7,7
106442 84606 10 14,7,1,0,8,2,4,0
271333 283993 10 9,15,6,8,8
361998 364891 10 3,11,13,8
84981 17357 10 8,12
21672 153956 9 6,1,6,9,3,2
89271 139744 10 7,3
27421 343605 10 14,8,2,4,5,4,14
383207 339968 10 5,12,6,7,10,10
181775 28618 9 4,4,13
315470 141975 9 9,0,7
67113 371960 9 3,6,14,5,12,4,14
16561 311286 10 7,15,4,4,10,1
189292 47596 10 5,8,3,8,4,3,7
323724 282814 9 12,8,15,5,8,4,6,3
102995 315451 9 0,4
38793 200947 9 8,10,8,6,6,3,2
366574 80069 9 5,4
376642 13030 9 5,7,7,14,1,13,4
120481 374519 9 6,1,13,8,4,4,1,5
311015 207406 10 7,12,9,3,6,8
300554 32038 10 2,7,6
299483 17419 9 12,3,5,13,7
103670 46407 10 4,3,2,3,3,14,14
279883 220859 9 5,6,2,4,0,1,1
56282 120620 9 0,12,12,2,7,8
502 38007 9 0,4,5,6,8,4,15
116986 238656 10 6,15,11,13,3,5
170201 225936 10 4,1,0,2
161860 15337 9 0,15,5,5,12
278559 40054 10 9,7,1,2,8,9,8,5
53536 277067 10 5,3,5,7,1,8,12,8
132571 7328 9 11,1,15
54504 79234 10 8,14,4,6
18379 358618 9 1,15,1,15,3,0
308296 207681 9 8,4,6,8,5,14,1,11
52698 4725 9 12,11,10,6
246800 75752 9 5,6,11,6,3,1,8,14
295071 32174 10 8,3,12
189706 45004 10 13,9,3
297571 185227 9 3,7,11,12,1,4
94820 158735 10 7,2,12,14,3,12,14
283750 98526 9 4,7,14,4,6,12,2
95784 208313 9 2,4
324528 141772 10 6,15,13,15,9
143137 293886 9 6,4,11
155793 243545 9 3,4,6,15,8,1,3,7
299287 7794 10 4,15,7,15,12,2,0,9
40652 47373 9 3,8,3,6,11,0
90712 79619 10 13,6,7
88787 229493 9 6,14,14,2,2
332360 88597 9 8,13
98773 169478 10 9,0,8,10,7,15,7,2
44993 6751 9 7,13,4,9,14,8,12
76619 382960 9 7,8
318670 284748 9 7,7,13,0,14,11,5
154995 51426 10 1,12,8,6,1,1
164435 163256 9 7,12,8,12,8
229414 86483 9 4,0,1,14,5,8
49750 247920 9 6,7,15,10,13,0,13,1
233505 67533 9 1,5,7,6,7
157899 309964 10 4,15,4,2
362228 24200 10 12,12
75087 39874 9 0,3,0,13,0,8,7
341288 152283 10 12,12,4,6,5,4
183591 28249 10 15,3,1,3,2,4,4
36522 8497 9 7,15,12
65125 100938 9 5,12,1
56509 187492 10 8,10,6,3,5
94649 319822 9 4,7,13,9,12,1
328494 173483 10 11,4,5,0,8,1
262129 50755 9 13,4,8,13,2
134511 337481 10 5,15,7,2,8,9,3
36777 333029 9 12,3
246362 335550 9 5,6
94252 80691 9 3,4,8,7
183358 273079 10 7,6,13,15,4,7,15
146588 189686 10 2,7,8,8
374077 335069 10 10,3,5,11,5,15
546 151242 9 8,7,15,3,13,4,1,0
9738 223642 9 5,11,8,8,8,1,12,5
185001 282262 10 3,7,13,4,7,10,11
81276 319829 9 13,7,6
363187 31069 10 1,6,6,3,13
347433 88871 9 8,3,4,5,5,6,6,3
122220 284590 10 9,9,12,1,6,2,8,15
270213 97744 10 1,6,6,13,3,1
46690 270679 10 8,12,2,3,12,8
188424 17993 10 7,12,7,9,7,3,13
381879 279386 10 2,1,4,4,7,1
275702 336811 10 14,0,9,0,14,5,8,4
90548 4626 10 5,3,3,8,3
101750 349764 9 6,3,7,8,13,14,8,3
366180 85092 9 8,4,9,9,13
323198 198746 10 6,3,14,5,9,3,4,7
336127 157027 9 11,1,7,11,7
229127 42269 10 15,0,8,6,4,3
328625 359832 9 12,0,2,9,7,4,10
259587 365526 9 13,0,5,3,1,7,4,7
60336 239553 9 12,7
344549 161513 10 9,3
339746 123101 10 4,8
105444 105242 10 6,3,3,4,6,15,8,7
223386 123473 10 0,10,3,8,12,4
27331 298058 9 3,1
284863 36895 9 2,13,4,4
75527 259738 10 6,6,8,14
270227 205757 9 1,15,1
120980 256545 9 3,4
219545 346018 10 14,6,5,8
376324 307498 10 12,0
55578 190557 9 7,12,4,11,2,8
96105 158260 10 12,12,7,11,3,14,2,11
371223 62993 9 4,3,15,14,7,12,7
60583 153024 10 7,15,3,3,13
87743 280274 9 8,1,5,3
240590 104168 9 10,7,3
69750 104457 9 4,3,9,15,7,1,9,5
278745 157861 9 7,15,13,1,0,3
31435 215068 9 7,14
190049 217047 10 2,7,2
126103 102234 9 6,12,4,0,5,3,12,10
247216 66148 9 4,5
90199 231903 10 9,3
194133 337983 9 8,6
35229 136530 9 12,5,13,4,13,13
171450 113099 9 5,1,14,6,9,12,4
176606 197981 10 7,5,15,6,5,4,4,12
269873 62188 10 4,1,12,6,2,13,4
357854 237413 10 8,8,3,8,12
189214 275046 9 7,14
223665 312400 9 3,5,13,2,8,5,5,13
96630 148730 10 5,5,9,1,5,3
84148 108481 9 5,10,3,8,13,3,4
273999 74543 9 0,1,2,5,8,9
47789 262128 9 8,3
46265 123253 9 0,4,11,14
367432 163699 10 13,3
169835 104277 9 5,3,7,3,9
121616 363765 9 1,2,12,15,8,5,2,6
274895 245041 9 1,4,4
252450 116799 10 3,11,7,11
52181 25926 10 1,14
208166 319014 9 8,10,4,5,6,14
202936 217883 9 8,3,5
314053 309648 9 3,1,2,14,14
334366 184728 10 4,5,14,4,1,9
307826 103396 10 1,3,13
213427 2105 9 8,7,1,14,3,2,3
11814 246830 10 8,7,1,15,8,9,4
241333 19024 9 3,5,13,1,1,6
291892 100982 10 4,3
18524 229599 9 1,12,13,4,7,3
381856 64839 10 12,6,7
308147 312719 9 3,3,2,12,7
309011 220989 9 12,5,8,0,0,9,1,9
377094 63102 10 8,1,8,9
270460 259616 9 3,1,8,8,0
9322 210970 9 6,7,9,14,3,3,4,8
18230 277047 9 2,14,1,7
252636 27649 9 6,2,3,12,15
198703 241716 10 1,1,4,14,11
326676 182857 10 3,3,13,1,4,8,9,8
321302 195998 10 12,4,3,8,3,14
295504 292553 9 4,6
226245 292200 10 0,0,4,2,1,7,12,3
22640 282606 9 6,10,12,6,7,13,13,0
247856 311280 10 8,3,0,1,6,9,4,13
217334 277978 9 11,9,8,3
98550 313760 9 6,13,6,6,9,2,4
362324 19698 9 13,12,5,5
252606 379088 10 9,13,4,5
36086 36744 9 9,14,11,4,3
371921 215599 10 14,7,14,7
158508 322632 9 10,15,2,1
284327 307586 9 1,2
258928 129755 9 8,14
223914 304803 9 1,9,1,7,12,3,0,8
1245 69979 9 3,14,4,3,5,9,12,8
317173 329054 10 7,13,3,13,5,12
330914 367041 9 1,14,9,12
233060 217878 9 7,15,8,14,4
331996 148584 9 12,7,5,7,12,2,13,4
105143 87327 10 10,5,2,7,9,12,15,3
320437 159056 9 1,4
188198 362492 10 14,3,4,8,3,14
269972 276345 10 3,7,14,1,12,11,9
185080 217553 9 14,13,5,12
377671 249252 9 4,10,8,2,13
287932 4237 10 3,2,1,7,3,1
111631 141363 9 14,14,1,12,7,8
325098 33042 9 6,15,15,8,0,3,0,1
68812 226739 10 12,6,0,7,15
230607 328006 10 7,9
363758 28930 10 5,11,8
340847 19772 10 3,8
18553 234361 10 2,3,1
208852 294224 10 3,8,4,6,3,9,3,14
250075 56407 10 7,15,5,8
366107 74227 10 8,15
161528 211447 10 0,14,6,15
32375 242450 10 13,14,10,6,14
365899 45097 10 7,2,0,1
27660 279647 9 0,7,7,10,3
227261 253699 9 7,5,6,5
332162 193974 10 3,3,6,4,8,3
185368 73936 10 10,1,14
94209 76427 9 6,8,4,9,11,4
40715 155898 10 10,2,4,1,12,9,14
332005 8600 10 13,14,9,5,3,15,6
266623 329252 9 8,3,4,4,3,7
260825 161283 10 6,11,8,2
206838 283334 9 8,14
30832 265433 9 15,7,6,8,13,10,15,4
217026 35335 9 7,5,7,7,4,0,11,3
96299 343927 9 7,11
53082 65813 10 6,3,5,9,14
77867 289878 10 3,0,5,3,4,5,1
219459 91783 10 12,8,14,3,13,4
373126 955 10 7,9,3,8,10,1,1,1
366353 94024 9 11,15,8,8,0,8,10,1
43249 101971 9 6,5,1,14,15,3
74250 334909 9 11,13
36837 158444 10 5,3,8,6,11,12,7,5
139212 121072 9 3,2,1,3,6,12
307219 83150 9 13,8,1,10,2
28262 249593 9 8,3
114958 302357 9 3,9,4,12,9,15,5
225894 190843 10 5,6,3,8,3,9,3
70802 214345 10 6,1
17826 238994 10 0,1,15,7,12,7,12,15
150794 38193 10 2,1,13,14,1,15,5,2
269650 27491 10 9,6,4,6,5,3
46423 85223 9 5,13,12,1,12,12,4,8
310136 13010 10 5,4,4,11,3,6
111319 233570 10 4,0,4,8,5
228177 223042 9 4,1,7,7,12,3,7
86254 88842 10 1,2,2
186159 308191 9 2,11,6,4,4,1,0
365211 310298 10 3,5,1,1,8,13,14,1
218866 210985 10 7,3,12,12,5,14,8,6
333534 247695 10 14,4,3,5
337506 244909 9 8,4,4,6,12
3978 222502 10 1,7,0,8,1,4,3
240644 80689 9 12,11,13,6,1,12,4,12
218230 25991 10 10,12,4,8,12,7,5
380021 199668 9 10,1,3
128174 104675 10 5,3,8
232197 371717 9 7,6,3,14,2
251421 71942 9 11,1,14,8,3,15
325145 110180 10 4,7
172384 186258 10 5,5,9,5,9,2,3
22112 54884 9 9,3,7
35297 383141 9 15,10
171216 151915 9 7,7,13,12,1,4,5
362336 238143 9 5,4,6,13,1
128683 371655 9 6,13,2,4,8,9,8,8
168545 370722 9 1,11
56394 311973 10 3,4,4,10
175394 31005 9 2,5,12
283536 169758 10 0,8,7
7304 34765 10 7,15,2,13,5,1,14
131378 376052 9 8,8,14,12,4,14,14,5
150952 25165 10 1,9
230809 348527 9 3,1,1,14,7,6,15
43297 129032 10 1,3,13
117373 129089 9 12,4
260178 191094 10 14,5,12,9
14663 68526 10 8,11
326217 55783 10 4,4,14,4,0,11,6
324249 37897 9 7,1,13,10
355340 13119 10 4,1,4,7,14,3,4
298388 75236 10 4,4,2,12,4,2,14
86967 343231 9 1,3,3,3
213824 9794 10 5,13,5
297753 113553 9 8,5,3,1,3
340077 240942 9 6,13
228879 67417 10 12,0,8,1,3,7,4
90255 360636 9 1,14,4,15,5,3
174323 144977 9 7,7,1
142235 231679 10 13,7,4,1
199907 283411 9 8,10
9400 52085 9 2,1
238806 258961 9 14,11,12,9,14,5,9
194177 325327 10 13,4,1,0,6,10,6
80661 11176 10 2,6,6,15,5,12
197669 123344 10 7,15
132886 145585 10 14,7,11,4,3,12,1
160219 191049 10 13,3,5,4
324671 178187 10 9,9,3,6
168144 252910 10 0,4,7,13,7,7,11
214022 66922 10 1,12,10,5,7,4,2
132835 199934 9 15,10,11,8,0,8
147984 113304 9 4,13,0,13,7,15,4,14
308517 81637 9 6,11,8
373818 128850 9 0,6,14,2,3,5,3,6
177735 191205 9 6,11,2
350951 349726 9 14,8,13
147367 113523 9 1,0,6,5
8582 45314 10 4,3,8,14,9,7,4
222819 111552 10 1,4,15,5,5,13,2,7
344652 266759 9 0,12,1,5,12
255191 90178 9 8,9,4,12,7,6,0
381974 69227 10 6,4,12
155648 212153 9 3,7,5,14
144705 158050 9 12,9,3,6,5,1,14
68176 381051 10 9,0,12,4
196286 34352 9 9,13,11,1,15,5,8
271805 191858 9 9,8,5,3,3,5,12
113723 303386 9 3,7,7,11,4,8,6
157298 228628 9 12,3,1,9,4,7,2,15
274677 16992 10 5,8,11,8,6,4,7
129900 249376 9 15,4,13,6,0
304750 9395 9 11,1
32455 102468 10 13,1,3
104068 285796 10 7,1
293843 26318 9 1,2,14,5
224876 239903 9 6,12
321173 59666 9 15,0,5,12,6,12,15,14
144689 280256 9 6,1,14,9,6,7
345598 303474 10 3,8,11
105324 294924 10 11,5
204828 338414 10 13,1,4,4
181917 182057 10 12,3,14,6,7,4,3
155119 256917 9 8,4,7,9
86064 350523 9 7,8,3,3,10,2,7
161487 1564 9 8,4,8,1,15
108331 128345 10 8,5,6,3,8,8,12,5
151258 281210 10 8,8,2,14,14,4,14,8
373974 69458 10 1,14,3,4
236795 295875 9 11,13,9,4,5
279400 351997 10 4,0,3,6
194787 58204 10 1,7,7,5,4,7
361411 287892 10 4,7,12
237467 294533 10 4,7,2,6,14,5
344662 284972 9 10,10,11,4,12,8,0,6
230343 232647 9 3,4,12,4,8,7
279987 91349 10 14,3,1,5
167628 168325 9 4,11,7,13,9,15
21200 187069 10 8,3,5,14,11
51101 334082 10 8,5,7,8,7,7,11,1
334111 148771 9 14,3,3,11,7
154407 21229 9 12,7,2,1,6,12,11
242539 379324 9 3,15,11,5,4
355484 358357 10 6,14,6,7
95664 82333 10 5,2,4,4,3,13,5,6
376727 170389 9 3,13,5,9,8,8,4
15257 299814 10 7,13,14,3,8,4,3,5
50097 254205 10 9,1,5,4,7
203540 94695 9 3,15,5,3,3
275140 349011 9 7,0,1,12,4
322421 21577 10 14,13,7,3,14
82191 228827 10 11,4,4,7,6,7,6,4
330179 83680 10 8,4,8,9,6,5
175815 16670 10 4,2,3,1,12,9
343734 307189 10 3,5,3,8,14,2
141060 339367 9 7,5,14,12,15,1,7
32277 296955 10 11,12,10
246172 375324 9 3,14,1,8
162248 215981 10 2,8,8,3,6
81199 63011 9 14,1,6,10
87934 105984 9 15,4,10,7
4635 288724 9 1,5,6,1,5
92222 98523 10 3,4,1,5,14,4,8,6
80727 137625 9 15,12,4,3,3,1,15
54323 5821 9 7,3,7,5
181840 311757 9 8,15
214702 182603 9 3,5,2,15,5,13
64923 370474 9 5,4,15,1,5
319501 43043 9 14,0,3
23616 259695 10 10,4,12
9380 350747 10 5,0,5,13
165695 42045 10 1,4,14,8,15
138067 281634 9 3,12
152322 194877 10 8,3,2,13,6,2,4,12
262422 12670 9 4,3,2,14,5,8,7
31852 100324 10 6,6
92757 44023 10 1,9,6,6,7
330010 205258 9 4,13,1
89867 101931 9 4,14
253873 147362 9 3,8,3,12,11,8,3,2
365021 294326 9 1,14,2,14,8
193007 317478 10 2,0
317345 29337 9 12,1,9,11
325514 31642 10 8,6
323065 10092 10 9,12,6,4
376879 377735 9 7,7,6
308539 42201 10 5,7,3,4,5,5,7
73293 248983 9 14,4,1,1,7,1,11
276923 73954 10 9,14,0,8,11,14,2,2
221684 270460 9 0,14,5,7,7,2,14,8
218508 18212 10 0,0,2,7,0,2
312703 4920 9 10,0,3
347180 335671 9 7,7,11,5
369487 379080 10 7,15
373569 121902 9 3,12,10
126575 277714 10 8,14,2,4,10,4,3
199407 15074 10 2,0,4,5,7,5,4
233109 14711 10 1,1,12,12,15,14
26741 277831 10 12,4,1,13,3,15,6
201147 369297 10 5,5
298830 99595 9 3,12,9,1,1
324477 54047 9 1,4,8,0
174441 170911 10 14,7
157305 218534 9 7,9
206824 71075 9 8,8,4
181639 145157 10 5,12
226620 198756 9 12,8,3,13,6,8,3,14
260835 232408 9 13,15,1,3,11,3,1,9
101917 214050 9 9,14,2,1
371443 249963 9 14,6,1,10,14,7,12
241842 279753 10 12,2,1,6,1,0,8,5
228918 140742 10 5,5,3
10005 298927 9 4,7,1,1,2,4,6,15
22323 23553 9 6,8
147927 207053 9 4,9,4,5,4,3,4,9
198147 221322 9 4,12,7,14,6,10,4
148932 73443 9 8,1,4
227599 246430 9 0,2
34277 21930 10 3,14,7,3,13
256220 688 9 3,15,9,10,2,8,4,4
120337 379346 9 6,4,10
99316 314169 9 4,3,3,4,12,7,5,14
108897 293594 10 9,0,7,2
103323 251439 9 4,8,2,6,3
137371 140123 9 4,12,13,11
40102 295943 10 13,5,6,9,3
363857 21851 9 14,14,2,12,13,15
71474 111014 10 4,7,7,3,4,8
182290 346903 9 14,8
236261 349678 10 4,7,8,3
337817 186134 10 4,6,4,14,7
84633 28604 9 13,12,3,3,5,10,13
26192 100197 9 3,4,7,8,12,1,12
114861 213649 9 4,2,13,3,8
202607 34587 9 8,3,14
243023 263138 10 3,6,15
210136 79472 10 15,2,4,15,3,4,1,12
295798 318354 9 4,12,11,10,9,8,5,1
14964 94459 9 8,12,3,11,5,15,15,13
49963 40823 10 15,1,5,12,1
171305 141154 10 6,9,11
238378 123564 10 13,1
271109 154018 10 13,3,4,3,3,14,13,1
100429 198526 10 3,7,2
87817 258642 9 3,12,14,8,1,6
374487 304038 9 7,7
277844 130665 9 4,4,8,7
342951 168170 9 2,9,7,1
324735 46953 10 6,12,0,4,9,13,7,1
233826 68587 10 8,3
215471 191098 10 12,3,3
9677 286505 9 12,13,1,6,2,14,10
340545 45031 9 5,1,6
2685 196433 9 15,5,12,13
14095 167762 10 0,6,9
159643 206008 9 7,10,1,13,4,9,5
355799 20880 10 8,12,7,6,1
335827 139114 10 1,8,13,2,12,15,12
237234 87998 10 3,5,0,13
153714 341891 9 7,13,4,5,7
376775 99420 10 4,1
12946 72990 9 15,12,11
45195 37540 9 4,6,8
204213 31981 10 1,13,13,11,9,13,6,14
153854 129663 9 12,6,6,13,11,12
211947 173324 10 4,7,14,4
314453 139696 9 5,12,7,14,1,3,12,8
345883 101713 9 12,0,1,12,6,7
380905 149437 10 1,3,11,3,4,5,8
351134 149406 9 7,5,9,3,4,6
115761 161861 10 14,15,1,14,6,9,4
232721 328091 10 9,12,2,2,7,13,3
191331 46421 10 1,5
369229 375106 9 5,6,11,4,3
326085 373911 9 4,1,1,2,10,4
187857 150594 9 14,13,5,7,9,5,5,1
77203 237503 9 13,7,1,8,15
64851 25155 10 1,3,1,4,8,14,3
99322 156559 9 7,6,1
133273 196657 10 0,12,5,9,12,6,4
181166 62457 9 0,12,13,1
131971 215542 10 7,4
178364 1302 9 8,1
55461 280600 10 14,3,3,1,3,5,10
112828 306527 9 1,0
215826 110066 9 12,13
307045 269957 10 8,4,6,8,3
70277 245978 9 15,7,2
123836 283822 9 1,9
31323 171280 10 7,14,4,2,15,5,0
293442 383748 9 7,3,4,1,9,14
230198 6062 9 5,4,4,3,15,11,12,8
30378 114317 10 8,15,3,15,15,6,1
92323 19235 10 1,8,3,5,3,12,8,5
277776 142598 9 3,10,6,7,8,3,7
374768 340794 10 2,4
242392 376220 10 2,9,0,3,5,5
55875 237631 9 4,3
38567 370131 10 5,8,14,1,12,12,13
48343 1124 9 0,8,2,12,4,5,8
104006 89927 9 7,8,3,14,6
133322 240123 10 8,7,7
163545 1064 9 1,4,1,11,6,8,8,7
218727 187883 10 13,1,5,2,5,7
178774 145232 9 8,12,13,3,5,8
50445 168509 9 13,4,14,4
264422 79780 9 5,7,8,9
326405 251571 9 1,8,6,8
44903 73681 9 0,13
88748 55762 9 8,14,5
353904 302352 9 4,3,7,8,0,8,8
366320 12653 9 5,6
151564 73052 10 8,0,3,11
35691 49995 9 10,8,1,14,7,4
126526 325343 9 2,1,14,15,4,12,7,12
97415 60584 10 12,13,12,5
154338 112356 9 4,14,5,0,7,8,15,5
163046 152296 10 13,14,4
289667 218253 9 11,4,4,12,12
339952 165728 9 5,14,14,6
196231 240003 10 2,5,8,6
167996 196034 10 11,6,5,12,5,8,9
71172 36470 9 6,3,12,5,6,12
224812 185270 10 5,9,1,5,12
80659 13491 9 11,8,14,4,3
239509 324982 10 8,15,10,7,12,2,5,1
17233 65133 10 11,13
117846 349583 9 2,4,6,5,15
140362 66334 10 5,6,4
260646 101354 9 9,12,7,1
361057 230502 9 7,0,6,9,15
322579 313370 10 8,4,1,5,13,6,3
328114 226959 9 12,7,14,3,1,11,5
377364 236451 9 14,3
11456 268487 9 7,1,4,3,5,8,6
139277 208007 10 3,3,3,0,8,13,7,15
177114 281918 10 5,1,8,13
354856 165312 9 3,10,13,4
93078 325704 10 13,4
197175 150933 9 6,13,9,6
38476 223269 9 13,8,11,4,8
274253 252412 10 1,4,6,1,2,1,12,13
208172 304210 10 6,3,13,5,8,8
13410 49683 9 6,15,4,7,7,1,3,15
128230 290745 10 6,10,4,7,2,1,12
192616 158532 9 3,8,13,12,1,6,0,4
288858 26142 9 11,3
220547 130805 10 15,9,6,1
229127 300862 9 5,13,7,1
116049 193353 10 5,12,3,6
74650 122982 10 9,12,12,3,4
320328 229984 9 7,10,8,6
282196 287713 10 2,1,10,2,15,14,8,8
303715 335818 9 15,1
254823 224020 9 4,9,12,12
182614 284375 9 5,6,12
235635 105811 10 1,7,8,1,0
232104 86008 10 8,0,7,1,2,13,1
164265 332789 10 4,8,11,1
174667 82896 10 8,9
137967 188680 9 12,0,6,3,7,1,2
282019 233479 9 3,13,7,8,7,1
353627 207654 10 4,4,4
153182 153996 10 7,3,12,6,6,12
103581 345080 9 7,11,3,5,8
256068 24397 10 4,12,13
39798 190342 9 8,13,13,6,8,9,5,5
278240 296283 9 3,4,8,10
157305 338357 10 9,6
7664 163972 10 13,11,8,8,3
310187 278049 9 14,1,6,6,0,11,14,11
203719 356819 9 14,6,2,14
154084 136398 9 8,4,15,6,3,1,8
369165 272521 10 4,3,3,2,8
239018 124238 9 3,4,9,1,1,6
251697 364847 10 13,12,5,2,6,10
181426 364510 10 8,1
276240 277081 10 5,15
77094 261636 9 13,6,9,8,8,14,11,0
40762 306453 9 7,5,0,8
228968 222128 10 2,1,14,9
263351 123840 10 1,8,7,6,2,3
123044 108461 9 2,1,8,1,9,8
96717 24643 10 4,1,11
54661 142514 9 4,10,14,15,5,1
110439 321276 9 9,6,13,4,4,4,2,2
341334 173376 10 6,11,4
276754 178643 9 2,13,3,4,2,1,4,0
267522 142995 9 9,10,9,6,13,6,10,8
159730 348986 9 8,4,3,1,15,4,1
50496 100966 10 2,6,9,5,0
242351 164844 10 15,7,0,1,3
1809 107542 10 8,15,3,13,4,7,8
337245 52097 9 1,5,8,1,5,10
86319 220560 10 3,0,1,4,1,8,12,15
265766 245039 10 7,4,2,12
107686 282299 9 3,4,1,12,3,7
261247 322989 10 3,8,1,3,6,10,5
56326 219094 10 4,8
15790 189276 10 12,4,3,6,3,4,4
154645 5326 9 1,13,2
175068 228586 9 2,3,9,13,8,14
189892 188044 10 12,6,1
381539 260370 10 11,4,2
261704 139350 10 8,5,3,8,7,14
211796 59877 10 11,8,5,8,7
174412 150509 9 0,3,13
140527 257508 9 8,1
316947 20713 10 0,13,8,4,4
212678 299458 10 15,0,4
120326 47913 9 8,1,8,2,3,8,4
47621 336795 9 13,3,8
341885 359040 9 14,9,3,14,6,14
157165 107340 10 9,14,4,8,13,1,13
356151 28915 9 3,8,15,7,15,10,6,4
1101 217999 9 8,5,11,1
289746 11134 10 4,3,12
158918 287353 9 3,1,1,13,3,4
72228 274219 9 0,8,7
285149 269135 9 6,8
85683 170891 9 1,7,1,7,7,4,6
378528 95157 9 4,8,8,4
233026 163452 9 4,8
333300 356560 10 4,5
85319 349124 9 12,12,6,3,3,7,6
142477 47257 10 3,8,8,6
225232 379741 9 1,8
166890 290478 10 3,13
341798 80247 9 2,8,5,12,7,7,5
365618 324644 10 11,3,14,3,5
136384 51759 9 5,4,7
211809 191872 10 5,4,7,13,5,1,5
45537 129306 10 8,4,8
215090 24685 9 4,4,1,12,0,9
34749 122263 9 14,2,6,9,12,7,3,1
234757 58894 10 14,7,14,4,14,8,5,14
229011 273754 10 13,7,6,1,13
233038 225461 10 2,3,6,6,4,4,8
113615 74665 10 7,7,12
292897 54965 9 4,0,15,4,1,4
185418 70281 10 0,14,12,11,5,5
377655 292070 9 12,1,13,4,8,1
16864 334375 10 7,14,1,5,12,3,1
299595 203052 10 4,3
245317 102483 10 0,3,8,6
307236 174105 9 15,6,12,7,8,2,1
117873 231452 9 8,5,13,12,3,4
302678 301711 10 9,10,10
263186 325174 9 12,4,15,15,0,3,6
207278 239712 10 4,3
97240 127194 9 5,1,5,7
193356 55993 10 8,15,8,11,6,4,6,6
316590 86355 10 5,13,0,13,13,10,15,6
377604 325285 10 6,14,5,11,10
303048 217968 9 9,7,7,0,3
119572 42958 9 5,14,3,12,7,1
302661 250195 10 8,8,7,5,15,13,12
250073 183208 10 0,5,5,5,14,1,11
210855 155780 10 15,6,12,11,4,1
82683 372293 10 3,8,6,14
310638 28358 9 8,3,14,11,6
340890 52741 10 15,8,8,14,8,5,5,11
309624 156361 10 1,3,4,5,3,15,7
65417 281634 9 3,9,0,4,7
290629 232993 9 13,5,3,5,3,6,8,9
43199 239334 10 11,1,9,6,5,4,11,14
340386 181659 10 14,0,5
359485 327898 9 5,2,1,7,12,4,14
339166 209832 10 10,12,6,6,6,12,6
279196 26827 10 7,6,5,3
348783 3869 10 6,7,6
92234 57112 9 5,1,3,5,2
261209 124778 10 10,0
215081 252485 9 12,12,2,1,1
242834 25396 9 4,5,6,0
217657 82474 9 8,4,13,6,8
289786 239053 10 6,5,11,0,4,5,4,9
128917 87902 10 4,3,4,3,13,5
325556 241182 10 5,5,6,12,4,5
381128 344180 10 3,3,3,0,14
158632 88740 10 14,3,6
29833 252426 9 12,6
312482 59320 10 14,0,8,4,15,5,3,13
315358 358739 10 10,5,1,5,13,3,7
67245 124723 10 15,0,1,8,12,7
342589 187136 10 7,15,6,12,3,5,4,3
11322 365159 10 3,6,4,12,9
31012 256581 10 2,13,3,1,12,1
200973 20065 9 3,8,4,15,9,3,8,3
237053 314507 10 15,2,2
368188 305599 9 13,13,4,12,15,7
100640 334300 10 0,4,15,0,5
43021 95630 9 9,9,3,14,6,13
114734 84939 10 6,8,5,7
125655 23899 9 5,8,12,5,13,1
240744 313629 10 13,0,6,1
5341 1207 9 15,6,3,13
192642 291629 9 4,8,12,0,12,8,0,6
267376 209099 10 1,9,6
244493 147661 9 1,13,13,7
336315 214311 9 2,1,8,0,5
115757 256203 10 7,4,1,3,7
157490 278305 10 6,2,7,2
179727 351846 9 14,10,4,7,4,2,10,5
163254 210406 10 9,5,3
116318 50425 9 5,6,5,14,4,1
311985 374524 10 13,1,3,6
323107 92812 9 13,5,3,12,14,15,3
112112 220568 10 5,15,15,4,8,15,5
120326 264496 9 7,7,8,13,1,4,3
145048 381519 9 8,3,3,4
22629 37667 10 15,14,3,4,3,7,8
378636 162791 10 1,8,7,8,1,4
365792 169944 9 9,6,9
104745 357000 9 15,8,3,5,4
278326 313642 9 7,3,7,3,7,15,3
279002 258399 10 3,1,7,12
172760 219143 10 14,4
24182 120088 10 8,8,3,8
230298 325929 9 10,1,6,4,8,0,7,4
231716 37535 10 3,1,5,10
88732 339891 9 8,5,14,7,1,5
361256 215404 10 3,8,3
262952 10118 9 4,8,3,3
47428 300312 10 4,4,6,3,4,2,7
350755 139843 10 3,7,6
324224 67250 10 1,5,12,8
222296 24591 10 8,13,4,4
102286 161098 10 9,12,13,1,8,2,3,8
21495 191614 9 1,15,7,3,8,8,1,4
35769 7373 10 8,6,6,2,1,8,4
20510 299717 9 2,14,4,4,9,10
124912 205119 9 4,14,8
93435 332998 9 14,3,9,1,8,5
188160 336610 9 6,12,4
40150 60379 9 3,4,0,3,5,6
310286 248047 9 14,5,4
223983 249190 10 5,4,1,15,4
317267 75721 10 3,3
287727 105245 9 5,7,3,3
104272 15343 10 3,4,12,7,3,3,3
205169 271567 10 5,12,3,12
61040 221852 10 5,15,8,10,1,9
319892 44369 10 10,12,13
16457 24264 9 15,7,4,11
147368 69890 9 1,0
118283 28571 9 7,7,6,11,2,15,2
132398 179666 9 4,7,3
44411 334177 9 7,15,8,15,5,1,3
301208 203896 10 12,1,7,7,2,8,3
236371 111609 9 14,8,9,8,10,4
135150 36463 9 13,4,6
274750 100187 9 4,0,4,8,5,13
376801 238959 10 7,10,8,10,1,3
222546 382551 10 9,15
239096 75506 10 1,13,1,1,3,7,8,4
109215 291640 9 2,3,9,3,8
272672 222971 10 5,5
333315 220995 10 6,8,4,12,9,7
140219 331496 9 7,8
129658 120538 10 8,13,8
150318 69385 10 13,7,3,3,0
16420 194218 9 5,8,7,3
353986 75739 9 3,8,7,3,3,7
347932 262085 9 1,12
192156 16602 9 8,12,9,7,8,5,0
2110 131221 10 5,5,5,0,4
248673 60757 9 1,8
129070 64470 10 13,7,2,4,4,4
326040 320752 10 3,7
358612 74114 9 7,13,8,12,15,9
121777 78676 9 12,5
162335 232023 10 5,8,7,4,4,1
171809 276079 9 7,3,12,0,3
325156 52265 10 8,0,3,1
226160 280769 10 3,0,2,3,1,5
369759 92908 10 1,9
154339 371436 10 15,3,4,0,0,8,6
91397 335994 10 13,4,7,6,2,12,8
84652 378320 9 4,3,8,7,3
351607 354479 10 9,3
304973 185484 10 4,0,5
107799 283182 9 13,1
103815 210310 10 4,5,9,2,4,3,3
242920 280005 9 1,12,14,2,8
205815 126761 9 15,8,4,3,11,15
368795 4821 10 4,4,0,0,14
159229 123470 9 15,1,7,3,4,9,4
182289 118973 9 12,3,6,8,13,0,6
266336 297674 9 5,12,2
147170 279964 9 7,6,3,7,13,12
161022 283537 10 2,11,4
345396 195519 10 3,7,14,13,6
322543 130297 9 8,5,4
2145 180234 9 11,6,15
141936 165952 10 3,7,6,9,8,12,13,11
156730 362731 9 7,8,7
230887 125579 10 12,3,5,5,15
97957 342191 10 7,5,15,9,8
267288 62780 9 0,15,8,3,4,12
252988 181157 10 1,8,13,9,3,0,0,13
18583 150004 9 14,8,0,7,3,10
90410 289541 10 8,6,14,12,8,7,13,5
44043 119578 9 7,15,3,9,8,12,15,0
156751 209937 9 0,8,3,7,7,7,7
21491 348853 9 7,12,13,0,7,4
280372 151490 9 15,7,8,7,5,7,8
162816 363878 10 15,1,2,14,11,2,7
119630 115803 9 3,5,6,3,12,6,2
210859 247332 9 3,3,12,15,12
150035 3353 9 5,14
341626 10834 10 14,1,5,14,11,8
72811 138765 9 4,6,15,6,3,12
121476 15214 10 3,4,6
52381 11558 9 5,4,5,4
63954 277448 9 5,3,7,7,10,13,14,14
168191 9161 10 2,4,15,8,9,5
136381 232092 9 5,7,8,6
276930 364049 9 2,12,3,6,3,4
258877 64436 10 3,1,1,14,15,5,12
119947 347359 10 13,4,3,5,8,13,4,10
376996 319962 10 3,5,5,1
270632 133311 10 4,4,8
122629 274793 10 4,12
123520 117916 9 12,15,8,13,4
118293 96680 9 9,1,5,7,6,4,10,14
187258 291818 10 0,15,13,8,14
127485 363753 10 10,13,3,4,6,3
46380 313944 10 12,3,4,2
325569 101039 10 5,5
105850 346802 9 7,4,13,15,3,14,9,12
202324 320470 10 5,12,8
306503 216065 10 14,4,6,0,7,1,1,7
63556 336474 9 5,0,2,5,13
259011 130002 9 6,4,7,10,7,12,9,1
302097 266572 10 14,4,6,14,15,12,10
306234 87160 9 3,9,15,3,5
128191 193887 10 1,6,2
117510 254557 10 7,7,8,7,14,3
17952 130867 10 11,15,1,5
327002 196964 9 10,4,10
264574 359199 9 14,14
191125 239209 10 5,4,4,5
104292 139183 10 15,2,14,4,3,14
137833 296234 10 6,8,13,13
372928 187789 10 11,14,2,5,5,8
146359 117945 9 4,1,1
340201 123485 9 2,3,15,4
224593 287592 9 1,12,3,7,4,14,6,2
293621 302351 10 10,4,3,4,9
19777 311179 9 15,2,14,13,13,4,6
323643 72338 9 0,8,8,9,9,2
262413 216143 9 7,14,3
92835 21714 10 3,7,12,3,6
124900 325515 10 5,6,3,5,12,5,12
256367 291762 9 13,8,8,8
241821 262168 9 4,8,8,4,4,7
206772 207191 9 8,6,2,3,5,1,0
115126 377956 10 12,6,5,5,0,15
280212 378186 10 7,3,6,6,8,5,7
194712 104397 9 6,6,1
276530 188478 10 7,14,1,10,4,3,0,6
331531 345148 10 12,12,2,12,8,5
55578 111314 9 11,12,3,14,0
265006 94203 9 10,2,14,11,1,5,2
148478 161442 9 9,1,10,12,8,9,15,4
191221 275348 10 5,15,6,1,4,14,6
272162 349582 10 9,14
250778 270498 9 2,3,3,4,12,4,6,15
25198 249709 10 7,9,3,9,7,14
227635 106019 9 6,1
141191 68300 10 3,8
252531 23058 9 6,8,2
369567 160185 10 12,3,15,14,1,4,15,7
112211 238998 10 7,14,7,14
108056 299317 10 12,1,12,0
61876 50099 9 1,14
62532 377775 9 5,8,10
240011 53984 10 12,3
114547 33169 10 1,12,11
232060 58590 9 6,7,0,8,4,5
377258 365680 9 5,8
342886 55246 9 7,15,8,8,9,7,8
283257 279692 9 1,12,3,3,4
117339 239263 9 5,5,4,0,10,7
277479 336766 9 4,15
175304 328586 9 8,3
291477 296825 9 2,14
118110 208484 10 1,1
2070 57676 9 14,5,12,11,3,3,3
61489 247514 9 3,10,3,1,8,3,5,0
352573 149657 9 8,3,10,9
93340 274382 9 3,12
103812 39470 9 4,4,8
259078 290808 9 2,5,6,5,14,6,3,1
1952 116533 9 3,4,3,8,7,2
116499 34452 9 10,1,9,8,5
350823 237163 10 12,6,5,13
260016 369380 9 15,7,0,4,3
214763 345363 10 0,5
328113 273579 9 7,3,15,9,8,12,9,3
371369 102331 9 8,1
370153 201674 10 7,9,12,5,13,1
27740 364258 9 7,4,6,1,3,14
298328 261523 10 12,9,9,8,5
15685 44828 10 6,1,13,13,4,3,7,0
343579 242772 9 13,2,8,13,13
102824 144599 9 3,13,1,8,7,3
52844 252302 10 2,7,8,7,4
88504 79817 10 7,8,8,9,8,2,3
138486 99179 10 11,14
54141 270202 10 8,6,3
189240 117000 9 5,3,8,2,3,3,11,8
65631 40561 10 12,5,3,4,8,8
119206 77089 10 7,12,1,0,1,8
58290 58327 10 0,2,12,1,3,12
245902 78879 9 3,6,3,8,4
105230 307619 10 1,12
141836 374265 10 12,12,3,7,15,5,10
314567 33371 9 7,5
286313 269022 10 8,6
32291 97215 10 5,5,2,7,2
374461 229053 9 6,0
283782 290991 10 6,8
166771 40706 9 14,15,6,14
348448 239873 9 5,5
90106 237267 10 2,11,7,4,5,7,4
222870 114671 9 5,12
254687 95227 9 8,7,4,1,5,7,14
287276 234520 10 7,13,15,14,9,1,9,7
89205 122670 9 5,12,12,12,10
213315 163364 9 15,7,4,13,15,14,8
371163 358157 10 2,8,3,10
296216 122802 10 1,3,4,3
248859 198149 10 5,12
74629 59948 10 8,7,7,7,3,8,6,7
146747 97681 9 0,5,14
18068 324289 10 2,1,3,7,7
285576 306950 9 7,1,6,4,3,0,5,5
18224 235524 10 4,10,12,6,2
39294 329299 9 1,2,1,8,1
72230 357591 10 5,4,1
32230 61302 10 13,4,12,6,8
275386 189506 9 8,6,8,8
160562 44025 9 10,14,5,7,6,5
7573 2486 10 3,0,6,1,1
129237 172866 10 4,5,3
219871 206589 10 3,4,4,11,5,5,13
62719 303346 9 3,15,14,3,5,1
372731 135391 10 7,4,15,1,4,9,14,13
351182 158995 9 5,6,15
190965 230516 10 4,9,3,2
78759 11271 9 8,3,6
308836 236274 10 0,9,0,12,4,6,9
226891 216742 9 6,5,0
119664 86940 10 15,0,14,7
167953 20955 10 3,9
122151 323784 9 14,6,8,6,4,5,4,7
190526 15233 10 13,6
270042 314779 9 4,3,3,9,4,3,9
162834 114162 9 5,14,7
1733 86958 10 1,3,6,3
345810 244060 10 3,4,1,4,1,14,7,8
149191 109199 9 4,2,6
231591 356069 10 12,5
33075 166199 10 7,4,11
292118 279174 10 6,12,7,3,0
107752 45271 9 3,6,5,8,14
8857 8255 10 1,9,6
294806 149814 9 1,14
89329 92224 9 2,7,7
244647 25805 10 5,7,8,6,7
245826 33256 9 14,3,1,4,1,4
313556 209350 9 13,5,9,5,10
327950 268368 9 8,10,8
128543 58699 9 0,15,12,13,12,12,15,1
159018 357675 9 6,4,8,14,12,9,6
37162 151364 10 1,8,13,3,4,8,9
321388 141376 9 0,1,8,9,13
257593 209160 10 3,8,3,15,4,7
30417 62168 10 9,7,4,4,8,13,4
251902 141687 10 1,1,15,15,7,4,3,15
172066 278071 10 12,2
86313 246670 10 13,4,8,7,6,3
150503 250354 10 3,4,13,14,1,1
94183 89154 9 13,14,15,0,3,2,6,1
170203 316064 10 9,8
156074 190402 9 13,1,8,12,9,9,12,0
352931 21568 10 14,4,7,12
216421 75815 9 0,4,14
263173 142221 9 0,3,5,9,2,9
140151 97861 10 9,15,3,9,8
293843 248663 10 10,7,5,7,6,5,13
62375 261776 10 9,2,4,4
252408 253388 9 3,3,1
132351 210454 9 12,8,1
341599 39434 9 13,1,13,14,12,0,6,3
8374 282915 10 12,5,12,3
256183 153532 10 3,3,0,4,4,1,3
148860 150537 9 9,8,0,14
220902 48851 10 6,4,15,8,4,8,6,1
236873 42368 10 13,13,1,10,7,12,6,8
203687 124202 10 4,6,5,8
5314 142846 9 9,12,10,3
264938 161858 10 13,14,7,3
48013 272465 10 4,14,15,14,9,8,4
218964 17957 10 8,1,2,7,13,6
142954 219975 9 6,11,7,13,7
238995 155293 10 5,3
209396 331998 10 7,12,4
2952 67825 9 3,6
57481 76027 9 15,5,9,1
279113 97867 10 5,1
251331 32182 9 2,10,15,7,7,6
321708 82585 10 1,7,6,5,3,8
302876 246259 9 6,3,7
278406 338062 9 11,4,14,12,12,9,1,13
152811 131370 10 12,5,5,4
75685 289298 10 12,4,15,12,2,14,15
193258 13667 10 2,12,8,5,6
238279 40149 9 0,12,14,7,0,9,5
106752 216016 9 0,5
328087 355126 9 8,7,15,5,7
22759 186377 10 8,3,4,6
184344 223704 10 11,1,4,3,1
308713 277199 9 8,5,10,4
151769 62756 10 7,10,8
281995 215460 9 13,14,7,15,7,1,1
344949 212690 10 4,3,5,11
368290 21749 9 15,10,4,12,4,4
222321 139179 9 5,4,4,7,1,8,15
74648 84854 10 3,12,4,7,12,14
47276 340287 10 4,14,6,3
103987 145741 10 13,14,11,13
157509 380859 9 9,14,11,7,0,3,11
357973 383760 9 9,14,12,1,12
336599 272581 9 8,8,7,14,1
82005 346075 9 8,12,15,5,4
367023 296967 9 6,13,7,5
253798 189232 9 7,0,0
209297 174366 9 8,10
254937 123275 9 6,1,12,4,11
49375 96944 10 4,1,3,3
284513 168180 10 10,8,4,5,13,10
113109 271227 9 10,0,5,3,4,12,12
265391 281720 9 8,7,4,1,6
18647 374439 10 14,1,5
262366 228648 10 6,5,2,7,4,10
129357 358611 10 15,7,5,1,3,2,11,6
196251 128829 10 11,14,3,3
351031 255707 10 5,5,3,10,13,12
123714 326913 9 13,9,7,7,7
52264 132271 9 1,8,9,12,11,6,6,4
143387 343178 10 5,1,10,11
352677 343204 9 5,1,7
138159 6688 9 9,7,5,3,8,5,8
362267 307047 10 14,3,6,7,9,13,2,7
32310 190741 10 13,6,4,15,4
193673 147732 9 5,4,9,13,12,7,5,7
345939 85616 10 4,8,3,12,6,4,1,3
311909 322625 10 8,14,8,1,12,7,14,10
319099 321652 10 9,7,1,7,13,4
296637 281823 10 1,2,12,12,4,2,1,10
249973 195170 9 3,14,1
376675 26357 9 1,11,3
358856 62493 9 6,8,5,4,14
97205 184808 9 4,5,2,4,13,13,1,1
240631 70695 9 7,11,8,14
317362 227286 9 3,7,3,8,12,4,13
49368 353173 9 7,7,12,6,7
292183 79382 9 13,4
96714 362414 10 3,7,5,6,2,13
269780 249640 9 3,6,15,8
95567 107929 9 14,9
329726 13834 9 3,14,8,6,11,7
68247 95454 9 15,4,2,15,13,5,3
171163 60885 10 4,11,4,3,6,0,9,8
340916 58444 9 13,10,14,5,1,4,5
130216 145820 9 3,10,7
367186 374817 9 14,13,6,8,13,5
289169 115214 10 3,13,10,15
49159 74914 10 1,2,1,3,13
86588 125935 10 12,13,4,5,8
47363 364358 10 9,13,2,3,2,4
187554 42588 10 1,12
20099 208779 10 3,1,13,13
46093 290835 10 4,2,7,4,4,13,13
76442 207140 9 12,0,1,5
156173 205921 9 3,7,9,1
229968 85548 9 7,15,5
52435 161977 9 4,7,14,6,1,13,2
27624 124424 10 13,12,3,1,6,0,5,1
17593 344686 9 13,12,4,9
374736 81555 9 3,7
326403 357917 10 7,14
174422 285260 10 9,11
67024 40841 10 3,1,12
35565 68378 9 9,12,5,2,4
104923 20382 9 0,4,8
69583 65731 9 10,10,6,8,3,3
120783 358485 9 3,15
229786 214846 9 13,7
102807 158317 10 13,1,12,1
315446 355314 9 3,10,14,9,6
296423 308084 10 2,13,6,2,4
340353 125136 9 5,7,11,6,7,14,15,1
226496 203496 10 13,1,8,5,12,4
210662 236545 10 13,9
47578 256577 10 14,3
89253 366683 9 15,2,0,9,4,3,8
328639 178863 10 4,1,7,4
240715 205492 9 1,6,8,13,10,13,8,10
16597 288147 9 1,12,4,4,1,4
269535 34131 9 4,0,14,11,7,3
34655 214312 9 10,15,5,4,13
134923 375959 9 3,3
127213 39016 9 12,3,2,5,4,3,12,7
97026 372565 10 10,3,11
166845 187219 9 7,4
209554 236941 9 6,0,2,10,8,4,14,6
110766 73226 10 7,6,3,5
38985 296191 10 11,4,7,8,14
291870 135594 9 11,7,7
316732 166260 10 15,9,5,13,4
262165 195896 10 5,13,11,12,13,1,15,12
315740 340377 10 6,8,2
17860 154186 9 5,5,14,5
206081 349598 10 4,12,6,15,5
380039 164855 9 5,10,10,14,3,15
276883 383527 10 3,15,1,5
138925 366954 9 10,6,3,4,5
276951 180230 10 2,1,3,0,7,6,7
170384 227023 9 10,3,1,13,11,12,7,5
14828 133516 9 11,3,12,14,7,9,3,4
323777 41182 9 5,7,7,6,4
124877 272988 10 12,13,3,12
262449 14554 9 2,13
164849 324672 9 4,1,3,15
232563 335891 9 7,1,12,8,2,2,1
377236 11235 10 15,10,4
4104 120259 10 15,10,2
186152 383602 9 1,1,7,15,15,8,2
119819 71460 9 15,12,6
164614 109812 9 10,1,4,14
364109 85359 10 5,5,3,4
114747 229807 9 12,12,3,4,3
291250 307442 10 11,7,0
305652 13851 10 7,10,6
119734 278059 9 13,12,3,3,5,1
197921 377912 10 3,14,8,3
38389 95008 9 6,14
262835 122243 10 13,4,9,5,3
9405 177141 9 15,3,10
280543 324999 10 9,7,3,12,12,3
218591 220668 10 8,10,9
60889 31498 9 12,4,7,8,1
248509 329178 10 7,11,14,9
373704 165788 9 0,5,14,14,13,4
207469 282571 10 14,3
291824 70428 10 3,6,2,9,6,8,7
298488 2774 10 1,8,4
306116 132238 10 14,10,10,5,8,14
72348 135336 10 12,6,4
301037 120937 9 3,7,4,5,1,15,9,3
194366 171632 9 3,0,14,12
176028 256268 10 12,5,8,6,8,12
243869 287173 10 3,12,2,4
199039 364954 10 10,8
21281 29854 9 10,4,7,8,9,1,5
323740 199141 10 12,4,2,7
144205 16847 9 8,3,14
256004 170912 10 1,15,5,12,9,5,3
293703 189420 9 7,14,14,1,3,4
199099 323246 9 0,14,9,5,14,2,7,0
269079 284351 9 15,9
179016 32517 9 6,5,12,6,5,5,1
202667 110697 10 1,3,2,14,8,6
5487 132453 9 7,7,14,5
140483 365976 10 4,14,7,15,8
27848 242425 10 1,4,8,12,12
80053 355739 10 1,3,4,14,13,7,10,14
6499 86172 9 4,7,9,7,4,12,12,4
14146 64715 10 8,5,12,5,3,13
120184 45040 10 4,15,13,5,3
62637 323680 10 4,11,4,5,5
293663 78698 9 13,15,3,8,4,7,9,8
328593 221984 10 3,2,3
55981 157929 10 3,5,8,3,3,5,4,8
96662 320662 10 10,12,10,8
286044 293796 10 4,12,5,5,3,4,0,13
247413 243797 10 6,4
108533 17615 10 3,4,9
192076 301632 10 2,15,7,8,7,3
136304 264933 10 4,5,13,6,8,2
31298 327486 10 14,3,5
209261 141836 9 3,1,2,5,6,13,6
379861 264949 10 14,12,9,12
326376 142257 9 0,1,5,2,14,3,7
174694 145492 9 13,0
159732 42162 10 14,8,7,7,3
300216 49529 9 2,5,13,13,4,3,7
251754 155787 10 5,7,8
121414 7225 9 7,7,3,3,3,5,12,3
110370 184902 9 7,1
102816 133149 10 13,9,8,13,2,1
308819 362309 10 4,12,7,5,8
129756 225581 9 4,5,7
121619 70915 9 2,8
35174 103992 9 15,6,11
66521 75211 10 11,11
372003 4763 9 2,2,7,2,10,7,7,13
125734 204789 9 8,1,12,3,10,0,6
114289 295951 9 12,5,0,13
159484 377186 9 4,14,0,7,8,3,13
265680 206755 10 13,3,14,14,1,1,7,15
183213 216105 10 11,3,10
275072 178404 9 6,8,9,10,4,12,3
40046 238807 9 8,7,1,14,7,13,4
46949 319043 9 12,13,1
47474 287466 9 14,0,7,3,7,1
157146 190866 10 12,4
11542 364033 9 5,12
51136 340286 9 6,6,6,13,12,5
294898 256755 10 6,0,5,11
17082 40421 9 1,2,6,4
253430 117053 10 12,1,7,6,2,8,8,12
273198 277193 10 1,1,14,13,11,4,5
363510 76244 10 7,11,6,14,8,8,3,7
31464 171030 10 7,3,0,1,9,3,8,4
328951 206520 9 6,5,8,12,4
281934 52124 9 8,1,13,10,3,3
294150 201624 10 9,5,6,4,2,1
15046 269455 10 7,15,2,12
237147 319543 10 11,15,8,7,1,4
200588 328676 10 7,13,11,6,5,3
151103 352733 9 1,4,7
235238 188364 10 13,12,2
255750 43085 9 3,6
6866 379667 10 5,2,4,12,10,14,12,13
104989 309122 9 0,4,14,8,5,7,15,5
46655 148728 9 12,10,5,8,5,8,4
317768 161448 9 5,3,12,1,0,8,0
33636 119143 10 13,5,11,5,4
333788 37064 10 8,12,12,14,1,6,13,8
16305 130958 9 12,8,12
128867 262608 10 2,13,1,1,1,2,4,5
76487 107600 10 6,2,7,7
195440 82851 9 11,7,5,4,6,0
340120 371414 9 7,14,12,15,1
18946 54462 9 10,9,4,9,3,4,7
333599 192679 9 2,15,4,8,5,14
107972 187313 9 8,1,1
273924 55581 9 4,7
128198 133328 10 0,7,10,4,12,9,10,7
357163 208336 9 11,10
170138 76061 9 7,8,3,5,3,5,5
132950 25477 9 11,2,3,9,5
96329 124190 9 7,12
10078 40160 9 9,3,4
368129 312647 9 7,13,8,12,8,1
8934 17644 9 4,12,7
223698 153634 10 7,12,5,7,8,10
161419 323722 10 9,4,0,10,2,4,6
113689 130027 10 1,5,9,1,12,3
288327 154816 9 12,7,4,4,6,1,2
184717 281080 10 3,8
9970 58699 9 1,8,8,8,9
225039 198057 9 1,4
184448 379070 10 8,7,3,4,4,14,9
250756 356208 9 5,0
135939 107746 9 9,14
326363 242617 9 5,1,5
183066 69333 9 9,5,6,0,11,14,0
239462 234501 9 7,2,14,7
128736 217536 10 3,6,2,0,7,3
163697 53363 10 8,11,14,1,9
275917 147689 10 3,8,8,9,4,14,7
66905 311522 9 3,4,4,5,2,3,8,9
178658 153864 9 7,5,2
194230 165463 10 15,7,10,1,8
286106 255364 9 1,4,8,8,6,14,12,9
157735 3476 9 8,7,3,1,14,2,7
178166 131043 10 7,4,4,5,3
26622 225175 9 4,8,4,11,6
187845 59573 10 14,6,4,1,12,1
374665 266590 10 2,5,7,8,6,3,3
19904 381731 10 8,13,13
380148 286318 10 4,1,9,8,7
170059 43186 10 13,1,2,3,6,2,15,14
16998 176867 10 7,6
279571 15 9 4,4,7,5,1,7,5,3
381198 257786 10 3,14,4,4
176566 127732 10 3,12,6,5
153453 29946 10 3,2
294012 37650 9 2,10
203774 72798 10 2,10,5,14,4,12,7
321553 307468 9 12,9,13,6
282012 9277 10 2,14,5,1
89084 98649 9 10,4
32534 34213 9 13,3,5
89564 168911 9 7,0,3,5
251991 206319 10 8,4,12,11,13,6
65253 230960 9 7,6,0,1,4,7,7,12
147441 108540 10 7,13,8,7,13
143808 342831 9 4,6,5,15,1,11,13
250033 289336 9 15,7,7
48001 123488 10 0,6,9,3,1
327866 296879 9 12,2,6,13,14,5,7,12
250473 210761 9 12,8,6,8,4,8
165136 278584 9 8,3,1,12,13,8,12,3
156642 299321 9 6,5
291788 348811 10 1,8,4,8
379776 209337 9 3,3,6,12
258781 179661 9 4,1,8,12,5,2,15
32854 126843 9 11,13,7,1,9,8,9,15
258914 341766 9 14,12,4,1
268558 282793 10 5,4,3,12
72939 329677 9 5,11,4,11,14,8,0,13
354446 335430 9 15,6,7,14,7
264334 372274 9 11,3
326979 255310 9 1,3
265133 162210 10 0,8,12,8,5,3,8
5963 301263 10 12,6,6,9,4,6,3
370345 6657 10 9,14,14,10,4
18181 240529 9 14,7,1
320173 143029 9 13,6,9,7,1,15,6
228448 20461 9 1,4,7
211242 236774 9 0,7,6
100528 337828 10 5,3,6,13,3,0
258040 99670 9 5,8,0,8,1,14,5,15
303476 267210 10 4,7,4,3,4,15
106006 143045 10 12,8,2,13
169721 107784 10 9,14,7,13,1,3,2,11
265584 179586 10 4,1
24679 45328 9 5,3,4,1,12,5
292858 360571 10 2,5
324129 13404 9 14,9
372269 25653 9 6,9,4,7,11,15
108209 292524 9 15,14,8,3
331414 259339 9 9,3,4,6
266897 143062 9 1,5,14,7,15,4
90801 260710 9 5,4,3,8,8,9
102471 73437 10 0,6,14,5
59108 354182 9 4,5,3,2,15,14
81378 223803 10 13,4,5,8,5,3
98224 278166 9 5,7,6,15,0,1
380196 5108 10 6,8
68711 32723 10 14,3,6,0,7,6,7
4494 257481 10 5,0,1,3
53901 232041 9 13,2,7,3
166031 180848 10 3,4,6,9,8,5,3,10
208801 238776 9 3,7,3,5
106017 314947 10 1,8
279847 343854 10 14,13,2,5,4,8,10
73467 170513 9 11,13,3
148265 85096 10 2,3,11,10,8,7
277875 59464 10 8,8,6,10,8
378913 86223 10 14,7,3,8,4,4,7
174178 41652 10 1,0,7
255379 296357 10 5,12,4,7,8
338016 239197 9 15,6,13
91569 230836 10 15,3,11,1,15,7,0
93675 242514 9 8,3,12,4,15,11,13
353915 165038 10 1,12,13,4,7,3,1,4
213535 68802 9 6,0,8,15,1,1
143399 169229 10 3,9,6,13
8050 226105 10 15,8,4,13
246445 110984 10 12,12,1,3,12,2
272057 253799 10 15,13,7,14,1,4,4
197588 369095 9 1,4,12
166143 125615 9 7,3,7,1,8,11,7,1
104003 227377 10 8,4
245929 267718 9 14,13
69134 215928 10 5,8,8,4,5
104692 334911 9 9,0,0,9,12,1,9,11
76731 41639 9 6,15,8,14,9
348940 319413 9 4,8,3,4,12,8,11,4
278317 19076 9 2,8
166747 25753 10 1,1,4
356172 10496 9 7,6,14,13,4,4,2
382093 5217 9 12,1,4
278200 198611 9 11,5,7,14,8,6
246709 284763 9 0,11,5,6,3,5
242299 319251 10 3,12,10
14738 172211 10 10,3,3,10,1
69880 19577 10 4,5,13,7,4,7,4
123813 303071 10 13,7,9
273439 271453 10 6,11,7,7,12,7,7,0
225250 15767 9 2,7,4,4,3,3
73682 34765 10 13,3,3,1,15,15,1,0
69021 243501 10 6,7,9,2,7
340619 354516 9 8,11,5,7,14,8
374563 39473 9 8,8,0,10,3,5
191017 65274 9 5,12,4
140307 375856 9 0,8,4
229831 3999 9 4,12,3,12,5,8,3,3
352127 215745 10 11,8,8,6,1,1
294790 17138 10 6,11,12,2,8,2,13,12
355448 132144 9 3,14,8,8,8
284518 88511 9 6,12,7,15,1,1,12,3
138108 184261 9 3,5,7
85570 182307 10 10,8,8,0,6,12
283320 142515 9 12,9,12,8,6,5,5,4
60836 239515 9 8,5,3,10,5,0,3
82237 30382 10 12,8
223783 277892 10 1,10
162608 256568 10 6,3
132216 11655 10 3,4,7,6,12,3,4,5
255112 292643 9 3,1,8,5,8,4,5,6
369081 28157 9 7,12,9,10,3,1,12
279384 90603 9 3,8,5,4,3
20989 302418 10 12,4
77065 308796 9 0,8,8,4
342158 340551 10 2,14,0,5,15,8
317970 225156 10 4,8,6,5,7,4
357459 182601 9 15,8,13,14,13,6,9,7
69871 192301 10 2,15,7,8,9,12,0,5
141559 346626 10 6,13,11,12,4
106180 339698 10 11,12,6,10
146626 214148 9 8,9,2,0,3,8,8
88746 230210 9 14,5,6,15,3,11,5
353449 213558 10 14,6,1,8
174619 346504 9 3,9,7,7,12,12,15
70502 376606 10 6,7,13,5,5
137951 173504 10 12,4
380123 103721 9 4,6,14,3,12
162092 49482 9 8,8
156753 273692 9 6,2
145406 194469 10 14,12,4,8,3,0,14
243067 137899 10 3,1,8,6,1,4,8
279425 375612 9 11,12,7,10,5,3
366335 17088 9 5,12,0,3,13
7585 292063 9 13,13
47947 10129 10 7,3
284305 259602 10 3,14,13,5,7
55220 103886 10 6,8
185104 5694 9 2,6
352777 151241 9 15,2,10,6
278706 134773 9 2,1,7,7,3,3
264939 274265 10 3,11,0,4,13
71457 111913 9 8,5,1,6,6,9,5,8
54351 313780 9 14,4,13,5,13
353055 110556 10 7,6
133131 326971 9 14,7,4,5,4,12
221846 161629 10 1,15,7,13,8
95607 234406 10 3,11
218514 319729 9 3,15,5,6,11,1
210144 180170 10 8,9,7,2,3,9
276140 125144 9 6,0,3,11,6,6,0,3
271025 21686 9 13,15
170158 85910 9 5,7,9,5,7,10,15
325714 291618 10 12,7
98605 81791 10 1,10
62449 207018 10 6,2,6,7,14
30309 126478 9 7,10,0,4,14
276839 78562 10 6,12,13,12
232718 238309 9 1,4,12,6,12,3,8,8
239738 251290 10 3,1,3,6,1,5,0,13
24817 118071 10 10,4,3,13,6,5,15,12
57892 33011 9 5,3,5,13,5
285203 41710 10 6,6,7,2,7
57581 115557 9 8,8,4,0,1,4
329015 94442 10 0,3,8,5,5,15
275618 92652 10 4,7,4,5,1,1
34833 303197 10 4,12,9,3,7,4
245957 220815 10 7,8
43311 155215 10 12,0,10,10
237247 44353 9 15,1,14,7,6,5,0
9822 18997 9 9,0,7,1,3,5,2
138725 131355 9 0,12,5,13
259847 203738 10 5,8,1,2,5,5,4,11
182963 207918 10 15,5,7
64636 382268 9 15,9,7,1,1,2
162584 295855 9 13,7,13,5,15,14
349445 267189 9 3,7,12
274669 191152 10 9,3,0,4,10,1
295396 248709 9 4,7,3,14,6,15
75587 244988 9 9,7,5,3,7
149147 122632 9 15,14,14,4,14
10454 248289 10 8,7,12,12,15,6,7
5698 11661 9 13,14,1,14,5,12,0
88739 143621 9 0,3,4,8,9
108881 287520 9 8,14,7,7,7,7
293491 172795 10 15,7,1,4
122295 275686 9 12,14,8
172364 214836 9 5,13,3,2,3,5
287006 331231 9 5,4,15
349404 93977 9 8,6,3
132766 271270 9 5,10,4,3
252427 181687 10 0,3,4,8
311002 360419 9 2,4,5
182797 2489 9 3,5,8,7,8,9
34957 227185 10 15,7,7,4,5,6
245910 204973 9 1,9,5,12,3,6,14,7
270537 258439 9 4,7,4,6,10,5
49313 228218 9 1,8,0,1,1,7,4
1001 299423 10 12,5,8,3,0,6,1
1536 305485 10 8,2,6,4,0,5,13
303188 61250 9 13,13,3
368654 196829 10 8,14
290280 154495 9 13,7,7
150867 374542 9 4,12,4,6,4
357173 334868 9 5,11,1
355083 116691 10 8,6,2,12,10,2,8
88757 154960 10 9,11
129274 279154 9 4,7,1,8
127577 323649 9 7,12,4,14
133174 327751 10 6,7,5,8
376989 229083 10 1,12,6,15,8,12,8
142876 101543 9 4,5
158743 173527 10 3,4,9
21331 18411 9 3,14,1,3,8,15
131776 11244 9 7,6
193975 124819 10 12,9,5,3,3,9,0,12
2137 239312 9 1,15
271293 45899 9 3,14,1,9,15,7,3,4
86221 209086 9 10,8,5,3,6,4,4
215730 355550 10 15,3,3,13,12,12,10
193046 352990 9 9,4,8,6
9419 71177 9 8,3,6,5
317391 355369 9 1,12,3,1
377149 308675 10 3,7,13,7,7,4
177671 78663 9 0,3
346815 309750 10 3,10,14,5
370537 331601 10 1,7,7,6,13,10
265973 307953 9 2,3,1
3961 233000 9 7,2,1,11,7,2
235796 374071 10 7,5,7,4
170787 321950 9 13,5,15,6,7,1,2
158294 295416 9 12,10,5,3
228807 270994 10 2,3,8,14,12,5,0
235170 32836 10 9,8,3,7,0,6,11
215493 285970 10 2,3,14,1,5,12
169682 211604 9 12,13,4,14,8,1
156567 36060 10 8,3,9
116848 270928 10 2,2,5
334861 46601 9 5,12,5,5,13,13,1
317696 319376 10 10,3
136055 48430 10 1,3,8,1,2,8
164293 22540 9 13,3
76892 353451 10 1,7,1,7
361723 31374 9 7,14
216962 200537 9 9,5
269383 141348 9 7,7,13
306185 297339 10 5,3,14,7,11,7
134464 345849 10 12,6,7,8,13,13,3
61460 15553 10 3,3,13
272463 219047 10 7,1,13,11,8,4,11,1
59559 352374 10 6,11,4,1
270563 328058 9 3,12,3,13
30729 23075 10 10,4,6,8,3,7,7
379671 327391 10 3,7,13,3,1,15,8,13
23098 246541 10 3,6,4,8,7
159612 152752 9 5,6
238375 141828 10 2,8,1,4
264541 278013 10 13,13,5,6
43435 174417 9 7,12,13,7,12,9
336007 50545 10 8,10
32354 143467 9 2,2,5,14,6,5,13
15391 282260 9 12,7,13,15,7,7
235127 136744 9 6,6,6,8
152857 227717 9 2,6,15,8,0,12
128941 86377 10 3,7,8,0,12,1,6
274363 30478 10 8,7,1,2,4,1,5,3
49695 214948 9 14,11,3,4,4,8
210528 204707 9 2,3,4
207119 114001 10 14,2,4,7,8,3
4611 173351 9 7,4
11040 326979 10 9,5,5,6,5
122692 270696 10 3,7,3,9,2
226326 163359 10 11,9,0,8,12
217205 369842 10 1,3
171839 357655 9 3,4,3,3,1,6,7
125398 102030 9 3,6
127875 348013 10 3,0,0
154641 308764 9 2,1,5
55064 180779 10 9,8,7,10,8,1,8
137882 288148 10 0,13,11,4
233124 302837 9 4,9,10,14,4
11456 338031 10 12,14,8
361967 134122 10 5,8,4,5,6,5,2
253727 262508 9 5,8,15
44670 254268 9 7,1,15,2,3,0,8
69937 298004 9 4,12
319846 350648 10 6,13
205304 311798 9 3,4,7,1,3,13,10
271346 228119 10 11,3,6
160994 380045 10 2,14,14,13,9,12,5,9
234436 154900 10 12,12,15,3,3
40752 216428 10 14,14
257741 316330 10 0,7,4,12,14
282758 341485 9 9,3,2,0
123796 16115 10 1,1,3,15,8
114092 62301 9 1,1,4,9,7
311349 113379 10 11,7,4,12,4,3,9,5
22839 197851 9 3,2,3,9
345458 54413 9 9,3,2,8
16588 357947 9 13,3,14,8,0
9286 131013 9 12,9,3,10,8
128467 144794 10 1,1,14
295844 249357 9 14,3,0,2,1,7
283124 63845 10 3,9,13,0,13,15
82454 243165 9 6,5,8,9,8,7,8
222349 337431 10 3,0
169369 84837 9 14,9,7
232878 142392 9 3,15,1,1,15
216356 364058 10 0,4,7,7,14
202347 382955 9 2,8,3,3,12,9,11
276871 240917 9 3,13,7,5
217572 21390 10 1,15,7
53279 302421 10 8,1,6,13,1,3
205860 309259 10 8,8,4,2,5,15
313494 356423 10 13,4,11,14,3,12,3
105942 228720 9 14,6,3
334813 85609 10 8,11,1
161882 335367 9 3,11,13,12,15
146002 102606 10 5,5,8,1,4,8
294890 121686 10 8,3,5,4,3,0,12,9
84342 167403 9 13,4,4
326932 282348 9 7,3,10,10,1,12,8
277689 300235 10 2,13,3
220850 85186 10 2,14,14,6,4
70925 49388 9 4,8,5,1,1,6,2
327787 257854 9 3,14,1,2,3,2,7,3
216622 88536 9 8,15,14,12,5,5,3,2
151542 27595 10 12,8,7,1,2
283873 240750 10 13,3,1,8,7,12,5
370476 7343 9 12,12,11,7,15,4
265249 110182 9 7,1
141733 291077 9 12,7,5,13,14,3,7
222517 158982 10 4,7,2,12,13
210000 266586 10 5,8,2,13,7
67695 115036 10 15,9
362215 365168 10 4,7,4,4,7,5,2,4
350158 99305 10 7,7
123441 381890 10 6,3,5,0,13
120593 162779 10 6,12,4,10,7,4,10
155996 288700 9 8,4,15,4,7,2,8
134339 19424 9 6,13,15,3
133007 268410 9 4,9,8,14,1,12,9
55435 68553 10 7,15,4
19196 253439 10 14,13,0,3,1,1
6455 142301 9 14,4,9,7,6,9
113623 169230 10 13,14,4,3,13
368734 146488 10 4,8,3,0,4,3,13
306508 39323 10 8,1,8,3,15
114411 319014 10 1,8,6,15,3,12
45473 124831 9 7,1
43983 121171 10 1,4,6,1,5,10,8
355177 95227 10 5,1,8,13,6,13
28528 72297 9 10,13
46413 200352 9 14,1,12,1,13,4
179032 210111 10 4,10,2,6,6,8,11,15
18316 26623 9 4,15,7
80042 246502 9 3,9,1,12,1,12,12
159679 338235 10 3,4,10,5,6,8,12
230587 79065 10 5,2,10,4,3,12,3,1
11767 335939 10 3,5,3,0
256635 225856 9 4,11
34158 156256 9 3,11,4,3
91516 185383 10 5,1
308222 280925 9 7,3,5
186518 170669 10 6,5
158108 353852 9 1,12,1,14,3
327156 17122 10 13,15,7,4
254695 341126 9 1,6
261688 148879 10 8,8,9
116219 282140 9 1,5,4
361705 329190 9 4,4,1,3,15,1,7,11
14171 309370 9 1,14,6
121787 130569 10 4,13,11,3,13,2
205379 162620 10 4,3,8,3,4,7,3
180879 249279 9 2,5,8,4,5,5
32600 9719 10 13,3,7,7,5,12
18006 142955 9 1,3,10,15
70694 27243 10 3,7,7
81099 305869 10 4,3,13,6
79324 323407 9 5,8,1,3
288929 105839 10 15,4,7,7,8,4
101255 352002 9 1,8,4,12,4,7
301878 74813 10 1,15,1,14,3,6,5
339438 225262 9 8,4,14,3,10,6,5,5
279020 271868 10 2,14,9,7,4,5
268000 251219 10 7,14,12,3,6
61309 205604 10 3,9,13,10,12
262454 214565 9 6,3,2,5,14
243499 246804 10 14,6,7
321708 174088 9 5,3,14,9,7,5,2,2
322922 172623 10 3,11,2,11,4,7,1
108928 64837 10 12,0,8,5,3
95378 163769 10 9,3,14,6
303315 173163 9 7,1
95702 314818 10 8,7,8,1,8,8,12
27906 116468 10 1,11,2,13,15,7
112735 74094 10 11,6,4,3,5,0,13
115067 176239 9 4,3,7,13,3
40868 119153 9 8,1,2,3,7,8,1,9
120999 152518 9 7,3,7,3,13
146113 171468 9 9,1,4,12,15,8,1
352124 340462 9 15,10,9,6,8,12,4
45744 26474 10 5,6,3,11,4
328141 43885 10 3,8,7,1,2,11,1
351573 141505 9 4,1,8,5,9,2,10,5
309090 297330 10 0,1,6,8
365030 110138 9 12,13,7,14,7,2,14,6
362415 70439 9 3,8,1,1,15
314588 30962 9 12,5,1,7,7,4,7,14
47995 6741 10 8,8
200015 182543 10 4,12,3
292686 275381 9 3,13,2,3,14
194286 326323 10 5,4,0,14,3,1
57544 331197 10 1,7,9,1,7
164300 187185 9 4,5,7,5,5,2
256620 114110 10 12,3,1,14,5,13,14,11
289867 233035 9 1,6,3,1
331791 327435 9 1,5
68983 275332 9 0,8,3,6,1,10
6387 138582 10 15,13,2,7,1
195135 154206 10 9,5,14,4,3,4,4,5
77512 93242 9 12,5,13,7,1,12,15,11
67302 156882 9 12,4,6
236427 228864 9 15,3,10,12,1
190130 248037 9 1,8,5
191493 343691 9 12,5,3,4,10,3,5,7
333076 53541 10 15,6,8,6,4,9,4
10739 64941 10 5,4
137264 41177 10 2,14,14
202937 86740 10 5,4,11,3,14,5,14
373222 43482 9 7,11,2,12
281961 205603 9 4,13,5,2,3
43101 236735 9 6,7,14,7,13,5,14,9
30971 100079 9 4,7
219524 336587 9 14,5,1,3,6,1
84645 243553 10 8,0,0,13
98292 252923 10 7,4,3,15,0,12
322392 153706 9 4,7,3,7,9,9
163824 165218 9 13,7
94983 108702 9 6,7
87563 12353 10 5,3,1,8,3,5,6
351957 132873 9 1,5,15,4,1,3
208307 226843 9 0,1
187178 74379 9 8,7,13,12,2,7,5,6
302784 130735 9 5,3,7,5
170585 227933 9 0,13,1,2,15,14,13,9
202552 320223 10 6,12
137782 144336 9 7,13
8518 247271 10 12,8,0
358020 114102 9 8,1,4,5,9,4,4,13
75553 240392 9 5,3
333218 165998 10 7,2,5,5,14,7,3,11
135730 193828 9 15,11,12,1,4,4,7
295940 126435 9 7,12
276887 68543 10 4,9
57357 294537 9 5,2
224195 330691 9 5,0,15,3,5,12
326408 76470 9 14,3,1,12,1,1,8,9
267722 290371 10 6,8,6,9,4,8
325260 98649 9 3,10,8,8,4,14
148095 375567 10 8,1,14,5
124892 131458 10 7,14,8,4,3,1
227370 58175 10 3,11,7,13,7,6,9
249350 83968 9 12,8,4
154068 41320 9 14,4,7,1,8
47613 274482 9 0,1,11
142774 265541 10 8,2
252909 333129 9 7,10
369548 350226 10 4,8,11,5,7
357020 83753 9 4,5,6,6,2
14947 309485 10 12,1,10,3,2,12,1,9
255605 285167 10 7,13,4,8,4
369580 56594 10 6,4,12
30732 237788 9 4,3,12,13,5,3,9,5
302902 371262 10 4,4,12,4,4,5,1,1
27248 355857 9 7,9
322637 368595 10 12,4,3,0,8,4,8
127619 243632 9 2,7,3,3,3,2,13,7
135012 34360 10 4,8,13,8
74476 240151 9 8,3,15,12
186889 350133 10 7,1,12,12,5
191984 381077 10 4,8,0,0,9
37929 108084 9 7,7,3,4,13,5,4,15
179646 255283 9 14,13,8
28377 190104 10 8,7,3
172791 97372 9 6,1,4,3,1
71163 250743 9 12,2,9,6,7,0,13
316980 235116 9 14,11,2,3,7,5,2,14
329033 4459 9 0,6,9,14
333211 129480 10 0,2,7,3,7,0,3
298814 30949 9 1,8,5,1,12
234802 284502 9 13,5,1
373131 126521 9 13,6,1
131062 52986 9 13,15,15,5,3,13,12
93164 266924 9 12,4,7,2
206987 352840 9 15,6,10,15,12,5,4,12
232929 320961 9 12,12,6,6,8,5,8,6
151785 75765 9 3,4,0,4,12,9
232771 29771 9 8,6,15,6,7
41978 117867 9 8,8
71964 369771 10 10,12
49296 220972 10 9,13
26707 168349 10 8,13,1,2,11
226651 181233 9 8,14,9,7,13,15,1,7
17939 347654 9 5,9,4,7
26551 312559 10 0,3,14,5,4,14,15,7
63975 156255 9 13,7,8,4,14,7
141698 174026 9 12,7,6,7,4
176945 365158 9 8,14,14,8,2,14
352832 141190 9 8,5,7,12,1
102341 232330 10 8,7,15,14,12
323310 318483 9 0,12,6
302616 207968 10 0,4,12,5
278397 23821 9 6,13,14,12,10,4,4
255964 244476 9 14,2,4,6,8,15,10,1
96180 11584 9 12,7,6,3,8
240406 284420 10 12,3,6
338244 232200 9 8,14,12,7,13,12,13,5
232502 44415 10 12,1,6
219054 78385 10 5,8,7,5
284743 33032 9 6,6,15
162212 179526 9 14,14,4,5
35178 52844 10 3,1
289807 363183 9 7,6,1
207692 133157 9 3,12
21253 295940 10 12,1
328917 277378 9 5,5,10
238755 54433 9 8,13,12,0
130767 181536 9 8,12,1,7,7,1,13
210050 75537 10 9,8
118351 223438 10 2,4,1
114743 173883 9 12,4,14,4,1,14,3
55282 14028 10 5,6,6,1,8,7,3,1
323274 346595 9 6,3,10,13,10,2,6,3
52585 20076 10 3,4
288913 320951 9 0,12,3,3,4,14,10
265435 187520 10 4,15,9
159632 337229 9 0,12,11,8,4,12,7,14
309093 283033 9 13,4,12,6,3
337468 86462 9 10,1,4,7,2
124295 175582 10 7,1
269511 48641 10 4,12,5,3,6,0
343599 229036 9 5,4
286926 189852 10 15,6,3,10,3,12,3,8
229113 383109 10 12,1
339456 265389 9 8,13,8,1,1,8,8,3
59911 221315 10 12,7,15,5,8
44993 335740 9 3,3,3,1
325785 94707 10 8,0,12
178662 291505 9 7,12
98084 88860 9 14,8
276079 56760 10 7,1,7
89426 382868 9 10,8,7,6
245898 361232 10 7,14,7,10,3,14
104521 316637 10 5,9,4,7,1,1,8
179251 298602 9 4,1,7,7
117054 147775 10 1,0,6,8,13,10
367684 6587 10 6,14,3,8,4
146003 305407 10 8,8,12,5,3,5,12
42914 249808 10 3,12,11
31027 175844 9 9,4,8
10870 336211 10 6,1,4,7,9
180394 285700 9 1,5,3,14,3,15,4
79302 302408 10 5,3,5,8,3,15,15,3
42808 215593 10 14,7,5,1,8,1
286652 46436 9 12,2,10
68475 34504 9 7,6,5
365875 364465 9 8,4,8
200823 7319 10 6,14,14,13,6,7
285693 46787 9 8,12,4,5
167096 288164 10 13,12,6,12,8
59018 331028 9 7,4,1,12,4,7
239872 325437 9 4,10,5,5,12,15,2
67403 177412 9 3,12,0,7
147954 254466 9 12,4,4,8,8
270800 371466 9 4,14,11,15,3,12,8,12
336569 348542 10 1,10,12,2,12
229865 117819 10 5,15,1,3
352226 313261 9 5,10,5
359896 252200 10 5,15
278920 218046 9 8,4
265913 211257 9 3,12,3,5,1,12
235508 165323 10 9,4,7,10,10,1,1
173296 347125 9 6,4
166623 200114 9 9,0,4
325741 301586 10 7,8,1,7,13,5
129464 191403 9 5,10,6,4,8,7,2
91430 351820 9 5,6,11
103391 189265 10 10,0,15
117686 263876 9 1,12,1,1,8,4,14
53557 9223 9 2,4,7,4
36561 152034 10 9,8,0,13
376865 66054 10 3,12,15,7,8,5
181584 349798 9 8,5,0,10,8,8,14,5
131822 370347 10 8,5,13,7,5,6,3
67733 297077 10 4,4
71354 99304 10 9,4,5,3,5,6,1
378328 219130 9 15,12,0,1,1,11,5,14
195578 5199 10 5,5,3,0,2
265052 236 10 4,3,13,14,6
146392 253555 10 1,1,14,7
826 185212 9 4,13,7,4
220691 227205 10 2,12,4,6,6,15
347678 14 10 11,4,7,13,5
30798 207505 10 14,0,3,14,0,12,3
377657 260112 10 7,11,15,8,3,7
254967 346990 10 8,2,3,13,6,1,3
303390 380910 10 6,12
37933 184709 10 0,13,4,3,7,3,1
361424 241597 10 7,7,6,6
10006 80253 10 12,6,2
39460 358679 10 6,3,9,11,3,14,14,4
116579 160309 9 3,5,12,4,10,7
121543 21929 9 5,4,9,12,5,5
19302 298446 10 8,0,13,6,4,12,13,5
273653 54194 10 4,3,5,3,8,12,1,1
116100 137149 9 4,10,0,14
265618 280394 10 7,4,8,14,10,8
5085 152274 9 3,7,3,0,8,4
24101 10576 10 15,4,7,12,7,5,7,13
1222 40984 9 12,1,7,6,3,2,1
188783 253158 9 3,5,3,7,8,1,8,3
353431 241636 10 7,2,0,7
53390 214505 10 11,14,4,3,3,7,8
246772 286609 10 2,12,10
326000 267672 10 7,14,4,8,9
12921 222412 10 8,1,6,14,9,15,8,6
190873 354745 9 5,14,0,5,7,15,4
56512 248201 10 7,3
120876 207261 10 8,13,10,8,4,3,14
152817 120437 9 3,1,14
297418 321339 9 11,1,5,3,7,8,8
342225 331843 9 5,12,4,12,7,0
241841 59029 9 1,3,7
229590 4383 10 5,0
333713 372247 9 14,1,12,6,8,14,8,10
112940 269119 10 1,4,4,7
120660 98684 9 1,7
74510 67044 10 7,2
47964 91963 9 6,7,6,3,4,2,3,9
216845 113913 10 13,12,15,1,15,6,13
383263 354323 9 9,15,3,1
228039 167451 10 6,2,7
360191 347639 10 4,4
371776 120074 10 11,8,5,13,3,1,14
136894 371319 10 5,12,5,6,12,14,6,5
197247 316162 10 8,1,4,3,1
110778 6897 10 8,8,1
370774 69922 9 8,6,3,4,8,13,11,10
68446 365777 10 3,13,4,13
182526 337069 9 3,11,4,7,13,9
80402 152428 10 1,14,0,7,7,7
353779 199144 10 8,9,1,3
355488 61979 10 12,15,2,3
214383 181556 10 0,3,3
242749 175565 9 4,1,8,5,7,8
227480 108657 9 3,7,1,0,12,14
209607 75290 9 4,8,4,4
98008 5377 10 4,7,3,8,7,9,5
381027 121372 10 14,5,6,4,8
176201 212230 9 1,1,7,8,6
190961 39613 9 8,8,14,3,1
192316 246250 10 8,5,7
322701 175292 10 12,8,1,3,4
312095 249027 10 3,6,8,7,6,1
381875 196924 10 3,7,3
379036 352607 9 5,1,11,3,11,2,5,3
102088 270982 10 7,5,6,4,4,4
210133 298827 9 4,9,8,9,3,3,10
186288 217060 9 12,1,1,1
174082 200120 9 11,12,2,7
294213 212515 9 8,4,5
228498 65598 10 9,12,3,2,14,12,5,6
65871 58158 10 3,14,3,4,14,11,3
48201 112282 9 5,6,5
178380 190126 9 5,4,4,12,4,4
17598 109123 10 9,9,6,3,10,7,12
339322 358415 10 7,8,7,3,9,5
290625 139027 10 10,5,3,5
363236 232862 9 3,7,8
186085 211917 10 13,13
357946 28958 10 3,7,6,5,11,14
277701 79732 10 8,7,4,15,1,3,0,1
261755 180147 9 4,1,7,7,5,8
221429 298812 10 0,3,6,4,6,4,5,7
238849 103823 9 14,15,12,2,0,5,5
65780 143348 10 7,7,2
297910 213450 9 0,5,14,4,7
142639 57746 9 4,3
209914 327734 10 0,8,3,7,13,5,12
167607 267304 10 4,1,12,11,3,8,3,3
253243 254014 9 12,13,1,4,3,5,5,2
261276 315601 10 3,8,14
10471 263554 10 6,3,7,8
131977 380286 9 13,1
159993 218760 9 6,5,8,0,4
222238 230910 10 3,1,3,4,3
304325 58959 10 3,4,5,3,12
207128 26369 9 2,7,4,14,5
342287 218514 10 13,11,12,0
100783 70535 10 9,9,13,6,2,6,7,12
257416 130808 9 8,6,5,7
34628 358194 10 15,7,3,0
249696 195456 9 1,3
160875 6097 10 3,3
90363 331260 9 9,13,12,2,3,7,0,3
383279 67944 10 8,4,8,13,4,8,15,7
348357 348526 9 2,4,2,5,12,7,5,0
166354 306702 9 14,3,11,13,3
316303 131544 10 9,10
288664 6294 9 3,8,10,5,14
194194 195010 9 4,5
232113 143968 10 14,12,9,10,7,8,7
186775 377778 9 7,7,3,11,4,13,7,15
65792 220078 9 12,0,4,13,12,4
285496 354796 10 5,12,6,6
23549 273787 9 6,2
167863 76628 10 0,10,15,1,2
84730 184651 9 14,11,7,9,15,8,0
295464 25541 9 10,15,0,7
319349 272090 9 8,6,14,1,12,13
238679 160905 9 15,14,4,6,1,12,0,13
192921 360381 10 6,15
73713 214060 9 2,15,5,7,3
286051 4778 9 6,0,1,5,15,8,1,2
100143 21118 10 11,6,1
57524 364603 10 3,10
195758 188411 10 14,5
99764 269122 9 3,3,15
63765 62338 9 7,5,13,1,8,12,12
76489 317824 10 14,5,3,1,0,12
273507 301826 10 3,5,3,3
96498 132477 9 0,13,3,1,5,12,8
321280 307207 9 4,7,0,6,12
157838 200538 10 8,8,5,0,6,7,3
112801 238338 9 14,14,0,2,8,14,13,12
301461 16081 9 3,5
220303 291889 10 4,15,13,10
57745 348433 10 11,7
378958 238820 9 3,5,7,3,13,6,8,14
78581 320146 9 6,6,1,4,6,14,8
94352 330298 9 5,11
321603 348937 10 8,9,3
270620 119253 10 5,1
370141 352048 10 1,7,4,6
326979 348292 9 13,11,12,8,15
270148 74700 10 6,4,3,6
77532 92156 10 3,12
72984 200058 9 7,13,11,7,3,9,1,8
375084 82994 10 4,15,12,7
4221 51067 10 8,7,10,0,7,15
9340 129075 9 4,6,0,5,8,13,3,13
297551 216549 10 3,3,8,4,8,6,3
51694 222409 10 8,8
208201 349393 9 11,3,13,8,9
29401 76351 10 12,9,3,3
49998 356160 9 13,2,15,1,13
73280 269468 9 5,10,1,4,7
71836 281663 10 11,15,15,4,10,9
178833 95912 10 3,1
379847 22111 9 13,5,12,8,5,14,6
39692 360215 10 6,4,14,0
322786 361747 9 9,1
344878 180845 10 14,8,4,1,3,12,12
212937 155577 10 4,13
182182 264592 9 6,5,12
335848 248996 10 13,7,15,1,7,4,12
74139 359034 9 3,12,11,3,8,8
310347 341214 10 8,3,13,11,6,12,15,0
279487 182710 9 7,1,2
352812 115994 9 3,12,11,12,4,15,6
227446 233361 10 11,14,15
274828 174935 10 5,13
347004 22888 10 5,7,1,4,5,8,9
320600 11727 10 6,3,7
37771 117904 10 12,8,10,9,4,12,4
11490 369470 10 12,8,13
353985 257561 9 5,4,3,3
289147 143516 9 2,4,2,1
318128 32461 10 1,14,13,15,6,3,7
26223 213033 10 14,9,1,4,13,1,1,4
285044 267185 9 4,12,1
254125 114795 9 5,7,3
195542 319266 9 14,4,4,7
212580 181124 10 14,3,8,4,9,7,4,5
133443 200652 10 7,8,5,1,15
10024 113925 9 5,2,1,12,8,4,3,11
151768 317040 10 9,8,4,5,4
79409 425 9 7,12
80203 264462 9 9,10,10,5,3,10
303001 260389 10 13,2,10,0,1,4
280857 82941 10 3,7
164616 115709 10 4,2,11,0,4
368872 167404 9 3,9
309815 368719 10 11,6,0,6,2,2
73139 372033 10 9,3,5,15,9,13
295180 22453 10 8,1,7,8,3
161285 168670 9 1,3,2,12,2,0,5
13312 138591 9 8,10,6
84144 6931 10 4,7,1,3,14
253281 12158 10 3,8,3,8
212699 6129 9 1,7,14,3,11,14,4
41926 310708 9 13,14,2,0,15,7,12
343042 156951 9 8,3,13
347434 243698 9 7,5,8,5,3,12
82214 219380 10 5,9,8,14,4,14,3,6
14829 104793 9 13,7,8,4,6
268890 199885 10 1,12
254155 262156 10 13,14,1,8,5,2,9,15
373586 103448 9 12,7,5,12
271224 77075 9 3,6
44127 235969 10 5,15,4,8,13,13,8
308635 211487 9 12,4,10,6,6,0,1
313310 18297 9 3,10,5,5,8,6,14,6
126821 188588 10 14,5,1
97919 37034 10 7,8,15
350632 85467 10 15,1
64940 151692 10 4,14,7
157127 189375 9 4,5,8,6,2,0
105923 198743 10 3,14,8,14,3,5,3
213246 89163 9 12,7,8,8,10,13
219933 256473 10 4,15,11,0,8,2,5
179021 369279 10 1,14,2,13
184224 260743 9 2,1,12,14,0,5,4
306357 28198 9 12,2,2,12
86909 242559 10 1,5,2,5,15,12,12,7
161194 315405 10 6,2
341973 256366 10 4,8,7,5,5
99555 373839 10 9,3
252193 31653 9 3,4,8,5
271706 177479 10 4,12
222993 53132 10 14,5,6,1,1,6,1,0
7151 222539 10 13,14,8,3,8,1
370973 352249 10 2,3
133025 112743 10 15,4,6,15,14,15,1
64842 334173 9 3,4,3,6,7,3,7,13
195487 56330 10 12,12,3,7,1
227835 41123 10 7,9,1,5,5
58586 88568 9 2,1,10,4,9,7,8,13
188808 184084 10 6,6
307701 282027 9 1,2,5,3,14,12,13,8
127412 33967 9 13,4,1,6
315982 353325 9 10,4
36593 104918 10 1,5,10,12,1,12,14
162097 348882 10 7,10,9
246821 37772 9 3,13,7,8,14
57581 161050 9 4,3,12,10,1,14,2,11
230069 348931 9 13,12,1,3
333352 90896 10 8,8,1,2,3,13
358234 383649 10 12,11,1,2,1
4901 151109 10 3,4,4
13320 272946 10 8,8
24875 145969 10 4,7,11,7,6,5,5
162194 281228 10 10,7,7,7,7
228344 101452 9 8,2,8,8
291970 173043 9 1,11,0,1,8
254407 244350 10 8,11,0,6,4,4
241905 31263 9 6,7,4
237990 79410 9 12,7,5,13
238376 144110 10 14,13,2,6,6
69799 160216 9 11,1,0,1,2,13,4,4
133312 162641 10 3,5,3
329859 189730 10 12,8
142 106710 10 1,3,0
200325 61509 9 5,3
149690 313143 10 1,7,14,14,1,1,15,5
252534 115564 9 3,3,12,12,9,4,12
240617 375692 10 12,13,7,1,10,8,4
362172 201974 9 2,9,8,14,12,14,6,13
373919 324444 10 5,9,4,11,10
174059 173393 10 12,4
55765 64475 9 11,15,9,7
168099 226065 9 15,9
105027 300638 10 2,6
71394 284904 10 15,12,7,2,3,3,8
174849 243734 10 4,3,7,6,7,3
271128 285215 10 1,7,5,5,1,8,4
366325 16077 9 9,1,12,5,10,15
116464 306083 10 8,4,1
326049 224111 10 4,14,13
146322 147535 9 1,0,8,15,6,5,8,7
260514 233126 10 3,6
347297 89485 9 0,11,14
179574 6314 10 8,14,2,4,5
312993 103945 10 6,4,3
104358 188334 9 6,7,12,7,14
302224 49769 10 4,15,14,2,6
201789 97694 10 8,1
287286 365755 10 5,5
56433 91233 9 1,5,9,2
58855 236830 10 0,12,1
240456 179241 10 4,4,3,6,7
103616 90344 10 1,7,4,4
14297 203333 9 5,5
154222 280501 10 7,4,8,13
268505 76499 10 3,8,6,0,1,15,5
295413 265354 9 0,3,7,4,0,5,7
178030 279913 10 1,5,3,13
234954 356744 10 5,6
243840 38593 9 14,13,5,1,5,4
325919 194269 9 13,7,3,5,1,13
260290 289342 10 7,1,9,13,13,14
139211 21025 9 12,1,3,8,15,6,13,13
136487 54156 9 1,3
254030 196221 10 12,7,13,0,4,6,15
216387 342868 10 7,0,3,7,10,1,0,7
111912 232565 10 4,5,1,4,3,0
336965 379797 10 3,14,0,3,14,7
33268 362280 9 9,8,11,4,13,10,2
238869 35353 9 1,9,8
195340 253564 10 5,5,9,8,12,12,5,7
86750 339654 9 4,11,3,5,10,13,7
108037 38078 9 2,7,1
265978 359485 9 11,14,7,9,6
178209 92530 9 1,12,6,1,3,6,7,15
216394 54952 9 12,8,3,12,1,3,12
41517 197165 10 6,3
239065 63266 9 11,4,4,12
41822 281227 9 2,10,8,7
120408 13587 9 3,7,4,14,0,15,7,15
379131 163021 10 6,6,4
57391 78983 10 10,8
35178 240668 10 2,11,9,12,1,7
335707 183177 9 3,1,9,4
323560 23098 9 11,1,1
277261 379401 9 3,6
340125 107031 9 4,13,8,7,8,6
209786 177666 10 5,11,7,13,8,3,0
117540 309865 9 12,9,1,13
252034 195266 9 3,13
380605 263248 10 15,12,8,1,4,9,1,5
224527 111410 9 0,15,4,6,2,4,9,1
8320 347199 10 11,4,3,6,8,5,4
326333 23750 9 14,6,11,6
2631 166157 9 3,4,4,7,13,12,6
149224 206452 9 12,7
153184 35897 9 7,10,11,8,12
121306 45543 10 12,7
362529 117372 10 7,15,1,11
148417 131126 10 8,8,8
275131 83146 9 9,12,9,11,1,14,14
358322 360924 9 4,11,2,7
220841 141678 10 5,5
18937 297350 10 5,4,5
364824 93482 10 3,4,9,12,2,1,8
114050 251934 9 6,3,6,1,4
150059 222226 9 3,4,1,7,8,11,5,5
14079 246078 10 5,7
287940 147418 9 7,5,3,10,1,13
131688 161786 9 6,0,5
334339 357385 9 7,7,10,8
298036 298836 9 10,12,6
9984 108249 10 7,6
262811 46011 10 5,14
295401 174462 10 11,5
53790 289191 10 8,12
112141 370315 10 3,5,15
10103 359362 10 12,3,12
299120 226857 9 11,5,0,14,6,3
120958 174105 9 15,5,10
306468 238114 9 1,4,8,1,8,2
350033 149813 9 4,12,2,12
169615 189408 10 8,8
336293 240666 10 1,2,4,3,12,6,1
336440 349068 10 13,13,13,12
54064 192252 9 4,8
262787 30209 10 7,15,1,8,3
148239 44749 9 14,12,14,8
148515 166549 10 4,12,8,1
61929 288282 10 1,3,14,10,1,3,1,7
57576 326385 9 15,13,1,5,5,14
377437 17924 9 13,7,10,12
312810 378553 10 12,5,12,7,13,10,1
292497 217290 9 8,7,15
81154 58202 9 8,14,11,3,9,14,2,11
206674 141760 9 11,8,12,7,10,14,4
375135 263531 10 3,3,3,5,9,1,13,2
204565 162183 9 11,8,9,12,9,12
129244 169639 10 1,13,14,7,12,5,12,15
130585 118280 10 11,10,6,13,5,1,13,9
29908 133436 10 12,4,0,9,8
375903 199414 10 4,12,7
243049 278312 9 3,5,14,1,11
364100 44667 9 7,7,7,9,12
3417 6326 10 3,9,15
147269 353666 9 12,15,2,8,4,6,3
317748 133283 10 7,2
346300 210363 9 2,2,3,5,7
116374 251814 9 11,6,1,10
71282 254910 10 14,3,0,4,14,15,4,5
50004 183041 9 10,11,11,12,3,14
44297 168707 9 4,10,2,2,7
343245 61811 10 1,3,3,13,12
26276 78578 9 4,15,15,14,2,6,14,8
288760 355541 9 3,5
122987 194300 9 1,3,1,10,2,1
231708 185914 9 7,15,9,4,3,9,3
331524 344690 10 6,10,0,9,0
77688 369796 10 12,9,7,6
198846 260360 9 12,14,13
229974 293544 9 8,7
66064 341746 9 3,3,15,3,7,3,1
48353 104037 9 3,1,12
353917 107845 9 5,5,13,7,8
158675 266033 9 1,10,5,4
125459 111640 10 15,8,7,7,4,3,12,6
50608 43545 9 3,10
121295 191939 10 7,2,15,9,9
52491 323197 9 12,7,6,5
371338 16465 10 8,4,15,14,5,15,1
62927 116229 10 1,3,7,0
137447 283927 10 15,4,2,4,6
156899 197783 9 15,6,1,10
241443 254419 9 5,6,7,4,7,9,0,1
232259 108054 10 3,8,4,14,14
234380 68127 10 2,8,14,4,6,1,0,1
354616 46954 9 0,3,6
137951 76967 10 13,8,5
244507 159442 9 5,3,8
345829 167510 10 0,1,13,5,7,10,3
98540 135756 10 10,7,7
340328 318733 10 7,3,5,12,0,1,3
5468 117831 10 3,12,12,9,3,4
309186 50963 10 6,14,1,1,13,14
354899 120170 9 7,15,2,13,14,1,5
92027 323236 9 7,13,1,13,1
106454 211608 9 0,4
129303 234357 9 0,6,0,8,7,7
224130 352370 9 5,12,14,7,3
190186 229796 10 7,3,6,14
112475 13303 9 6,4,3,0,7,3,12
71690 288638 10 13,11,7,6,4,7
165008 38886 9 7,5,3,14,13,7,6,8
53590 159822 9 1,0,7,7,3,3,13,13
220516 253918 10 14,13,14,8,14
283770 65469 9 7,8,4,10,12,1,7,1
232779 193684 10 5,9
115649 290525 9 1,4,12
381601 105614 10 12,14
25798 19625 10 7,1,7,8
303464 329093 9 1,3
216189 368516 10 9,5,3,2,3,9,4
121466 62892 10 4,2,15,7
115348 113500 9 4,14,3
312553 6101 10 1,1,13,3,6,7,7,4
230788 203558 10 10,2,3,3,8,1
246724 97487 9 9,8,5,15,0,13,8,0
103435 136702 10 6,12,11,1
324767 108724 10 15,5,8,4,1,14
328222 170274 9 3,1,7,8,13,3,3,5
104254 18041 10 2,14,13,4,2,1,4,11
288710 201344 9 10,1
95390 131472 10 11,4,8,3
28556 49381 9 6,6
179147 14552 10 3,7
377932 271541 10 8,6,12
229763 339550 10 4,2,11
217771 381311 9 15,10,1,8
64470 13580 9 3,8,12,3,4
61864 178695 10 0,12,7,5,1,4
98753 325092 9 11,15,1,4,11
308507 286298 10 5,4,4
159938 118023 10 3,2
334645 140236 10 6,4
158478 333170 10 4,4,3,2,15,3
42092 122796 10 5,13,1,4,1,15
64109 380355 10 1,7,8
106292 214353 9 8,13,2,13,15,2,12,7
201965 184651 10 4,6,2
215859 133198 9 6,4,10,6,7,8,3
253715 7246 9 6,7,5
98109 85489 9 7,15,13,2,6,4,3
357688 215961 9 13,11,9,7,13
205790 254514 10 3,12,14,3,11,9,1,7
37615 195279 9 4,3,5,4,7,2,7,6
218306 194135 9 7,2
211107 369453 9 4,11,8,8,12,4
221081 166179 9 15,12,9,10,1
49501 287440 10 3,3,6
207315 224503 9 13,7,14,3,1,1,5,11
276790 1847 10 4,15,14,4,8,13,5,4
59116 72002 10 3,5,11,8,5
308941 98368 10 4,10,7
264865 351458 9 6,4,0,1
364871 309946 9 13,1,1,15
139911 241860 10 4,10,8
216277 246847 10 0,14,12,4,15,0,6
103695 148762 9 8,7,10,14,13,4,7,5
178390 210459 10 4,7,4,8,5,2,3
111269 327741 9 1,15,8,14
140179 323216 9 5,9,9,4,12,4
282974 306874 10 8,6,8,9
113099 220158 9 7,1
366067 77323 10 3,13,7,11,5,5,1,4
311039 212501 9 7,12,12,15
256314 60861 10 5,1,0
134230 352872 9 7,9,10,9,7
317750 4620 9 6,5,12,3,13,8
170418 285497 10 0,9,4,15
65029 303980 9 14,13,12,4,9,2,4
147223 258283 9 15,1,14,2
321379 148381 9 13,6,14,4,7,4,5,13
177152 171757 10 3,9,14,0,8,15
131083 101512 10 9,13,3,3,2
322439 290049 10 3,11,14,5,3,7
236260 331234 9 4,3,8,2,10
47129 359667 9 0,4,3,8,9,11
94703 148911 9 8,12,8,9
56928 13082 10 1,3,13,3,2,8,3,1
353055 285949 9 14,11,6,12,5,7,13,6
78035 369367 10 8,7,4
382064 116027 9 13,1,1,3
121208 286668 9 5,6,3,4
118613 266027 9 4,4,7,6,10
28304 135550 10 13,4,12,6,3
340366 239028 10 8,2,8,4,5
264935 191010 9 15,11
199535 273116 10 12,8,12,12,7
253699 236653 9 6,4
53883 314746 9 4,12
380973 248191 9 8,7
6443 351536 9 7,13,10,14,12,15,9
254653 345034 10 1,6,7,12
70184 76001 10 6,8
123775 94095 10 12,8,13,1,1,3,5
193564 316010 10 8,6,3
253205 237139 10 11,6,7,14,7,1,5
196685 309051 10 4,0,10,12,3,5
312493 172752 9 8,9,14,2,3
330634 266521 10 14,4,2,7,4,13,13
121524 358135 10 7,10,9,7
70780 100310 9 9,3,11,6
73923 241986 9 6,2,14,8,5,0
358680 304242 10 5,14,5,15
365763 52966 9 11,1,13,0
47678 67508 9 11,6,6,6,6,6,13
89415 271775 10 14,8,4,4
156891 366410 10 4,6,5,12,6,3,13,5
83428 320608 9 2,13,13
44668 156171 10 13,15,8,0,9
106284 314518 9 6,6,9,4,9,1
253722 190579 9 14,10,7,14,0
336824 155705 10 7,1,15
98956 289267 9 10,12,12,7
116493 296480 9 5,0,1,0,2
26136 203605 9 6,8,3,1,11,9,0
197533 133564 10 12,8,5,14,5,8,5
310640 124358 10 12,8,6,7,8,13,12
131939 218341 9 7,12,5,7,2,11,7
82183 76577 10 6,10,7
300125 301856 10 5,4,13,7,14,1,6
93442 310164 10 7,13,7,1,6,6,7
67818 272954 10 4,12,12,6,15,1
70385 237075 9 3,8,3,3,4,4,8,2
209572 63663 9 7,4,8,1,1,4
77848 379043 9 8,7,5,1
162013 302190 9 12,7,6,14,9
45773 77209 9 14,13,3,14,12,9
203762 303830 10 6,4,4,13,4,12
42354 360351 9 14,1,1,3
351162 229812 9 3,1,4,6,3,1,1,10
44864 129953 10 8,4,8,7,8,7,8,3
172198 218975 10 12,8,14,6,3,0,12
381805 335018 9 11,14,3,5,11,0,7,8
365802 220775 10 10,6
160781 23571 10 6,5,1,3
61464 49436 10 5,8,1
158829 111391 10 6,8,7,7,2,1,7,7
217739 310343 9 1,14,14
34559 191010 9 1,8,3,6,2
180791 312267 10 8,1,4,1,1
69736 378747 10 3,8,5,1,13,1,3
287525 94541 9 3,13,11,12
223639 220635 10 9,0,12,2,8,4,3,2
64617 327510 10 8,7,4
113941 174746 10 9,8,4,11
376492 147362 9 6,8,7,8,8
129399 139722 10 13,7,2
142939 263599 9 9,6,8
283444 181374 10 11,2,13,3,1,5,11
357245 264953 9 14,8,3,3,3
253546 111169 10 7,7,13,7,12,7,4
67597 72069 10 3,10,3,12,1,7,4
149652 310172 9 1,15,4,3
195092 372167 9 12,14,14,8
71418 207063 10 11,8,3
364832 85357 10 13,3,6,2,6,13,7
214442 261029 10 1,1,5,8,8,3,1,6
380297 44290 10 14,8,1,3,1,1,4,4
122427 384041 10 4,1,8,4,9,12
169305 331417 9 0,14,6
228436 266999 10 5,13,8,12
147668 117471 9 14,5,3,15,9
21120 5718 10 6,13,2
377718 16912 9 4,9
15857 30386 10 3,14,3,7,3,3,7,1
282767 358731 9 3,4,10,11,1
263546 370119 10 1,2,15,3
10419 5793 10 1,1
1837 306651 10 8,5,7,7,7,4,12
174874 45858 9 14,12,6,3,7,3,0,4
340348 109037 10 0,4,15,7,3,1,8,7
142640 344425 10 14,12,10,6
280133 319961 10 8,13,3,1,3,5
174146 117190 10 7,1,12,9,4
213358 191707 9 1,12,6,9
73488 269984 9 6,5,5,7
4710 273784 10 4,5,15,3,5,1,7,5
274794 7346 10 1,8
176972 205421 9 15,11,6,12
74527 340763 10 12,3,10
205229 248391 9 0,15
32860 334200 9 6,8,5,1,1,5,6,2
128472 296074 10 6,1,12,3,4
202537 339865 10 12,1,3
34043 21707 9 1,1,4,3,3
178523 6991 9 15,1,3,7,4,4,3
360218 8533 9 14,5,0,1,5,11,6
365537 29307 10 7,13,4,8,7,7
53573 196698 9 11,0,12,2,1
103622 292103 10 7,0,3
108290 284288 9 1,5,3,7,6,0,2
14537 316340 9 7,1,8,12,4
169137 23650 9 7,9,3
80534 340924 9 12,13
205833 68094 10 9,4,2,6
18926 286032 9 2,8,5,3,8,5,11
33540 71606 9 4,3,15,3
366522 335229 9 3,6,8
221232 250368 9 4,9,8,11,5,3,7
115339 264711 10 9,4,1,14,4
208654 131163 10 0,0,6,13
356556 221248 9 12,4,0,4,4,14,1
81247 249506 10 9,3,15,0
324290 6746 9 14,0
220132 33870 10 2,13,7,8,14,1,13,8
270336 293769 10 7,14
125094 117839 9 0,7,11,8,3,4,7
80121 34536 10 8,13,11
123680 4289 10 4,3,7,4,1,9
3198 110202 9 3,0,12,6
266544 169033 9 5,2,15,2,6
72326 158618 10 12,12,2,3,9,14,7
234985 181183 10 3,14,5,15,14,1,5,7
346793 352727 10 5,9
59697 330512 9 0,4,7
129400 133281 10 12,1
8107 63104 10 14,14,9,13,7
45357 319691 9 12,11,15,14,4,8
377389 130432 10 10,7,3,1,4,3,2
75514 189368 9 7,0,10
149964 234244 10 13,0,4,5,1
27233 19191 10 7,9,4,3,7,4
80324 90371 9 5,12,4,8,4,13,8,8
346091 371302 10 10,3,8,3,3,4,11
250841 74556 10 6,7,7,1,12,2,10,7
314469 320000 9 13,1,3,7,7,4
106899 67799 10 8,6,12,4,1,15,7,8
245109 119171 10 13,1,13,3,1,3,4
227863 78846 9 6,4,8,7,4,3,6,4
214628 270910 10 4,8
84214 51183 10 3,8,7,4
380841 314414 9 5,15,1,1,14,14,5
376979 164199 10 0,3
168632 234082 10 3,5,7
293435 158081 9 3,1,7,3,4
288677 304409 10 1,12,12,7
128673 211997 10 4,13,2,4,11,3
181671 112307 10 3,4,4,7,6,8,8
348800 226038 9 12,7,4
47972 209817 10 1,15,11,8
237386 103237 9 7,1,9
37092 379306 10 1,15,8,8,2,5
321506 92460 9 1,1,13,3,5
347288 361624 10 12,14,3,7,8,13,9
91116 42449 9 4,8,7
238603 153483 10 5,4,2,10,5,3
229829 85379 9 6,3,6,10,7
294427 256673 9 3,10,0,13,3,12,1
240999 356366 10 8,7,1
192081 5948 10 0,5,14,3,12
258768 377394 10 7,13,15,0,4,1
153394 93361 10 4,7,8,3,1,10
17361 33293 10 4,11,7,15,12,4
105844 159426 9 12,12
254724 317514 10 6,8,1,6,10
370496 188508 9 9,2
84950 9634 10 5,4,1,14
181581 236816 10 9,6,13,7,7,4
132743 242965 9 8,8,5,3,4,14
103032 86102 10 12,11,0,2,9,13
61597 224876 10 9,3,10,1,10,7,12
372759 359619 10 4,3,14,12,13,8
277611 382201 10 11,3,4,6,8,4
372036 207177 10 9,3
276908 91297 10 8,7,9,12,13,3
191776 341050 10 4,4,5
324856 27973 10 6,12,7,12,15,9
256159 67980 9 6,3,14,1
12897 198247 9 5,6
331053 144108 10 2,11,13,7,0,3,8
217072 303675 10 4,7,5,6,8,14,7,15
342364 25234 10 13,6,7,5,6,1,6
325085 189950 10 13,9,11,1,1,0,7
121137 105839 10 7,0,6,13,4,8,8
360039 39280 9 6,7,11,5,8,14,4,5
269406 56196 10 7,12
130584 229971 10 4,5,8,13,7
333825 365431 9 8,1
61256 249867 10 9,4,10,7,8,13,14
291764 270665 10 10,13,15,0,5,9,9
328051 11259 10 13,1,11,7,8
369199 92726 10 6,8,4
158206 25245 10 8,11,5,3,8
272773 295713 10 8,7,2,3,3
347986 109755 9 0,6
367370 275477 9 13,15,14,3,0
304346 322844 9 12,7
15280 2772 9 0,7,12,12,8,4,15
2070 227309 10 1,1,4,5,8
234900 379544 10 3,4,6,4,15
310115 109947 10 1,4,1,8
326533 334560 10 1,15,6,5,6
147057 285252 9 7,4,2,2,2,14
319482 12878 10 5,3,11,13,1,2
318576 43217 10 7,8,8,3,6,14
303202 258746 10 8,1,5,12,7,3
331814 128286 10 13,1,7
53714 294450 9 2,15,4,2
202710 301810 9 7,13,5,6,7,4,5
232143 343029 9 5,13,1,0,5,13
182787 133550 10 3,1,4
90346 345157 10 1,14
265710 19992 9 8,13,13
122506 123854 9 4,4,4,6
168360 209890 10 3,6,8,7,4
114896 334084 9 14,11,2,11,5,3,0,4
160045 141190 10 15,8
379142 302582 10 0,3,2,13,0,10,3
137772 10349 9 1,1
283745 183959 10 13,2
293243 6217 10 5,8,7,13
377065 88115 10 15,1
247268 97726 9 15,14,10,8
60099 246517 10 4,13
60588 105354 9 13,1,14,12,3,7,10
108082 293997 9 12,5,14,14,14,5,0
165008 270819 10 3,13,14,0,14
350226 322764 9 13,8
295562 383350 9 5,6
332272 114737 9 9,3,5,6,3,3
177205 267562 10 4,1,13
156259 144118 9 1,3,12,14,0,7,4
35075 363031 9 7,8,10,9,12,1
191643 7801 9 1,11,2,3,7,8,8,7
340468 264569 9 12,1,6,8,2,3
314607 234857 10 4,6,4
332614 298925 10 4,3,11,11,3,7,0
6072 370359 9 11,1,12
261422 53208 10 1,5,8,7,4,12,7,12
170165 164767 10 8,14,5
9056 282183 10 5,7,14,4
280013 109891 10 6,1,2,1,3,15
65108 111653 9 7,5
208345 366596 9 3,3,14,13,7,9
248129 145706 10 1,0
299964 378648 9 3,3,1,10,12,6
45357 71914 10 12,3,8,6,0,5,3,3
236744 301301 9 6,7,0,4
44603 323787 10 8,4,1,1,7,9,15
3689 258885 10 3,14,2,15,9,1
130324 259931 10 2,8,7,9
134020 234953 9 11,1,13
200631 107869 9 4,8,5
15081 80549 10 11,1,13
156627 238981 9 5,8,7,6,15
311416 373448 9 5,12,8,4,4,6,4
245075 204915 10 7,14,14,12,5,4,3
109312 339001 9 5,8,12,1,3,7,13
101648 376928 9 3,15
130441 340730 9 4,3,14
291288 251558 10 4,11,3,5,9
365551 78254 9 3,0,14
193017 143633 10 4,3,6,12,6,8,3
154352 187010 9 4,12,1
283238 234948 10 2,5,1,6,12,14
23843 72078 10 5,6,8,3
168211 331995 10 13,14,10,6,4,1,3,14
224158 363965 10 7,14,5,3,15
210458 256706 10 7,12,4,14,0,3
271543 162061 9 8,15,13
356370 9272 9 1,11,8,13,12,1,11
4294 241667 10 9,9,3,15,8
277486 52344 9 6,1,5,7,14,12,12
356050 317954 9 0,4,3,2,14,4
31308 343653 10 1,12,15,1,15
346756 383703 10 10,3,1,1,1,9,6,5
359656 164349 9 6,6,9
224465 261710 9 5,4,3,15
94957 238162 10 3,3,14,14,5,14,10
143046 202928 9 2,7,9,3,5,6
193816 290313 9 1,0,1,1
25601 61266 10 1,7
160700 89771 10 12,8,10,15,4,7,10,2
175029 24843 9 11,1,4,6,1
101676 80977 9 2,14,13,5,7,10,13
37543 269189 9 8,7,2,4,7,7,15
249382 272544 10 4,3,8,15
29091 379382 9 10,12,3,2,4,5,14,13
354949 135215 10 9,10,13,8,0,7,12
260305 83662 10 4,10,14
352512 143624 9 8,3,1,0,13,8,11,4
272565 282635 9 7,8,6,5,1
39573 17303 9 7,7,15,14,8,11
187926 76477 10 5,4,15
339894 22941 9 6,4,12,8
34636 21993 9 14,7
303582 42603 9 6,7,9
76661 290548 9 5,8,8,7,7,9
117157 71933 10 14,10,13,12,14,3
374929 46413 9 10,14,11,8,13
27636 34052 10 9,3,4,8,2,15,6,15
341984 142686 10 13,4,0,4,0,5,1
42257 142188 9 6,8,10
202106 135863 10 3,9
311502 145355 10 5,12,9,3,7
119775 145240 10 14,7,12,1,2,1,15
70856 380788 10 6,2,8,1,12
336506 221710 10 3,8,7,0,6,7
365751 115030 10 8,10
351135 244692 9 14,10,1
113 156721 10 1,3,14,9,12
161138 339364 10 8,2,7,13,6,7,4,1
66086 245352 10 7,4,0,11,4,7
311125 195473 9 4,4,13,11
254110 57808 10 1,8,5
93657 378234 9 0,5,3,12,8
250818 55837 10 15,3
19805 124679 9 4,0,4,3
85254 383776 10 6,14,7,4
189337 293157 9 4,10
233166 2513 10 5,3,5,1
198505 331864 9 8,3,1,3,12,6
45174 2634 9 6,13,6
83410 214497 10 4,7,8,0
68920 329440 10 1,1,13,8,13,7
89167 357913 10 6,3,5,10
330586 81744 9 5,0,2
259454 310622 10 8,0,5,10
39843 193759 9 8,3,8,14,7,8,7
339422 308555 10 5,14
315877 365564 9 9,3,9,14,1
264778 321727 10 7,10,2
147558 45549 9 1,7,8,12,14,9,13
60587 50261 10 3,1,9,8,10,5
228711 34321 9 1,8,4,15
249126 355810 9 1,3,4,5,5,8
242627 12461 10 9,6
137470 172753 9 9,7,12
106233 44385 10 8,8,11,15,5,6
308393 148631 9 2,3,5,0,15,9,8
238260 354683 9 4,1,7,1,7,13,3
351930 361005 9 7,4,1
205765 59764 9 8,0,7,13,8
125468 327257 10 7,8,5
96510 132895 10 13,8,15,12,2
101733 362965 9 12,8
176382 171858 9 1,4,15,0,8
14650 216616 9 7,1,11
93480 81451 9 5,6
243338 290205 9 15,6,5,1,4,14
18965 224668 9 9,1,6
325272 4599 9 7,8,14,15,9
363786 265916 9 0,13,14
111636 122724 10 7,7
322259 60825 9 2,2,1
142781 311129 9 8,4,5,5,0,3,6
203158 343925 10 8,8
56479 224088 10 11,0,6
346599 670 9 13,6
127755 341720 9 7,1,7,13
93736 292094 10 2,11,3,8,9,4,10,14
231687 379174 10 5,4,0
87898 302497 10 8,7,12,3,1,3,5,14
324345 204752 10 4,15,13,1,3
160283 204752 9 7,3,5,5,6,7,5,9
353139 229925 10 11,12,8,4,9,13,4,0
34323 311897 9 4,0,14,9,3,4,5
232479 310590 10 12,2,13,14
109726 324498 9 13,8,8,10,3,1
257560 305119 9 3,4
327111 142467 10 6,0,8,3,4,15,7
90793 21940 9 9,12,1,5
305067 216062 10 3,7,1,8
344847 56882 9 4,3,8,2,0,7
131718 331101 9 0,11
90986 301242 9 3,6
195965 325703 10 12,6,6,10
323047 281728 10 9,15
233370 305889 10 4,13,5,13,3,1,1,4
24371 24480 9 7,8,4,7,0,1
123372 136582 9 2,7
345366 145013 10 7,4,11,9,3,15,13
307019 52490 9 4,1,5,5,5
58394 169910 9 5,7,1,12,1,1,3,1
282208 77767 9 13,1
127019 53218 10 12,5,10,13,6,6,8,7
240875 318204 10 4,14,4,2,12,6,12
359313 123827 10 7,5
96873 85349 10 9,4,11
73974 324715 9 3,9,7
340010 355913 10 9,15,7,6,0,7,2,5
218141 112862 10 11,5,6,10,3,5
10635 139359 10 5,9,6,7,7,4,6,1
201158 261741 10 3,6,7,12,1,13,1,12
233440 248880 10 13,6
228849 89294 10 1,5,4,2,8,13,12
379066 158043 10 12,12,3,1,14,7
273241 348108 9 3,10,6,12
256816 115778 10 1,3,0,4,3,14
315628 57427 9 6,9,4,8,2
23669 331977 9 6,2,4,4,11,3,14
3225 311310 9 6,6,3
154739 294903 10 6,15,11,1,14,7,3,5
134602 177249 9 2,6
321464 72962 9 6,4,9,3,3,5,8
92900 64065 9 13,12
98794 135167 10 7,8,6,8,3,1,7,0
224769 101785 10 8,9,4,10,5,12,13
310187 14231 10 6,12
320565 253924 9 6,8,11
229271 365734 9 3,9,3,11,5
19507 237974 9 6,5,3,8,8
32386 364573 10 14,10,9,4,3,7
249950 219916 10 13,13
150836 248921 9 1,4,9,4,1,7,8,15
226464 82113 10 14,14,4,4,14,8,8,7
290936 12411 9 3,12,5,10
183020 380887 9 5,12
311553 214476 10 15,6,9,2,7,5,8
169390 21328 10 8,12,14,4,3,3
131181 269388 9 13,9,1,0,10,14
70808 166999 9 4,7,5,8,12
205806 104000 9 2,8,0,8,2,1
109131 73539 10 6,1
351553 348292 9 3,6,15,10,12,7,12,4
366264 56699 9 13,8,9,8,10,3
264464 171733 9 1,7,3,2
238199 340865 10 9,12,4
43079 248136 9 5,4
2376 319266 9 6,5,15,3,6,3
144113 138276 9 3,9,3,4,13,5,7,12
62163 331023 10 8,5,8
254574 70744 10 14,10,9,12
211069 10227 10 7,4,3,13,1,9,3
215741 302800 10 12,14,4
276355 214047 10 1,15,3
328055 21802 10 1,0,3,9
201451 299719 9 2,8,11,5
212025 138592 10 8,8,1,1
58485 283008 10 5,7,1,3,14,13
24353 79082 9 13,8,1,1,9,12
77592 26220 10 0,12,2
291657 177830 10 7,9,14,12
364043 353253 10 12,8,7,2,7
12248 332125 9 1,7,14,0
129187 272723 9 10,8
347013 376340 10 13,8,7,4
130556 229444 10 6,6
299306 350941 10 15,8,4,5,8
33161 75337 9 12,4,8,5,12,1
228231 125231 9 14,3,5,6,4
39560 208332 10 1,5,3
8306 144946 10 8,3,5,3,5
35967 161027 10 12,14,5,12,0,7,13
342791 222159 10 6,3,11
106950 377717 9 3,5,6,13,2
117431 202647 9 2,0,14,12,8
290750 198949 10 3,1,9,8,1,7,8,6
78132 113153 10 3,12,3,8,4,15,1,2
379562 381838 9 12,3,1,13,4,5,8,12
22641 184465 10 4,4,13,2,13
137457 6182 9 8,3,7,5,4,1,11,11
219382 169144 10 2,11,8
315924 131491 9 4,3,1,6,6
321823 160833 9 7,10,4,12,15,5,7,1
356588 103248 10 6,11,11,8,7,12,12
19671 117308 9 5,13
305909 380070 9 2,12,1,3,3
28313 30610 10 3,12,8,14,14,13,11
186204 313183 10 9,6
6056 94805 9 7,5,7
356238 310618 10 6,14,13,8
19195 367513 10 4,6,5,7,4,12
167149 145502 9 9,1
236697 231590 10 9,12,8,1,15,13
72705 33680 9 0,10,4,5
212585 50812 9 8,0,14,13
20816 89002 9 13,8,12,5
342133 227470 9 14,14,5
214443 356551 9 1,1,8,7
163189 318384 10 13,8,2,13
288948 251350 9 9,7,4
355172 214075 10 0,7,12,12,10,12,3
167786 125843 10 7,13
70466 25181 9 7,11,8,2,7
191097 248838 10 1,12,8,6,15,2,4,3
105678 222301 10 4,12,11
7796 247328 9 5,1
39114 166639 10 9,6,5,2,0
177466 279298 9 0,13,2,8,8,5
34411 93997 10 6,7,6,2,7,4,5
331687 278804 10 13,5,10,1,1
13991 192059 9 9,3,5
52800 39737 9 7,13
196692 102296 9 3,0,3
327393 277232 10 12,1,15
41462 305303 10 6,4,12,0
357279 5400 10 14,5,15,11
332370 202481 10 7,4,14,2,15,14,7
132607 144214 9 11,10,4,7,13
244435 373657 9 13,12,6,15,7
303603 144003 9 3,3
280379 214842 9 2,4,10,3,6,1,13,9
94560 285791 9 7,3,0,8,5,6,9,1
121243 41159 10 2,8,4,0,13,13
253357 59961 10 6,0,8,3
163820 292058 9 8,7,6
360496 72994 9 13,15,10,5
242854 187821 9 15,13,13,6,7
34301 48274 9 7,1,7,12,4,0,10,4
232319 337258 9 7,7,4,8,8,9,13
133215 334177 10 13,3,7,12
215382 126859 10 12,13,1,13,7
177619 202881 9 14,0,2,3
323273 147689 10 9,7,7,13,9,3,3,4
58605 239019 9 3,3,15,15,7,8,3,4
328246 280848 10 12,8,7,5
331179 132992 9 9,14
198710 28321 10 2,5,6,0,6
79902 2466 9 8,6,6,3
253974 235924 9 4,6,10
288566 18662 10 7,9,5,4,8,7
274853 217220 9 7,1,6,10,4,3,4,8
190738 138132 9 8,8,12,12,6,10,4,15
164438 293143 10 12,10
332138 216545 10 4,4,3,1
378344 174410 9 4,4,9
326074 114657 10 6,0,1,2
299917 348385 9 5,3,2,12,13,3
3168 265170 10 3,3,4,1,3,3
310362 178912 10 4,0
111189 84863 10 4,6,12
333465 383351 10 14,8,8,1,4,8,5,7
57073 102819 10 0,9,14,8,7,1,5
182499 103810 9 4,5,7
273241 141910 10 13,3,0,13,9
133041 231548 10 8,3,2,8,4,12,0
357044 255165 9 12,7,5
163368 54747 10 15,5,6,5
105387 263590 10 14,7,9,13,2,3
66131 73649 10 2,6,1,3,8,15
61151 73149 10 4,6,8,14,13,7,12
145378 288139 10 1,7,13,11,0,0
222473 187038 10 4,7,5
381401 204136 10 8,4,1,1,3,2,8
306676 157357 9 11,7,7,15
91333 7179 9 13,4
359072 51266 9 4,0,3,9,7
92211 5912 9 8,7
187191 123912 9 12,5,7,0
68317 172091 9 0,6,2,9,5,8,13
50310 49847 9 6,10,3,4,14,13,2,8
93147 45392 10 14,13,3,5,1,7,15
115356 190456 10 6,4,2,6,6,9,4,8
85531 15182 10 10,3,12,1,4,15,4,6
254016 193077 10 13,3,8
50650 133689 10 8,3
143650 168225 10 12,7,8,12,6,6,2
138453 333681 10 9,9
128607 188068 10 5,12,6,14,0,4,8,4
113613 205423 10 8,8,4,3,5,4
158306 247428 10 15,7,7,14,6
94659 274170 9 0,7,4,14
126648 98876 9 7,0,3,5,1,7,6
180440 90396 10 8,4,0,8
270837 200264 10 3,9,7,7,7,3,6
56191 123926 10 3,6,12,10,0,12,3
365345 69183 9 4,15,7,15,1,15
335508 351417 9 7,3
252650 58352 10 1,12,1
37261 3483 10 5,1,13
92990 341206 9 0,1,3
158405 262175 9 14,15
123101 138552 10 4,3,8,4,15,7
17178 362509 9 4,6,2,4,3
381908 239682 9 10,4,6,13,3,3,12
190343 217532 10 6,1,14,6,0,3,13,1
262073 188512 10 8,15,4,0,4,13,6,3
304295 258055 10 4,1,8
62826 284298 10 5,7,7,2,14
44411 51976 9 3,12
123848 332969 9 6,1,4,8,6,5,0
19741 127980 10 8,2,8,11,8,1,10,3
117351 212644 10 2,15,3,15
330593 319992 9 2,3,3,8
90428 49660 10 3,12,8,6,1,7,9
196052 154766 9 13,12,5,3,4,0,6
371945 165973 10 1,4,1,5,12
338745 201934 9 12,15
91655 269557 9 9,7,12,7,4,15,4
196969 142958 10 11,6,3,12,4,11
186091 6886 10 11,9,12,0,12
338642 334910 9 4,11,0,8,4,4
133270 305615 10 3,4,7
197987 251613 9 13,6,8,7,3
36150 281004 10 1,13,4,1,11,5,15,14
91379 235600 9 4,3,7,9,1,15,12,12
111873 84798 9 8,8,6,6,10,14,7
38249 21389 9 8,13,0,8,0
121229 14326 9 1,7,12
346017 63003 10 12,6,9,12,9,0,8,4
365243 67921 10 3,2
374057 198118 10 0,14
317899 306511 9 12,7,7,2,2,1,4,3
351245 382875 9 5,2,7
177904 91898 10 6,12,5,11,13,4,6,1
56569 188371 10 2,6,13,15,5,8,8
192072 348831 9 12,11,5,6,8,13,14,5
149625 277228 10 7,12
239436 62072 9 4,7,13,5,8
89208 182726 9 14,3
325737 380500 10 0,13,15,4,9,0
193475 200685 9 14,10,5,1,3,14
273271 40942 10 11,8
278106 284183 9 13,1
137832 72250 10 8,7,3,8,3
301941 46577 10 0,13,15
376040 252422 10 3,7,0,14,12
172305 80149 9 2,3,7,15,3,5
181767 348113 10 4,6
290931 66088 9 14,14,0,9,12,1,3,12
241546 81099 9 3,8,12
116257 112109 10 8,1,1,3,13,5,12
218839 3410 9 14,8,14
178861 190766 9 15,0,7,3,14,7,12
97871 22913 9 12,5,9,3
28942 341326 9 15,2,5,6,11,14,4
137110 273919 9 10,11,5,10,12,14
226600 185860 9 7,10,3,8,10,9,7,15
65609 202542 10 4,7,3,1,7,4
57224 371627 10 8,2,5
261626 185762 10 1,9,6,2,4,5
152424 96693 9 1,13,8,8,9
257470 252542 9 7,3,10
346046 99345 10 8,7
252352 97970 10 4,3,5,5
102045 320728 9 10,9,9,12,5,6
304293 354167 9 9,14,3,6,6
157193 195223 9 1,4
352002 315715 9 7,3,6,3,3,3,4,1
375030 44014 9 9,0,6,2,5,15,0,13
169938 369220 10 6,8,15,6,4,12
251836 349311 10 3,5
163292 142519 9 15,8,7,12,1,4
222201 376876 9 4,0,7,7,14,1,12
194682 42341 10 1,7
380522 161041 10 13,4,7
141305 226092 10 4,12,6,14,9,4,7
122509 194955 9 7,8,3,3
20675 3260 9 0,7,7,13,5,14,5
348045 12805 9 3,12,4,6,14
104785 77057 10 14,12,4
43586 377563 10 3,3,1,7,0,5,14
8443 10845 10 15,10,12,3,5,7,6
372450 142696 9 12,0,6,14
258227 231729 9 12,11
157422 40775 10 7,7,7,5
81306 165042 9 9,7,2,2,4,6,2
50638 380668 10 13,8
238962 154758 10 8,6,9,3,4,1,13
40734 59390 9 3,5,5,5,1,7,8
238454 288566 10 9,2,3,5,12,8,5
66071 5053 9 1,15,4,1,3,9,7
323577 201326 9 14,4,10,3
207435 27171 10 11,0
265094 60172 9 7,7,3,15,0,4,10
81805 98971 10 10,7,8
26200 233547 9 12,12,0,7
148090 347714 9 4,8,5,8
61907 341651 10 8,14,3,2,3,7
6007 88984 10 4,8
65764 91996 9 14,3,0,13,3,7,14,13
347988 346579 10 5,9,15,4,7,13
314036 362936 9 7,12,4,0,4,2,1,9
235011 323397 9 8,8,4,5,1,13
252092 162941 9 13,5
237670 140344 9 4,1,14,3
297029 267147 9 4,3,4,1,4,0
222669 18415 10 7,7,7
207126 1725 9 1,15,12,1,7
150385 56063 10 14,11,6,12,12,14
257164 182233 9 4,1,14,14,14
56441 132007 10 12,10,8,14,4
201571 312843 9 6,5,6
166545 255020 10 0,15,15
113098 104521 10 15,4,13
369175 328780 10 12,6,0,4,11
80306 216548 10 6,12,3,13,6
185663 196510 9 6,2,9,9,0
340928 160055 9 0,6,1,8,4,1,11
84182 252451 10 11,13,4,15,7,1,14,1
178190 350091 9 0,13,2,1
143294 27906 10 11,14,14,7,8
116069 105186 9 6,13,7,2,1,14
219820 154002 9 10,4,4,3,14,3,10,4
50553 259945 10 8,7,0,7
364825 216862 10 3,5,7,3,4,4,0
166323 312061 10 2,11,10,0,6,3,14
5790 239429 10 8,6,4,12
60906 251209 10 6,4,8
293656 190081 10 3,3
215586 89486 9 1,8
296849 375817 9 1,7,1,2,2,5,13
273740 178743 9 7,8,4,3,1,5,12
176686 33921 9 12,5,9,8,5,7,1,15
250279 61517 9 6,0,15,5,8,4
110032 254972 10 6,5,7,9
169049 149695 9 8,0,11,5,6
82983 308196 10 4,8,4,13,5,8,12,6
112941 12580 9 7,4,15,8
304304 8356 9 1,2,14,9
60365 299836 10 14,1,0
261891 286389 9 13,12,3,1,11,6
25272 275562 9 8,6,8,13,12,6,3
183155 116739 10 1,15
255911 133662 9 13,9,7,13,4,12,1,6
48355 217057 9 6,5,2,7,7,5,3,5
305085 313754 9 1,7,3,14,6
126479 322921 9 5,2,2,9,8,8,5
262720 153045 10 7,12,9,9,14,14
125611 380441 9 4,4,9,9,7,4,4,4
266785 10470 10 12,8,14,1,5
30281 295225 10 2,7,14,9,13
267168 307479 10 8,1
117319 356914 9 5,10,2
110961 268021 9 2,1,6,1
268043 194720 9 1,13,5,15,6,1
204012 352705 9 3,1,2,7,4,1,2,8
353402 287170 10 4,2,4,4,8,6,3,2
341220 237015 10 3,0,5
215431 148503 9 12,5
221437 221997 9 5,4,12,5,5,0
375625 276268 9 6,8,12,12,3,9
256818 216500 10 8,0,3,8,3
182406 159039 9 12,14,3,10,6,7
70499 130961 10 0,15
151142 313522 10 14,9,12
184545 14558 9 7,0,4,4,12
186551 313357 10 4,15,6,2,14
107009 263597 10 5,3,7,10,4,11,4,12
316776 279767 9 11,4,15
318559 257386 10 15,11,13,10,0,8
278386 11535 9 10,7,3,8,12
351240 29799 9 5,1,4
174361 99100 9 3,8,3,6,15,15
282031 140648 9 3,5,4,7
110448 89374 10 3,13,7,4,14,6
21114 3328 10 3,12,6
30893 61815 9 4,12,4,3
319039 163067 9 13,12
255503 225757 9 4,15,8,4,9,1,7
67896 351740 9 2,3,9,13,8,14,8
8197 203436 9 4,6
46578 57821 9 8,15,5,3,15
172305 350143 9 10,4,12,8,7
245989 341341 9 0,3,6,11,4,8,4
213309 189628 10 5,14,4,12,5,9,6
241658 219654 9 7,5,9,13,8,4,10
377113 222414 10 8,15,4,7
9995 355167 9 10,13,13
333811 33337 9 7,15,7,3,1
320014 136826 10 0,7,3,11,6,3,13
152677 309992 9 9,14,8
317457 45860 9 0,14,10,1,1,0
27196 134327 9 3,15,7,7
347729 91288 10 13,5,8,2,4,5,8
208878 331658 9 4,12,12,1,5,3,15
225514 25190 9 2,2,9,4,5,3
169663 299800 10 7,3,15,5
237531 120630 10 7,7,2,3,2,6,15
146328 301125 9 3,6
127850 3971 10 3,3
21415 47933 9 15,8,9,3,14,1,15,0
338378 86477 9 12,2,6,12,13
366434 309710 10 8,14,6
132297 206949 9 13,9,11,5,1,7,4,3
275047 211606 10 15,11,6,13,7
261558 381212 9 15,3,13,11,8
157228 52495 10 4,4,13,5,0,6,4
163757 92553 9 5,5,3,3,6
174190 149477 9 4,1,13,14,12,12
169978 157597 10 8,4,0,7,1,8,3,1
17329 274447 10 14,0,0
171167 270824 9 5,1
28549 188276 10 9,1
285192 164600 10 13,3,8,5,14
220866 72074 10 14,11,9,12,4,0,6,6
42837 241417 9 3,12,4,0,8,9,7,5
33538 317159 10 5,7,12,5,6,8
297452 149466 9 6,8,6,12,13,2,6
7875 278714 10 7,2
311433 377370 10 3,5,3,7,5,11,6
15364 212516 10 12,6,7,1,5,8
271027 206593 9 3,5,4,5,10,7,13
162120 191462 10 1,12,12,12,11,0
128350 305009 9 11,2,15,7
216373 198213 9 12,4,7,13
51463 107272 10 15,1
354441 34152 10 13,3,6,12,6,12,12,14
189753 26939 9 7,3,5,6,9,14,13
15642 192084 9 0,6,6
290183 368107 10 9,3,13,12
192016 190022 10 9,1,6,9
340913 190230 10 15,12,13,12,7,3,6,8
9231 559 10 4,8,5
207090 262180 10 11,14
236815 249263 10 1,6,4,8
159223 85422 10 2,0,9,4,14,10,4
77453 116850 9 13,1,1,13
12515 192790 9 1,3,15,3,6,6
345720 254361 9 2,15
137024 259452 10 1,14,1,13,11,3,4,6
16600 202654 9 0,8,1
337054 1798 10 12,13,5,2,13,7
217196 339180 9 4,13,6
178708 319087 10 6,3,12,4,4
358602 56194 10 7,4,14,2,9,7,6,11
309198 273598 9 13,10,5,13
127004 121853 10 3,13,1,0
171205 309169 9 15,4,3,12
118218 305158 10 14,2,9,15,8,14
375535 223776 10 6,12,5,15,5,8,6
42103 171631 9 4,5,5
331496 39712 10 12,6,5,2,12,13,3
175124 113376 10 0,9,6,7,0,8,6,4
318981 257069 10 12,1,12,15,4,8
158445 153804 10 12,10,7,6
9994 227541 10 12,1
339939 316612 9 11,2,8,6,0,4,10,5
331433 208611 10 4,12
105720 284015 9 4,5,8,3,12,8,14
208486 182414 9 5,9
329568 26827 9 3,10
159949 29739 10 12,11,8,13,13,7,3
15112 208844 9 4,5,13,1
211527 90176 9 7,8
364306 315402 9 1,6,8,15,6,8,7,0
232583 321454 9 7,6,14,2
133073 219960 10 5,7
349335 173380 9 6,4,2,7,6
119236 266989 10 7,6
326365 74288 9 3,8,4,7
291424 111766 10 13,3,4,1,8,0,7
201980 77572 10 1,4,3,1,8,3,2,1
106930 115478 9 3,4,8,3
131552 162260 10 13,7,6,6
278858 118725 9 5,3,14,8,8,13
247897 208295 10 7,10,5,4,8
220924 361494 10 0,5,4,4,1,1,0
69122 115760 9 14,8,1,14,11
378775 59180 9 12,9,13,14,8,3
120194 363405 10 7,5
360639 116157 9 8,7,7,12,1,8,8,4
21073 369157 9 5,5,12,1,0,4,2
306674 383649 9 12,5,5,4,14,8
131191 98407 10 12,9,5,4,4,4,7,3
11744 178525 9 7,8,5,10,14,12
135608 71079 9 15,14,15,3
352649 1680 9 8,4,5
62589 257980 10 14,15,13,4
135103 234765 9 2,0,10,8,15
381370 56874 9 14,5,5,7,3,2
197880 319391 9 8,15
288219 339525 9 8,5,4,12
140506 340738 9 9,7
223156 375845 9 3,0,8,3,5,3
308398 359292 9 14,8,6,8
83448 258712 9 11,3,6,14,9,1,8
264292 132180 9 11,13,12
42402 60650 9 7,4,15,0,3,8
151939 312541 10 5,9,13,8,4
343409 59 9 10,8,3,2,13
314000 263052 9 14,14,9,13,6,8,8,12
90764 40207 9 12,7,4,0,7,8
54105 193097 9 5,6
6168 105857 9 13,7,5,14,3,2
246403 314914 9 1,4,0,6,6
309522 181886 10 12,7,0,1,1
124551 19302 10 4,14,1,12,4,4,7,7
310524 250180 10 10,13,5,4
79182 282923 9 12,15,7,2
1482 248278 10 1,14,14,8
254952 13323 9 9,3,4,10,4,13,7,10
327419 314427 9 7,7,5,8,11
512 101190 9 1,5,7,10,0
331283 176485 9 7,12,12,2
45353 78035 9 6,5,8,13,7,4,3
268590 288674 10 8,7,14,4,0,8,8
196222 207643 9 6,13,2,8,9
219564 19537 10 10,13,5,7
266201 149087 9 3,1
284695 121848 9 4,12
134069 253514 10 9,4,9,4,4,15,7,6
53495 358533 9 13,6
144843 19772 10 13,1,3,5,10,12,12,7
341538 291103 10 12,4
209437 15941 10 8,7,7,3,2,8,7,3
170170 228592 10 3,3
356124 1381 9 1,2,7
320601 287016 9 8,3,0,13
105272 358639 10 1,2,1
310308 23348 10 3,14,3
68092 212991 9 3,3,4,8,13,0,4
236444 36019 9 2,7,13
328158 87280 9 4,7
185372 267202 9 8,4,2,4,14,6
261966 373673 9 15,0,3,5,3,2
167963 63189 9 8,4,1,1,9,8,11,5
338412 189598 9 5,7,8,9,6,1,0
356970 297527 9 4,6,7,14,11,0
342158 61700 10 13,1,3,10,13,14,9
226440 300957 9 9,7,4,8,7,6
308400 279087 9 4,8,9,9
78234 312359 9 2,1,9,5,3,13,4,8
217535 374097 10 1,2,13,10,5
128830 156544 9 5,4,12,12,9,1
305003 343895 9 14,7
196982 233841 9 3,4,8,3,4,10,9,6
250260 146557 10 3,15,5,5,11,8
158510 161691 10 1,1,8,5,8
135935 359040 9 3,9,6,1,3,10
129357 303736 10 3,14,1,13,13,2
15694 59640 10 13,6,0,2
355337 127659 9 4,4,5,6,6,5
81652 235381 9 2,5,7,13
52120 194853 9 14,12
92864 116541 9 6,14,3,0,5,14,14,11
108833 146188 10 2,13,3,11,7,6,14
355103 76014 10 3,8,3,13,8,8
143454 370981 10 1,4,4,8,7
32026 265392 10 6,15,4,3,8,8
213745 347937 9 13,1,3
151011 2433 10 1,12,7,12,8,0,9,6
141000 294681 9 13,10,14,6,6,5,7,5
238794 294318 9 7,7
300051 223789 9 7,14,1,5,1,8,5
130982 335136 10 8,5
105299 379799 10 3,5,6,8,9,13
374388 162998 9 1,4,10,7,4,9,7,5
192605 322403 9 4,9,4,8,13,1,6
67294 245296 10 12,12,1,11,9
224601 161283 9 5,3,6,4,4,10,6
295034 214176 9 14,5,14,2
343833 227879 10 7,15,2,4,12
170798 372637 9 13,3,12
68146 222204 10 14,5,4,4,4,14
59939 305915 10 6,2,5,3,7,7
114718 268423 9 10,1,4,12,14,0
45930 264256 9 15,1,7,6,5
124420 266914 9 8,13,0,4,3,2,10
126978 64448 10 1,11,15
187458 241605 10 14,15,4,13,3
224443 236840 9 12,3,8
341700 144352 10 15,1,8,9,4,4,6,8
58210 234808 9 7,2,1,3,10,5
90744 228919 9 1,15,15,9
135321 265885 10 14,15,5,4,1,12
50237 16677 10 8,1,5,1,12,4,3,11
644 316511 9 8,1,3
190162 341082 9 8,9
365404 72535 10 2,8,8,1,6,14
42301 179688 10 4,3,8,15,12
195606 221167 9 8,7,3,8,11,1
199623 334258 10 1,8,13,13
304457 133564 9 12,14,4
75244 50510 9 11,8,6,15,8,4,4,15
310122 137952 10 5,12
212312 221356 9 15,6
204839 143865 9 9,8,4
377222 274385 9 5,1,4,8,6,0,3
102636 248585 9 14,8,2,5
159828 366547 9 12,5,7,8,2,5,14
320193 345171 9 12,3
144478 189438 9 14,3,9
366640 211269 10 6,1,13,3,7
259365 86412 10 1,13,12,14,5
209145 344551 10 8,7,8,3
1476 371789 9 7,9,0
57964 181209 10 14,4,1,11
145386 275506 10 3,6,8,4,8,3
354499 158877 9 9,7,6
111650 60777 10 11,14,8,1,12,1,4
336913 24961 9 7,8,1,12,4,5,15,6
264014 155252 10 6,3,8,6,4
284111 178754 9 8,6,10,4,5,11,6,8
178495 341408 9 3,13,7,9,5
276656 168179 9 0,14,4,7,13,8
146558 379843 9 12,4,3,15
306410 284773 10 12,3,7,1
2979 339855 10 13,6,9
217950 121334 9 4,14
144167 343399 10 13,5
40854 141845 9 12,10,4,3,8,15,2,6
362967 333421 10 1,4,14,1,4
18643 6595 9 6,5,12
160892 116100 10 2,7,14,7,3,4,4,7
165329 89267 10 12,6,5,4,0,2,1
266513 334610 10 6,2
177642 31508 10 7,8,1,9,14,10,7
265681 178393 10 4,5,7,0,11,6,15,5
326872 233663 10 6,1,4,9
14606 34158 10 8,6,12,6,3,14,9
329921 337967 10 5,12,10,7,7,3
191794 379090 9 4,9,11,6,7
42848 98916 9 9,5,3,11,1
60268 113436 9 1,7,3,6
367698 300808 10 15,3,6,9,7,4,3
216995 153447 10 3,5,14
16046 129720 9 12,13,1,7,7
124341 243106 9 14,7,15,14,4,1,14,4
47951 61489 9 3,15,7,3,4,1,14
83693 356464 9 8,2,0,7
114357 243565 9 9,11,8
3911 361289 10 6,4,7,12,11,3,3,1
65057 135952 9 14,5
357384 330630 10 6,7,12,6
212138 33749 9 10,15,9,3,3,0
220428 88364 9 2,6,2
206192 32351 9 15,0,12,6,10,8
379992 349187 10 3,12,9,1,5,8,8,4
380635 297977 10 7,14
48379 216011 10 4,6,3
108658 286180 9 6,14,4,12,1
129229 100628 10 3,3,9,0,4
307284 93911 10 3,12,8,7,14
343340 369983 9 10,8,1,6,0,5,2,9
320478 111821 9 10,6,8,5,14,9,10
168739 326508 9 3,3,9,9,4
289275 52797 10 12,12
278644 155007 9 4,3,11,12,3,12,4
210720 27580 10 0,9,1
333869 369569 10 8,6,9
100121 322962 9 3,7
159288 326989 10 13,10,10,10,9
262070 146312 10 7,12,3,6,12,3
70112 125110 10 2,9,4,14,12,2,4
1173 17251 9 4,8,10,3
333489 181977 9 13,13,8,8,15,6,5,7
316354 306839 9 7,1,5,14,12
340703 378391 9 1,7,3,3,8,7
243914 44157 9 5,5
357538 129168 9 9,7,7,5
170953 316338 9 12,14,14
121025 241505 9 6,3,3,8,14
133263 258982 9 13,7
313193 280629 9 4,8,3
21174 166007 9 3,10
169924 10970 9 2,7,2
79918 267009 9 5,4,4,8,7
110 77683 10 6,8
167359 163760 9 8,11,1,2,2
236334 170968 9 13,2,2,13
219270 49677 10 10,4,3,2,4,5
203462 370957 10 6,7
344490 278485 9 13,4,7,14,3,3
208510 61609 9 3,1,9,15
272234 269032 10 8,4,1,7,9
227428 302778 10 8,4
161598 74357 9 11,1
191645 329570 10 9,2,6,6,14,12,4
23909 296277 10 2,5,4,0
340390 313515 10 2,3,8,13,5,5,11
322456 219019 10 4,6,1,0,6,7,8
210790 223187 10 14,10,3,1,2,6,5,9
135572 330100 10 2,3,15,12,1,3,9
262494 239206 10 5,0
221260 145011 10 5,3
185030 96677 9 4,5,10,8,5,7,9,0
96541 334167 9 12,8,4,1,7,4,8
249105 234074 9 6,6,3,3,4
225292 276194 9 13,7
229695 240795 10 12,8,13,7
25571 54263 9 14,8,9,3,4,1,12
18468 380863 9 0,11,1,2,6,8,13,14
113578 320415 9 5,7,4,8,2,7
336239 345443 9 8,11,5,9,12
247559 259370 10 7,5,15,12,13,6
366491 214383 9 6,4,2
289914 124758 10 7,11,8
346355 98760 10 15,12,14
298424 230102 9 14,3,12,14
47222 213461 9 1,0,5,8,5,1
230127 147771 9 6,2,7
251080 131162 10 14,15
110981 288568 9 7,3,15,4,1
12497 170746 10 3,3
117826 87882 10 3,4,3,5,3,9,14
226548 3152 9 8,13,5,10,7,13,5
111096 232470 10 15,7,1,1
10647 211821 10 0,8,14,8,3
323288 32369 10 8,0,3,3,7,3,6
110944 76006 10 1,15
25369 68708 9 14,1,15,4,5,7,7
282524 140387 10 5,4,6,1,5,4
376041 207205 9 14,7,5,1,7,7,13
286587 150800 10 14,4,5,14,5,8,14,4
274457 132991 10 6,12,4
94768 186674 10 12,0,12,7,4
17381 262762 10 1,4,12,8,2
34943 181057 9 4,2,9
132704 73920 10 1,9,12,5,15,13
381385 199092 10 7,2,12,3
192474 364284 9 1,4,12
49580 263947 9 0,7,4
233719 165553 10 9,14,14,9,3,1
316976 274440 9 4,14,12,4,6,2,12,8
222156 304997 9 9,3,4,12,3,9
369816 196354 10 9,12,1,8,5,6,1
5528 137233 9 4,3,5,13
35078 226709 10 2,13
105131 331081 10 7,6
119609 14568 10 12,1
191338 66019 10 3,7,3
48868 87125 10 12,3,8,4,13,2,4
223367 263088 10 5,9,7,0,1,5,1
247572 323888 10 1,3,8,5,0,6,1
220042 180413 10 11,13,6,12,3,3,4,7
312383 288224 9 6,5,0,6
173916 163751 9 8,7,12,12,3,3,2,14
52111 69010 10 7,4,13
16242 91712 10 7,4,8,4,8,8,12,1
6690 143610 9 10,12,1,6
238573 191295 10 3,8,15,5,4,11,12
362490 288736 10 15,3,3,8
8377 117216 9 4,6
238626 204119 10 12,13
24304 328938 9 10,1,2
20533 380422 10 8,7,15,12,14,7,12,5
288003 85164 10 1,6,11,0,11,9,4,14
83798 118070 10 14,8,10,12,8,15,9,2
339215 98465 10 8,9,8,1,0,8,14
224038 307904 9 14,0,3,8,12
302375 79029 9 15,0,9,6
98993 228391 9 9,0,7,0,3,9,3,7
319587 190798 10 3,4,15,3
130554 260694 9 10,2
140116 12480 10 5,5,12,4,5,3
76069 369943 10 1,3,15
20244 66226 9 7,3,3,8,15
80708 49242 9 3,3,8,11,1,9,10,8
360139 26149 10 13,4,8,9,1
330764 222210 10 8,6,6
318804 103505 10 0,5,7
168161 43465 10 14,4,3,9,7
75571 135898 10 5,6,2
173441 354403 10 7,14,3,1,15,1
263903 141881 9 15,0,6,9
305279 71877 10 6,4,15,13,6,11
50779 154910 9 5,12,12,5
301443 221463 10 8,3,3,15,5,7,10,7
372500 241597 9 3,0,7,5,1
45205 318293 10 3,12
63029 359443 10 6,0,3,3,8
109007 229047 10 7,8,8,2,13
95194 281074 10 15,1,12,3
107506 363415 9 8,13,7,14,11,4,12
110438 127910 10 9,3,5,12,8
250111 192136 9 1,3,4,11
18014 219661 10 11,5,15,9,1,8,7
131511 211070 9 3,13
274015 235654 10 3,8,1,2
186853 87134 10 3,5,4,14,4,14,6,10
378525 124598 9 13,1,3,5,15
218211 151033 9 4,5,2
89978 65129 9 4,7,6,14,15
54939 17764 10 6,13,2,8,4,3,5,6
383085 256999 9 4,8,15,3,13,4,5,14
148121 348927 9 5,6,8,7,7,12
212920 380623 9 6,9,8,1,13,1,1
231440 46449 10 8,13,8,3,8,3,12
355687 302613 9 7,6,5,8,7,1
250796 220206 9 8,4,6,0,10,1
72233 35234 10 1,6,5,13,7,8,4,3
99513 173452 9 11,13,14,8,5,6
253418 231434 9 15,13,6,12,2,9,9,14
306044 257205 9 9,5
349509 262722 10 6,3,4,8,3,5,4
301940 235117 9 13,8
55383 203427 10 7,13,1
5421 357275 9 8,4,0
343120 323895 10 2,15,1,2,5,1,9
324832 107021 10 11,8,14
19627 81833 9 8,14,13
96372 204321 10 15,5
251081 249845 9 13,14,5,6,2,4,15,13
139773 270959 10 3,5,8
67911 352868 9 7,6,8,4,1,12,3
232757 377605 9 13,3,0
113784 266875 9 8,2,1,2,14,5
198835 232446 10 11,2,14,13,8,8
17368 76786 9 1,12,8,14,3,12
154539 82832 9 2,10,13
299607 370583 9 4,3
243166 259268 10 1,4,13
372599 66843 9 9,4,5,12,0,1,10,9
99096 379771 9 8,7,7
340744 79322 10 10,3,13
184470 354315 10 4,14
309312 303214 10 9,3,1,4,3,7
47523 268632 9 5,5,7,1
238667 81697 9 7,1,3,14,8,7,4
246040 223167 10 0,10,13,4
67712 52147 9 12,8,6,3,13,5
252588 200224 9 3,7,6,7
83041 272191 9 7,1,4,1,3,2,12
211927 65700 10 7,9
64640 380491 10 7,1,10,9,14,4,2
354604 65638 9 4,13,6,3
324142 104108 9 4,15,2,7,12,6,3,4
194333 72766 9 11,2,1,8,13,12,1,8
295203 336145 9 11,12,7,9,0,12,4,3
150145 377145 9 5,4,8,2
369545 136573 10 10,7,11,14,10
246422 19293 10 8,14,15,3,3
211797 76193 10 15,3,6,3
327167 83519 10 3,0,13,12,15,1,15
204707 50600 10 13,4,0,0,1
184810 273715 9 12,0
128983 306730 10 5,1,4,8,6
143792 318959 10 1,8,3,4,6,8,4,14
366472 206999 9 1,4
275737 45396 10 4,2,3,5,4,1
138733 226969 9 1,2,9,6
94596 156357 10 8,13,1,5,6,14,4
307327 77397 10 9,14
299447 107255 10 12,3,8
242298 100588 9 13,6
346657 155896 10 6,9,4,4,10
378236 82038 9 9,5,8,7,8,13,6,5
257834 350970 10 0,5,5,4,9,9
141339 367306 10 1,3,2
318967 53681 10 8,1,3,4,7,5
61448 5518 9 7,1,1,8,3,4,15
312861 383950 10 12,4,8
41803 306859 10 13,11,6,8,3,12,6,4
223113 375955 9 4,2,7,5,13,15
156405 291650 9 2,11,8
383711 202716 10 14,2,1,3,5,3
84614 352696 10 12,3,4,6,7,15,5
369710 16537 10 1,3
46993 56262 9 1,11,9
247195 223062 9 7,8,4,13,1,15,6
251809 46005 9 2,11,8,9,13,5,8,9
222185 71274 9 10,12,8
316819 336855 9 8,7,1,5,15,14
284697 167398 10 14,10,10,9,3,12,0,8
148420 100718 10 7,1,11,15,1,9,10
125960 207513 9 6,6
61963 244949 10 13,14,15,12,6,4
306652 66288 10 4,0,6,5,4,3,8,4
184412 384028 10 12,5,4
194203 151380 9 2,6,1,6
66116 273884 10 7,9,7,3,12,2
239649 100412 9 3,2,6,5,4
120416 269926 10 1,6
157923 98909 10 3,6,5,13,7,12,12,10
196472 352764 10 9,11,11,1,1,4,0,4
205108 216629 10 13,13
379801 326581 10 5,11,11,4,7,8
279610 47571 10 6,13,0
32162 171565 9 10,4,0
138993 188016 10 13,2,14,3,5,11
360095 13736 9 14,7,1
383307 102320 10 13,13,2,5,3,6,9,12
263965 376545 10 1,3,12,4,6
287081 203521 9 14,0,0,8,3,11
297048 286499 9 1,12
302943 241297 10 4,12,2,4,7,3,1,10
102620 23763 10 14,13,3
59604 115646 10 4,5,5,8,6
248835 333209 9 4,12
141085 253103 10 6,10,9,3,3,6,4,1
109874 323410 10 14,14
116555 281700 10 12,3,13,2,14
175945 46452 10 15,3,5,15,10,7,14
281220 368270 9 5,11,3
226771 78267 9 15,3,8,1,1,2
125615 137316 10 1,14,13,2,7,4,6
14442 125010 9 10,4,1,4,1
263362 71134 10 10,5,5,4,3,4,0,11
361211 116021 10 15,15,2,13,6,5,8,3
266596 252251 10 8,4,10,4
149525 168250 9 3,13,4
27717 105805 10 8,3,1,12,13
15741 326611 10 3,11,1
158557 357957 10 8,2
112096 192841 9 10,3,8,15,7,3,3
271068 377010 9 7,12,9,7,1,3
113155 296841 9 5,8,8,5,1,13,0,1
308262 336500 9 13,6,9,7,3,7,7,1
248893 113639 9 7,12,6,7,7
65452 215754 9 15,7,0,3,14
123246 96816 9 0,12
172993 138825 10 7,12,4,13,14
323751 90504 9 13,3,8
143724 151980 9 15,11
12970 218047 10 7,4,4,15,3,6,8
10743 277798 10 3,12,5,5,6,15,6
352723 305110 9 13,13,14
64553 221183 9 1,1,12,7,13,9,5,12
263520 313792 10 5,7,11,7,1,11,11
34323 311523 9 8,7,4,7,12,8,4,7
341905 48887 9 4,1,5,6
49402 307120 10 6,15,15,9,5,4
138733 338482 9 13,5,5,11,4,15,12,15
197854 206765 10 12,1,12,8,12,5,15
234243 36723 10 6,3,4,1,8,1
179205 103277 10 2,6
342354 233524 9 13,3
246433 376307 9 4,4,7,11,3
226815 312057 10 2,13
78 223665 10 14,8,8,1,12,0
293712 126166 10 5,7,12,0,2,12,0,10
52070 224457 9 1,11,1
189169 342022 9 3,7,13
250060 92094 9 10,1,1,2,3,7,5,8
355247 57992 10 14,9,2,5,14
63015 331113 9 3,7,4,3,14,4,10
27721 57847 10 8,8,7,8
84315 361444 9 4,5,7,6
29598 175956 10 13,7,9
40465 48088 10 5,8,1,5,8
312376 203141 10 9,12,1,6,12,5,3
201452 226288 9 3,3,13,7,8,3,5
137951 189907 9 4,15,14,13,4,10,14,12
351312 314445 9 9,5,4,0,8
164168 346857 10 9,0,0,6,1,3,4,4
75815 298332 10 6,3,9,8
256643 116300 9 11,10,7,1,13,3,0,7
312186 278521 10 1,12,5,8,7,14
77419 324228 10 0,1,8,12
334748 375253 10 12,5,15,6,0
298855 178461 9 13,8,8,4,4,7,0,13
291687 53010 10 8,5,12,3,4,10
105780 18686 10 12,1,1,7,11,4
317506 41244 10 6,5,4,3,13,1,8,7
28333 126335 9 7,4,12,1
109500 6107 10 6,3,11,2
2768 302809 10 4,12,7,4,8,8,7
27939 324221 10 13,13,1,1
80429 16437 9 1,8
298247 85252 10 1,10,4,12,5,5,4
26771 177854 10 8,7,6,3,14,5,6,13
170683 250854 10 13,5,2,5,4,14,10
164436 122419 10 0,7,6,12,4,1
331370 268108 9 12,13,12,6,12,0
224 209762 9 12,4,6,5,12,7
370983 148659 9 15,4
134684 179053 10 3,2,13,8,13
49286 161215 9 1,7,9,5,13,15,5,8
236691 204032 10 7,8,4,2,13,10,8,15
261574 320193 10 3,4,5
192490 78249 10 2,4,4,6,5
93873 364691 10 7,12,1,0,1,7,9
123537 92573 9 12,14,3,8,13,3
232022 368043 10 4,5,4,4,7
86844 255933 10 1,6,3,12
247346 235017 9 6,12,2,10,0,10,15
69109 218491 9 12,7,8,4,10,3
88781 239705 9 13,15,7
121417 292487 9 4,14,13,2,14,1
171365 223372 9 0,6,12,6
282747 149264 9 7,3,12,7,2
216566 294993 10 8,6,15,12
365951 166946 10 15,8,7,0,9,8,7,5
355904 206609 9 12,8,8
185088 121659 10 15,9,12
34375 25794 10 9,9,3
44169 183009 10 12,7,3,5,6,5,4,6
327897 257629 10 14,12,8
255444 184947 10 8,8,8,14,15,2,3
205810 123179 9 5,12,2,8,6,2
231298 177534 10 3,5,6,3
214021 251906 10 0,4,9,9,0
256211 337559 9 4,8,1,6,0
32203 78669 10 10,0,10,6,11,11
230061 213422 9 4,13,2,7
183764 201080 10 1,12,3,11,8,4,3,8
206904 360160 9 4,15,7,4,5,8,4
135361 34257 9 13,7,12,14,6
179359 83258 10 14,7,5
340690 28760 10 3,10,14,14,12,15,6
55764 191713 10 4,12
346103 46655 9 8,4
190083 143236 10 7,8,6
369737 352090 9 11,3,12,4,14,13,3
204102 346785 10 14,7,6
257497 331338 9 1,7,0,1,6,3
49773 144406 9 9,4,3,5,7
210412 47604 9 8,12,7,0,14,6,3
219153 310288 10 6,15,1
45911 48821 10 12,4,6,8,3,0,12,8
217511 98557 10 3,15
24529 234318 10 9,13
107765 343981 10 14,12,3,13,4,7,0
274413 107179 10 7,8,5,14,12,10,3
143959 188207 10 7,15,11,13
10012 75594 10 4,4,13,12,4
185067 110688 9 6,2,7,3,14,9,13
354887 310894 9 1,1,1,8,3
323958 37965 9 7,3,6,13,3
62049 184193 9 8,2,9,3,0,0
134902 105256 9 9,8
327258 372010 10 12,8,10,3,4,6,13
5440 62235 10 2,8,12,3,5,1
169481 352165 10 4,5,5
288093 148781 10 3,5,0,5,1,3,7
74529 257520 10 7,7,3,5
60654 125490 10 7,5,4,14,3,7
43004 342973 10 14,4,4,1,8,14,8,13
60609 229754 10 9,5,3,3,1
208425 109498 9 2,2
273877 1651 9 1,12,11,1,6
172365 356067 9 8,8,13,4,1,13
256267 328775 10 8,2,2,3,8
211183 58821 10 7,6,8,11,3
370533 9097 9 1,5,14,3,12
63256 162266 9 10,9,8
290304 349092 9 12,13,5,15
220865 341416 9 4,3,15
5815 54172 9 1,12,3,13
27453 192175 9 1,3,13,7,7,1
363811 224039 10 1,3,14,1,5,13
46444 318983 9 0,4,14,7,8,10,14,1
24460 378926 10 14,15,14,3,9,6
179311 241360 9 4,4
334852 168785 9 10,13,2,9
237486 180054 10 12,1,5,8,4,8,3,12
232033 351140 10 5,5,14,0,7
179325 352753 10 14,2,4,1,0
351865 127695 10 7,7,5,9,3,3,3,3
158272 146985 10 9,8,10,3,1
101388 345192 10 0,3,8,14,1
116021 94235 10 15,7
366175 165693 10 12,11,10
90413 25393 9 14,7,5
248869 349409 9 3,9,5
381498 247519 9 3,3,12,6,0,8,6
72928 382744 9 14,4,14,10,6,2,3
149455 179749 10 8,14,10,12,3
252000 31564 10 6,0,13,15,7,13
24032 96788 10 1,3,4,1
93952 203549 10 14,5
171997 61215 9 4,7,10,3,12,4
78234 228518 10 0,6,4,3,4,3
60439 85384 9 8,5,1,4
205718 71893 10 6,3
1315 58478 9 14,4,3,7,4,0
268671 121517 9 1,2,8,1,1,6,4
51129 309685 9 10,8,1,0
237916 281426 9 8,5,14,12,4,7,12
282294 318253 10 11,7,12,0,4,3,8
28371 259111 10 3,5,13
360873 293999 10 1,8,7,12
185452 289123 10 9,1,9,4,4,12
310011 78241 9 13,12,8,0,4,5,1,10
137171 59906 10 6,2
248002 249744 10 12,0,6,4,4,14,0
5717 267662 9 11,4,3,4,8
131861 11783 10 15,14,2,4
320946 167572 9 3,8,4,5,9,3,15,7
361700 114390 9 1,5,3,7,6,13,7
275841 266090 9 13,13,1
106960 346122 10 3,9,10,7,4,12,14
67602 233727 10 3,3,1,3
364525 133253 10 3,6,8,0,4
90629 254952 9 8,14,1
151618 289400 10 12,14,5
21961 111351 9 3,11,8,15,9,2,2,14
13394 46839 10 13,14,15
117709 361887 10 15,1,0
186751 245079 10 8,8,5,4
242379 56841 10 3,6,1,0,7,4,6,15
98655 66315 10 8,6,5,4
11404 115360 10 4,1,3
290255 185672 10 11,1,3
351247 334858 9 13,4
38441 140139 10 14,14,9,3,11,7,8
272805 26021 10 6,8,15
253753 20643 10 2,8,1,10,4,13,7
117469 29969 9 4,3,1
378700 119624 10 5,13,5,0,1,9
234230 229679 9 6,3,4
88663 331268 10 3,7,0,10,12
154276 323420 9 7,3
275864 157045 9 3,8,4,5,8,11
187417 233718 9 3,2,1,8,7
222742 238601 9 3,12,13
301500 340119 10 5,14,0,9,2,1,1,1
70081 21692 9 13,5
308688 371356 10 13,3,5
126362 318247 9 7,13,15,10
40875 70081 9 10,0,12,5,4
136053 314165 9 6,8,5
273651 48170 10 9,7,5
337407 15126 9 12,5,3,4
32819 71658 9 0,7,8,8,4,3,7
320808 219093 10 8,9,15,1,8,0,0
312337 130009 10 14,11,12
9053 315411 9 7,2,2,12,1
162873 290780 10 6,8
101617 149568 10 8,11,5,12
56839 200420 10 13,14,1,3,8,1,11
15927 176625 10 15,3,2,8,3
168412 210804 10 5,13,6
98079 284583 10 1,9,7,12,2,3,3
239313 318944 9 1,13,15
271347 182269 10 1,5,0
113944 305820 10 6,5
347139 11570 10 15,8
224513 282714 10 4,5,6,4,3
284039 277322 10 14,9,14,13,1,7
124236 117743 9 14,5,8,4
3571 165858 10 0,2,13,5,0,1,4
115189 203358 9 0,5,7,5,1,6,5
279182 12546 9 1,1,13,4,6
369715 120986 10 3,5,5,4,4,4
21331 105277 9 1,8,6,8,10
179635 374830 9 15,1
330517 363186 9 11,5
88143 248019 10 12,14,6
57844 42253 10 12,12,6,2,5,5
334141 170604 9 13,4,7,4,2,15,7,5
199507 134680 9 7,7,6,6
74297 208374 9 9,9,12,3,11,3,0
82129 335614 9 13,4
276618 303463 10 5,6,6,7
294035 13524 10 7,2,1,4,11,3,11,1
320272 171450 9 9,7
116461 282818 10 1,8,10,2
131605 88912 9 1,12,0,5,2,1
329507 41093 9 7,5,7,4,14
81409 138265 9 3,5,8,1,14,14,12,2
34156 76880 9 14,12,0,6,8,5,8,4
355632 143998 10 12,1,13,13,3,7,10
211109 342118 9 11,3,15,13,14,4,1
6076 64458 10 6,10,15,0,11
376272 94555 10 12,6,10,3,14
125540 332836 10 13,6,15,14,8
310501 201032 10 4,14,12
72382 46898 9 13,3,3,5,7,14
282498 321384 9 13,14,13,7,3,1,1
371796 115370 9 15,3
310092 190567 10 9,12,13,3,1,7
335870 149643 9 3,14,0,6,8,7
232661 164141 10 3,1
279726 368974 10 7,11,1
237410 336103 9 7,11,3,12
234165 177137 10 3,1,1,11,5
255404 101757 9 8,7,5,2,0,3
33584 202193 10 10,4,4,5,8,5,13,5
142950 258169 9 7,14
235742 328716 9 7,4
79325 305573 10 7,3,7,8,14
266089 361288 10 14,4,10,12,3,13,9
128041 67193 9 12,8,13,12,3,8,14
54399 167739 10 3,7,5,14,6,9,5
340254 290151 9 15,5,7
86166 138482 10 11,12,4,4
50218 59848 9 5,1
328676 164964 10 8,2,13,8,4,8
126300 95199 9 4,5,5,5,9,4,4
73165 156298 10 5,15
166174 167114 10 3,1
312404 101106 9 8,3,3,0
55788 158708 10 5,4,3,4
169400 299216 10 5,4,4,13,13,4,14
72805 237465 10 13,12,2,12,7
245060 87863 10 13,4,14,15
59274 137642 10 9,5,13,8,3,12
195331 215597 10 10,2
382331 158826 10 5,1
183891 300616 10 14,4
225281 16491 9 14,1
349627 83683 9 3,1
118187 232144 10 6,2
364176 248674 9 15,3,12,8
243937 42942 10 1,8,8,7
261511 28152 9 1,13,11,14,7,7,8
17754 131415 10 7,1,7,11,8
6708 17059 10 5,8,3,4,1
764 236273 10 7,6,3,6,7,12,7,4
346320 345121 10 5,15,5,10
28906 209079 9 8,3,10,10,13,1,6
95572 251228 9 7,8,3,12,1,15,3,3
332472 120723 9 9,0,8
87834 87767 10 6,1,8,1,3,4,1
259756 2542 9 9,1,13,5,13,8,12,5
45160 189485 9 12,7,4,7,3
332454 42841 10 12,12,12,8,12,8,10
172269 296170 9 4,3,6,7
368239 339993 10 12,3,14
85030 82173 9 4,2,8,3,3,6,5
224261 287012 10 7,15,4,13,8,10
161889 152790 9 6,15,3,8,8
99670 295896 9 13,6,3,8,6
4570 249357 9 4,6,1,8
8262 221815 10 12,7,6,6,6,15,4,5
135203 38198 9 0,8,6
222748 108768 10 7,8,15,3,12,11
56846 302899 10 5,0,8,15
14178 65348 9 12,8,1,1,14,8
323072 225572 9 3,3,2,0
352553 92604 9 11,3,5,7
20930 247539 9 12,14,2,9,2,3,12
332042 230721 10 2,1,3,8,5,6
267637 266456 9 12,2,15,4,1
109091 1011 10 7,14,7
26891 166503 10 13,9,8,8
365314 190801 10 8,8,12,7,8,7
294336 255474 9 0,12,3
309638 231937 10 10,7,4,3,14,8,3
130285 367092 9 8,12,7
147492 336976 9 8,8
124790 39058 10 11,11,11
369085 29389 10 1,9,5,14,13
5487 8886 10 14,5,1,9
275861 240230 9 12,5,4,5
253610 228628 10 2,0,3,10,5,13,4
91322 220155 9 8,2,12,14,12,5,9,3
64761 155256 9 3,12,2,13,3,15,9
81200 120789 9 6,8,1,9,10,12
96971 371403 10 9,12
36986 242300 10 12,5,11
113522 159783 9 5,9
129267 271879 10 12,6,9,0,3,12,8
183003 277400 10 14,8,3,4,13,14
206447 325714 9 7,4,3,8
183615 368458 10 3,8,5,1,2,3,5,7
89821 118707 10 7,11,4,4,13,13,6,15
229455 61980 10 3,15,2,5,1,15,6
117014 375904 10 4,12,7,6,10,3,5,13
8469 181237 9 1,4,7,5,8,3
303124 154430 10 6,3,13,8,0,1,9,4
83027 364545 9 14,7
204321 67933 10 1,6,8,14,14,7,4
119006 35100 9 8,4
168833 171116 10 0,0,3,4,10,3
302076 249973 9 3,11,4
213941 271637 9 3,9,13,3,5,2
127965 293337 9 1,4
373324 97924 10 1,5
174194 110779 9 1,7,4
296342 123697 9 6,6
14475 27041 9 15,6,8,7
294304 350331 10 7,5,1,14
239512 168475 10 4,2,15,15
289628 37745 9 3,4,6,12
225126 325639 9 12,3,4,9,0,11
256739 369613 9 5,14,5,13,5
54764 305205 10 11,14
226882 308974 9 8,4,8,8,2
82202 232794 9 7,11,1
165452 250133 10 0,15,6,8
30793 166310 10 8,5,1,14,1
220420 151706 10 11,12,3,13,9,1
142444 57445 10 10,5,6,4
314110 26914 10 14,5,4,5,7
313430 72934 10 11,14,1,4,1,0
138969 122350 9 12,4,7
184934 232936 9 12,11,7,3,3,4,7
376773 170849 10 3,0,5,2,3,1,9
84595 77992 10 7,5,10
139317 356271 9 11,15,3,14,4,5
244415 2077 9 4,5,14
133322 214728 9 10,4,6,14,4,5,8,5
164068 363048 10 12,0
88408 51928 10 0,12,15,4,9
42907 378008 9 11,1,7,3,15,12,2,6
79263 108128 10 5,2,15,13,5
153126 49238 9 7,13,4,14,3,4
223188 209575 10 1,2,11
8392 22428 9 5,2
299671 168063 9 1,3,1,6,11
282445 290535 10 7,6
369150 94666 10 7,5,0,1,1,6,8
221921 356802 10 14,8,5,8,11,3,11
53723 112666 10 14,5,2,5
334662 358354 10 1,3,6,3,2,8
198557 123718 9 1,2,6
161460 265276 10 12,13,9,8,1,5
153923 373846 9 12,5,5,14,11
10727 371159 9 9,12,1,14
269801 54898 10 3,3,1
330883 350977 9 10,5,1,3,8
371056 52241 10 7,4
163562 26959 10 14,12,1,13,1,3,3
374589 174896 9 1,1,13,6
219165 198905 9 4,4,3,12,11,0,4
209869 170225 10 7,4,3,11,4,6,7
298813 321617 10 5,15,13
191122 134604 10 7,10,3,12
69676 281139 10 5,12,15,5,1
193616 47131 9 8,0,2,8,5,0,3,4
139536 234605 10 8,8,6,9
19797 176667 9 12,11,8,11,1
62472 80777 9 10,13
286787 247706 10 12,2,5,13
259491 317191 9 6,14,5,14
48812 358678 10 12,6,6,1,4,4,15
216389 283692 9 5,3,3,3,7,3,2,8
158623 183203 9 2,9,8,13,10,13,7,13
300037 59766 9 5,9,6,9,3,14,1,11
2220 2824 9 2,2,9,6,12,4,10
378868 129763 9 5,15,1,5,13,6,12,11
251666 326177 9 8,7,3,14,5,7,12,6
66037 214015 9 1,1,2,7,1,3
307697 162903 9 6,8,6
212444 372658 10 3,1,1,10,12
354031 33976 9 5,1,8
289635 354045 10 4,6,7,6,8
74089 313241 9 7,13,14,11,3,5,1
31890 357897 10 8,3,12,7,6,0,12,2
174710 304233 9 5,3,5,14,12,13,13,10
101533 95656 9 11,8,4,8
35905 280004 9 1,4,8,11,12,12,3,10
278732 288974 10 4,10,15,0
242663 355770 9 9,4,10,7,6
3758 98304 9 0,12,0
371393 258598 10 7,3,2,8
314462 339113 10 7,1,1,6,8,3,14
197875 43615 10 2,13,1,8,7
332919 23889 10 10,4,15,11,14
200865 122413 10 8,3,4
380484 302096 9 13,9,13,7
270248 236992 10 3,12
64539 123902 10 7,10,13,12,9,8,4,8
348997 70441 9 14,2,4,12,5,2
154236 160003 9 4,3,1,1,1
197470 332051 9 4,4,12,13,14,4,3,15
222290 318426 10 12,7,6,1,5,12,15,13
182679 47604 9 5,8,3,1
69380 214951 10 7,2,15,8
272773 350663 10 5,12,6
191504 103056 10 14,5
48334 348632 9 2,6
346699 271176 10 13,5,7,0,7,7,14
32848 285795 10 4,2,1,4,14,4,5
57729 258134 9 1,5,6,14,5,8,14
79759 50812 9 2,3,14,2,9,1,15
149059 351206 10 9,9
8643 32279 10 6,4,7,0,0,11
194150 140248 10 1,8,9
309667 337617 10 6,15,6,3,6,8,6
90104 7524 9 10,10,2,14,10,2
86206 170550 9 11,13,9,14
72002 78812 9 7,14,13,3,3,9
287387 107710 10 0,5,12,7,12
135013 265555 10 13,8
134485 28312 10 3,4
48358 86970 9 12,12,4
200898 44525 10 6,10,9,15,12,8
365297 245746 9 12,0,8,4,7,4,0,14
227558 105359 9 6,11,13,0,12,10,3
16694 140927 9 15,3
360484 275023 10 4,12,7,3,8
289377 129313 10 0,10,12,8,3
106218 181772 9 2,1,11
133290 195261 9 8,7,10,2,5,14,7
58097 226125 10 8,9,0
81282 311554 9 14,5,2,5,6,1,1,5
106384 48701 10 13,3,8
41587 266800 9 13,1,4,7,5,12
60494 229923 9 12,7,6,8,7,3,3
291508 174326 10 4,5,11,12
278491 242809 10 8,15,15,13,12,10
221667 291230 9 9,6,12,7,8
286150 264870 9 1,13,3,7,10,8,9
365971 198136 9 5,5,11,3,8,14
35694 14426 9 14,8,4
181548 258811 9 2,1,3,2,8,5,13
260337 8553 9 1,5,1,11,14,5,12,5
88972 222546 10 12,4,1,14,8
309414 121862 10 4,7,4,9,4
339735 292033 10 3,7,13,1,0,12,8,13
364174 161701 10 15,6
136248 131459 9 15,5,10,5,8
192597 287205 10 3,7,4,12,6,8
124099 203782 10 5,2,13,1,5,9,13
78746 290723 10 4,2
295460 12662 9 1,3,3,6,13,6
86365 383757 9 4,8
40710 144190 10 8,7,4,4,5,3,9,10
108937 52255 10 3,8,9,4,7,14,4,0
303856 62221 9 4,13,5,14
152583 75889 10 3,15,3
135233 185760 9 1,8,3
161583 284504 10 4,6,12,7,3,13,5
125004 370424 9 2,4,13,12,12,5,6
323928 206107 10 3,7,4,14,6
250977 204597 9 12,1,8,4,10,0,1,15
246095 274838 9 8,13,1,10,0,8,14
373055 159660 10 3,3,10,0,5,3,13,15
177990 323423 9 2,8,15
256342 381495 9 13,7
205059 353100 10 1,6,2,0,11,13,5
74022 46215 10 13,0,1,8,7,5,1,6
265212 355825 10 1,3,4,4
210614 234698 10 9,13,13,8,11,4,5
30103 241285 10 3,4,4,8,7,5
34053 253632 10 3,4,0,1,4,10,2
79691 157045 9 8,1,7,1,10,1,5
332370 65361 9 5,1,14,8,15,9,1,6
328866 46974 9 1,8,5,13,4,10,7
148519 224969 10 9,5,7,6,8,5,11,6
236213 338839 10 12,8,6,13,8,15,14
188023 209170 9 3,3,5,7,12,1
258960 159069 9 7,15,12,7,7,6
365238 316876 9 13,15
3376 179443 10 1,7,1,7,1
245676 237158 10 13,4,7,12,6,11,13
139755 128461 9 3,1,7,3,7
312413 153200 9 7,7,5,10
338619 18168 10 9,12,4,7,7,11,6,3
41665 208005 10 11,6,13,3
284686 175353 9 11,14,3,3,1,7
107636 314773 9 5,3,3,14,6,5,8,6
26799 152385 9 7,8,3,4
382203 192084 9 6,8,3,7,15
294283 87832 10 7,6,9
283049 48340 9 7,4,9,3,5,7,10,3
66918 52279 10 0,4,7,4
111721 206332 10 12,12,0,12,13,15,8,4
250021 179436 9 14,6,9
219739 297695 10 1,9,12,11,6,6,13
265901 96910 10 6,8,4,7,4,1,4,11
132747 94885 9 10,7,14
324330 241205 9 1,7
345089 371960 9 14,0,8,14,0
215558 68605 10 5,7,1
14032 349851 10 13,4
90031 74053 10 1,15,4,5,0,14,7
20428 111871 9 2,7,14,4,2
266432 357888 9 3,1,11,9,7,4
75576 129197 10 0,4
253667 151353 10 6,8,3,2,3
258692 190224 9 3,8,1,2,8,1,8
26183 286964 10 12,1,7,1,4
305432 225389 9 11,6,5,6,1,5,15,1
254999 254953 9 11,12,7,1
310677 9018 10 1,14,1,8,7
114541 48946 9 4,14,1,4,8,14
91349 72133 10 8,3,13
267212 167351 9 12,2,9,6,10,13,4,8
147560 337640 10 6,5,12,4,12,4,12
96662 50972 9 13,5,12,7,2,1
301362 52488 10 8,7,7,7,10
90784 223618 10 6,6,4,13,14,5,4
129724 356932 10 4,9,4,13,5,13,6
182146 292189 9 8,8,4,13
378929 37803 10 6,10,14
290539 265259 9 5,3,9,6
371545 232831 10 5,9,3
367069 126217 10 12,4,12
262309 236743 9 1,3,4,1,12
56448 289354 10 11,3,3,10
14725 32183 9 9,4,6
31485 258793 9 9,12,7,4,11,7,7,3
87094 166462 9 7,3,1,12
84721 105227 9 7,5
188925 128269 10 3,7
383977 357449 9 12,6,14,15,12,12
375969 16531 9 11,11
363808 250708 9 8,5,14,7
60666 286839 10 13,4,4,12,7,13,3
267440 146426 10 5,1
209615 58824 9 14,11,4
291213 170859 10 3,1
364648 266593 9 13,1,12
185535 59094 9 3,1,14,10,14
77405 43635 9 6,3,8,3
22692 285940 9 14,6
344697 160773 10 13,2
214714 115650 10 8,10,4,7,6,14,4
151579 318782 9 4,15,2
364713 88157 9 10,6,14,7,10,3,5,3
115401 171712 10 4,9,8,9,7,11
99983 83158 10 8,14,7,15,5
41062 225737 10 7,1,1,3,7
32199 161870 10 2,5,1,7,2,7,10,1
208150 340273 10 9,1,3,12,4,7,7
77617 177389 10 9,0
58070 294865 10 4,4,8
345595 21991 9 3,3
226628 238295 10 7,4,7,10,14,6
374149 276459 9 12,9,6,6,10,12
216468 318989 10 6,7,13,4,2,15,9
122201 237827 9 6,7
196863 34209 10 3,8,1,7,4,7,4,4
273480 124107 9 11,3
153564 203952 10 5,8,8,5,15
78930 84841 9 15,13,3,0,2,3
81961 113639 9 5,4,6,9,4
113197 284682 9 9,3,6,1,6
118510 156001 9 0,8,1,7,14,4,8,8
332993 24411 10 5,9,2,1,8,1,8,1
228303 17769 10 5,3,6,3,12,14,8
1985 61427 10 0,1,8
382537 359195 10 5,3
253966 298518 10 3,1,14,7
224729 128679 10 5,2,8
95342 242124 9 12,0,4,7,1,3,11,7
25437 155990 9 11,9,14,6,11,2
183748 270350 9 13,8,3
38672 181728 9 5,14
70747 185640 9 4,5,5
314255 89866 9 0,1,8,12,8
179357 18901 10 14,7,4,3,1,5
252766 284487 10 10,15
435 13134 9 1,3,5
193050 67767 9 2,4,5,1,12,10,3
148783 190984 9 3,5,6,12
314577 382533 10 8,8,5,8,9,6,4,3
287228 64920 9 13,8,5,6,3,8,1,13
381673 336396 10 4,15
342406 123091 9 8,4
123006 76248 10 7,0
99479 302468 10 0,3,4,7,13,7,0
24981 44463 10 8,0,4,11
368199 68318 9 3,13
346822 86313 9 14,2,13,7,1,7,8
330216 187242 9 14,9,1,7,4,15,1,2
279226 313591 10 3,10,14,12,6,3,8,6
335644 193135 9 13,10,4,5,7,1,12,13
93546 355047 10 5,9,12,1
297497 360058 9 4,5,5,5,3
121853 271421 10 7,6,1
299259 262902 9 2,4
331443 323252 10 0,1,8,6,12
326590 251196 10 3,6
175249 6372 10 3,12,7,4,7,9,0
13187 128475 10 1,7,3,7,7,12,7,3
216109 259076 10 8,6,3,2,11,4,13,7
255257 274250 10 7,4,14,7,3
216682 340219 10 6,14,8,4,12,8,5
260622 159156 9 5,12,1
381980 362728 9 5,7,3
276807 85935 10 15,2,4,5,7,11,9
133629 199693 9 15,7,12,12
138930 245614 9 8,4
267113 140315 10 8,4,8,15,3,14,1
272355 252296 10 9,7,12
266706 223477 9 8,1,0
178587 278374 10 5,15,14,14,3,3
336146 76631 9 2,7
199510 125208 10 8,7,14,14,1,7,5
324639 346683 10 13,6,5,13
106459 176179 10 1,7
17812 68878 10 14,1,7,4
346468 101083 9 7,7,6,14,6,1,3
252637 248198 9 12,8,9,13
333789 240565 10 4,7
382700 334234 9 5,11,9,9
98733 178816 10 3,3,4,4,8,4,5
125130 170336 9 5,4
21501 374413 9 9,7,3,7,4,13
242053 269563 9 3,7,7,13
178187 287558 10 4,4
343412 27684 9 5,0,4,11,5,3,12,7
227628 336575 9 8,5
304854 319719 10 5,0,8,1,1,12,3,12
44170 314657 9 1,4,5,14,6
101768 227577 10 4,12,12,7,7,3,11
305332 10522 9 4,14,10,5
301904 314906 9 12,5,4,12,7,14,1
306160 333574 10 15,0,7,1,14,7,1
202953 374450 9 15,12,8,5,12,4
163713 339239 10 6,6,1,4
214715 132971 9 12,13,1,7,2,3,10
265362 43577 9 4,1,1
225223 187218 9 4,1,14,3
316569 255584 9 1,13,4,5,4,4
247419 72024 9 12,6,15,12,15
235647 30480 9 4,3,6,5,8,4,13
22301 317742 10 12,6,4,6
214214 333829 9 4,8,8,0
163442 181803 10 3,8,5,7,10,3
154105 212830 10 12,14,8
238729 19405 9 15,9,14,5
5330 63226 9 7,4,2,7,4,7,1
45403 59184 10 3,4,7,15,13,15,4,0
130486 231291 10 4,4,6,12,15,7,0
209739 40998 9 0,7,6,12,4,8
7025 261926 9 0,6,6
153259 280256 9 12,6,4
170736 257960 9 0,8,4,14
360707 188427 9 8,4,10,1
87157 270632 10 6,0,12,3
147611 347730 9 0,14,1,2,3,0,9,14
254885 181481 9 5,5,8,1
279958 26294 10 8,15,1,10,4,3,9
51751 245646 9 8,7,9,3,13,12,10,7
38239 21090 9 6,3,14,4,9,7,4,12
269910 193630 9 13,8,7,12
383513 49142 10 5,13
46868 142831 10 8,7,4,13,1,0,7
261889 378598 9 13,8,7,4,0,11,10
318082 316405 10 1,12
381078 97487 9 5,2
198917 39801 10 0,5
138708 329688 10 5,13,8,14,1
382150 225872 9 5,6,4,14,12
173788 214582 10 7,6,5,9,5
170821 164437 9 5,9,13,0,7,10
266510 253243 10 1,7,7,7,8,4,4,11
372369 283509 10 1,3,4,7,1,4,11,4
190687 201985 10 6,4,8,7,13,3,4
269542 111370 9 14,7,10,2
257732 293146 10 3,0,8,7,12
200224 60252 9 7,4,3,12,8
426 153516 9 14,8,7,4,15
275753 171224 9 6,4,7,4,1,14,13
267437 285027 9 1,7,8,3
340840 267585 9 4,3,7,13,10,13,1,7
221387 163129 10 5,8,15
89180 101677 10 11,3
24963 157289 9 2,7,15,9,11
132895 248421 9 1,2,2,4,1,4,5
156316 270797 9 12,7,4,2,3,3,14,1
210998 168471 9 1,2,4,5,8,6,3,1
293807 154911 10 2,15
252511 139539 10 5,8,8,15,4,5,3,7
241008 350900 9 5,7,1
174474 56017 9 10,4,4
312224 375400 9 14,14,6,8,12,3
8717 39940 10 9,5
3160 308325 10 1,4
136222 48082 10 3,5
134016 257872 9 2,12,7,4,14,0,4,0
75253 99649 9 13,4,10,14,4,1,3,12
24037 308316 10 8,7,8,12,8,3
117714 170977 10 1,6,0,5
180589 296888 10 7,6,4,2,12,13,1,5
234366 176886 10 12,3,14,4,12,8
156955 91302 9 1,7,6,12,15,15
125278 37749 9 3,10,1,15,12,15,4,0
2167 205615 10 8,5,6,6,13,5,5,4
65375 107779 10 11,15,10,4,5,4
106236 91208 9 4,5,14,6,11,3,14,8
112831 177189 9 4,15,15,10,6,4
360021 169964 9 13,9,3,1,3,0,6
324889 212473 10 4,15,7,13,15,4,0
145031 374621 10 8,13,13,7,4,5,8,1
255775 368056 9 9,3,7,5,6,9,7,3
55130 346943 10 12,7,4
210658 158400 9 7,15,14,3,1,5,5
278368 19020 10 3,3,10,4
23554 94108 9 13,7,8
313981 164333 9 14,2,7,8
373622 236901 10 8,5,4,14,8
35417 314620 10 10,13,14
265804 196910 10 8,4,8,7,9,1,5,3
355950 90079 9 7,15,3
288880 201833 9 5,5,2,0,1
41553 100567 10 8,4,8,8,2,12,4,7
137983 60387 9 3,8
48810 34399 10 3,9,8,4,7
28380 183713 9 14,0,8,14,11,5
7827 368382 10 8,13,4
101209 112999 10 1,7,13,7,1
93360 201198 9 12,0,14,6,5,5,8
32898 367553 9 12,5
237926 129380 9 15,8,14,12,6,6,3,10
81188 60209 10 5,1,4,2,13,8,12
258539 324041 9 6,12,14,7,4
215084 345671 10 7,12,1,1,8,15,14
308725 132564 10 0,1,8,2,14
216457 113200 10 12,14
236287 90752 9 3,8
133153 73496 9 3,7,3,5
218151 307071 9 14,1,7,11,8,1
207992 178097 10 8,6,12,13,3,7,3
179022 138539 10 15,12
39487 301708 10 15,9,11
67420 360997 9 3,5,1,10
120720 379815 9 11,14,8
59905 176527 10 2,4
364579 307165 10 5,15,5,6,13,6
162334 25080 10 12,5,4,13,14,15,7,11
131421 266376 9 1,8,12,7,9
13308 379774 10 6,13,14,5
164131 91085 9 12,4,1,1
143524 31734 9 4,12,9,7
114792 355179 10 13,1
352073 195597 9 4,13,2,1,6
362159 257949 10 1,6,7,0,2,4,7
168170 239664 9 15,4,4,9
343700 185715 9 12,14,3,1,8,4
330075 275348 10 1,8,4,3,0,1,12,1
276393 156691 10 12,4,8,3
140555 160132 9 11,1,13,11
147045 4306 10 6,3,3,6,3,3,12,1
366196 323049 9 7,13,13,12,3,4
210734 195661 10 12,10,7,8
304068 276407 9 12,8
288329 280558 10 8,12,3,12
375015 285337 10 12,8,3,14,15
15141 115145 10 5,3,13,13,1
139238 187781 9 6,3,3,5
228124 294962 10 2,13
72883 105279 10 7,7
111211 278471 9 3,12
78866 218107 10 5,10,10,5,15,8,3
61081 48661 9 12,4,5,7,15,1
323326 260874 9 7,15,5
163548 169697 9 0,14,7,8,8,3
252355 76270 9 0,3,7,7,13,14,3
14699 319143 10 8,14,4,8,3,5,12
54748 34909 9 13,4,8
200977 148719 9 3,11,1,13,1,13,3,12
122192 327370 10 14,15,15,13,4,3
190031 233797 10 5,3
332793 269314 10 6,3,13,5,14,11,13
179786 334307 10 15,1,5,3,14
233370 20620 9 3,15,13,13,5,15,13,3
100184 259751 9 15,7,3,7,6,3,6,11
357553 76357 10 7,11,3,6,5,8
235532 23025 9 15,0,12,6,12,13,13,14
165424 258400 10 9,0,8,6
200535 59684 10 8,15
191743 373850 10 12,15,7,6,4,3,3
84232 305328 9 3,13,13,15,4,1,12,6
235930 90287 10 8,8,15,3,5,8,3
131451 317695 9 7,12,1,8,8,5,7
125379 261960 10 13,0
120852 133040 10 2,3,8,1,14,7,6
362560 6069 10 8,13
186207 34227 10 7,0,7,3,0
210701 280720 9 10,5,4,15,3,10,3,6
218079 183173 10 7,8,2,6,10,14,4
170260 354652 9 8,7,7
63050 132916 9 11,1,7,2,2
233254 312167 10 1,6
72091 222686 10 8,1,3,3,4,7,14
196140 212107 10 7,8,8,3,3,4,4,9
24617 265356 10 1,12,4,3,10,11,1,6
210126 226297 10 7,1,1,8,15
216954 297515 10 4,6,10,9
176348 359515 9 1,4,7,4,8,14,9
377865 144441 9 10,1,5,5
103291 153288 10 8,7,12
51809 312251 9 8,0,1
77477 28504 9 5,15,1,0,12
119113 1498 9 14,13
38168 277131 10 3,8,1,6,4
24950 39658 10 10,12,7
259345 225304 9 8,5,4,8
363410 284894 9 9,3
259749 138997 10 3,6,3
99453 180279 9 9,0,4,10,3,12
63230 40016 9 6,6,7
235004 50506 9 5,8,14,3
98553 305104 9 6,1,5,7,3,1
212999 15329 10 13,12,4,7,3,1,5
16741 318002 10 1,9,7,9,12
196882 187797 9 7,14,4,13,9,5,10
84299 73231 9 7,7,7,8,4,3,6
167735 228158 10 13,1,11,6,9,3
49980 347406 9 13,6,15,15
165104 269123 10 3,1,5,6,9,4
36173 260005 9 6,15,5,1,7,15
383143 335627 9 7,0,3,8,3,12,4,5
101887 369395 10 4,7,6,9,2,4,7,4
338550 232390 9 5,2,1,15,7
195089 76148 10 12,12,14
269619 94917 9 1,3,8,1,4
87579 326154 9 7,14,2
296686 369715 9 8,7,9,3,0,7,3
302142 313896 10 7,5,10,2,4,3,9,5
315152 313610 9 15,15,2
342126 238144 10 9,14,7,4,13,4
163325 125436 10 12,12,12
142047 203690 10 1,7,3,4,13,1,7
72614 244396 10 14,0,10,7,8,8,8
55746 168718 9 5,14,4,2,13,1,9,3
381353 379984 9 6,13,11
28913 65482 10 5,9,1,10,9
331145 90381 10 14,8,4,4,8,8
252094 370835 10 7,6,5,5
227284 273871 10 12,3
242771 19948 10 9,3
329245 22380 9 7,5,8,3
222599 303247 10 4,10,6,1,15,14,4
326029 7918 9 1,9,7,8
7434 274302 9 8,12,1,9,7
66885 303420 9 11,10,6,7,12,12,2
329606 233886 10 5,8
140075 71374 9 8,5
253569 370904 10 14,5,14,1,13,8
273946 141701 10 7,5,8
107645 23919 9 4,4
18531 55542 9 7,7,4,12
32479 301232 9 15,3,8,4,5,8,5,1
154571 366597 10 5,5,11,6
164865 317527 9 6,11
194227 143081 9 11,0
330098 304604 9 1,15,15
327687 273188 10 9,11,1,5
127308 75633 10 13,6
254008 235645 9 1,7,4,3,12,2,3,3
313437 347109 10 5,3
257026 225878 10 8,12,2,12,6,12,10,8
31543 161891 10 6,7,13,15,1,1,14
330001 292206 9 1,1,15
325581 116874 9 11,7,4,6,8,12,2
348001 113159 9 8,1,8
157786 382305 9 0,6,6
203400 232326 10 12,4
361776 238487 9 12,7,10,10,1
252852 65325 9 5,3,6,0,3,0,12
201232 186707 9 4,4,0,2,3,0,2,5
96478 323062 9 1,14
24794 350752 10 4,8,8,12,11,4,1,6
107936 92357 10 4,4,14,13,9
110047 334049 10 14,5
8971 286039 9 3,0,4,13,3,7,14
14728 163403 10 11,7,15,13,1,8,1,14
169632 313471 10 7,1,3,3,3,0,13,1
188217 114485 10 3,15,8,4,10
244698 194420 9 10,3,4,6
345003 322402 9 15,15,5,4,7
94694 168582 9 6,4,9,3
34985 18053 10 3,1,3
135106 228742 9 4,2,7,1,9,9,5,14
370438 191094 10 7,1,6
196042 112917 9 14,5,9,12,12,3
84825 26314 9 9,5
21841 206757 9 7,6,8,7,4,14,1
307672 109664 9 13,7,2
105057 299204 9 8,3,8,14,0,5
350050 42359 9 4,9,12,13,12,2
201442 250813 9 13,13,13,5,14
242579 277669 9 11,2,8,4
217520 141374 10 1,4,5,5,10,7,5,7
15956 162226 10 4,14,4,8,4
311043 298482 9 8,8,10,13,5,5
108195 69188 9 6,4,8,15,3,7
302710 356680 10 7,5,5,12,5,5
287193 260988 9 5,4,3,1
62852 180710 9 10,3,3
250311 207495 10 1,1,7,3,12,3,6,5
42131 247081 9 6,6
214976 191716 10 4,1,8,1,12,5,9
172230 294188 10 7,1
82691 293033 10 14,8
101956 11951 10 5,15,6,5,4,5
44790 84376 9 10,14,3,5,1,15,2,3
20522 233940 10 8,2,0,2,8,9
77123 35253 10 5,12,7,6,13,0,14
186115 377818 10 8,4
251106 36858 9 3,14,3,5,0
43764 304266 10 15,12,6,3,5
116990 39511 10 7,5,10,1
126008 37883 10 1,7
309818 43712 9 4,10,4,14,1
356017 181797 10 9,8
237228 187343 10 7,9,15,13,7,13
93824 146399 9 8,4,5,3,0,5,4,6
26365 105574 10 4,14,2,13,15,4,7
29001 59333 10 2,3,13
277400 204757 10 4,5,15,5,12,10,5
50545 347308 10 12,1,3,12,8,3
79446 338340 9 7,10,7,3,14,15,7
120240 221435 10 8,15,15,13,1,3
69566 150464 10 9,7,4,8,9,7
179390 170411 9 8,8,4,8
241913 173214 10 3,8,7,11,12,7,8
226157 159046 9 4,5,7,4,4,1,14,6
40526 87164 10 0,12,8
375161 142545 9 14,5,1,3,5
245999 220125 9 8,1,6,6,4,1,1
320006 259315 9 9,14
335754 366378 9 11,1,8,8,8,1,7
9792 42805 9 4,5,8,6
152631 58097 10 0,2,15,2,7
208893 243378 10 5,0
181903 216730 9 12,0,7,8,12,6,8,12
219822 245047 9 1,10,4,8,5,4
80268 57446 9 7,0,9,14,6,1
307220 34273 10 1,12,15,9,11,1,1,8
131555 78909 10 9,13,8,7
107700 175338 9 12,3,2,8,4
261906 96521 9 1,9
56692 204605 10 7,4,10,14,8,7,8
210147 307348 10 10,4,5,7
4934 269497 10 14,5,12,8,4
179455 280209 9 7,12,14,3
211392 115687 9 0,3,4,4,9
283891 223128 10 4,8
484 276587 9 5,2,1,3,4,6,10
246676 137316 9 15,9,1,6,10,15,3
73678 197625 9 2,2
177958 223361 9 4,1,3,3,14,3,7,1
133893 69494 10 8,7,13,5,4,0
120793 112220 9 8,13,5,4,0,15
87762 364025 10 7,11,12,4,5
7285 278644 9 6,13,5,9,6,3
374010 373490 9 1,8
237626 267525 10 8,1,12
344847 10571 10 3,4,12
222195 68217 10 14,12
303197 87272 9 1,6,8,13,4,4,2,6
116626 330206 9 6,5,7,9,8,5,0,4
363159 306548 10 0,8,12,4,4,2,4
260553 165331 9 3,5
370566 377923 10 1,8,3,0,7,0,3
139891 195877 9 8,1,7
196262 80770 9 12,2,5,4,6
368315 258347 10 4,12,1,10,1,8
76688 163248 10 12,8,2,14,13,6
98418 8563 10 0,4,13,14,12,8
253538 247676 9 5,15,3
177068 10817 10 12,7,5,3,9
132948 246300 9 13,2,13
373916 297428 10 3,12
372297 312032 10 14,1,10
275685 52540 10 3,6,8,9
321741 150141 9 8,4,9,14,3,0,5,15
271796 117698 9 12,8,3,10,12,6
101038 370213 10 15,2,10
333664 313978 10 4,5,9,14,13,1,3,1
174600 381044 9 6,8,3,3,10,13,7
270435 232385 9 1,4,0,12,7
267477 273298 9 5,3
83777 44952 10 7,6,1,6,5,5
141440 220436 10 15,13,4,4,4,11,1
249460 272211 9 7,5,5,9,9,5,6,15
245312 197639 10 6,9,3,11,1,7,5,3
55663 222176 9 6,8,13,10,10
317837 299982 10 0,2,4
258986 203820 9 0,7,7,1,12
301267 133952 10 10,8,8,6,3,2,8
13900 299845 9 1,5,6,7,3,7,7,3
250445 363489 9 8,15,7
262540 153920 9 10,5,7
120551 376558 10 6,9
59637 108733 10 2,13,3,4,9,10,1,1
55931 309299 10 8,7,8
154456 359716 9 6,4,13,14,12,0
234294 243060 9 3,5
18774 85440 9 12,13,7,6,0,12,8
321833 256475 10 13,15,4,3,11,14,14,9
220578 170675 10 6,2,14,1,9
188871 189031 10 8,4,8,0,5,14,2
23026 254795 10 14,6,1,5
107790 31001 10 0,14,4,10
141852 90638 9 6,14,5,4
317680 88357 10 5,2,0,5,3,4
120135 379416 9 6,12
53540 15859 10 8,10,6,3,15,6
257647 221732 10 7,7,3,0,9,2
353647 211715 9 12,3,7,6
186215 373194 10 10,13,5,2,12,0,12,15
237486 112781 10 11,3,12,13,6,5
323114 134343 10 1,7,9,4,5
287398 91072 10 15,13,6,4,4,4,8,1
240025 94873 10 7,1
236275 380771 10 7,4,6
292388 240064 9 1,15,6,15,8,10,4,4
53427 135957 9 13,5,8
111458 203515 10 14,4,4,1,5,2
364979 372129 9 3,7
125062 17370 9 5,3,7,1,11,15
80397 9765 9 5,11,1
222407 41698 10 1,7,4,9,3,1,0
108649 267593 9 7,1,10
382590 47818 9 1,12,4,1,15,0,8,5
233656 371218 10 10,5,3,4
149603 380727 10 1,6,14,7,12,3,4,3
164046 378525 10 7,8,3,4
28042 24059 9 8,13,4,9,14,8
12468 25883 9 1,8,8,1,4
213096 202405 9 0,8,12,7,6
55194 135209 9 4,1,3,7,8
139422 214978 9 12,7,4,9,1,3
148712 38042 9 4,4,15,15,12
17438 260735 10 10,14
12084 294074 10 13,1,8,7,12,5,4,5
102209 79436 10 6,5,3,1,4
295824 344016 9 7,3,7,6
5557 260146 10 12,15,5,2,14
333227 43133 10 8,3,6,15,8
25859 141591 10 2,1,12,0,0
68276 4819 9 7,8,12,5
181997 75140 9 6,7,9
220360 277509 10 4,5,5,12
173488 323890 10 4,5,6,3,4,15,13
145017 293237 9 1,0,10,12,2,1
159309 137685 9 8,1,5
722 110060 9 5,8,8,4,8,14,13
283225 311295 9 7,12,7,0
92452 102698 10 1,13,6,14,15,4
107585 52459 9 1,14,11,15,4
124047 326769 10 15,7,7,3
37071 21917 10 4,4,7,6,12,3
350071 142395 10 5,0,4,6,15
19656 3132 9 15,10,7,11
227125 229009 10 8,14,3,0
137820 286536 10 0,2,12,3,6,1,7
175561 146354 10 8,15,5,5,6,5,6,7
331518 211671 10 7,14,9,9,12
244635 277968 9 0,13,13,0,15
33429 251017 9 4,11,4
117934 152091 9 4,14
20361 257595 10 14,15
251509 136267 9 0,1,8,3,7,10,3,2
70331 270837 10 0,13,13,4,12,10
209090 102294 9 6,11,10,4
13329 7126 9 14,6,3,7
250850 349950 10 10,12,5,8
85728 249019 10 1,10,12,11,7,2
306986 42857 10 6,5,13,9,14,10,9
26926 134265 10 4,11,3,15
255925 336380 10 15,6,15
204157 129783 10 8,5,1
350705 276636 9 14,5,4,5,13
50503 118114 10 9,5,8,7,4,14
111503 169275 9 0,6,3,13,14,1,13,13
52475 235904 9 5,9,15,3,11,8,4,4
306031 231797 10 1,6,2,10,3,5,0
379203 280586 9 15,8
29107 288253 9 4,5,13,4,7,8,1,5
107217 229875 9 5,8,4,1,5,5,7
95893 106153 9 13,8,12,1,3
88880 155819 9 9,5,5,1,12
46413 82230 9 6,3,14,9,3
331578 255192 9 9,6
318667 1939 10 4,14,3
382290 303041 10 7,2
8900 166948 9 14,5,14,3,4,6,10,1
226017 42424 9 4,14,7,10
87000 377527 10 12,3,2,8,7
37481 366367 9 13,6,8,3,14,13,1,7
35760 177664 9 3,14
348256 239073 10 10,12,3
125982 66376 9 7,10
159454 169874 10 8,8,14,7,0
238653 369647 9 8,8
345523 324388 10 6,8,7
242836 306573 9 11,4,7,0,3
357161 272900 10 4,7,4,6,15
195614 157402 10 7,5,4,11,6
72442 346044 9 14,3
282692 88152 9 12,3,0,12,5,4
215672 358349 10 14,15,2,5
351369 74441 9 0,3,6,7
72635 357510 9 4,3,2,14,2
335804 235261 10 4,3
92377 281914 10 15,10,5,6,15,12,6
357173 363919 9 1,3,0,8,4
244044 248954 10 13,4,3,2,5,8,0
221403 191765 10 8,3,10,1,4,0,9
329311 179660 10 3,3,8,5,13
236503 93214 9 3,7,1,3,13,4
273188 269534 9 4,5
76238 101700 10 4,5,13
226755 246491 10 1,1,7,8,3,14,12,0
67380 135598 9 14,0,4,13
140700 192462 9 4,2,5
170984 204799 10 1,4
18154 227642 10 6,8,1,8,1,1
165067 152821 9 8,4
21831 298069 9 12,5,14,6,6,10,4
88378 197834 9 15,3,4,13,3,13,3
370407 190939 9 3,4,3,1,10
185707 71737 10 13,4,8,1,12,14,9,11
111365 12338 9 4,1,10,7,3,5,8
256529 125579 9 13,9,4,13
174024 107168 9 5,4,13,14
334193 103637 10 9,9,1
342411 250454 9 13,11,4,12,0,12,8,7
181824 266744 9 8,12,5,14,4
147022 332419 9 8,7,6,4,12,10
169664 95315 9 5,12,3,3,6,3
207446 215792 10 1,9
18356 177420 10 6,6,5,12,3,12
8272 110440 10 8,14
25225 319622 10 0,8,5,4,5,0
201115 168906 10 8,1,8,3,15,13
85 193342 10 4,4,5,14,12
88687 295564 10 6,5,6
300094 101267 9 1,3,12,6
116431 158843 10 2,8,8,4,4,7
287644 379294 10 6,14,8,8,5,4,9,6
380189 380524 10 5,4,6
53093 19335 10 6,5,5,7,3
239122 339213 10 9,1,4,12,12
358143 232163 10 12,8,8,12,3,15,15
283046 44183 9 4,7,3,12,7,12
87202 245959 9 3,8,12,6,2,3,11
130301 162978 9 9,1,14,3,10,4,13
253899 46004 10 15,4,3,8,8,13
355378 246101 10 5,14,0,6,15,13
31122 193828 10 6,13,2,7,1,5,7,14
93188 380170 10 11,15,4,5,15,0,14,13
283928 248425 9 8,9,13,12,13,12
28736 6459 10 4,3,3,3,2,14,7,10
353485 348229 9 0,14,12
148150 286131 9 1,4,1,6,12,4
263939 168003 9 4,14,9,6,15,4,7
68452 61423 10 12,1,5,1,3,4,2,9
55816 342166 9 1,15
213396 269264 9 3,0,10,8
261221 383739 9 5,3,3,3,14,15
303154 206298 9 5,15,5,6,6,1,6
380674 113751 10 14,6,1,14,8
303062 137524 9 14,10,7,8
303273 41959 9 7,5,11
322862 49936 9 0,14,9
227790 70133 9 12,12,8
250373 334677 10 0,3,8,3,8
284964 77553 10 1,5,12,5,14
282964 49231 9 5,8,14,5,7,6
135862 62005 9 8,8,1,1,7
175918 370231 9 15,7
231720 322377 9 3,8,14,1
88790 134221 10 8,5,11,9,9,14,5
250038 82945 9 2,8,7,8
286542 119479 9 3,14,14,8,1,7
32759 200120 9 11,13,3,9,13
121833 188311 10 13,3,8
331793 284929 10 8,0,15,5,10
237884 100575 9 3,14,15,15,13,4,1,8
360712 298678 9 11,15,13,7,6,1
165970 369475 10 13,3,0,14
244462 175781 10 12,11,8,8,10,4,1
11401 173989 9 13,3
57410 116249 9 15,3,7,0,5,14,1
349174 375282 10 2,12,3,1
52664 84946 9 0,1,1,8,8,9,15,13
189395 4162 9 3,13,3,3,4,11
65989 144436 10 7,8
363081 86346 10 1,13,1,8,5,12,14,4
40328 187116 10 12,5,7
84332 334622 9 2,5,4,7,12
45392 309870 9 3,8,7,5
76023 331438 9 7,6,12,7
293565 7028 10 6,15,13,14,15,3,4,11
26665 176060 9 2,13,15,8
108275 331594 10 15,13,3,13,1,6,2,8
33993 345441 10 6,8,5,12
70790 331361 10 6,8,5,8,13,6
49664 364712 9 6,3,11,13,1,13,3
324276 295889 10 1,2,11,11
349791 61011 10 0,7,6,1
225679 21510 9 10,13,14
234194 338531 9 1,4,15,13,6
120763 289344 9 4,12,4,14,15
313867 344073 9 7,3,4,13,5,10
303315 208071 10 13,9,0,2,4,13,5,4
355922 92947 9 13,7,10
214399 10908 9 4,10
368331 138263 9 1,4,13,6,0,15
363298 116982 10 13,4
265212 286243 10 11,5,3,1,11,6,1,5
360062 107227 9 3,2
291430 366614 9 12,5,3,12,3,13,13
116207 90570 10 3,9,8
49472 162317 10 5,5,6,11,11
169170 368050 9 7,4,7,8,8,8,3
102457 97597 9 8,7,9,3,4,1
272866 163762 10 9,4,8,8,0,5,12,3
158901 366279 9 15,0,4,2,12,3,14
295265 356146 10 12,1,3,7
98679 222470 10 7,1,12,2,8,15
166904 54327 10 9,1,6
183985 24652 9 7,4,13,14,11,5,4,13
333206 199661 9 12,14,1,5
53499 245182 9 14,7,3,13,12
11272 350718 9 8,12,7
340308 103799 9 3,10,3,6,5,12,7,15
271119 1659 9 14,14,1
137355 197929 9 13,14,1
47192 220492 9 15,6,0,5,5
17512 234557 9 13,7,3,6,3,3
111273 140466 9 6,7
44210 65091 10 7,3,5
184126 237564 9 5,14,4,13,4,14,2
92339 344694 10 8,7,7,9
290006 303229 9 5,1,8,11,14
221598 235283 10 4,2,0,13
263689 176841 9 5,7,6,3,6
330844 113601 10 13,10
254215 121360 9 4,2,8,7,13
282234 378469 10 7,13,8,4,1,6,1
268259 270375 10 14,12,6,5,12,8,12,12
16352 270675 10 1,14,9
254709 346515 9 14,7,1,12,6
15946 362199 9 4,3,4,1,9,11,8
67499 89329 9 12,8,8,3
154370 197292 10 6,15,3,0
270123 50360 9 6,10,4,10,12,0,8,3
205676 116406 9 4,4,10,1,9,4,5,2
261330 167659 9 7,1,3,15
115018 209247 10 7,1
253606 315704 10 3,4,3,15,2,3,10,3
107780 22009 9 8,6,12
247939 211574 9 7,11,7,9,4,7
125420 28004 10 3,13,6,14,8,13,15,9
217146 132312 10 13,14,1,8,1
296773 321300 10 1,5,9,13,12,11,5,8
107486 263046 10 5,4,0,7,13,14,3
123066 305285 9 3,7,14,7
205502 83957 9 14,3,13,8
62588 10468 9 13,8,5,3
373007 341579 10 8,9
6413 318223 10 9,8,10,7,8,3,6
344610 262609 9 5,10,5,5,6,11,1,14
347336 246066 9 14,10
299014 260199 9 3,8,3,10
4874 363961 10 4,12,3,15,5,11,1,12
96147 382411 9 4,2,15,0,1,13
108357 313807 9 3,4,7,3
269454 304862 9 3,3,1,6,0,6,8
269519 202259 9 8,1,7,7,1,12,6
113465 298161 9 12,1,3,12,8,8,1
88112 243523 10 4,5,6,15,8,15
307388 257331 9 8,0,12,4,10,6
136785 319676 9 4,9,6,2
229802 43352 10 4,8,12,3,11
71086 316280 9 2,3,13,14,7,0
276584 348181 10 6,11
7610 3493 10 15,7,7,5,14
188192 194797 9 2,0
166556 177224 9 3,4,9,4,1,3,5,3
31339 235001 10 9,6,0
129627 243351 10 14,5,13,7,6,5,15
123631 331125 10 3,3,1,11
279158 216937 10 1,6
217345 55653 10 14,4,5
378520 350360 9 12,9,7,3,13
104240 223223 10 11,8,11,8,1,5,6,7
345907 307343 9 7,3,7,12,12,13,0
364696 174650 9 3,10,10,1,4,7,6
253622 290830 9 7,7,13,5
94158 179485 10 1,8,8,13,13,14,1,4
56592 254819 9 6,5
106402 339636 9 7,4,14
197123 75281 9 7,12,8
145215 270627 10 6,2,6,0,5,5,5,5
10344 20647 9 13,15,5,1,12,8,3,1
212568 263195 9 5,13,6,0,8,6,3
347148 296891 10 4,7,12,7
330887 317969 10 1,3,3,13
275099 294448 9 8,4,5,5,3,6,2,5
71851 278037 9 1,13,13,4,3,6,6,14
373668 99085 9 12,3,9,6
314113 139711 9 3,5,2,12,3,4
156025 126108 10 12,5,4,13
159395 210394 10 1,11,15,8,1,9,5
29878 333851 9 14,7,9,7,5,5,6,3
29158 265480 9 4,3,6,5,2,6
3743 236963 10 5,4,7
33064 182362 10 8,7,1,12
22999 36493 9 0,11,8,11,8,10
261304 306075 9 6,15,6
145228 323243 9 6,14,1
251115 209431 9 3,13,10,8,6,1,7
245184 258997 10 7,11,14,13,14,4,11,12
297651 200860 9 3,1,1,7,14
104613 253491 9 15,8,12,10
336951 279628 10 5,8,8,7,8,7,1
370517 212304 10 9,5,14,5
372471 241021 10 1,5,9,7,3,1,9,3
86150 347231 10 12,14,3,7,12,14,6,3
228856 248460 10 6,12,7
42566 211177 9 3,5,1
72535 16162 10 7,6,6,13,8,10
309894 49779 10 4,14,7,4,15
242937 171604 10 7,9
123700 59256 10 0,9,4,8,14,3,1,8
10814 65454 10 3,7,5,1,13,8,2
35552 346895 9 2,3,1,5,11
34406 199851 10 5,1,0,3,5,7,3,2
344011 364787 10 7,8,1,3
58224 109104 10 1,3
196710 8602 10 5,7,6,4
350038 188659 9 5,14,11,8,14,9
92351 297949 10 5,4
257270 295500 9 9,1,1,3
213785 54596 9 8,6,12,3,4
310016 93540 10 12,4,12,3,4
282807 220378 10 3,6,12,12,7,8
27812 245702 10 13,14,12,14
119535 257796 9 7,14,3
210385 131713 10 9,5,3,4,1,6
235678 298104 10 14,1,3,0,2,1,9,12
175863 201626 9 0,3,11,4,2,15,4
197312 348483 9 14,4,9,14,7,6,12,7
25586 174018 10 6,5,5,11,14
98300 246623 9 8,15,1,3,5
275391 237099 9 1,14,9,4,5,14
137895 74955 9 14,12,1,5,13,10,13
200595 193730 10 3,12,4,5,10,8,3,13
168370 182980 10 3,5,4,5,7,4,14
253237 202177 10 1,13,12,8,13,8,8,14
156219 224582 9 5,9,13,8,1,4
235117 168033 9 5,4
163033 169122 10 7,10,6,15
110745 71868 9 7,3
72086 337454 9 2,4,3,6,0
14363 24339 9 8,1,3,5,12,13,13,8
103 49858 9 7,4,0,8,8,7,11,3
358752 342770 10 1,3,12,4
131637 83415 9 15,6,1,14,13,4,5
383983 124167 9 7,7,4,0
365817 46151 10 10,9,4,12,12,7,5
267955 69816 10 11,4,8,1
179337 15581 9 9,1,9,3,1
50658 49380 10 6,0,3
57827 91731 10 5,3,13,6
173109 64255 10 0,1,15
181978 254048 10 6,6,7,12,11,4
358601 320844 10 2,7,7,13,10,3,14,13
93875 240941 9 12,1,1,10
164526 252221 9 3,8,4,1,1,4
282643 304986 9 6,14,5,4,7
241326 136372 9 4,10,12,13,8,4,1,14
169847 47011 10 3,6,7,9,7,0,8
327009 194610 9 8,13,4,4,11
276335 81652 10 6,12,9
260436 94200 10 6,10,5,3,0,4,9
33326 112678 9 1,6,8
37549 36747 9 6,7,7,5,5,12,1,3
131857 307761 10 13,1,11,7,5,8,7
237385 358057 9 3,12
291395 293750 10 8,8,1,2,7
371279 25501 9 7,6,7,9,7,1,4,12
286458 162967 9 7,13,5,15,12
345283 372054 10 4,1,8,9,8,7
6024 318479 9 8,13,2,3,13,7
149452 173708 9 5,1,12,4,3,14,10
200180 131208 9 15,7,7,3
334363 336258 9 2,10
358324 255580 10 6,15,5,4,6,8,13
41116 158942 10 9,7,6,1,1,9
186952 155194 10 13,2
98907 334612 10 4,3,1,0,11
360650 5752 10 7,9
6175 153976 10 7,13,6,12,14,7,7
266586 276108 10 4,13,6,8,8
288301 241952 10 1,15,10,8,3,11,14,7
276111 340078 10 5,12,3,9,7,1,3
180570 143985 9 0,8,15,3
43112 111436 9 4,12,8,3,8
193202 208724 9 7,14
273395 299448 9 13,5,12,0,9
185784 161945 9 15,8,15
119736 235401 9 3,2,12,12,8,6,0,14
167871 120213 9 6,13,4,3,4,14
381700 210819 10 7,0,6,7
136544 288490 9 15,3,5,13,14,8,9
344289 24602 10 3,4,1,2,6,4,3
179593 256997 9 5,2,1,12,3
149388 214051 9 12,15,6,7,2,1,1,12
382028 81078 9 13,6,12,2,8,6
86841 320701 10 0,7
46478 42705 10 7,6,8,14
190057 276948 10 8,9,14,3,13,6
221459 274101 10 4,8,13
367223 158962 9 8,1,13,5,7,5,4
202203 88247 10 11,13,14
21070 239873 10 4,7,3,9
366618 240477 9 0,15,0,2,13,13
377507 27860 9 11,1,7,5
143083 95922 9 12,5,9,14,8,4,2,3
99154 315977 10 12,14,0,8,1
36276 95202 10 7,1,4,14,6,8,6
276071 21194 9 11,13
98698 41247 10 0,1,14,9
100365 272847 9 10,8,12,5,9,9,8
263047 341768 10 8,6,12,3,8,3,4
58988 219861 10 13,7
303895 185344 10 14,1,7,4,7,13,15
131138 8437 10 9,7,3,8,8
14365 374404 10 1,5
133107 144779 10 13,15,13,3,6,14,14,12
232541 314134 9 5,14,6,6,15
273889 305469 9 12,5,6,10,6,4,6,3
95004 140428 10 8,12,6,15,5
201118 193788 9 5,15,14,2
119754 76556 10 1,8
207859 370993 10 3,12,8,4,1,4
261530 279267 9 1,4,12,1,1
322782 154616 9 11,15,1,8,9
188650 320244 10 5,10,7,7,2,9
90109 56240 9 13,5,4,7
196342 35977 10 3,7,10,15
274070 259229 9 7,14
338479 372302 9 4,5,12,4,8,0,3,14
16082 18035 10 6,3,6,1,4,3
209688 339812 10 1,11,2,15
614 28171 10 15,4,13,4,1,10,12
272577 51372 10 11,4,8,12,10
120324 351257 10 12,14,9,14
77888 40986 10 3,9,7,12,13,12,8,8
53758 137893 9 4,12,9,2
272451 9858 9 12,0,14,8,10,8,4
353945 125717 10 7,0,5,1,1
103816 196615 9 4,4
232164 265386 9 6,0,3,4,7,13
319098 2265 10 3,5,6
265289 380320 10 1,1,6,6,14,12,8
271313 15578 9 3,3,7,10,5,15
170361 261355 9 2,3,12,4,3,4,11,13
118734 281973 9 7,5
37556 222568 10 3,5,3,4,1
178553 34128 9 5,14,2,5,14
324647 276542 10 3,11
126051 295635 10 13,7,2
346340 168755 10 8,4,4,12,14,15,4
10717 58889 9 13,15,3,5,8,13,14,8
78453 182373 9 0,13,14,8,7,13
251184 309472 9 12,3,6,0,8,1
92922 295178 9 10,3
331005 300757 10 3,3,13,6,3,15,3,6
374395 359045 9 4,4,3,5,14,12
125180 376932 9 15,2,14,5,7,7
18763 44836 9 7,2,7,11,7,8,6
278305 135411 10 7,7,7,12,12,4,7
231012 306731 9 1,2,0,3,4,7,9,8
320612 360531 9 4,7,8,6,14,7,15,3
289989 365077 10 7,13,11,13,1,3,5
171777 28893 9 6,15,4,3,8,4,3
205776 309270 9 6,7
173146 227800 9 13,2,1,1
351250 257653 10 8,0
147852 313390 10 6,4,4,1,7,8,1
196033 361143 9 6,12,6,15,10,7,6
191068 91586 10 2,8,14
156290 164752 10 11,4,8,7,1,8,4
135510 141934 10 4,13,10,12,14,4,3
229690 43175 9 8,14,3,2,0
98185 272620 9 13,8,6,14,8
62914 320148 10 2,14,7,15,7
179343 73241 10 3,12,7,4
88610 281297 10 12,4,4,0,7,1,4
32684 59578 9 0,9,12,1,6,3
250405 327549 10 5,8,4,5,7,7
260152 158379 9 3,14,1,12,8,7,7
81013 20242 10 4,12,2,15
337471 125841 10 0,5,7,10
224183 80698 9 10,12
314717 328823 9 4,12,12,1,8
210643 344947 9 3,4,6
187140 147679 10 5,8,3,1
276397 58070 10 5,1,9,4,1
307899 124209 10 6,1,5,10,6,9,4,6
46848 264234 9 14,6,6,4
372472 357836 9 12,4,11,6,14,10
65987 110659 10 7,4,13
288752 273457 9 14,3,11,2,13,7,12
131326 373583 10 13,8
52777 128692 9 4,9,12,5,6,14,2,7
199499 108848 9 12,4,4
74702 108080 10 4,4
101938 262969 9 4,4
102404 43217 10 3,14
175506 52269 10 12,4,5,13,12,7
302420 382541 9 1,8
205431 284949 10 4,12,4,5,3,7
344552 145562 10 0,2,13,7
290097 242025 9 1,3,4,2,5,12,5
321041 98156 9 8,3,8,15,5,6,7,7
183683 53957 10 0,7
206797 327342 10 3,7,12,12,13
78184 321899 10 1,14,9
88161 183044 10 5,7
217254 161812 9 3,12,12,5
164137 11701 9 7,3,3,5,7
367434 120138 9 12,0,11,2,1,9
112318 163026 10 1,7,15,1
137370 20156 10 15,12,4,14,3,11,12,9
195148 164277 10 9,4,8,5,14,10
258133 70122 9 7,8,7,3,1,3,3
37532 61536 9 5,3
377906 208647 10 4,9,8,5,1,0,15,6
323652 32016 9 12,13,2,14,1
73829 298986 9 4,4,0,14,3
376234 20130 10 3,12,2,0,4
23629 340841 9 5,5,4,3,4,5,12
88497 321837 9 2,14,13,7,14
210623 269081 10 14,8,3,4,6,8,4,9
63721 251258 9 1,7,2,15,14,14
164886 146207 9 4,9,1,8
89419 354111 10 11,6
277994 307521 9 4,6,4,9,6
41635 133324 10 13,13,1,8,1,3
343362 224348 10 12,5,12
45743 93074 10 3,7,8,8
230692 370524 10 14,14
173497 371784 9 13,12,11,3,10
85254 241071 10 14,9,7,0,0
371212 287509 10 14,13,13,2,5,15
280652 254215 9 1,15,3,14,15,14,13
312943 218834 9 7,14,0,8,4,4,4,12
333025 117525 9 2,15,6,0,7
271234 252478 9 14,3,7
105961 362186 10 4,13,12
46824 69112 10 14,10,1,8,11,1,4,12
61477 33577 9 12,2
367522 148863 9 13,6,14,11,12,7,0
178938 89256 9 9,4,12,9,3,7,4,3
288279 35813 10 12,1,14,15,14,4,5,2
37497 109555 10 11,0,13,3
4306 240524 9 12,3,7,3
369735 343645 10 1,3,8,14
16188 188334 10 2,5,1,10,7,12
24492 123786 9 5,15,14,0,2,1,11,2
27391 52791 10 10,8
3989 294685 10 7,8,14,1,15
281552 109269 9 4,10,14,2,13
251593 88147 10 3,0,13
136274 261264 10 0,3,12,14,7,5,3,12
245479 254850 9 15,14,13,12,13,2
126350 338063 9 8,12,1,5,11,12
344750 356753 9 12,12,14,4,11,6,4
133468 35209 10 3,8
374426 378833 10 8,6,1,1,5
364036 363414 9 7,3,1,2,10
310943 333902 10 7,9,0,8,8
81077 302783 10 9,6,8,7,2,5
328376 76159 10 8,8
378922 87772 9 2,3
197277 380912 10 13,5,11,4,7,0
126526 261194 10 10,3,10,7,2
313320 89292 9 14,12,6,0,3,4,8,3
109225 225152 10 3,14,11,12,12,3,8,2
200873 104465 9 10,12,3,7
287749 245438 10 12,6,7,1
62600 139717 9 12,15,3,14,5
327388 170325 9 12,4
201391 61072 9 15,14,4,4,10,7
302903 254539 9 15,5,1
111390 333814 10 8,1,6,13,6,3,14,7
349591 50445 10 4,5,4,3,3,12,7
279592 94314 9 13,4
158067 246719 10 1,13,7,8,1
82099 102039 9 13,13,8,2,7
90203 195619 9 5,1,8,0,3,14,12
326449 295351 9 10,12,9,0
33741 383341 10 4,9,2
273439 290022 10 7,12,5,6,3,3
19707 364258 9 5,13,3,4,13
159436 198954 9 11,5,1,12,6,15
87289 19826 10 6,7,3,1
131593 367946 10 12,4
57117 103404 10 7,4,1,2,5
312205 110929 9 3,3,4,4,1,0
211119 279397 10 15,14,7,4
173102 322172 9 3,13,4,10,11,13,12,4
160713 277076 9 4,4,12,15,11
153002 164820 9 3,5,1,8,7
285913 382564 10 13,2,1,6,6,4,7
128845 133994 9 1,3,9,6
53523 285805 9 8,4,0,12,2,7,8
212523 118437 10 5,5,8
101906 341424 9 7,1,4,13,4,8,13
20200 323025 10 13,4,7,5,15,7
298441 182067 10 12,1
339917 227778 10 7,4,3,3
19607 62975 9 12,3,6,0
361125 341723 10 14,4,6,5
288835 72609 10 5,15,3
310602 309920 10 15,6,3,7,1,12,7,0
64792 39193 10 4,15,8,9,10,15,5
119722 209045 10 15,4,14,5,6,10
192920 41026 9 5,12,11,10,3,9
125959 236422 10 3,11,4
108041 49556 9 12,12,7,6,7,6,13,14
266182 84726 10 4,0,8,1,14
59502 160891 10 11,12,4
256580 85987 9 12,4,1,3,13
284491 104691 9 6,3,7,7,1,6,3,5
260731 137087 10 11,6,4,12,0
319556 197357 9 14,11,11,5,15,7,8,0
337116 252501 10 15,3,14,1,2,8,13,9
23590 47798 10 7,6
128948 351839 9 8,12,3,14,6,7,7,6
225842 49238 10 12,9,1,4,8,13
48542 102671 10 12,3,7,1,14,2
65899 244601 10 15,12,5,1,5
212690 306042 9 6,7,5,5,4,5
26845 186005 9 1,1,12,2,5,0,3,6
347024 260791 10 14,4,7,14
44059 155932 10 9,7,7,8,7,8,4
347270 48528 10 3,15
945 355746 9 3,4,1,13,3,12
381624 205042 10 10,5,9,0,12,12
103443 116700 9 1,4,15,4,3,0,1,12
215440 143825 10 4,13,3,14,4,12,3
97978 294014 9 4,4,5,6,13,2
105423 87101 9 10,7,5,15,4
197680 269567 9 7,14,2,2,8,6
35013 32749 10 9,14,3,9,0,0,5
160938 34203 9 12,8,6,3
204466 356163 9 1,4,11
365971 160782 10 0,4,10,4,2,4,1,1
88300 230919 9 6,3,4
176055 165639 9 14,1,7,0,14,7,6
371964 254558 9 14,1,12,8,5,5,14
298569 207472 9 3,5,2,4
46126 83260 10 7,4,5,8,13
87290 255232 10 3,2,7,7,3
186893 53739 10 6,11,1,3,5,8
268394 291839 10 15,12,0,3,0
150256 216152 9 3,8
333128 282320 10 13,6,10,11,1,5
288464 374615 9 8,4,10,15,1,13
295230 45501 9 8,4
107488 249157 9 1,1,5
325906 136289 10 3,6,4,6,0
77057 282922 10 6,0,7
102482 81571 10 14,12
107249 212443 10 13,4,7,12,1,12,3,14
280300 33364 10 12,4,5,4,4,8,4
349263 378321 10 3,14,5
383189 50586 10 1,2,7,2,3
127452 215255 9 15,7,3,9,6
173411 274905 10 2,10,7,3,3,1,3,8
129747 278728 10 13,7,13,4,13
69376 143821 10 6,5,12
141318 220863 9 5,14,4,8,3
317426 267086 10 7,3,7,8,7
310321 317240 10 5,12,10,5,3
67520 190121 10 8,14
122241 203549 10 9,12,8,3,1,13,4,9
114822 133095 9 6,0,14,6,11,3,5,8
6553 105218 10 4,0,14,7,2,5
116693 133408 10 7,13,5,4,12,1
147937 221139 9 15,12,8
50838 176519 9 10,7
331867 69599 10 8,7,8,1
11526 314589 9 4,12,13,5,3,10
45652 364863 9 12,13,14,1
212456 319795 9 0,9,8,5,9
382492 316691 10 9,4,6
76520 371551 9 5,9,8,3,2,1
180925 161306 9 12,12,2,5,13,7,4
25171 265163 9 4,6,12,13,1,8,4,7
119261 379274 10 3,7,8,5
259211 314743 10 8,3,0,14,6,8,2,7
49131 38492 9 14,7,11
292754 295705 9 4,2,3,8,14,14
165505 10902 9 3,7,7
30977 41049 10 3,7,3,0,8
133448 129270 10 13,12,2,13
218600 188659 10 7,2,8,11,6,14
208398 24625 9 6,3,3,1,6
157676 356690 9 4,8,9,14,8
129509 158641 10 8,4,7,6,14,5,6,8
98977 355070 10 1,7
161628 90232 9 7,2,13
146511 136473 10 3,3,5,3
255358 75239 10 9,1,14,12
344905 32041 9 14,13
268150 323009 9 4,7,12
381409 146129 9 7,1,6,12,9,2,5,10
199502 305574 9 12,6
3726 243327 10 5,6
199706 267128 10 3,1,14,4,15,15,14,8
190250 258643 9 0,8,6,11,7,12,1,3
92227 169251 9 0,3,10,3,5,7,12,2
209743 328507 10 2,10,13
379700 254622 10 1,14
257276 137458 9 13,1,7,12,12,4,12,12
74698 371220 10 12,14,8,1,14,6
310913 317478 9 8,7,5,14,7
314242 54766 10 14,3
281328 304613 9 3,3,9,1
158952 205494 10 8,13,6,8,5
103830 339015 9 12,5,7,2,9
50382 131781 9 10,8,3,3,7,3
309661 267474 9 7,8,0,13,14,5,6
216482 19154 10 13,10,7,6,5,7,5
36083 279785 10 2,10,1,14
180904 114637 9 11,5
240282 67176 10 11,4,1
239282 14758 9 1,11
51378 281958 10 5,13,5,1,3,9
301447 269094 9 7,7,7,8
106188 98928 10 15,6,4,7,1,0,4
281670 295683 9 10,6,13,13,4,4,3,6
67934 111528 9 9,4
191240 302869 9 9,11
58627 21671 9 15,9,1,5,13,7
300253 104363 9 5,4,9,8
75376 241425 10 9,4
203310 87329 9 15,1,5,9,2,9,15,4
206553 187220 10 2,12
369112 209009 10 2,3,3,1,12,1,8,3
373494 55643 9 5,3,10,9,5,8,4,0
136099 289098 9 9,9,6,1,3,0
367180 44650 9 6,6,3,15
278949 73389 10 14,13,4
26205 29931 10 11,7,3,14
217457 169800 10 15,9,2,2,5,13
53834 80287 10 10,3,9,9,11
260650 287561 9 9,5,9
62269 127186 9 4,5,2,7,6,10
212993 236946 9 10,7,12,15,4
264115 167246 9 6,3
187322 229461 10 8,12,2
142363 370123 9 4,12,4,1,12
28891 119113 9 7,13,14
308647 97097 10 1,3,3,4,14,1
173728 313178 10 5,1,14
26379 92586 10 11,4,10,6,5,7
330452 254322 10 12,0,6,2,2,7
255211 271430 9 6,10,11,14,12,6,14,13
87065 222509 9 8,11,5,4,2
242810 304884 9 8,14,7,7,6,15,3,8
315172 105368 10 2,4,4
242811 33194 10 6,10,10,7
193929 258329 9 3,12,13,2
321095 322849 10 15,7,1
258001 58300 9 12,4,2,13,7,2,2,3
290489 371920 10 7,3
243252 276054 10 14,9,12,3,4,4,4
353697 322763 9 4,7,7,2,10,7,8,10
248028 119240 9 13,4
314032 381319 9 14,0,6,14,10
220223 31242 9 1,6,8,6,7
78558 237307 9 8,15
356568 128256 9 9,6,8,1
318823 367063 9 7,13,1,4,1,6,13,4
51468 287602 9 4,15,8,8,8
183659 258067 9 3,8,7,7,3,6,6,8
143630 287154 10 8,4,3,2,8,1
233246 348928 9 4,5,15,12
355027 291709 10 7,4
215242 327576 9 7,1,5,5,4,6
65147 335871 10 7,5,8,15,1
121871 47219 10 11,12
351502 177601 10 4,13,14,1
278577 140582 10 3,1,1
160771 383928 10 13,6,7,12,0,12,15
150810 369297 10 4,4,4,5,3,0,6,7
183491 339998 9 11,1,2,8,14,3,5,5
304865 218840 10 5,1,1,8,2,11,9,1
341891 178755 9 6,9,10,8,12,13,14,1
238656 218647 9 5,12
74093 379629 9 4,7,7,8,14,1,5,12
46421 202791 9 12,9,11,10,4
134852 71570 9 12,8,3
116615 267 10 6,1
320250 83077 10 7,12,4,4,1,15,4
55935 39050 9 14,0,8,3,6,4
73956 80512 9 7,7,5,8,7,1
254076 350178 9 8,8,13
7926 168752 10 3,7,5,12
316431 81502 10 3,1,3
251632 17768 9 3,0,11,6,1,13,8
123585 56883 9 4,8,4,9,12
60666 69723 10 1,2,8,4,14,9
361905 39012 10 15,12,7,12,1,4
334748 368165 9 5,6,15,5,6,12,14
110634 260216 9 5,1,5,8
331649 342402 10 11,1
66164 41244 9 7,8,7,12,4
251903 381798 9 15,4,4
214029 1419 10 4,1,13,1,7,12,13,12
20374 193378 9 8,14
170605 20463 9 14,2,13,5,3,12,12
75924 361546 10 15,2,3,12,3,11,10
263022 243761 9 5,8,5,4,7,13,13
270001 298224 9 12,8,0,7,7,9,7,1
317728 200568 9 3,7,9,11,3,8,2,3
56692 75330 9 5,3,12,14,8,5
105971 168472 9 15,9
76652 63270 10 5,5,3
93020 111170 10 5,11,3,5,8,3,3,9
217644 342666 9 13,9,11,9,1
371741 226131 10 14,12,7,8,1,9,7,3
118958 186593 9 4,10,5,4,1,0
307055 186951 9 7,1,13,13,7
98781 301845 9 15,1,1,14,12,8,3
62842 256109 9 4,8,13,1,13
294507 304318 10 8,4,4
327535 322339 10 13,3,7
330698 198206 10 5,5
195724 290912 9 4,3
72642 144810 10 2,5,3,12,4,1
234223 337697 9 13,10,7,14
109449 241401 10 15,14,12,6,4
2067 205504 9 1,11,10,4,4,8,4,1
31585 19776 9 8,14
363664 13896 10 12,6,7,4,0
195537 381924 10 7,0,7
49127 103816 10 2,15,3,5
182022 277592 10 14,10,5,3,4,1
192245 310316 9 4,7,7,6
45845 22722 9 6,13,14,15,11
154525 361675 10 0,14,7,7
276912 370962 9 12,12,7,3,6,1,8,13
148552 131809 9 2,8
171921 66493 10 5,8,8,5,10,11
3559 235936 9 6,1,10,2,8,7,15
331921 87894 10 13,3
351867 318442 9 2,4,0,15,14
123544 271529 10 5,4,4,12,2,12
283107 348676 10 5,6,9,1,8,15,1,14
23389 343293 10 11,4,14,9
303975 191681 10 3,8,12,6,4,5,3
144971 283409 9 4,14,7,13
58406 359697 10 12,8
250460 4651 10 7,10,13,14,10
338922 325899 9 3,9,7,7,7
292640 170114 9 6,6,0,12
273200 182757 9 8,14,1
79353 133502 10 1,4,4,4,6
123521 64585 10 7,5,9,13,8,0,4
315506 310569 9 3,6,4
245875 245586 9 7,0,7
328738 85086 9 4,3,1,10,13
374960 177990 10 14,3,12
379147 279560 10 7,3,8,2
234899 309488 10 10,2,12,14,6,5,7,2
110784 345567 9 11,13,7,10
213182 219095 9 3,2,0,3,8
102113 142216 10 9,1,0,14,4
145413 181635 10 8,4,8,4,12
233860 158356 10 7,12,1
266292 87362 9 1,3,3
85100 297496 10 14,7
56990 43713 9 8,8,5
329240 128288 9 10,3,6,6
264951 244997 10 4,8,11,5,6,4
1298 198768 9 5,8,15,3,13
106608 280115 10 13,8,8
140529 61163 10 4,7,12,8
204609 128322 10 7,12,3,14,7
273473 284405 9 4,8,1,3,8
29597 84769 9 3,3,4,4,13,3
316901 277262 9 0,7,1,6,5,7,15,5
134576 154823 10 3,7,4
36819 206910 10 6,15,5,9,1,7,0
109444 98941 10 15,5,1,8
326198 242825 9 4,6,4,7,7,14
177177 351849 10 10,4,3,5,4
261081 151200 10 2,12,8
230794 47684 10 4,6,6,10,12,5,2,7
149945 106567 9 4,7,13,7,4,6
195233 66339 10 4,6,4,14
291612 168151 9 1,8,5,5
41561 228581 9 14,0,6,1,5,1
66843 226233 10 3,6,1,13,5,8,8,5
336100 217866 9 6,3
231448 166387 10 13,1,12,9,14,7
378586 234895 9 7,11,6,13,7,11
272790 84164 10 7,1,4,8,3
171740 61159 10 3,5
68788 199683 9 7,8,7,3,1,2
68920 266603 9 10,8,7,9
273865 130547 10 15,12,6,13,12,15,3,8
138050 149720 10 12,5
272589 166944 10 1,1,3,6,2,15
257227 314412 9 4,6,3,10,5,4,0
167268 294655 9 14,0
357583 326127 9 4,3,9
83709 335976 9 14,12,10,3,2,9,2
36415 113873 9 9,9,13,8
305899 350801 9 2,14,12,0,13,3,3,3
146648 372553 10 3,9,8,4,8,15,5,4
232440 22465 10 7,6,7,5,8
272659 129949 9 10,5,5
53912 149650 10 6,7
164105 324184 9 13,3
312641 199014 9 15,4,3,7,1
147908 369223 10 14,3,7
259049 98048 10 1,15
277637 241831 10 5,0
232533 27685 9 1,12,7,4,10,4
281125 86076 9 14,4,8,12,9,7,12,12
72757 272004 10 3,5,7,2,8
101191 112155 10 9,4,8,12,14,11,7
143677 99792 10 3,1,4,14,14
372578 38711 10 11,15,11,12,5,7,4
295257 175251 9 11,2,2,13,0
37196 377587 10 1,8,14,13,12,3,11
89200 383063 9 8,12,8,15,4,8
166910 15722 9 8,7,3,14,2,14,8,11
368321 131881 10 2,3,6
33848 85357 9 3,1,1,12,3
84892 268450 10 8,11,8,3,7,7,7,9
187204 95421 10 10,3,13
144449 104799 10 2,7,11,6,8
328832 109332 10 8,8
34188 192388 10 7,15,4
232216 80666 10 1,6,8,8,8,4,1
290531 382038 10 9,15,1
237705 94390 10 13,3
271182 167938 10 3,5,5
232747 309486 9 2,11,4
60602 202889 9 1,2,4,6,2,3
363248 118052 10 13,8,8,1
81054 303127 9 12,6,12,7,5,15
309874 329612 10 3,7,1,5,1,15
11891 351572 9 4,3,4,12,1,0,13,7
356755 304380 9 12,6,9,9,5,6
311437 41710 9 3,7,0,12
92642 105067 9 7,0,1,14,1
233439 324489 9 15,8,6,8,7,14,8
275589 84347 10 15,9,5,12,1,3
110874 226713 10 1,7,9
26584 164846 9 4,2
336669 4098 10 10,8,14,12,7
94930 247439 9 13,6
307659 103426 10 8,12,5,12,1
243025 38234 9 4,0,1,6,0
55218 277491 10 4,3
186916 129562 10 4,4
51246 216689 9 9,7,0,8,3
23948 133621 10 12,4
251158 276739 9 11,1,0,1
340317 69057 9 5,8,3
39475 248225 9 3,1,4,4,3,1
260637 134458 10 6,12,15
160815 305469 10 6,2,4,13,5
163841 335971 10 12,1,7,14,9,5,13,3
40880 14778 10 11,0,12,9
308295 233277 10 4,4,5,5,5,4,1,1
274563 52884 9 4,1,14,8
289042 189468 10 6,8,8,8,8,9,12,3
56556 269573 10 15,0
166396 148065 10 5,8,13,15,4
157399 50497 10 9,7,9,9,5,5
211216 300441 10 2,5,0,7,1
37897 126736 10 12,8,1,7,13,14,9
184773 181410 9 0,5,11
71455 240707 10 12,12,3,0,8
268812 253309 10 7,11,7,12,2,7,1,4
155015 154440 9 4,13,14,3,12,4
63711 346528 10 5,8,5,8
137639 140623 10 7,9
96369 364781 9 7,5,6,2,8,13
299145 12743 10 13,8,4,3,4,12,11
296008 180852 10 5,8,7,15,5,7,1,3
18101 176326 9 1,5,2,11,1,11,4
200281 364651 10 7,14,11,9,10
244708 10913 9 10,12,14,8,4,1,7
322778 141067 10 2,6,12,6,8,13,3
24484 201868 10 8,15,13,12,7,0
306255 136133 9 10,13,3,5,6,0
330987 267053 9 5,2
53841 121986 9 9,1,5,13,6,9,2,14
103301 262197 9 4,6,6,15,5,3
60180 187727 9 6,12,4,14,9,8
295461 642 9 8,6,8,7,0,8
35624 158692 10 3,3
233684 156014 9 6,7,12
197269 151275 9 3,3,5
109730 50703 9 1,6,5
222821 250274 9 9,7,8,8,1
13567 261272 10 14,2,3
70873 378576 9 0,3,14,7
207097 183560 10 1,3
137749 58498 10 3,10,4,2,3,4,8
220991 162949 9 10,12,0,12,6
84633 15085 9 4,1,5,6,5,10
179228 255538 10 8,4,8,3
312281 54464 9 1,13,0,14,0,9
17253 276116 10 0,12,13,3,9,5
346169 50569 10 4,10,6,8,2
143134 25864 10 14,3,10
252592 251337 9 5,6,7,3
343509 121685 9 2,2,3,3,8,12
243998 32201 10 15,6,9,1,8,3
20080 363928 9 4,5,3,7,0,4
59965 160411 10 13,4,0,7,15,6,5,1
102176 76714 10 4,15,13,3,4,11,7,3
341043 212833 9 11,9,9,12,5,13,8
187604 57162 10 6,4,15,1
257646 334369 10 13,1,6,7,8,5
262368 56490 9 5,12
196365 234927 10 7,5,3,1,6,7,1
98236 295036 9 3,8,5
279762 29097 10 5,4,3
279600 184239 9 0,4,0,7,1
382613 384003 9 10,13
338502 284871 9 2,0,4,14,1,7,13,2
124718 266350 10 7,7,0,1,7,7
383032 314659 9 3,7,1,12,6
371752 206281 9 4,6,2,14,7,3,4
339485 138928 10 7,4
100996 157188 9 12,14,2,4,6,12,8,5
98557 325054 9 1,12,5,12
105141 282520 10 3,5,7,7,8,1
352016 130712 9 4,4,0
284703 209514 10 8,15,14,13
205022 244267 10 7,8,7,5,1,8,6
67614 176061 9 3,15,13,7
34886 189481 9 0,13,14,3,7,1
302444 236054 10 1,13,15,3,3,1,13,15
151865 329497 9 5,7,11,4,7
307845 339690 10 7,15
73981 281005 9 14,6,7,3,7
95205 304295 10 3,4,6,0,4,6
42465 137414 9 14,8
120896 167373 9 2,7,1,9,8,3,5,6
129705 59488 9 2,4,3,9,4
351024 253171 10 1,4,14,14,2,9
46605 72357 9 15,7
256898 348910 10 9,15,1,12
213968 55343 9 5,12,6,12,12
357345 294694 9 15,8,4,0,12,13
323755 51551 10 4,5,2,3,3,1,12,11
114409 82515 9 0,1,10,7,6
362345 71167 9 8,3,4,7,11,13,1
55280 121752 10 4,6,4,3,4
184397 119289 9 9,2,7,8,3,3,7,0
135385 180295 10 8,7,12,12,9,5,7,5
166342 178787 9 12,12,10,0,4,13
95582 312684 9 2,11,13,8,7,5,6,13
28075 245853 10 1,13,12,5,3,1,8
223034 98266 10 9,1,10
288673 180045 10 7,6,13,6,6,4
20838 197047 10 4,7,8,14
212777 228502 9 3,0,8,0,13,6
223781 349286 10 3,12,1,4
379403 114774 9 3,13,12,2,4,8,2
327194 199690 9 1,1
356508 312410 9 14,4,12,7,7,5,6,13
364482 129255 9 6,13,2,4,4,12
44750 199293 10 1,4,3,7
314680 220585 10 8,4,0,10
41129 338884 10 8,15
297949 90245 10 10,3,3,4,12,4,14,6
99677 35485 9 0,9,8,12,14,11,8,0
239167 25538 10 12,3,13,1,11
322086 322111 9 14,5
359469 71302 9 6,11,6,7,7
154319 199087 10 7,8
341786 31698 9 13,12,12,10,3
44704 65037 10 5,9,1,1,7
286181 154619 10 2,8,1
211153 328223 9 5,3,9,5,7
113267 211782 9 12,0,2
65942 96436 10 7,1,5,13
165783 199194 9 3,6,1,10,0
115970 367488 9 10,5,8,3
22138 209089 10 14,3,13,14,8,1
169013 177103 9 1,3,4,1,3,9,3
107985 137859 9 3,4
12804 370613 9 5,5,9,12,1,1,0
84837 19642 10 3,7
371456 119257 10 14,1,1,6,0
184329 217000 10 3,12,12,4,9,12,14
182203 231024 9 5,3,1,1,3
256794 313193 10 9,2
292144 193584 9 0,8,4,1
102011 360968 9 1,1,11
159425 4925 10 15,15,11,1,12,4,3,8
229962 109685 10 14,7,7,13,3
109447 303360 10 4,4,14,13,7
273165 359839 10 12,2,9,13
113486 251049 10 14,3,12,2,10,2
332314 216128 10 8,7,6,14,8,6,12,12
80171 344770 10 5,9,7,5,14,13
357674 94384 9 8,4,3
86314 156053 9 10,4,13,3,4,2,5,14
214670 333811 9 8,8,3,8,5
50107 21637 9 13,3,1
280415 255408 9 10,4,14,3,6,7,8,13
57888 167582 9 4,4,4,10,4,14
121265 273140 10 4,4,12,12,9,3,4,2
175552 207446 10 4,7,7,2
69400 19530 10 4,3,3,0
68026 76449 9 5,4,14,7,7,7,8,13
359133 364919 9 9,7,14
121236 10165 9 0,4,4,7,5,7
22857 126420 10 8,1,6,4,12,6,3,7
376041 296342 10 4,9,1,7,7,3
112831 109668 9 9,7,4,1,7,7
45146 252373 10 5,8,3,5,0,0,3,13
218139 353039 10 3,9,3
318939 291658 9 2,7,3,1
43809 280283 10 3,8,7,1
328115 137442 9 3,3,7,13,12
30143 236207 10 4,14
33661 375203 9 2,10,8,14
80283 148690 9 5,1
370671 172199 10 7,7
319884 108429 9 2,9,12
168232 36982 9 4,4,4,14,9,3,12
90315 275586 9 13,3,3,9,4,8
234866 83072 10 6,15,12,12
90474 20746 10 4,10,4,15,8,13,6,6
228726 105902 9 4,7,0,7,9,14
198526 184907 10 15,10,9,4,7,11
284678 50130 10 3,6,3,1,4,15,12
321618 325018 9 2,14,14,6,5,10
71652 283504 10 7,13,8,7,9,12
290140 145430 10 4,3
296065 75365 10 10,11,6,3
83317 143453 9 0,4,3,9
342108 91830 10 12,14,6,12,7,7
307579 210259 9 15,3,11,8,5,13
6983 353847 10 15,6,13,8,12,12,12
70800 309204 9 14,8,5,4
111314 237751 10 3,4
13901 337222 10 8,2,3,9,11
188584 159520 9 1,5,7,2,6
318909 133467 10 12,1
132611 225263 10 8,5,6,8
179718 323664 9 12,13,4,2,1,6,11,6
281371 368439 10 1,7,4,11,6,12,8,8
78826 110350 10 5,7
224066 366361 10 10,8
123600 9061 9 10,5,4,12,7,4,8
83272 369076 9 5,1
374114 272774 10 2,3
292056 255108 10 1,3
357360 43202 9 1,3
15450 339582 9 9,3,4
216280 221632 10 8,0,9,4,7,7
165408 114032 10 5,8,6,6,1,1,1,4
83077 60017 9 8,4,6
353534 296043 9 10,11,4,5,5,3
347071 85148 10 2,6,9
255414 286916 10 6,7,13
91314 121122 10 10,8,8,1
103978 29044 9 8,1,4
256820 68610 10 12,5,1,2,8,14,4
200382 187416 9 13,1,2,8,8,6,4
112708 116893 10 5,4
31491 47016 9 14,14,4,6,15
335417 52684 9 13,5,7,8,3,13
233189 81726 10 9,2,10,3,12,9,6,3
178772 75648 9 6,3,7
105474 326527 9 8,5
285941 94830 9 13,4,8,0,1,0,7
303497 358432 9 1,14,2,13
346285 330551 10 2,14,4,7,7,15
7918 161916 10 5,7,13,14
368099 136000 9 10,4,8,8,13,15,3,7
90265 177456 10 11,1
123393 204615 10 4,1,0,7,1
358885 155390 10 13,5
301824 585 9 4,7,8,15,3,4
303940 147752 10 11,14
237972 161855 10 1,1,6,4,12
60830 77464 9 0,4,0,5,3,8
194656 335502 10 3,13,2,1,3,8,14
355500 1553 9 7,13
316932 347365 9 4,1,9,14,12
311957 27070 10 15,10,9
5164 214038 10 6,13,14,11
377158 180690 10 8,15,13,9,6,5,4,3
248297 349989 9 9,1,5,4,7,5,5,5
372157 339918 9 3,8,7,13,7,8
185834 245759 9 0,8,5,12,15,10
368443 272470 9 7,11
208169 79575 10 4,6,9,4,5,9
161465 52918 9 4,1,3,14,4,7
357865 174516 10 3,8,13,2
233734 53616 10 6,7
98001 65211 10 7,3,1,5,4,7,5,5
378416 302826 10 0,0,6
310491 50172 9 1,15,6
331178 7861 9 6,14,5,9,3,9
3495 334825 9 14,3,4,5
232735 270502 10 7,4
97791 271634 10 5,4,15,2
214023 158215 10 5,7,7,7,4,2,2,7
378205 122939 9 15,14
90225 329399 10 5,6,3,3,6,8,7,1
349451 247443 9 4,8,14,8,4,7
278204 290735 10 7,0,8,0,1,6,6,7
68046 71476 10 4,6,3,5,13
328993 186533 10 14,12
189638 316299 10 2,12,9,14,3,1,12
192020 172489 10 15,14,5,2,3,5,7
256751 245859 10 0,12,8,3,3,7,7,3
346268 229652 10 5,6,6,1,5
13344 145702 9 0,4
345058 379187 10 7,8,5,5,8
261221 179314 10 1,8,3
64773 29959 9 4,2,1,2,3
150472 157760 9 5,1,6,13,4,1,7,8
236244 21292 10 14,13
271424 56338 10 7,9,2,3,4,13
265445 117379 10 7,1,2,2,12,1
356325 338718 9 15,5,6,1,8,12,4,3
302839 228124 9 5,11,0,3,13,15,7
105869 213061 10 8,7,0,14
202998 3036 9 10,15,1
195438 260424 10 3,14,5,0,1,9
167026 329046 9 6,9,3
18162 290465 10 14,8,8
164908 306030 9 6,14,4,7,3,4,7
311848 99415 10 15,13,12
57856 301762 9 5,13
270575 356466 9 4,1,15,8
275456 84448 10 4,14,6,4
347958 130527 9 4,12,3,4,9,11,5,8
57191 155339 10 7,5,1,5,11,8,1
319366 284623 9 6,5,1,5,4
229524 349238 10 8,8
280507 152488 10 12,13,0,4,7,5,9,12
103664 122891 10 1,14,13,8,4,15,4,3
345122 286949 9 12,5,4,13
257336 133642 9 8,5,8,1,4,2,1,2
112080 2717 9 7,15,6,0,3
35142 314384 9 3,7,6
159504 250771 10 4,13,13
152260 165531 10 0,1,13
208504 106593 9 3,5,4,3,2,8
227952 139507 9 8,10,15,9,3,2,9,8
173243 121830 10 12,3,3,12,10,3
258233 341953 9 6,13,1,8,8
169952 93093 9 9,5
67578 225428 9 13,4,0,10,8,2,6,7
19726 230555 10 4,10,1,12,2
170097 300755 10 4,13,15,3,15,7
187039 238215 9 11,13,2,1,10,7
116880 324605 9 3,2,4,5
225341 341719 10 7,10,0,9
22624 159951 9 4,5
96781 299408 10 14,6,8,4,3,3,5
183234 305145 9 1,13,1,3,0,8,12,3
108780 107524 10 8,8
39383 323547 10 14,7,6,3,13,4,3
199667 238268 10 8,1,5,6,5
151431 322411 10 8,0,1,5,6,5,13,2
309792 8644 10 13,1,15,1,3,4,7
298030 16439 9 7,11,2,1,12
321281 357107 9 3,13,6,2,3,5,9,7
5122 284054 9 13,8
127818 269363 10 6,11,15,0
182566 293281 9 4,7,1,1
309507 326485 9 12,3
92632 318768 10 4,8,14,6,1,14,3
71225 69658 9 5,9,3,14,1,5,0
193214 52974 10 7,8,3
75822 260211 10 9,5,12,15,3
293451 46852 9 4,9,13,12,4,6,3
344783 32276 9 2,9,7
348770 308737 9 14,5,6,9
350001 145018 9 5,4,12,13
349621 237430 10 11,0,7,5,9
116941 280448 9 5,8,3,3
97414 236264 10 8,5,8,9
228738 282899 10 12,1
159675 300535 10 13,7,9
16616 254995 9 1,9,0,8,12,7
58921 168872 10 1,0,3,7,6,14,7
356048 196058 9 5,4,13,1,7
23243 39985 9 4,15,8,12,5,8
168619 42561 9 0,2,7,12,0
81912 59925 10 5,10,12,4,5
1048 337257 9 8,7,8,4,7
246606 5614 10 11,13,1,7,0,13
329193 131157 9 6,2,1,4,0,13,7
373422 160922 9 9,10,10,10,12,7
170151 259538 10 3,4,3,13,8,0
239051 281672 9 14,12
47076 37222 10 13,1,8,4,15,14
215384 14472 9 10,9,3,7,9,7,2,15
358716 90078 10 8,3,0,15,7
115386 266695 9 13,4,4,7
138949 155274 10 1,7
25538 10777 9 13,13,4
294641 163544 9 14,6
84469 300138 10 1,6,3,15
48418 101267 9 13,3,3,0,1,5,6
43319 2111 10 5,15,12,8,14,3
279601 165677 10 7,8,9
346926 281220 10 6,12,7,6,3,12,2
280892 313195 9 5,3,10,15,6,4
192002 313240 10 1,13,4,3,1,3,3
109867 274488 10 6,2,5,6,12,3,12,4
345669 251133 9 5,6,14,4,7,8,12,12
364226 342294 10 13,11,2,6,6,5
2419 184473 10 6,1,0,13,12,3
134996 183716 9 15,5,7,0
263254 248183 9 4,10,5,5,3,6,15,13
32022 130409 9 6,2,8,1,10,14,7
133318 76054 9 3,4,6,5,8,5
303760 80651 10 4,6
204738 169198 10 4,4,7
16116 199771 9 7,0,12,3,12
347587 165741 9 3,11
299519 38270 10 10,8
21184 274896 10 8,8,4
275304 35510 9 7,8,1,8,15,13,7
383649 171206 10 7,13,8,7,7
270042 98241 10 8,4
117273 268201 10 1,5,3,14,6,8
359739 363209 9 1,3,11
303928 35408 10 7,6,4,11,3,3,5
60322 84525 9 12,1,3,12,8,2,11
300130 225966 10 15,3,4,12,11,9
138778 133964 10 0,9,5
86088 254912 9 2,14,15,8,8
142953 168312 9 9,1
215863 121268 9 1,8,5,6,15
170759 45167 10 13,15,6,4,2,4,12
340083 89731 10 4,1
78359 216586 9 5,12,3,6
215764 9725 10 9,0,11,3,2,3,13,7
239030 250865 9 7,4
242704 186784 10 9,1,13,10,14,12,9,4
289067 143566 10 9,4,7,1,6,1,1,15
68453 70367 10 4,5,9
50284 87141 10 8,8,4
172487 321008 9 3,15,13,5,7,7,5,6
169464 353380 9 5,3,7,4,8,13,0,8
287097 82057 9 7,9,9,4,0
143519 208793 9 8,9,1,4,4,5,5
223586 286050 9 7,15
113252 360773 9 9,8
256795 37563 10 9,0,6,13,2
17097 80986 10 11,6,5,0,13,4,7,1
151549 161146 9 5,13,14,8,1,13,8
27680 324331 10 4,5,5,13,11,12
292323 283758 9 13,7,1,13,8,1,8,2
27554 257787 9 11,3
244047 222487 9 13,6,11,12,11,1,3
173753 237944 9 8,10,7,13,1
84108 153677 10 7,9,12,2,10
372540 154019 10 1,12,8
209256 316472 9 7,1
45270 202206 9 5,3,2,13,7
207350 158157 9 3,1,9,12,8,8,6,11
262693 19726 10 4,13,4,1,6,13
13517 308905 10 0,7,7,3
268854 149696 9 14,0,14,0
335764 199196 10 7,4,7,4
224282 74671 10 4,3,6,1,4,0
132534 51123 10 3,3,3,15
306047 147120 9 7,1,9
46927 302421 10 9,9,4,8,5,3
220482 35277 10 4,5
224174 275081 9 3,12,8
376454 160864 10 1,6,4,8,6,13,2
183498 117506 10 3,3,12,1,10,11,1
136915 344746 10 8,1,6,8,1
48356 231286 10 15,1
95841 327378 10 5,1,5,15,4,6
52050 247303 10 9,0
62170 106907 10 4,5
314532 220261 10 5,8,4,4,12,8,4
89195 256349 9 9,8,4
164997 137645 10 5,10
355614 160201 9 15,5,12,3,9,1,8,12
180344 55367 9 8,0,13,5,9,12,15,6
326435 18483 9 7,11,7
330618 177490 10 7,1,4,7,7,12
73456 360655 9 3,3,9,9
132201 324232 9 1,11,8,3
373488 236200 10 13,4,1,7,7
312799 327448 9 8,11,9,4,13
211519 87669 9 3,1,5,1,7,5,3
261100 148501 10 3,3
261753 223225 10 1,0,3,10,1,5,10
331134 192877 10 7,7,6,3
293368 244579 10 4,5,12,4,13,6
111316 373366 9 6,1,8,6,3,15
281764 30132 9 8,0,14,12,1
134064 152747 9 2,1,1,3,0,5,3
338606 211266 9 5,8,1,9,0,4,4,12
62378 256727 10 4,14,8,4,15,13,12,2
282948 20970 10 13,1,2,15,3,8,2,14
278215 49388 9 4,3,4,6
308871 123520 10 5,1,3
364400 9150 9 13,15,13,13,1,1
127755 87258 9 5,13,14,5
35096 66990 10 7,1,15,4,11,3,1,3
7194 304739 9 13,7
172145 34577 9 7,3
44525 127115 9 5,14,6,13,7,12,9,3
367124 358679 10 8,13,12,8,8
66939 209960 9 4,4,10
135653 244883 10 3,4,3,4,8,13,6,2
287509 168841 10 7,3,9,3
370983 109047 10 6,14
250878 25938 10 4,4,11,15,2,4,5,4
15612 361840 10 1,5,14,0,1
66883 10007 10 4,5
33293 191005 10 12,13,13,4
299891 329930 9 9,0,15,3,6
19267 291034 10 7,0,12,1,2,2
218965 368051 10 7,9,8,6,11,7,5,14
36524 332900 10 1,8,0
149110 302544 9 1,11,9
206054 72125 9 7,5,2,15,8,4
100778 1294 9 12,5,5,8,8,6
48142 97721 9 7,15,5,8,7,8,3,3
360290 216686 10 3,5,13,14
354265 348288 9 1,6,1,14,9,13,2,2
97357 5371 10 12,6,7,7,3
166823 15503 9 2,1,14,8
161811 32508 10 4,8,12,7,8,3
229897 242520 9 8,2,12,4
210639 63645 9 13,4,7,13,14
307424 17162 9 8,7
112676 188767 9 5,4,13,8,13,2,5
38905 147066 10 13,6,5,5,7
269572 189517 10 5,13,8,9,5,9
149216 373578 9 1,1,14
334826 169956 10 9,13,11,2,15,8,6
84173 32357 9 5,0,3
219086 370656 9 3,7,7,3,10,5,3,4
98385 384042 10 3,12
370604 65007 9 11,13,12,3,10,4,0,1
178603 329766 9 9,15,12,3,1,13,1
275695 277931 9 12,4,6,4,8,3,13,5
263468 331266 9 9,4,4,3,14,4
120238 315045 9 1,0
131659 59198 10 5,15,7,14,7,7,5
143265 235848 10 4,6,13,11,15,3
251383 122786 9 5,7,7,8,15,8
273076 290340 10 7,1,3,5,4
334204 208884 9 13,5,7,9,4,7,13
283565 250839 10 13,8,6
135387 290470 10 1,14,6,15,12,13,7,5
344523 126870 10 7,8,4,3,6
109028 209431 10 12,12
164635 246501 9 1,14,6,5,5,6,9,4
73436 378616 9 6,1,5,7,7
291334 263017 10 5,1,8
212409 374676 9 5,3,0
234258 109198 10 3,5,1,14,1
283332 208517 10 8,13,3,1
164585 138774 10 4,7,14,11
118072 137004 10 7,7,4,8,6
238867 51940 10 3,8,2,8,4,9,0
37929 13517 9 12,7
16421 62610 9 5,11,5,13,7,4
51131 33986 9 14,1,5,4,12,7,2
382207 188876 9 7,2
104404 79864 10 5,12,7,6
90140 158471 10 3,15,5,12,5
217483 158391 10 0,5,5,8,4,1,12
328398 254272 9 5,11,5,0,0,5
128172 212810 10 12,7
192091 344111 10 9,4,12
180875 96300 10 8,3,1,3,6
339667 310096 10 2,4,10,3,0,12
242016 329020 9 5,1
140294 298578 9 8,7,7,3,5,15,10,0
130124 355790 10 1,7,3,2,9
196088 163186 10 8,15,12
54494 238287 10 7,12,0
95947 211284 10 8,10,13,15,6,0,12
250805 21136 9 3,14,8,15
332322 344910 9 1,6,2,13,13
180126 242839 10 15,4,13
272819 164897 10 3,11,2,9
256582 267601 9 11,1,9,7,13,6
95184 278650 10 13,3,7,6,4
83002 129451 10 8,7,13
11327 98360 10 8,4,10,10,4,14,13,8
117408 226186 10 3,12,3,6
277468 363209 10 4,8,12,5,10,12
213424 127736 9 1,7,13,10
116009 159900 10 7,8
273028 86600 9 5,7,12,10
79763 101934 10 8,11,8,12,8,11,4,8
10292 225192 10 4,4,4,0,2,1
347829 322256 9 11,5
102176 222120 10 5,8
366303 206993 9 3,13,5,7,9,3,13,3
282213 298978 10 14,6
232450 21553 10 13,12,12,5,2
72628 348159 9 3,12,3,3
103578 61415 10 4,8,9,3,1
101764 24280 9 12,12,5,5,1
207080 241911 10 1,4,12
303440 53086 9 12,3,8,5,1
37636 108724 10 5,14,0,4,1,7
221553 264786 9 6,1,6,3
176117 202067 9 13,6,9,8,7
43079 106054 9 7,5,6,9,1,7,11,6
16044 135072 10 14,12,1,6,12,13,13
258099 223752 10 8,5,8
67177 52679 10 15,9,4,3,11,12
255987 185343 10 13,12,8,12,11,4,12
250489 164999 10 1,2,3
154737 90504 9 4,13,8,13
208864 312032 9 2,3,14
227447 261229 9 8,14,3
19861 362497 9 0,6,7,4,0
101870 264093 9 8,5,15
15542 127736 9 7,6,6,3,5,10
321585 12593 10 1,2,7,1,9,8,7
321162 164054 10 7,12,3,10,13,9,12
126969 347403 9 13,2,1,4
298232 333091 9 3,4
139615 56126 9 0,2
367270 158615 9 12,6,13,2,1,12
43928 299488 10 9,10
284538 186655 9 0,4,4,15,6
229689 143775 9 4,2,3,14
206148 346925 10 3,13,8,13
355090 208010 10 4,4,3,14,9,11,7
300064 192901 10 4,15,3,7,8,3,8,6
333337 170890 10 4,3,14,6,7,6,0
298951 222422 9 8,7
183073 57541 9 1,8,15
362175 144873 10 4,5,0,1,0
188341 382971 10 6,7,15,14,11,4,12
262384 117751 10 1,8
172499 99549 9 14,6,4
193002 213701 9 4,9,7,1,8,6,3
337805 322730 10 14,5,6,14,6,6,2
77507 329964 10 7,4,13,3,11,12,15
340290 311974 10 11,7,8,3
49052 258482 9 8,1
84343 56033 10 7,1,12,12,3,10,7,11
241020 72034 10 2,10,0,10,14
364213 324198 10 6,1,5,11,6
209961 283125 10 6,14,7,9
121701 168771 9 1,8,2,7
108128 372954 10 3,8,4,4,4
264318 131061 10 6,6,4,4,4,8,3,10
23217 315065 10 5,0
326852 145989 10 6,0
242181 33842 10 6,7,5,11,5,8,5,8
116670 173215 10 7,11,8
280871 251853 10 0,4,6,13,0,7,8,7
328272 235169 9 3,9,15,6,6,5,6
290472 68486 9 7,12,14,3,2
141438 43349 10 8,8
251635 294805 9 14,13,15,0
281485 90613 9 8,14,2,6,11,2,8
265398 338542 9 1,14,8,10,12,14,15
56431 234627 9 4,12,4,1,1
255030 318947 10 3,0,2,15,12,9,8,8
98547 8177 9 3,5,3,6
44500 109851 9 12,3,1,4,4,13,6,9
109945 141225 10 9,6,3,12,2,3,3
297251 191595 9 5,4,7,4,7,8,7,12
58817 18410 9 4,12
269162 189634 10 12,12
315532 110911 9 8,1,12,8,1,3,5,4
290167 315420 9 1,1,7,7,12
33677 242213 10 8,12,4,9,8
184998 290570 10 5,9,14,12,5,7,12
313572 304363 9 3,4,2,12,13,13,2
228697 50355 9 13,14,13,1,1,7,4
325352 191567 9 7,7,1,3,13,8
69396 278265 9 9,7,11,4,8
66365 375851 10 4,9,14,0,4,14,13,3
216694 154712 10 8,8,8,4
375091 45178 9 0,2,3,1,3
183467 224689 10 4,11,14,10,1,15,7
335124 370651 9 6,1
318475 53092 9 2,3,0
118559 203395 9 1,10,9,12
250470 73119 10 10,2,9,11,15,12
296678 35340 9 7,14,3,4
242989 365227 10 5,7,12,1,5
89185 159056 10 12,15,13,4
361046 119193 9 13,7,6
266683 251982 10 2,11,14,1,7,3
285256 356027 10 11,14,7,7
211010 46874 9 3,4,12,14
45986 368079 10 7,8,13
182832 62355 10 1,12,3,11,0,8
332110 334900 9 8,8,9,10,14,3,8
246806 217429 10 4,11,11,15,6,12,5
209829 230411 9 3,4,12,13,3,6,7
183452 164251 10 8,7,3,8,8,3,3,11
185218 80322 10 10,7,5
17876 328923 9 4,1,8
88703 99161 9 4,10,12,4,1
93964 112331 9 14,8,13,3,2,8,7
31208 274257 10 7,8,8
279274 192862 9 12,0,14,7
325177 293119 10 0,6,7,8,8,1
243079 256136 9 3,2,4,12
57792 168110 10 4,0
345360 26990 9 11,7,14,13,14,4,3,13
106086 20960 10 3,1,5,3
337640 335795 10 7,8,14,13
82445 275189 9 8,6,2,11,2
172519 285349 10 13,7,11
332247 30997 10 1,2,3
130344 106522 10 7,13,4
135854 330892 9 2,1,13,3,13,13
370425 107644 9 8,8,4,7,7,4
276479 321904 9 13,3,12,7
21015 23304 9 10,7,3,10,9,4,9,4
54983 240571 10 3,7,7
341263 115462 9 8,1,7,11,4
372312 209611 9 12,2
260515 369879 10 3,7,8
269703 263207 10 12,2,4,2,8,0
74213 185703 10 2,8,5,1,12,4
4416 19408 9 3,12,1,15,10,7
68431 347373 10 8,10,9,15,8,4
213566 351015 10 8,4,4,7
366734 310862 10 1,1,12,0,12,2,9,3
370982 42117 10 12,0,11,7,10,8
362852 172596 10 13,5,3,3,2,7,4
88580 325983 9 4,6,1,15
6931 126303 10 11,2,8,7
26292 212040 10 7,15,12,4,3,1,13,1
376542 195765 9 3,1,9,5,5,9,6,7
69211 6391 10 8,8,8,13,3
164279 197948 9 13,13,3,8,13,1,4,8
16625 49774 9 5,4,0,6,2
194290 343554 9 1,8,5,4,3,12,3,5
170370 7681 9 1,8,2,9
246362 285000 10 1,13,6,15,10,8
63838 260677 9 7,4,15,3,6,10
266438 53918 10 7,0,14,3,12,4
306695 277344 10 0,5,4,8
383240 6092 9 13,4,2,5,4,4,3
212130 236128 10 3,13,2,7,15
78083 294368 10 14,14,2,13,11,1,3,7
239824 124829 10 8,0,6,9,4,7,5
73977 140149 9 7,12
294525 114162 9 8,12,15,12,7,7
145635 257052 9 3,8,1,6,8,3
199236 183948 10 12,3,3,4
139998 296029 9 3,14
283627 284296 10 12,11,13,4,1
19243 355690 10 6,12,0
372388 80492 10 4,7,6
116755 154042 10 9,1,4,2,0,12,1,7
372070 171650 9 0,9
339728 158597 10 3,0,9,7,12,3,6
231588 98566 9 4,9,10,12,12,12
323697 94764 9 5,6,12,5,8
94196 330992 9 3,6
72447 122785 9 8,1
28244 283910 10 5,0,14,9,14,11,11
366333 90306 10 4,13,3,5,12,6,4,5
354985 65017 9 1,8,6,4,3
234060 321773 9 5,5
354871 117433 10 13,0
64917 219880 9 2,7
181663 318745 10 1,6,9,4,4,0,8
141132 170020 9 8,9,11
286565 159759 9 5,7,6,4,5,3,4
234557 80115 10 6,6,2
247835 97509 10 14,3,12,6,5
407 322908 9 5,12,8,8,4
29279 225926 10 4,6,3,8,8,15,11,7
340109 76933 10 9,15
236021 250657 9 3,8
134299 260443 9 3,6,5
167498 283375 9 6,12,0,1,6,11
256481 3996 9 7,15,12
382085 135422 9 12,11,4
115845 258178 9 7,8,14,4,11,7,12
88426 70322 9 12,7,5,15,13
35650 87962 10 4,15,10,12,7
357728 172383 10 8,9,12
2649 208017 10 8,12,1,7,14,3,5
382246 84022 10 4,10,1,4
187913 119534 10 15,3,1,8,8
383556 253922 9 15,12,1
185724 300327 10 7,8,5,1,7,8,5,12
241389 92879 9 3,1,1,7,7,13,9
50342 285075 10 0,7,4
101132 178354 9 12,3,14,4,11,14,11
198762 210956 9 8,2,2,5,13,14,5,6
275409 20152 10 1,3,7,6,15,7,3,14
363835 17375 9 12,2,5,14
140501 294254 10 12,9
341930 264590 10 3,4
61249 25951 10 12,6,3,8,1,13,13
265556 136439 10 1,3,0,3,5,8,1,1
346241 331185 10 9,3,11,12,7,8
214246 46504 10 4,4,8
164293 289312 9 5,7,3
347740 368108 9 5,12,15,14,8,8
135096 126318 9 6,15,7
79804 305931 10 5,1,1,9
64280 344724 10 7,5,7,2,6,12
202147 304211 10 4,1,9,8,4
55162 236052 10 9,7
161065 156071 9 10,5,14,5
48408 214405 9 1,15,3,4,8,6
309453 13537 9 12,7
157632 61403 10 14,1,7,3,6,1
117752 118145 10 9,0,7,6,7,8
52808 255568 9 14,13
28495 176585 9 11,1,0,7,15,5,13
89874 186094 10 12,4,9,6,14,7,3
24247 151011 9 6,4,6,6,1,4
343208 249529 9 12,3,13
295229 332802 10 2,14,7,6,3,15,12
341588 185524 10 9,7,7,13,9,4,5,4
105473 205722 9 8,13,10,5,9,7,3
192333 179942 9 5,9
137750 197536 10 13,0,1,12
209081 82402 9 7,15,8
288546 177491 9 12,1,1,3
2007 9308 10 13,5
249423 205734 10 14,15,3,7,4,3
227747 283153 10 1,14,14
236410 326004 10 14,10,15,6
76153 128383 10 4,12,1,1,7,3,7,4
248514 138838 10 1,9,1,4,13,13,4,15
370873 47180 10 4,5,7,0,6,7,1,14
361096 184648 9 4,4,4,7,15,1
277631 193397 10 9,3,14,6,4,1
279699 328149 9 3,5,6,0,5
337846 312465 10 7,15,7,7,1
280662 303826 10 13,4
290327 225864 9 8,3,10,8,8,15
97918 241082 10 2,4,3,2,1,7,5
319731 147643 9 14,6,7,5,15
250530 194021 10 8,12,4,8
132092 111692 9 2,7
3936 274007 9 12,15,5,2,7,8,8,1
364189 337146 9 13,3,8,8,7,1
107550 3807 9 2,12,8,15,4,0,1
320680 73709 9 6,8,4,0,4,1,9
377511 371036 9 1,3
87327 287745 9 9,15,7,8,14
247695 74573 10 7,5,2,12,1,2
100623 183986 10 4,15,11,5,1
317531 171311 9 6,7
215932 55020 9 3,6,4
36898 316654 10 5,1,8,3,4,7
289630 294113 9 0,1,3,7,4,10
348538 213872 10 7,7,5
280757 131008 9 4,4,14,12,12,15,0
169717 318295 9 2,3,12,8,11,1,7,1
107300 148888 9 1,8,7
41063 48277 10 8,14,7,4,7,10,15,7
122503 231252 10 1,8,6,12,2,5,1,11
142820 50300 10 6,3,0,7,9,7,7,2
208711 17736 10 12,11,6,7,14,7,3
181024 18264 9 11,3,10,8,8,9,14,14
380070 291409 9 3,7
107509 354004 10 13,14,4,8,7,14,3
39501 322629 9 12,1,13,8,5,8,12,13
79272 381723 9 8,6
292400 328412 9 15,3,7,4,5,12,14,7
337623 318255 9 9,10,4,7
334113 314455 9 1,2,4,14,6,2,2,1
43118 127413 9 13,6
202551 172133 10 5,15,1,4,15
21222 362358 10 3,12,4,5,4,1,3
341688 157243 9 2,7,8,12
288472 335965 10 8,7,14,8,12,3,5
256638 231928 9 8,4,13,2,5,6
329325 166530 9 7,1
329008 90822 9 2,3,15,13,8,15,11,7
182139 177427 9 6,9,5,1,7,10,5
335538 226398 10 5,7,11,0,10,6,13,6
150219 206397 9 5,8
68261 233336 10 9,6
234132 34782 10 8,12,3,3,5
128760 95852 10 7,12
348287 129620 9 3,0,13,8,1,7
253179 317310 10 5,5,1,1,5,11,2,4
310594 239531 9 15,11,10,8
357367 109910 10 6,8,8,3
83417 293956 9 15,1
239447 319721 9 3,9,3,3,7,5
363688 67724 10 13,3,6,4
6735 343706 10 8,1,5,4,9,5
298841 166929 10 15,10,2,15,6
158672 137028 9 14,4
103037 120121 9 2,4,8,5,0,3,8
183291 52434 9 1,8,11,15,4,14,7,6
72891 39652 10 4,13,8,6,14,13,15,13
29764 222054 9 8,7,11,15,1,6,4
38124 13839 10 3,7
166055 309962 10 5,1,5,11,3,3,1,15
259528 45672 9 1,15
166038 342014 9 2,6,5,14,4,14
21181 367782 9 11,2,0,1,15
129792 335552 9 0,5,7,0,2,6
272291 36795 10 8,5,4,10,1,7,5,3
293638 231896 10 1,10,1,7,8,3,5,6
97824 307794 9 6,9,4,9
305775 222545 10 14,11,4,13,15,1,8
110352 52352 10 3,10,15,7,9,8,2,0
354487 241005 10 3,3,8,7,5
248216 274020 9 14,2,3,15,5,14,12
65624 244150 9 13,3
185113 152548 9 15,6,12,14,3
71296 272086 10 8,8,15,7,3
327939 266763 10 5,4,12,5
1079 109437 9 15,10,4,4,8,5,7
379763 221466 10 1,6,7,4,9,5
181579 159067 9 4,12,15,2,1
116695 290874 10 12,12,3,5,4,8
166898 21582 10 2,14,14,8
324832 70763 9 9,8,6
89780 81365 9 12,3,4,15,7,12
219936 14828 9 8,12,11,3,11,6,8
371656 333221 9 13,4,3
29125 223708 10 13,6,7,1
62009 200208 9 12,6
69192 224941 9 3,12,3,4,0,1,15
83593 7283 10 11,13,8,11,1,1,4,0
374563 273239 9 5,7,13,5,3,0,7,6
233378 6429 10 8,3
300237 230193 10 1,8
220931 202948 9 7,2,4,9,12,4,11,7
127689 352949 9 6,13,5,9,15,0,11
167986 64728 10 12,7,0
316395 360293 10 4,1,11
275500 127755 10 6,9,12,11,3,14,5,7
291457 219137 10 14,5,14
43112 283977 10 4,12,5,15,3,7,3
290480 142627 10 11,4,8,6,7,13,1
49986 250244 9 4,5,1,15,2,9,7
18376 72157 9 1,8,7,0,5,9,4
196810 8096 9 15,2,10
294478 354877 9 3,8,9
57647 36876 9 10,7,8,7,1,10
377066 333002 9 2,4,7,1,5
100361 18975 10 7,8,5,13,8,4,5,0
317268 359349 9 6,3,6,2,3,5,13,13
354191 75743 9 2,13,8,7,7,1
217026 252412 9 4,12,5,5,11,2,1,7
138339 190953 9 14,7,1,9
199332 254397 10 12,6,15,9,4,15,1,7
154041 81123 10 4,7,5,5
178744 176222 10 0,3,15,14
327670 296069 10 9,4,7,3,5
218933 250101 10 12,8
306103 226388 9 6,11,5,14,2,2,12
145964 259698 10 1,3,12,3,4,9,0
273277 130356 10 14,4,14,2,12,4,7
343761 332214 9 5,1,13,14,6,9,7
181435 29336 9 3,7,5
197046 119876 9 5,1,0,1
237279 125556 10 12,15,13,6,3,4
256929 353018 9 8,10,8,8,12,14,3
45927 254977 9 1,7,3,4,7,3,3
199587 351396 9 12,2,3,7,7,0,1,5
188239 213346 9 8,0
35864 76726 9 4,0,3,15,8,5
201419 172145 10 12,0,12,5
207559 115772 9 5,4
353685 217921 10 4,4,0,9,12
125528 300799 9 12,1,14,7,4
194487 308477 10 3,6,13,3,1,6,12,9
6232 331474 9 9,7,4,5,1
362564 346377 9 11,5
141045 64445 9 12,12,7,3
273372 294220 10 6,6,6,4,12,9,15,5
86648 126127 10 13,12,13,1
348444 331364 10 12,7,8,8
358472 325484 10 5,8,5,12,8,8,0,8
276541 214199 9 15,13,10,15,6,6,2,0
222636 335847 10 15,8,13
378925 176028 10 8,2,3,3,15,5
37625 241718 10 1,6,5,7,9,4
366316 29098 9 15,4,9,6,13
21254 63164 10 1,8,1,4
194450 68214 10 5,1
253224 219276 9 8,5,3
317778 154345 9 13,6,6,14,7,3,14,3
235315 27882 10 0,11,8
111967 331034 9 12,4,9,7,3,1
81379 266131 9 5,4,15,13,3,1,9,4
309452 128405 9 4,0,6,6,12,2,8
169507 100510 10 7,4,6
310317 101362 10 7,13,14,4
172796 289070 9 11,7
209883 306693 9 5,3,3
192191 165877 10 12,14,12,0,5,5
235053 158518 10 3,8,6,15,6
245122 194970 10 6,4,7,10,1,12,8
267129 135486 9 12,3,11
94868 144686 10 6,3,7,6,6,3,4,3
291675 197133 9 2,14,8,3
380680 125967 10 7,7,3,8,13
103734 266842 10 3,0,15
128595 251242 10 9,3,3,7,12,10,13
226214 366324 10 13,11,5,3,5
350360 83779 10 5,2,12
125657 255921 9 6,8,5,2,7
355978 339324 9 15,5
284803 106078 10 13,2,8,11,13,10,14
133158 89760 10 14,3,8,12,13,9
46187 224586 9 10,6,12,15,12
232069 278002 9 13,2,0,5
359901 324757 9 5,15,12,12,9,9,8
73272 11207 9 3,5,0,0,7,4
16043 240618 9 3,15,1,5,6,4,14,8
5868 288404 9 9,4,4,2,1,7,10
214152 176541 10 0,0
98956 180530 9 1,1,7,12,2,1,3,9
63528 211825 10 9,4
377415 220529 10 4,15,6,3,15,3,3,2
280169 104472 10 4,14,4,15,15,5,4
287579 119614 9 1,14,3,2
164263 107244 10 4,13,4,1,14,8,0
74347 196822 9 5,11,1,8,9,12,12,7
315992 5997 10 3,6,7,6,13,1,14,5
203989 58883 9 6,6,4,12,9,14
285876 339392 9 8,3,8,12,5,2
248812 374266 9 3,5,1,1,8
205144 185577 9 13,7,1,0,14,7
124839 134302 9 5,7,2,5,14,9,7
246370 137679 9 0,8,14,6,7,12
79459 107052 10 14,4
290201 263460 10 9,9,7,1,5,8,12
298012 122534 10 8,4
225219 93931 10 1,0,3,3,5
331375 64535 9 2,12
362612 280261 10 10,10
75453 175656 9 15,13,12,15,12
32775 359769 10 7,8,13
340671 259097 10 4,2,13,3,0,12,10
332704 74013 10 7,10,13,13,6,7
336342 50428 10 0,12,12,3
104587 318886 9 1,4,8,8
138109 356553 9 13,7
71916 324590 9 4,0,8,1,9,1,6
194585 154676 10 12,9
246160 25061 9 5,4
149052 127333 10 7,1,9,0,5,3,4,7
378783 365821 10 13,5
66878 293687 9 0,5
821 110004 10 5,7,1,5
277155 177978 10 8,3
222989 377789 9 5,12,3
211611 42680 10 2,4,2,1,0
219761 276411 9 8,3
114481 132215 9 1,12,6,7,12
277111 36790 9 8,7,12,7,0
331247 363631 10 3,11,13,6,2,3
283739 65073 9 12,8,12,8,3,1,4,3
117378 191916 10 6,7,7,8
243703 215933 10 15,5,14,7
43582 92055 9 10,4
276496 124097 9 15,15,12,14
22865 219774 10 13,15,15,0,3
350287 367127 10 4,3,5,10,3,5,1
270955 64089 10 12,8,14
92727 148514 9 5,9,7,10,15,4,14,7
119692 136559 9 4,10,7,1,12,6
247539 256309 10 3,3,0,6,14,8,7,3
264452 321722 9 3,12,12,4,3,8,1
22974 109661 10 8,13
291332 243471 10 6,3,3,8
27759 307011 9 5,4
59121 325349 9 14,3,10
285742 147824 10 4,4,0,3,0
113077 29230 10 5,3,5,13,14,10,3,11
170997 153373 10 4,6
146187 246112 9 8,5,12,9,3,3
256898 92266 10 2,8,13,13
82366 169666 9 6,11,4,8,4,2,1
87671 197851 10 1,1
206287 138607 9 5,3,8,13,7,5,8,13
137241 203902 9 13,1,7
233194 161140 9 8,3,3
83510 290142 10 7,14,11,4,8,0,9,13
201162 193918 10 6,8,8,1
256690 36317 9 0,5,12,0,4
141112 242557 9 5,4,4,0,8,14,7
105296 264326 10 8,4,7,8,4,1,3
136476 261987 10 14,13,8,6,1,5,12,0
206527 255977 10 4,8
303634 284960 10 4,7,14,8,8
24354 233514 10 3,5,1
333212 316250 9 1,6,8,14,10,1
224828 134815 10 5,3,7,1,8,12
266858 220454 10 8,4
245221 37154 9 10,7
273292 25524 9 9,2
303566 147836 9 2,3,14,13,14,8
159559 195087 9 5,1,1,13,7,6
124199 137938 9 8,5,2,12,6,7
142548 373895 10 14,0,0,4,7,2
116260 65287 9 0,4,14,12
356676 170309 9 12,0,0
220531 133518 9 1,10,0,7,1,2,12,8
347886 59523 10 6,7
278108 162952 10 3,1,5,4,1
376492 71202 10 3,10,5,10
85332 306606 10 9,7,8,14,3,8,5,12
361244 41340 10 1,13
169715 43868 9 5,10,3,1,4,3,13,14
171285 322021 9 7,12,7
330425 153359 10 8,13,7
11353 286021 10 0,6,7,3,5,2
92904 235691 9 8,8,8,8
104736 15652 10 7,4
74656 240310 10 9,0,8,5,4,3,1,13
242755 210149 10 4,15,4,9,6,15
235047 276712 9 8,7,3,15,10,1,5,1
209964 286640 10 5,5,7,12,4,9,2
53959 343421 9 9,13,13
261673 290233 9 1,15,4,3,3,8
207059 251574 9 4,3,6,5
349551 195498 10 1,1,5
314805 336008 9 1,6
227730 120185 9 7,4,7,1,15
84332 248054 9 5,4,7
254175 58703 10 4,12,0,13,7,7,12,14
286230 356756 9 8,5,15
188496 114099 10 15,8,5,4,4,4,8
224996 381743 9 8,8
34635 5326 10 13,3,15
337426 49956 10 8,8,4,11,9,3,5,2
257383 49675 10 8,3,7,13,10
14449 96659 9 13,7,1,10,4
369032 319229 10 12,4,6,1,15,2,13,11
244055 226262 9 12,12,1,12,8,1
369122 279942 10 1,12,5,5,1,3
180361 91390 9 1,1,5,8,0,2,7,7
348544 357220 10 15,10,10,8,7,5
26553 355129 9 7,3,6,6,5,0,11,10
183973 217444 9 11,6,4,3,12,13,15,14
326457 263285 10 3,5,4,4,7
67998 210883 9 8,8,12,1,5,7,12,4
275186 219770 10 8,5,0,4,14,8,3
111115 68826 10 1,3,14,7
95637 330312 10 13,1,4,11
120563 25288 9 9,7,1,8,6,4,3,4
380446 189240 9 2,7,9,14,2
342877 314112 10 14,7
251114 376577 10 11,4,7,10,7
274474 126203 9 4,14,1
115825 253786 9 4,8,13,7,8,6,7,1
304910 203675 10 4,12,9,2
250157 223849 10 0,6,4,12,7,9,14
184724 99557 10 8,1,4,6,10,13,9
180161 156306 10 1,3,6
80076 324257 10 3,10,12,0,1,6,8
361491 241641 10 3,5,12,4,11
98645 285975 9 3,10,1,5,2,8,8
84364 312466 9 7,3,2,1
148591 205214 9 7,6,1,1,6,12,3
186797 84098 9 3,7,7,7,5
118689 57950 10 1,6,3,11
375284 279930 10 12,4,8,12
227491 116106 9 6,7,6,12,13,7,2
188389 131514 9 3,7,4,10,3,8
361404 177882 10 3,1
54826 255793 9 5,13,7,8,3,0
181116 357834 9 14,2,2,12,7,5
317903 221139 10 8,5
54765 54868 9 4,8,5,6
219698 146803 9 12,5,5,6,11
165398 276387 9 6,5,7,1,7,7,9,13
358103 175691 10 4,8,1
314744 44759 10 6,9,14,4
206128 144354 10 14,10,5,1,9
25278 67343 9 2,5
318939 232499 10 7,9,9,12,14,0,13
52033 32222 10 6,12,5,1,0,7,6
315926 6419 10 10,15,6,7,7,4,7
208040 24448 10 1,3,7,1,3,14
137148 158989 9 5,2,6
9889 64353 10 7,1,12,8,14,11
218148 242041 10 1,5
321437 122914 9 8,3,14,3,13,4,5,1
139148 220726 10 4,13,13,14,7,13
340702 344394 9 13,12
326915 143984 10 1,7,12,13,5,1,12
95720 304808 10 12,13,4,8,15,8,8
315013 41736 9 1,2,10,2,14,13,8
370251 218017 9 7,1,15,9,9,0
225413 277489 9 4,4
315809 236124 9 5,2,12,12,3,9,4
249897 307528 10 2,3
248868 301813 10 7,12,3,4,15,13
222826 195937 10 3,5,3
73675 363908 9 2,4,14,14,3,7
130899 373904 10 3,1,1,6,4,7
198434 62058 9 7,2,5,5,10,6,13
336778 113701 10 5,8,6,2,8
214251 8735 10 11,8,1,7,12
155887 361472 10 8,8,7
138026 174529 9 11,1,8,11,4,3,7,5
121835 368887 9 12,9,15,5,4
275223 117660 10 1,6,8,10,0,1,12,7
250406 123912 9 8,3,4,4
331237 4434 10 15,8
22051 229741 9 6,14,2,14,4,0
359287 271795 9 13,4,4
375922 232165 9 14,7,4
165880 266130 9 6,1,5
193455 29359 9 1,8,9,7,7
330174 332053 9 8,1
39245 341222 9 15,4
62206 119043 10 1,4,15
16594 293852 9 0,5,7,3,15,6,8
368866 40291 10 5,10,2,5,4,3
179468 134652 9 2,12,4,6,3,8,14
279581 274857 10 3,4,5,1,5,13,15,8
325810 70605 10 0,13,12,8,4,3,10,8
319074 186795 10 4,13,4,4,1
373875 121454 10 1,7,3,14,4,5
339277 14354 9 7,14,8,15,5,13,4,7
157228 62447 10 5,3,3,12
251911 231024 9 10,11,6,9,1,12
376440 138584 10 14,4
187045 164790 10 3,7,11
93980 190881 9 3,1
149448 24130 10 15,6
307081 264460 10 2,15,1
317019 143215 9 9,4,8
265065 25297 9 4,8,14,8,5,1,3,3
204955 187883 9 6,10,1
344262 303381 10 9,2,9,13,5,3
162694 115793 10 10,7,7,8,7,9
309257 116276 9 8,7,6,2,6
345096 27527 10 4,14,7
238601 209281 10 12,2
213608 234104 9 4,13
256378 22914 9 1,5,5,9,5,7,1,3
91440 804 9 14,8,6,2,1,13,8
356715 382368 9 14,7,5,6,12
71244 243442 9 0,3,6,15,3,6,7
260603 254774 9 4,7,8,8,3
113624 282177 9 8,6,12,5,3,7,0,6
350581 220698 9 12,3,0,3,1,3
235575 184602 10 5,9,5
38325 166188 9 0,4
376496 138179 9 8,5,7,7,4
7387 248703 10 4,3,3,6,6
223957 290893 10 15,12
47843 300531 9 9,14,1,1
272699 262354 10 8,3,10,8,9,14
564 342765 10 12,4,3,4,3,12,14,8
17468 213504 10 13,3
131685 179497 9 1,5
250028 210450 9 7,7,7,5,7
52874 216557 10 4,1,0,14,14,5,6
316555 266225 9 8,5,6,1
134082 308528 9 5,9,0,4,1,12,4,1
89003 272473 10 3,2,5,13
271742 48628 10 5,5,6,15,6
176612 87805 9 3,6
91014 217302 10 5,12,8
23685 33753 10 2,0,11,15,9,4,13
373822 363469 9 2,1,5,8,7,14
143645 57048 10 3,8,15,8
225250 321064 10 6,12,2,5,7,6,1,4
227546 245495 10 5,4,9,6,10,13,5
209689 161886 9 8,0
25624 207399 10 8,14,11,1,11,2
323357 42782 9 9,2,2
271711 335625 10 13,3,14,5
144464 20326 10 13,6,8,8,9,9
162384 71394 9 5,8,7,13,3,1
210754 292280 9 2,3,0,7,7,3
239796 142298 10 7,7,15,1
219121 79232 9 3,4,6,13,7,12
109426 272914 9 10,1,10,3
289506 184541 10 8,10,11,5,5,8,0
26561 41643 9 4,14,7,1,12
247277 377990 10 1,5,7,5,8,4
2614 128423 9 15,14,1,13,6,0,1,5
96163 66789 9 8,3,3,1,4
190797 227117 9 5,9
69063 367391 9 5,3
82253 88876 10 0,0,0,2,3,8,13
12980 112098 9 3,4,4,5,6
317944 213418 9 8,8,3,13
231772 11316 9 2,8,3,8
295705 88267 10 9,2,8,3,14,11,3
176679 23213 10 3,7,4,5,1
83237 278875 10 8,7,14,5,8,9
246424 63440 10 7,5
204737 353573 9 0,3,12,4
221247 307791 9 14,1
314609 246620 10 7,2,1,10,7,4,14,3
121634 72082 9 2,4,8,0,6
6761 266314 10 12,7,9,7,14,0,14
221232 22916 9 4,15,4,4,1
17138 273884 9 13,7,6
147167 261217 10 3,1,6,8
351454 228828 10 8,6,7,4,14,3
62962 330595 9 4,6,9,2,0,4,7
268974 123695 10 4,13,7,9,6
234096 380141 9 7,0,4,6,8,6,8
89395 361649 10 0,2,7,7,7,0
278015 152183 10 1,9
201455 365477 10 14,4,1
361437 114392 10 8,9,11,5,6
56974 42830 10 7,2,7,14,15,4,7,1
15419 77242 9 9,14,3,15
325598 334684 9 12,10,8,1,8,14,1
182245 127818 10 11,1,9,3,14,1,14
194930 370951 10 3,9,4,5,8,13
157641 343972 10 5,14,3,8,5
77301 55179 9 8,5,15,5,9,6,0,3
171551 86958 10 6,14,1,0
19228 345958 10 3,7,2,7,14,6,12,3
59307 110376 9 11,15,4,1,14,5
137043 46613 10 8,3,15,7,10,10,3
103828 124693 9 8,13,15,8,7,5,14
283882 186374 9 10,4,8,6
67648 335200 9 2,8,12,3,6
118506 65870 9 3,0,4,11,3,8,8,7
77926 260182 9 0,4,4,7,1,3
305375 273402 10 14,1,12,8
138639 261006 9 15,8,3,10,12,1,1
59483 38265 9 8,1,11,14,4,4
237964 307620 10 1,5,5,1,12
29827 355760 10 1,3,4,4,4,5,7,3
171005 13812 10 7,1,14,9,4,3,12,3
382870 90318 9 11,9,7,8,14
131168 21576 9 10,5,7,5,12
352665 160984 10 1,0,9,5,6,7
353457 51701 9 0,1,7,6,1
372714 84440 9 7,14,2,3,4,4
323939 331237 10 10,4,5,10,9,5,13,14
323103 337578 9 3,8
276343 10716 10 2,1,11
222368 65398 9 7,14
239027 298671 10 4,5,4,6,9,7
89479 230123 9 1,4
117815 13400 10 14,3,0
299663 202818 10 1,9,4,2,1
98390 121365 10 5,15,5,8
174505 161456 10 2,12,10
127757 202294 10 5,8,0,2,4
58649 121344 9 3,10,1,6,5
380294 61965 10 14,4,9,4,13,14
293359 369694 9 12,6,15,4,15,12
305943 308281 10 8,4,6,2,12,4,7
237662 204696 10 8,3,5
364140 123563 9 1,12,6
178142 52283 10 13,9,1
210106 198533 9 5,6,12,4,8,10,6,7
376268 267398 9 10,5,4,8,2,4
147251 7001 10 10,4,7,1
208142 311427 10 6,5,3,15,6,5,4,1
118518 18729 10 13,4,0,1,4,1,5
8398 232203 9 11,0,6,8,3,8
116286 25576 9 12,4
51460 123530 9 4,8,4,3
294720 325883 10 14,3,8,13
382989 262185 10 6,8,6,12,8,5,6,7
5760 276316 9 15,3,5,5,1,11
372199 125874 9 13,2
31380 220360 10 3,3,1
181929 75606 10 7,0,8
228973 13951 10 3,12,5,6
379856 112335 9 0,6,3,10
369302 82617 9 6,8
86571 249200 9 8,0,8
304569 326298 10 0,4,9
338963 129238 9 5,4,4,5,4,3
303144 293942 9 8,5,1,7,9,0,12
64926 61645 10 11,0
165484 334474 10 3,1,0,2,8,6
368496 362159 9 8,15,8,10
334951 272627 9 1,7,15
36454 91019 9 15,4,7,3
102904 31315 9 8,4,12,7,8,1,7,3
117123 350348 10 13,8,4,1,12,4
357705 149011 10 12,5,9,4,10
332185 218458 9 7,13,8,6,11,1,8
246271 23313 10 5,8,3,14,6
155101 215261 9 12,6,6,9,3,8
253358 185469 9 9,1,6,5,8,12,5
344732 365941 10 7,7,3
366346 123470 9 14,1,10,9
159068 142962 10 7,12,5,7,5
349120 20839 10 8,6,7,3,1,5
62337 82337 9 4,13,3,15,5
102336 63535 9 4,3,6,8
310768 40253 9 5,13,12,7,3,12
275716 187443 9 8,5,5,1,8,5
139243 336233 10 14,7,3,10,11,4,5
259078 243505 10 13,11,13
156681 207670 10 0,5,9
191858 38910 9 5,1,5,6
204440 293450 10 13,0,3,5,15,1,6,0
152108 109579 10 8,6,10,3,12
342843 216098 9 5,15
20428 363806 10 13,8,4,2,3
37208 4892 9 8,3,2,2,9,4,7
121063 383833 10 0,14
297422 216804 9 11,3,3,1,5
145026 268926 10 12,3,5
30700 112978 9 3,2,7,4,7
156701 245861 10 2,13,3,6,14,14,5,15
104100 342998 9 14,3,8,0,1,5
58166 338090 9 13,1
28763 52476 9 3,14,2,3,3,2
249168 84510 10 5,3,5,13,7,5,7,11
372089 293103 10 12,5,12,14
95388 25691 10 5,12
197668 139052 9 6,14,10,3,13,5,4,13
372618 45834 10 3,5,5
31026 325933 9 8,1,12,4,8,7,4
336687 304630 9 3,5,5,11,15,1,15
4078 185517 9 0,3,5,13
129721 347927 10 4,11
235681 342319 10 4,8,8
133248 258569 9 3,4,9,13,12,4,1
79374 59295 9 12,8,8,2,4,5,1,7
75255 182843 10 4,2,4,0,4
220299 151951 9 2,14
234427 59941 9 4,4,4
48340 275177 10 10,1,8
244187 48964 10 4,8,4,14
729 105454 9 8,6,3,3,3
367917 236427 10 1,12,1,7,5,4,4,6
72890 171791 9 6,5,9,7,11,10,12
196559 28229 10 3,12,1,7,4,12
181025 63368 10 3,5,3,12,4,3,7,6
74836 155634 10 2,3,7,9,7,5
375499 216044 10 8,0,1,6,10,8,0
9438 78520 9 4,5,7,7,2,14,15
331951 148737 9 5,6,5,13,3,7,14
174906 126075 10 3,5,4
308633 63895 9 2,4,2,5,4
213417 276044 9 12,3,13,14,7
250873 363806 10 6,3,3,3,8
309688 326374 10 4,6,8,4,8,9,10,0
94681 294124 9 3,9,14,12,9,7,8
339119 319076 9 11,13,6,7,4
71439 302331 9 14,1,7,5,6,6,8,3
357294 139310 10 7,2,4,13
373288 349654 10 7,4,1,12,15,0
182262 107666 10 13,4
335685 376073 9 1,8,3,8,9,14
268925 1800 10 3,0,7
268126 286099 10 3,5,12,1,4,1,13
140115 178352 9 1,8,13,6,11,5,8,12
282143 265081 9 2,4,8,9,10,2,7,7
96494 326246 9 13,8,3
147092 81103 9 7,4,3,5,14
233031 236523 10 2,1,9
35963 262160 10 5,3,4,7,1,7
244879 108905 10 7,8,12,11,1,0,12
28736 279705 10 7,7,6,5
7527 118900 9 8,2
303550 246810 9 6,2,6,8,7
324437 104169 9 6,12,7,15,14,15,4
349985 332746 9 15,4,12,3,8,1,8,3
234841 27986 10 12,8
177930 342268 9 6,7,13,12,10
196581 383184 10 2,4,11,4,6,6
133290 292950 9 13,12,6,10
306523 184262 10 5,12,7,9,3,13
140895 320238 10 3,9,15,6
245400 360467 9 1,6,11,4,6,3,5,5
116175 70752 10 6,14,1,14,9
228436 370827 9 4,0
348458 381821 10 15,8
27133 337581 10 0,15,8,8,0
263528 222358 10 12,6,0,2
142079 38558 10 7,3,9,12
366544 115561 9 7,8,5,10,2,9,6
240057 225713 10 15,5,7,1,6,7,5
219605 30084 9 5,7,10,1,1,3
66620 169965 9 4,2,4,12,3,4
54817 366764 10 14,2,8,1,9
215726 328026 10 4,11,4
353475 262376 10 7,7,15,3
100416 159464 10 6,14,7
358027 109899 10 14,7,8
123201 126756 9 3,8,7
7007 149195 9 2,3
2855 179760 9 2,1,14,15,4
76877 239608 10 3,2,1,5,7
379086 182668 9 5,3,11
286495 36853 10 11,11,3,11
59774 225965 9 7,3
136591 143550 10 12,7,8,12,8,11,12
29988 256241 9 4,7,0,14,8
312287 341858 9 3,8
51780 53688 10 6,3,8,12,1,12,9
163124 361802 9 4,14,12,5,15
149935 69124 9 13,8,12,9,2,14,3,7
384049 137120 10 5,13,8,3,4
141500 211204 10 4,6,4,12,7,11,6
362547 61532 9 4,4,3,5
296541 76903 9 1,12
236030 45016 9 5,3,3,0
291358 252936 10 13,5,7,3,5,3
338020 52665 9 1,1
55562 150998 9 1,8
315062 39823 9 6,2,4
12205 314159 9 15,9
278908 253562 9 7,15,9,3,0,9,7
365315 37385 9 6,7,11,14,14,6
94693 373864 9 6,2,1,5,7,3,4
289462 69263 10 9,13,3,7,4,2
383381 121377 10 9,1,3
261282 334650 9 4,12,13,7
121993 76671 9 6,7,5,12,0,12,5
310880 380771 9 8,6
95507 258300 10 4,15,4,15,2,10,8,4
135097 44877 10 14,2,14
311659 126971 9 14,8,13,1,1,5
240587 137673 10 8,10,7,8,4,4,7
134137 38748 10 13,6,1
81345 333927 9 5,8,9,7,7,1,14
256933 189145 9 3,6,4,7,12,9
328751 240555 10 6,5,1,3
21473 296807 9 6,8,7,4
256824 176702 9 11,5,5
32527 314445 9 14,14,10,1
45096 312111 10 8,8,4,7,5,5,1
64969 337445 9 7,5,8
237441 343480 9 3,15,6,7,8
141052 21659 10 5,13
375352 234197 9 1,0,5,13,12
153983 224730 10 12,2
191481 178188 10 3,13,6,12
108502 298407 10 13,2,4
353646 238847 10 6,3,4,5,7,6
196399 33542 10 8,3,12,10,1
163611 52216 10 5,9,0,12,1,1,2,4
7728 75517 10 4,6,14,4,14,5
234470 66693 9 15,9,12,6,6,4
336358 321004 9 6,2,3
12533 274467 10 1,7,10,3,12,9,7
340581 124424 9 7,0,0,5,8
255046 215519 10 7,3,0,15,9
208445 81259 9 14,5,10,9,0
59301 143787 10 1,0,1,5,7,1,4
148679 41649 10 7,4,15,15,8,7
28287 238646 9 3,3,13,13
189102 310869 10 8,9,7,6,8,12,6
251936 376352 9 4,10,11,3
356283 50496 10 9,13,15
56631 168341 10 2,1
41818 317811 9 8,10,4,7,14
360888 16869 10 12,12,7,1,2,2,15
8814 221294 10 8,14,3,6
95612 122449 10 4,4,7,4,1
294095 9187 9 6,5,3,8,14,1,7,3
346062 229027 9 1,10
39099 92283 10 15,1,3,0,12,4,5,14
37456 369749 9 6,4,4,14,3
236384 83898 9 1,1,13,10
316611 185523 9 14,7,10,6,0,2,7,13
76937 224502 9 11,15
17172 323001 10 6,10,8,4,13
113626 349021 10 15,4,8,1,11,5
69230 318253 9 6,3
331211 378079 9 3,8,3,5
330620 278890 9 4,8,5,12,7,3
266969 15393 9 7,10,12,9,4,5
142634 85806 9 8,7,1,4,6,4,3,6
311021 118901 10 7,5,6,15,15,0,8,7
77817 113121 10 1,2,10,14
101200 20144 10 7,7,13,12,4,12
33256 219192 9 8,7
310458 25632 9 4,15,8,7
148292 339371 9 1,3,4,1,2
319873 141773 9 7,2,4,9,0,12,7,13
12953 324294 10 3,4,13,14
345773 207 10 15,8,9,5,10,4,13
151518 82653 9 4,15,7,1,10,3,7,5
242854 72036 9 5,5,2,12,5,8
45783 347178 10 4,3,15,8
283319 281566 9 4,7,3,4,1,4,0
299014 280186 10 6,7,5,2
156371 162712 9 1,4,6,15,13,7
49585 38704 9 1,4,1,12,8,7
247364 96582 10 1,4
156846 119910 9 3,11,1,14,10
176896 221376 9 4,1
171078 116685 9 3,1,3,1
350881 61791 10 7,5,4,8,3,3
48725 277557 9 14,7
214401 79956 10 13,8
346582 65303 9 13,7,15,5,13,11,7,13
279786 306884 9 10,7,14,6
65735 364501 9 4,5,1
3858 67099 9 7,1,7,8,8
308722 202679 10 12,7,7,10
273323 168944 9 7,7
67416 110195 9 4,1,7,5,8,8,7
300713 280844 9 1,0
351244 261840 9 8,4,3,7,12,5
136352 313066 9 2,2,14,7,5,7,14
18909 219983 9 7,4,3,15,1,7,3
41267 157083 9 5,15,3,3,13,2,0,1
166912 324267 10 4,8,5,2,4
54779 219478 9 6,15,7,6,8,4,7
57299 28343 10 2,1
33933 219310 9 4,3,8,1
240873 34186 10 13,5,0,13,11,4
76108 206811 9 13,8,1,14,12,11
378543 304626 9 7,9
334539 191168 10 7,2,1,8,3,2
369991 165632 10 15,3,5
249411 122366 9 5,3,2,4,12,7,11,11
116177 317593 10 15,14,13,5,3,11,15
28493 191800 9 15,6
10192 134012 9 4,8,14,3,2,5,10
305094 6924 9 5,6,7,12,8,14,8,5
193339 284739 9 7,7,3,4,13,13,8,10
346278 191976 9 8,8
44150 142 10 8,12
81075 342989 9 9,3,12,3,1,1,8
338916 225340 10 6,1,5,6
219856 325457 10 6,2,5,7
383557 209452 9 11,13,12,4,11,7,3,4
91654 172894 10 5,6,15,4,5,4
325328 346184 9 7,8
3481 48052 9 13,5,7,9,0,15,3,3
333339 354132 10 5,1,9,4,13,15,4,15
323495 72595 9 4,2,5,15,4,3,6,6
57276 336546 10 3,4,1,10,2
349826 256516 10 1,5,13,8,3,0,12,5
328449 182770 9 5,10
43241 46580 10 0,12,15
140864 355317 9 8,2,7,8,3
15780 155389 10 9,12,14,12,4,12,3
154855 15320 9 7,1,6,5
243582 172711 10 5,10,8,4,3,8
236030 137214 9 6,3,8,3,4,1,6
196718 343706 10 7,2,5,2
122904 141295 9 14,9,15,1,1
198615 43580 10 12,4,12,1
368480 118616 10 3,9,7,7
47778 59043 10 4,11,4,3
15361 339951 9 14,5,4,8,4,7,14
285743 361553 10 12,2,7,3,5,0,12
352594 3005 9 9,1,14
298048 130277 10 1,0,7
273315 90002 9 5,13,3,3,3
83277 277932 9 4,8,9,9,12,6,8
120221 347477 10 3,14,1,7,10,8
108573 6598 10 13,6,6,8,10
157849 179077 9 14,15,7,8,1,3,12
341947 62944 10 7,5,1,7,4,4
168289 134170 10 7,13,1,7
130310 130379 9 9,1,1,8,13
23076 69877 9 5,15
188128 168658 10 5,2,1,7,7,4,13
192471 318742 10 0,2,5,12,12,13
47028 164341 9 8,8,4
56900 282402 10 8,15,3,6
343919 155747 10 4,11,4,9
2260 204792 9 8,7,1,8,6,8,3
166561 169729 9 5,6,12
151582 30959 10 6,0
210916 375588 10 6,15,5,1,1,2
79746 25570 9 0,3,2,12,6
239955 277301 10 15,5,12,3,7
353434 236698 9 8,1,9
57480 146325 9 3,1,8,8,8,13
315802 269150 10 6,12,13,3,1,3,8,3
96676 187044 9 7,3,9,12,11,15
270415 50509 9 13,6,9,4
141141 321490 9 1,12,6,8,3,5,4
178954 294417 9 0,7,14,7,5,5,3,1
115362 24065 9 7,7,3,10,3,4
85988 315109 9 0,3,8
354400 209399 9 5,3,5,11
309083 380979 9 2,13,4,12,10
262944 236233 10 1,11,2,6,6,6
204350 73536 9 2,11,5,6,1,10,14,8
282718 330793 10 2,7,4,2,8,7,14,4
316523 207584 9 1,3,7,1,11
359336 157113 10 3,3,14,5,7
138872 58474 10 6,1,13,8
36986 165996 9 3,6,6,13,1,6,15
364889 78956 9 13,3,12,5,3,6,9,4
332443 86800 10 2,1,3,8,12,15,1,0
292533 319868 10 5,11,10,0,13,15,4,0
117160 247463 10 9,0,14,8,0
364316 53015 9 5,5,3,12,8,9,10
320399 113394 10 15,12
331530 212148 9 5,7,2,10,4,14,4,2
186621 104142 9 12,7,3,7,12,13,10,13
7493 78824 9 2,4,12,8,6,1,8,1
340141 222940 9 7,13,4,1,7,0
157428 27375 9 5,9,5,8,1
105907 226733 10 3,7,7,10,14
166526 67771 9 14,13,5,3,7,14,12
231115 7645 10 7,3,13,12,4,9,1
165596 60315 10 7,3,3,3,10,4
291112 308569 10 12,6,3
113757 336033 9 6,7,6,12,8
123212 162390 9 12,13,12,15,1,10,7,7
62506 1456 9 3,14,2,11,0,5,4
209474 342024 9 10,5,4,10,8,4
17686 90189 9 14,2
286158 345171 9 3,14,2,2,8
339270 362429 10 5,4,1
168219 296230 10 4,7,3,4,8,6,9,1
333372 205291 9 7,7,4
375596 382321 9 5,5,14,5,12
285063 38047 9 4,6,1,1,3,1
326138 250664 10 5,12,0
89940 380260 9 1,3,3,14,2
135418 69669 10 1,13,1,8
242123 371912 10 12,8,4,4,13,11,3
345689 337523 10 10,7,9,13
59190 30234 9 12,7,11,4,0
58549 172755 10 3,14,12,1,6,1,1,13
334998 310620 10 3,8
295961 9804 9 9,5,0,7,4,13,9
340529 32899 9 13,4,1,7
246113 206164 9 6,3,3,15,4,1,7
343749 28283 10 6,4
87409 146644 10 4,12,4
158046 11799 9 1,11,8,5
313961 161780 10 15,12,13,3
193420 109787 9 5,5,6,15,6,15,15
82457 368585 9 9,13,8,4
219491 232888 10 4,2,5,7,5
145980 12307 10 12,12,14,12,9
287142 76842 10 6,7
40142 13577 10 13,13,12,6,4,7,6,5
267951 108647 10 2,8,5,10
105228 24644 9 9,7,3,9,4
285904 360492 9 8,2
216215 305587 10 7,14,12,4
284969 247818 9 4,3,1,14,11,2
151358 249296 10 5,13,4,8,9
125502 71162 10 4,8,6,0,15,12
193844 46052 9 4,15,4,1,10,12
167452 153748 9 0,12,3,14,2,10,1,6
150487 220878 10 8,5,1,7,3,1
67194 192961 9 8,7
136958 181607 9 14,8,4,3,15,15,8
203859 288492 10 10,14,5,1,5,8,4
341965 369908 9 7,5,15,0,6,10,12,12
31046 91045 9 13,15,14,3,10,1,4,8
336050 234852 10 3,2,4,3,12
203598 320542 9 6,4,1
168382 273599 9 0,2,7,13,3,9,15,3
312697 104596 9 12,8
5012 78528 10 1,13,4,0,15,1,8
223401 281172 9 5,7,3
129083 66359 10 4,6,6,5,1,11
320971 280226 9 1,7
163971 64661 10 6,15,5,6,3
278317 179684 10 5,7,3
188349 116295 10 8,3,1,14,12,7,4,1
267238 173717 9 3,15,8,15,4
161046 216440 10 7,13,14,5
71225 10076 10 5,9,6,8,3,11,8
27042 46343 10 14,4,8,5,12,10,13,15
180522 218927 9 12,0,14,5,2,14
218901 314225 9 13,6,2,12
16045 280718 9 14,9,7,14,7,13,4,9
259685 164457 10 1,2,1,3,13,2,5
191054 108870 10 3,1
250811 209218 9 11,14,8,1,7,11,6,6
215822 151190 9 4,14,6,4,1,5,3,3
342974 87326 10 12,3,6,4,9
128256 369974 10 5,1,9,7,7,8,3,1
344079 309332 9 14,1,2,4,12,6,8
264103 233979 10 8,12,4,8,2
133386 239523 10 3,11,15,3
214142 224840 9 4,7,7
188536 88109 9 12,6,6
266196 115145 9 4,4,1,8,1
135701 171520 9 9,10,1,4,9,1
176246 36265 9 14,0,7
175305 125579 9 13,11,15,6
190499 289088 9 0,3,3,7,13,13,15
177024 350836 9 5,0
316714 38243 10 14,7,12,13
130338 279884 9 3,7
76264 322116 10 7,7,12,8,0
195506 80869 10 3,8
26238 228596 10 12,7,6
276187 292146 10 1,4,14
77650 143672 10 8,10
15185 349625 10 6,8,4,3,1,6,1,14
22905 208638 10 3,7,0,6,3
36839 193511 9 6,1
362762 294363 10 8,3
169969 194536 9 1,15,8,5
47880 77888 10 4,11,3,14,9,8
347164 288621 10 3,3,12,8,14,10,9,7
274421 149420 9 4,2,3
203244 246819 9 12,8,8
28215 72600 10 2,15,12,10,4
44215 209167 10 3,12,6,12
110299 6068 9 1,6,3,1,1
221548 366303 10 4,8
352378 36090 9 1,13,4
6656 260382 9 14,7,1,12,1,10
224655 262128 9 13,5,3,3,11,14,12
165993 133332 9 7,3,0,0,9,5,2
116700 376826 9 11,12,10,5
35604 219015 9 4,3,12
343118 82811 10 12,1,3
336444 122804 10 1,12,2,3,8,3
173895 74845 9 12,0
94393 257134 9 3,1,10,14,1
378412 370034 9 8,8,4,14,14
192989 175269 10 9,5,3,1,12,12
157529 312727 9 1,9,1
230060 291000 9 1,3,8,5
296865 288957 9 7,9,1,11,8
261333 44905 10 1,3,12,5,7,13,1
150211 376041 10 8,14,6,4,1
194907 212535 10 4,10,2,6
99951 53044 9 4,6,12,12,6
304762 229917 10 8,9,13,13,15,6,11,15
76072 51891 9 3,7,12
126046 299016 9 13,12,12,15
256939 77861 9 0,1,12,12,13
136906 19440 9 14,10,2,9,4,11,3
254343 208058 9 1,1
278256 372100 10 6,6
232956 48191 10 4,5,13,1,13,1,12,2
56147 198970 9 2,8,15
161698 68936 9 14,8,9
272712 25875 9 13,13,2
286293 369413 10 12,13,7,3,1,14
370825 52911 9 3,3,15
74547 83913 10 5,12,14,6,0,12
295863 313419 10 1,3,3,8,6
187601 322232 9 9,6,8
35706 57206 9 8,1,14
326845 63285 9 8,12,5,10,5,10
350583 174310 10 4,7,13,8,5
153388 258731 10 1,8,4,6
371769 331480 9 9,1,3,15,6,9,0,9
219462 336103 10 15,4,10,0,3
361091 148957 9 3,9,4,5,1,1
232735 331746 9 1,5,6,8,12,7,14,7
80073 166012 10 3,3,14,8,3,12,12,4
49172 207840 9 7,12,4
265794 276562 10 13,2,6,6,9,5
152646 356114 9 5,8,3
268151 65097 10 13,3,8,2,3
105941 282948 10 15,1,7,14,5,15
226646 363962 9 8,8,4,3,4,8,6
378785 93689 9 8,0,11
87853 230571 10 7,8
160371 141472 9 1,15,2,14,8,12,3
259849 144378 9 6,7,3,12,7,9,5
51822 312350 10 13,3,5
340556 334315 9 4,7,7,7,3,3,6,1
228477 358045 9 3,9,1,5,10
66120 249655 10 4,12,6,0,8,4
328064 93304 9 8,6,7,1,14,13
244759 202084 10 13,0,7,0,3,10,1,4
296736 178787 10 2,4,4,12,4,2,6
288011 84603 10 4,13,6,7,11
294194 281970 9 1,4,15,8,15
127037 63827 9 1,13,6,3,8,6
68927 167350 9 5,3,12,8
104438 141581 9 6,6,15,3
118856 32496 10 2,7,6,3,12,9,7,0
54616 9225 9 3,3,12,3,7,10,0,4
106360 369256 9 2,7,8,7,3
163201 31413 9 12,14,1,7,7,3
371876 231730 10 10,4,11,13,4
244009 183943 9 13,5,6,14,14
289355 130854 9 12,13,13,5,8
104418 151373 10 5,1,9
283484 212514 9 3,11
154914 114767 9 1,7,6
118247 279987 10 12,4,3,4,12
60574 292268 9 8,13,12,2,3
351970 153440 9 2,2,3,7,3
329712 162130 9 7,12,10,5,4
327534 303148 9 3,4,3,10,7,6,7,13
225742 254867 10 13,3,6,6,4,0,1,3
79284 84216 10 3,4,5
264312 67445 10 13,7,8,13,1,7,11
138529 196452 9 7,8,7,5,12
163401 125618 10 1,8,3
162506 157381 9 13,6,7,1,13,14,3,11
94634 94333 10 4,7,6,1,6,1
192490 5333 9 4,12,14
264619 12818 10 7,9,0,5,1,12
174402 12222 9 14,8,0,1,3
33980 72693 10 2,5,13,2
301340 168795 10 8,0,12
130585 246041 10 4,14,6
82550 238346 10 9,12,6,6,2,6,5,0
53424 364438 9 5,9,13,4
283531 34471 9 7,0,13,3,6,1,8
140793 191882 10 12,3
127636 336260 9 1,3,3,0,5,13,8
168363 226951 10 14,4,7,3,10,13
193995 133719 9 1,4
200246 356280 9 3,7,3,3,7,1
145024 361554 9 3,1,9,9,1,12
248287 309235 10 5,14,15,7
240526 143081 9 7,4,4,6,9,10
322463 367730 10 0,8,7,5,3,5,5
193463 58761 10 13,7,5
31661 131377 10 9,13,0,5,4,12
18173 330685 9 8,9,8,3,0,4,1
319380 137135 9 0,5,5,6
309897 223462 10 2,3,14,11
288753 234969 9 2,5,2,15,13,12
364817 349077 9 8,5,1
127411 332137 10 0,4,6,13,5
342745 225248 9 8,5,14,3
79836 61633 9 3,14
246136 298004 10 9,5,12,5,0,15,10,3
134590 164913 10 5,8,14,7,15,8,8,0
280175 208416 9 6,6
297024 47650 10 11,5
141761 188447 9 4,15,3,6,2,4
86321 38971 9 1,7
157731 195495 10 1,14,9,13,12,1,1
108194 44311 10 0,0,9,11,6,4
236046 299456 10 10,3,13
123461 345272 10 8,1,3,15
310351 155097 9 5,11,14,6,6,9
379204 218929 9 2,4,12,4,4
359351 296244 10 4,8,1
277380 239689 9 7,1,3,9,1,1,3
171221 82601 10 0,12,8
73437 132616 9 7,15,3,12,2
17603 162938 10 8,4,9
188189 170628 9 13,15
16148 36734 10 3,15,8,3
278787 279807 9 8,7,8,8,1,3
328667 113250 10 6,1,4
273374 195844 9 1,1,4,4,11,7
130681 98688 9 3,8,3
598 54838 10 6,4,12,7,12,1,3,15
248892 359140 10 5,8
232450 60968 10 3,8,4
321378 332829 10 14,5,7,5,6,1,12
132360 160506 10 12,1,8,10,13
118021 110092 9 13,3,1,1,0,11
84375 353640 10 7,2,11,11,13,1,3,1
31967 11836 9 12,5,5
125322 209564 10 14,7,7,15,5,0,12,7
272464 135393 10 9,9,7
342194 180099 10 12,13,4,7,7,5
238073 283922 10 5,6,0,6
91255 122844 9 1,8,6,8
16882 262961 10 5,1,13,7
48184 100519 9 8,6,12,14,15
318040 330122 10 11,10,1,3,10,4,15,7
85085 113882 10 3,1
29668 324038 10 13,3,5,12,1,4,12
151506 178723 10 4,4,0,1
334646 280566 10 5,5
105331 87605 10 5,5,6,1,3,12,1,0
258530 339793 10 11,4
30921 191529 9 7,3,13,0,6
68405 113352 9 10,6,0,13,7,7,9
101588 353376 10 1,1,7,8,8,9
303866 284834 10 3,3,13,14,13,4,14
27837 71998 10 5,11,13,15
339525 147196 9 4,2,0,5,9,11
212492 13482 9 6,10,8,2,7
98531 359216 10 5,8,9,14,3,12,0,4
282987 134587 10 13,4,7,7
360426 363268 9 5,7,6,1,7,3,4
319006 47933 9 5,3,6,15,12,7
167456 142687 10 4,5,3,12,6
31889 83956 9 15,4,5,7
115563 55980 10 6,4,0,14,11
316296 175616 10 7,1,3
272727 315216 10 9,14
379607 12577 9 4,4,10,1,4,2,14,12
231115 310823 9 15,6,13
224020 27362 10 12,3
20003 60204 10 1,8,14,11,11,8,1,4
132738 171469 10 3,12,13,3,11,13,5,0
243227 126495 9 3,11,1,6,1,6,1
309908 127240 9 7,14,10,5
353613 154020 10 8,2,10
241062 66145 10 12,1,1,7,3
358585 118461 10 6,4,5
263750 148383 9 4,6,5,12,8,5,3,3
354441 126307 10 8,1,3
64450 43117 10 14,3
71875 163727 9 5,4
100687 254707 10 11,1,1,7,5,3,14,1
250318 36994 10 4,11,3,5,12
192877 11660 10 4,4,4,2,3,15,2
371615 149670 10 4,7,5
159530 60863 10 5,4,4,8,9
169941 89906 9 2,13,12,4,7,5
297757 110311 10 2,3
322094 128683 10 2,4
28729 68022 9 4,15,3,4,12,11,14,7
15604 150692 10 1,8,8,14,3,0,3
182410 180565 10 2,0,11,2
54223 73687 10 14,4
347371 261873 10 2,5,14
47003 281292 9 13,3,5,8,9,6
326147 310497 10 1,5,6
323835 209281 9 5,14,9,8,2,7,1
66276 300334 10 6,2,12,1,0,9
131007 351168 9 3,8,2,8,14,6,7
105337 126035 10 7,15,1
154908 101410 9 0,8
371839 87654 10 5,7,12,1
317260 49317 10 8,3,5,8,4,14
90148 373210 9 0,8,8
217024 147999 10 15,3,12,8,1,7,5
246891 320181 9 0,1,4,13
266325 320754 9 6,4,7,0,3,15
152526 380709 9 4,14,7
174167 360087 9 3,8,13,5,9,3,0,6
91989 15528 10 12,5,5,3,12,9,3,14
212199 164950 9 4,9,12,12,10,6,4
146275 267139 9 4,3,2
382805 231641 9 3,2,11,4,14
209159 131363 9 9,12,3
40453 102329 9 7,0,3,12,8,11,15,5
125649 234723 9 12,12
276481 113901 9 8,0,9,13,1
179514 180565 9 3,3,4
431 306090 9 7,9,5,11,15,12
339284 213238 10 12,5,1,3,9,1,6,6
307324 255311 10 12,1,15,15,8,7
270381 91877 10 15,0
218832 181838 9 1,12
130230 92654 10 14,12
240113 155637 9 12,13
214369 370711 9 3,6,7,4,13,1,3,13
111282 210773 9 15,4,12,4,15
244729 30161 10 6,15,11,14,14
78863 313957 9 12,15,5,3,14
151651 51837 10 12,7
14445 175749 10 3,1,5,8,12,1,6,5
331736 65502 10 7,7,5,9,6,3
202922 335767 10 4,4,6,1,2,1,8
5324 289213 9 6,7,9
303170 221849 10 4,14,14,7,10,8,5
354991 52939 10 1,8,2,0
309352 310559 9 7,8,8
68573 273051 10 7,0,14,0,4
104051 154129 10 13,3,3,15,12,5,3,15
212626 198505 9 9,0
253150 359972 10 8,7,5,12
839 90257 9 4,3,5,4,7,8,2,6
77053 79560 9 7,3,4,1,0,4,3,12
367143 185197 10 8,7,7,1,8
292201 216101 9 8,14,5,4
137457 292116 10 12,15,12,8,4
374068 172723 9 12,2,4,11,3,13,10
31077 165053 9 5,8,1,11
4334 124728 10 8,14,1,8
41761 265943 10 3,9,14,11,4
324722 192801 10 1,13,7
1809 62737 9 14,1,12,10,1,3,3,1
74743 272349 10 4,12,2
285164 308038 10 6,3,11,3,3,5
74868 194399 9 1,6,10,0,12,14,5,3
197894 281479 10 12,12,6,12
42167 322982 10 9,14,3,3,5,14
350356 224927 10 14,4,8,7,3,0
147044 218441 10 4,4,7,1,8
349184 233663 10 0,12,8,8,8,5,1
11284 188104 9 12,6,10,4
104876 175407 10 7,13,3
312646 173695 9 7,1,13,12,13,9,6
323933 286093 9 5,3,4,1
162680 109719 9 9,8,15
309855 253281 10 5,7,8,12,1,3,7,7
37937 184286 10 1,13,6,14,5
144945 315037 9 3,15,5,15,6
82561 286708 9 3,12,13,0,1,1
58565 91772 10 11,7
364848 284995 10 7,9,12
149575 88510 10 5,3,8,5,8
61898 267099 9 12,11,13,9,12,7,7
104889 194690 9 7,3,3
46879 355563 10 13,8,1
255015 329378 10 13,15,1,8,6,6,1,1
310797 140320 9 7,3,5,14
22570 306207 9 13,5,6,1,5
8759 182853 9 8,9
213494 296993 10 10,4,6
151214 17678 9 8,6,1,8
286922 149509 10 8,12,5,14,3,3,6,14
286646 184374 9 1,5,8,0,1
335781 364479 9 9,3,9,1
207927 243168 10 6,10,13,5,10,6,14,5
239933 236687 10 13,3,6,13,15,12,15
115692 248349 10 4,8,8,1,15,15
27155 27680 10 9,4,4
126514 38886 9 5,8,5
306605 271878 10 13,4,15,12
15455 30316 9 9,15
299916 76657 10 6,13,1,1,15
5851 76581 9 3,4,3
360007 220021 9 1,12
257776 33815 9 8,6,5,1
189856 49944 10 8,7,1,2,5,4,3,7
248287 308885 9 5,0,15,4,12,0
81973 199104 10 6,7,5,14
264455 367247 9 7,7,4
44780 61217 9 6,1,8
17887 14751 10 11,7,13
169809 202155 9 14,13
53594 153254 9 8,11,8,3,12
37147 266085 9 14,10,2,4,12
327253 20762 10 3,6,2,14,1,5,13,6
15535 9832 10 8,1,13,13,10,2,13,3
249595 163971 9 6,9,9,7
115862 259586 9 9,2,5,12,3,5
213572 231339 10 6,15,14,8,8
125902 26828 10 5,4,10,14,7,5
290486 283405 9 3,6
372756 242204 9 9,2
245771 337733 9 1,13,6,8,7,3
344737 261580 10 6,1,6,12,10,3
129978 121402 10 11,10,6,1
168742 37480 9 5,2
169382 50381 9 12,12,5,4,7
359064 373172 10 8,4,3,5,3,5,10
94584 360551 10 7,3,15,6,11,4
227528 295979 10 13,12,11,8,12,15,15
179381 154219 9 1,5,3,13,4,4,11
83331 208947 9 4,11
352420 380947 10 2,14
158509 375344 10 12,15,8,4,7,5,2,3
299744 218550 9 15,14,9,10,4,1,7
377442 71218 9 3,8,6,3
266034 75727 9 12,8,6,15,7,15,12
377182 43177 10 3,8
50876 23084 10 14,4,6,15,1,1,7
362144 200822 10 6,9
215169 122201 10 13,10,8,4,13,2
225226 63999 10 7,4,10
361371 84375 9 6,6,15
339277 327571 9 4,7,5,7,9,6,12,3
377393 136333 9 4,7,4,9
121722 328945 9 2,15,11,8,4
274390 124045 9 7,6,6,9
189041 261190 9 4,9,14,1,2
41447 16148 9 8,6,1,1,12,11
360731 321524 9 3,3
305070 293736 10 1,8,8,12
211641 108061 9 4,1,6
139914 95663 10 8,14,6,7,3,5,7
119225 32008 9 6,1
165725 199889 10 3,1,9,2,5
316919 78243 10 1,5,13,12,2,8
329592 561 10 3,14,7,10
189174 21892 10 8,13
75802 219752 10 4,7,15,8
126304 140073 10 7,8,3,12,14,11,7,5
364556 318270 10 11,6,8,11,4,4,3
275689 86071 9 8,3
72306 106584 10 7,12,5,6,6
105399 330900 9 13,5,1,12
299654 204831 9 5,0,10,9,8,13,7
1037 325543 9 1,12,7,14,7,5
168622 53668 10 15,4,7,10,14
266408 206939 10 6,3,5,6,13,5,4
293589 210616 10 4,6,7
183811 134079 10 12,1,12,4,5,13
242433 262917 9 3,15,3,15,13,6
234816 43169 10 1,4,1,0,6,0,2,3
259593 27635 10 15,11,3,1,5,1
303359 271173 9 14,13
316499 159449 9 13,3,5,7,3
2251 232706 9 8,12,4,4,12,12,10,13
87971 101092 9 7,3,12
233696 14949 10 6,12,2,2,5,8,1
89507 256292 9 13,5
62005 160203 9 4,12,0,13,1,4
26154 156425 10 8,1,8,12
6953 277085 9 6,12
144788 51083 9 3,7,7,5,7,12,12
320384 159610 9 14,7,15,5
97879 258148 10 3,4,7,1,12,7
285870 112515 9 0,3,8,3,11
285314 335176 9 3,4
303470 262732 10 4,6,4,6,3,8
73131 379163 9 3,13,8,7,1
267426 8349 9 5,7,5,9,6,3,5
97722 331748 10 13,4,7,1,1,4,7
239957 105274 9 1,4,9,5,3,7,11,15
186344 344 9 15,9
7564 124849 10 10,13,14,9
344710 190833 9 12,6,13,0,2
247729 322173 9 8,0,2,8,0,15
229871 105095 10 9,4,10,2,7,12,1
42149 232955 10 12,1
186923 217368 9 3,5,8
16104 22554 10 8,4,3,8,2
207994 11479 10 8,8,4,10,8,3,12,8
171883 282232 9 15,15,4,7,7,4,15
86779 49463 10 5,15
6737 198745 10 3,5,8,10,7
165215 37717 10 3,5,2,3,3
205635 331681 10 13,4,14,5
92126 83516 10 8,1,7
132871 35865 10 5,12,5,2,10,2
323723 179974 10 1,12
99769 38794 10 13,3,4,7,12,8
17753 103997 9 6,15,7,8,12,10
117333 113834 10 14,12,7,0,14,7,4
136941 383650 10 6,2,12
46825 239856 10 1,9,1,4,6,5,8
228812 130079 10 2,11,13,13
102921 255308 10 3,2,11,7,4
29736 285812 10 6,3,3,4,15,1,7,4
356549 366891 10 1,14,5
154057 253537 10 8,0,10,8,3,4,4
171612 244286 10 13,4,9,15
365839 186215 10 6,5,1,2
111159 379411 9 1,8,5
22359 207401 10 5,14,12
221733 245030 9 4,13,7
119496 154805 10 15,3,15,1,14,5,0
35112 148991 9 8,6
41776 339079 10 5,4,14,4,11
247014 148791 9 7,7,6,8,13,1,5,9
268486 328267 9 7,14,3,10
275223 180434 10 14,5,7
5459 8114 9 12,15,12,2
311377 349889 9 1,2,10,13,15
162970 293642 9 5,2
136364 323728 9 4,4,3,4,0
363023 70339 9 6,7,13,0
103824 356802 10 3,14,13,6
307639 2454 9 10,8,3,4
105045 331487 10 1,6,4
62926 281958 10 9,7,3,1
316455 255774 9 1,3,12,6,12,15
325776 253976 9 12,8,4,7,11,14
20176 216183 9 3,9
219835 191380 10 1,7,9,15,2
254282 80636 9 0,5,6
244652 173520 10 11,6,7,6,7,14,14,3
110935 229584 9 4,5,8,0,8,7,5,13
227347 49219 9 7,13,7,3,3,7,4,5
293824 109404 10 4,8,3,13,13,9,1,3
141619 257996 9 3,14,0
289534 305024 9 12,0,7,1,0
377330 262525 9 5,11,7,2,1
104275 334131 10 8,1,9
12879 248719 10 12,12,4,11,7
282691 289451 9 0,8,12,15,7,4,2,15
40053 336534 10 15,5
374794 28213 9 0,12,6
288879 87094 9 5,14,7,13,8,14
160158 369559 10 14,15,6,6,3
135404 141375 9 13,8,5,4,5,9,14
24025 8019 9 0,1,3,12,2
230713 36010 10 1,12,7,9,11
223987 36459 9 9,9,4,10,3,6
192138 252276 10 3,7
300023 242212 10 6,3,15,12,15,3,3
350453 339385 9 8,0,14,2,6,3,8
180577 96872 10 3,12,7,14
218457 80383 10 0,10,1
57578 245407 10 4,1,10,13,3,7,12,12
46765 97070 10 3,14,7,15,7,12,14,0
31866 180269 10 4,4,15,5,4,3,10
376214 320428 10 7,13,15,5,1,4
301006 285035 9 2,7,4,3,12
277318 150026 9 7,12,14,4,6,13,7
335353 297646 9 11,14,5,7
252321 275680 10 4,6,2,3,15
95301 298795 9 5,2,6,1,6,3
84391 38018 9 1,5,3,14,11
361487 363530 10 4,5,7,0,4,2,12,1
152276 189049 10 12,5,12,4
46674 259600 9 4,14,3,4,15
29300 342790 10 13,7,11,5,9
153881 103572 10 14,7
368183 298629 9 9,5,9,7,8,7
329857 230746 9 3,8,4
22502 137942 10 14,6,4
200089 209876 10 13,10,1,4,7,11,1
85078 275151 9 4,14,9,14,9,8
153471 118105 9 14,12,2,8,13
45069 161105 10 3,15,5,12,1
303862 62814 9 15,3,1,8,6,12,5
250977 305512 9 12,0,1,14,3,4,3
334784 93604 10 1,8
10034 365761 10 8,8
93669 35980 10 12,9,3,3,2,13
218245 48683 9 13,7,2,0,8
283717 140993 9 8,2,3,2,7,13
282891 233380 10 9,5
141346 35385 9 13,13,12,7
196602 378723 9 5,1,14,3,5,14,7
288777 219237 9 7,1,15,3,1,6,4
155618 256167 10 13,8,2,13,15,8,4,15
310676 352153 9 12,4,12,4,1
215914 178570 10 5,4,5,8,5
284478 208207 9 3,15,4,9,5,12,5,6
257430 285799 9 4,7
352205 232684 9 7,0
201324 357384 9 15,7,1,8,3,12,0,0
285374 22233 10 12,6,7,13,9,7,11
120483 54742 9 8,14,4,5
11774 33707 10 4,5,3,5,5
293455 295316 9 4,4
161496 294182 10 4,3,11,5
201654 383833 9 3,3,14,7,6
209405 52626 9 5,5,4,2
259832 71251 9 4,10,5
49787 56951 9 1,7
221850 266085 9 5,13,13,14,2,11,4
369233 62321 10 8,10,1,12,5,12,1
67510 43811 9 11,7,8,12,8,5
92905 196140 9 4,13,2,8,7,5,0,7
99451 27620 10 8,1,6,10,0,0,1,2
118896 150715 10 5,14
179681 165588 10 12,7,4,1,0,0
274152 295334 10 7,0,12,6,6,14,9,13
121428 161502 9 1,13,14,6,9,7
271587 117307 10 14,4,7,14,11,5,8
39673 103847 9 8,3,14
289791 262959 9 1,8,7,4,13,12
168505 268478 10 4,8,10
117006 225373 10 4,7,7,14,9,8,4,7
214669 257212 10 10,8,15,2,7,9,9,7
119904 218917 9 4,5
34514 11773 10 15,11,9,5,13
24118 216359 10 6,3
370979 289866 9 13,8,9,1,3,13
359838 263010 9 7,15,12,3,14,6
305412 329761 9 8,0,7
159708 146139 10 7,4
151564 304094 9 15,14,6,7,7,1
248300 143177 9 1,7,12
111673 36003 9 3,9,3,6,12,12,4,8
60591 201688 9 14,1
258050 192596 9 5,9
232121 126165 9 8,15,1,14,6,8
36735 285421 9 0,7,12,0,10,8,3,3
176342 145063 9 6,12,6,8,2,3
361336 98882 10 12,1,8,5,13,12,7
18401 368461 10 13,5,8,2,7,0
371532 237285 10 0,5,1,8,13
211029 82542 10 12,4,13,3,9
118721 55354 9 3,8,5,5,6,8
187432 371563 9 7,8,6
10052 110541 9 5,4
206079 44455 10 6,7,13,9,14
143204 191738 10 4,10,3,5,1
307468 212733 9 8,10,3,9,1
143142 360571 10 5,11,6
87542 369360 9 5,8
329185 82060 10 5,12,12,4,9,11,8
222043 260773 10 15,15,13,8,6,1,8
18072 115070 9 4,9
131504 172209 10 3,7,11,15,14,0
122263 231511 10 4,15,15
113056 247236 9 5,9
121761 183883 9 11,14,3,5,8,1,2,4
310077 342535 9 3,8
42628 84381 10 6,13
36586 338972 9 10,3,15,1,0
242972 220258 10 12,3,3
246092 72723 9 15,15
194447 110011 10 6,4,12,15,7
301477 124860 9 1,13,12,6,1,2,6,12
183420 126591 9 7,12,8,11,5,1
306257 60456 9 3,8,15,4,7,12
238160 194924 10 8,2,13,9,13
106211 218820 9 15,7,7
30972 160825 9 5,7
198693 240387 9 7,7,1,7,15,8,13,6
27450 235034 9 5,13,1,2,9
63830 381443 9 0,7,7,1
145490 229152 10 6,8
124952 230996 10 12,13,8,2,3,8,4
143813 282692 9 8,2
12947 66111 10 1,14,3,3,7,3
57221 317222 9 6,11,4
273220 333271 9 7,7,8,0
121257 100985 9 5,6,8
26131 275911 10 7,8,1
72790 119614 10 13,11,12,1,14,5
105271 302920 9 14,9
132386 191803 9 13,12,15,5,3
119635 247295 9 14,5,11,6,9,15,4,8
8001 335766 9 8,11,5,10,6
57755 254734 9 13,12,11
76666 282053 10 13,12,14,9,0,12,14,12
199143 370717 9 0,3,1,12,7,13,4
16557 234929 10 1,7,4,9,12,13
112973 100843 10 11,6,4,5,7,5,13,6
190201 311765 9 9,4
350287 107208 9 7,5
272429 186196 10 4,5,0
236714 63010 10 12,3,11
42625 376163 9 3,13,13,9,10,12
82849 197636 9 7,4,2,15
180054 289138 9 0,12,3,1,12
166026 133935 10 8,15,8,9
228374 362445 9 12,9,2,4,12
306706 276050 9 12,0,8
113582 267356 9 8,8,5,12,13
176237 254389 9 4,6,14,14,4,8,3,3
242280 342652 10 6,13,1,7,1,2,9,11
90084 143813 10 14,6,13,10,12,11,14,3
313352 279392 10 4,13,7,7,8,14,1,6
51115 80152 10 8,8,5
159211 334691 9 6,5,3,5,0,13
380327 345016 10 3,2,1
292535 27638 10 14,12,8
33935 32058 9 6,4,4
382963 201852 9 5,5,15,15,6,5,14,7
290855 370052 9 2,3,12,1,3
276425 106577 10 13,6,12,8,4
196253 362229 10 6,7
122624 192885 9 3,5,8,5,7,0,3
41035 149686 9 4,1,1,11,1,3,13,15
230500 188452 10 12,8,6,7,3,6,4
168878 69954 10 12,3,6,7,8,7
294625 247653 10 13,7,9,13,10
98069 159761 9 15,8,8,3,5
114889 244066 9 14,4
185212 132621 10 6,4,14,5,6,7
180431 135756 9 1,3
229284 29771 9 9,6,5
369083 80803 9 15,5,5,2,7,14,13,7
93660 136267 10 3,7,15,3,5
265769 261367 9 12,6,1,1,8,9,10
219217 258231 9 12,2,1
340799 344002 10 1,11,2
191691 308653 10 15,13,6,5
357021 173254 10 8,3,5,7
195201 344258 9 5,0,7,13
136402 357217 9 3,8,0,5,4,0,13
114256 207864 9 12,6,12,10
144877 107046 9 3,9,6
201541 342098 9 0,2,14,5,15,8
149308 58287 10 3,6
115608 381251 10 9,14,3,5,13,1
39369 286321 9 3,4,12,11,8
87330 203658 9 0,7,8,4,1,3,8,3
131656 200619 9 5,6,15
185209 303590 10 6,2,13,13,3
117668 1602 9 2,3,1,12
20247 55384 10 1,5,9,13
229933 47265 10 15,14,15,3,2,2
361177 160799 10 12,3,5,3
170244 52061 9 7,1,1,4,8,3,4
281445 252596 9 2,8,8,10,3,8,10,13
227687 288576 9 6,8,12,7,2,13
72807 294771 9 2,14,1
246689 101328 9 6,9,1,14,12,5,1,5
54653 124810 9 10,9,13
376847 111342 9 8,1,5,15,12
89605 212341 10 0,10,2
79162 223268 10 4,5,1,3,8,3,0,9
216861 166289 9 2,1,4,9,5
28905 90681 10 7,8,6,6
26051 82617 10 3,15,7,7,9,4,3,15
32295 201110 10 3,12,11,7
246228 70108 10 14,4,7,1,3,1,3,13
140672 333546 9 8,3,11,0,12
158255 92564 9 5,14,9,9,9,5,1,7
277976 177329 10 12,5,3,8
158900 320359 10 0,7,7,12
211323 146725 9 3,15,7,11,3,15,1,0
138448 163236 10 0,12,7,3,11,13,5,3
49823 124835 9 12,8,3,7,12
33459 203479 10 8,1,10
82968 310186 10 1,5
45068 376068 10 12,3,1
311129 289789 10 6,13,8,12,15,0,13
155563 355801 9 1,7,1,14,7
323994 334082 10 9,14,7,10,0
380204 227641 9 8,5,15,0,9,8
269612 33326 9 7,7,14,6,3,14
360363 76609 9 4,15,4,2,2
42867 199052 9 6,7,7,7,8,8,5
300023 276143 10 9,0,1,10
339354 370803 9 8,7,12,1
268095 248716 10 12,4,13,10,12,12
334112 156947 10 4,5,7
48237 299251 9 4,14,14,8,7,3
317868 140318 9 8,4,2,11,3,1
343820 197754 9 1,13,4,3
21828 365682 10 4,4,4,7,13,7,9,12
35510 201072 9 2,15,9,8
119632 135706 10 5,12,8,6,0
153542 196994 9 10,9,14
147525 108963 9 8,3,1,12,13,1
182455 38521 9 3,2
279576 334264 10 14,9,7,7,10
46215 23214 10 6,4,1,5
58831 327393 9 3,7,5,12
107908 51273 9 8,5
186113 225234 9 5,5,4,2,8,6
96414 95469 9 11,1,1,1,1,8,4
238228 31072 10 1,2,2,3
213013 371165 9 5,1,0,8
172752 177988 10 8,6,11
261923 264742 9 7,5,4
203009 353663 9 12,13,1,7
80298 199924 10 1,2,3,15,4
288073 135782 9 14,1,8,8
293662 350379 9 7,3,7,1,4,8,5,1
293298 301033 10 13,13,5
90499 261554 10 8,4,5,12,5
92083 300906 10 8,6,14,3,11,4,8
182986 230764 10 3,8,3,13,12,7,6
126855 325569 10 15,13,12,4,11,1,0
363204 230792 9 9,10,1
267646 304266 9 4,7,15,4,13,6
41465 49970 9 11,10,14,14,7
241152 281282 10 12,7,3,7,5,5
75470 65635 9 15,4,4,13,8,3,5,8
9119 269794 9 6,6,8,13,2,4,7,3
187187 303730 10 3,0,1
260367 221147 9 8,6,6,14
255479 80089 10 8,4,1,13,12,14
172479 201866 10 7,10,6
69324 328097 10 3,0,15,14
97321 323125 10 3,14,4,12
293353 375500 9 4,4,4,1,3,4,4
191486 6129 10 12,2,10,5,8,7,4
150474 19335 9 14,4,13,3,13,1
237771 24754 9 3,12
282999 342678 10 15,8,5,5,6,0,10,8
40088 145186 9 3,15,9,13,9
154115 108765 9 3,7,8,9,1,9,13,15
82912 358610 9 7,12,4,12,4
101708 80245 10 5,4
304107 278252 9 1,10,7,9,2,4
202433 22816 10 8,15,4,1,6,4,13,8
33639 32476 9 0,2,8,10,9,6
35199 320198 9 7,14,15,5,0,0
301562 280750 10 1,9,11,4,5,14
186718 201722 9 6,10,15
274645 341471 9 5,7,13,12,5,7
375394 40636 9 12,7,12
63557 235549 10 9,5,1,12,12
375488 66869 9 6,8,12,3,3
117188 96482 10 2,15,3,0,7,12
23516 55384 9 6,12
156183 214736 10 5,15,1,11
269520 247817 10 13,1
204988 62151 9 0,1
192637 378474 10 3,6,9,7,11
328215 125924 10 15,0
243420 74414 10 7,12,7,15,15,14,8
64056 230163 9 5,13,4
258470 152264 10 8,11
320761 183768 10 8,13,0,12,12,15,2,5
362292 204982 9 15,12
99636 290255 10 10,2,13,3,4,9
337153 153324 10 6,5,9,8,3,12
183386 2501 10 1,14,4,7
169878 77898 10 11,14,4,3,5,14
243748 255115 9 15,8,5,14,6
185865 176182 10 5,5
24631 305449 10 5,3,1,11,1
324253 88974 9 11,5,6,4
321689 24157 10 12,14,9
188496 290120 9 2,8,4,1,6,2,6,1
310570 355064 9 13,8
64148 301295 9 0,8,14,1,14,15
124838 362503 10 15,3,1,1,0,14
346255 212278 10 10,3,2,3,12,3,8,5
232576 350444 10 6,12,7
297097 192028 10 1,1,7,5,14,3,9
41043 68732 9 1,3,3,12,1
89223 182090 10 8,8,11
234110 304529 9 7,8,6,8,6
85575 191287 10 8,11,4,6,5,4,8
58701 258167 10 5,7,9,1,3,4,1,12
107735 377543 9 3,9,7,5
361146 361589 10 4,6,4,2,4,1,10,15
89227 251331 9 6,11,12,7,7
1791 356980 10 9,4
184180 255610 10 14,15,12,3,1
102329 10745 10 4,6,1,4,0,5,6,11
169477 121537 9 8,5,8,14,1,15
305318 160641 10 12,3,5
307199 2141 10 5,4,8,1,13
213106 373733 10 14,12,4,3
159755 272521 9 9,1
229416 294333 9 7,12,14,3,2
54730 355353 9 13,3,1,14,6,8,15,3
353491 29954 9 4,12,1,3
270586 118436 9 5,8,9,12,4,11,7
207018 249735 9 12,1,14
352599 315886 10 8,14,12
166794 295984 9 8,7,1
326804 334580 10 1,3,11
46392 354141 10 7,4,5,15,10,3,5,1
200184 355731 9 6,8,7,4,3
373811 236845 10 2,8,3,1,12
324579 111367 9 3,4
99863 302567 9 13,5,2,10,4,3,1,1
28176 99714 10 15,7,3,2
329008 279409 10 7,11,8
308119 82133 9 8,8
92227 246839 9 13,9,8,8,3
133589 274081 10 3,15
258 28897 9 10,1,5,12
46018 382020 10 13,7,3
272627 337385 10 14,3,4,3,13,13
217299 266352 10 1,7
8927 2574 9 1,12,8,8,7,6,7
336678 150650 9 2,0,12,7,4,13
307898 186233 9 12,5,6,0,8
160445 268555 10 11,4,14,3
339644 382243 10 3,4,12,4,4,11
304377 326632 10 5,12,7,4,15,4,6,12
64398 261159 9 6,5,8,5,6,1
42122 156683 10 4,9
134500 211456 10 4,12,4,1,3,12,5,1
328363 305804 10 5,0,7,13
102346 252349 9 3,14,3,4,12,0,2
15022 259704 10 3,7,1,7,12,0,9
150364 140183 10 3,9
343703 110560 10 8,14,14
271950 7486 9 4,7,5,8,0,3,7,8
226606 99911 9 5,7,5,7,6,13,12
299067 136490 9 14,13
129701 264911 10 14,7
38078 251117 10 5,6,3,8,13,3,3
199366 299181 10 7,4,8,11,5,4
53142 318072 10 11,6,5,8,8,5
59933 326709 10 15,15,2,15,7,14,1,11
181457 328666 9 6,7
54695 262984 10 11,7,12,7,13
12179 24006 9 4,13,5,5,2,13,12
357931 128718 10 4,0,11,3,7,9
292360 139531 10 4,15,12,1,1,6
230482 125652 10 14,3
121170 24535 10 8,8,6,6,6
367705 344030 9 8,8,14,10
200337 222416 10 1,7,0,4
139198 39911 10 3,7,8
163788 300305 10 6,13,5,5
132044 59256 9 0,11,4,4
287775 243596 10 8,3,13,5,0,4
176505 365350 9 12,1,4,6
192913 2019 10 5,3,1,5,12
189912 309775 9 8,10,2,5
286808 316681 10 2,2,9
252745 328831 9 6,5,15,13,6,3,8
72805 162282 9 6,5,5,10,6
75830 306739 10 7,8
13127 49599 10 13,3,3,4,8,5
244354 382358 10 8,7,13,8,1,3
247825 262542 9 3,11,1
275282 314776 10 5,5,8,8
79349 226158 9 8,12,13,8
112828 167388 9 7,12,2,1,13,14
173126 9660 9 1,4,6,9,14,8,6,11
58297 36392 9 0,8,15,0,10,8,6,6
78085 277600 10 4,13
348686 154724 10 15,15,8
15393 140240 10 3,12,5,5,5
12346 31996 10 6,12,13,4,9
79063 138838 9 6,10,6,5,5
31881 283259 9 14,7,1,4
162211 191588 9 2,14,0,4
22039 41153 10 7,9
318093 182463 9 11,12,10
336420 107570 10 1,1,5,0
183897 161125 9 1,15
131636 365624 10 1,12,0,11,3,5,11
130284 127032 9 9,14,5,7,3,11
90871 322420 9 12,9,4,1,3,8
87170 23383 10 14,8,7,12,1,6
337898 35660 9 4,4
313526 355686 10 4,14
274717 184268 9 8,7,3,7,15,14
168666 12931 10 13,12,5,11,8,7
128863 163088 9 3,4,9,1,14,12,3
225957 325428 9 9,4,6,4,14
328984 187894 10 7,5
142284 276393 10 1,4,3,3
81762 125173 10 15,3,12,15,1,15,6,2
196551 154638 10 14,6,0,7,10,4
140052 117043 9 2,7,11,5,12,3,1,10
307262 236317 10 4,7,5,9,1,11,8,12
100422 72826 10 7,1,5,0,1,11,3
36090 322333 10 3,1,0,3,13
60797 190428 9 3,11,7,15,14,11,8
176652 38949 10 9,7,7
178546 152866 10 3,4,8,12,13
51620 89027 9 14,2,5,12
112916 263508 10 8,4,12,7,1,12,7,15
217113 313560 9 0,14,14,1,3,5,14
105919 201104 10 6,4,4,8,4
175802 138018 9 1,5,1,2,2,0
173544 26204 9 15,7,3,6,3,5,10,4
186902 235933 10 7,13,7
361878 369540 9 5,11,2,5,6,10,15
341882 20230 10 14,0,5,0,1
35527 240616 10 9,3,15,6,8
107820 245687 10 2,1,3,7,5,0
129590 79934 10 7,8,13,3,9,13,4,4
30389 225444 9 13,8,6,3
43391 167664 9 15,2,5,12
345203 95320 10 15,1,8,12,7,5,1,6
48399 282176 9 3,12,1,3,4,13,8
65936 10979 10 15,4
215645 255277 10 4,13,5,8,7,5,6
163777 309263 9 9,2,6,13,7
7341 380802 10 13,8
136651 381587 10 8,2,8
7569 139466 10 11,1
244587 377260 10 14,4,2,3,5,7
181057 380997 9 0,5,3
229429 262005 9 12,3,3
379676 319620 10 5,13,11,0
268328 6285 9 5,11,7,1,7,14
130736 171321 9 7,3,3,8
42351 142340 9 15,2,12,15,3,15
28698 84081 9 7,7,6,13,15,0,0,14
74262 3159 9 7,6,5,8
307730 86605 9 2,1,8,5,6,4
247349 304958 10 5,5,4,1,1,5,11
29424 160878 10 3,1,13,4,8,12,7
309217 307913 10 6,5,4,2,5
29537 58141 10 0,8,8,4,8,10,4,4
167518 330347 9 8,0,9,1,0,3
49075 169776 9 14,6
118191 295744 10 2,13,9,12,4,1
88448 380328 9 5,1,12,5,15,5,5
56997 14120 9 12,4,7
247109 196199 9 7,2
225632 158956 9 2,15,3
52578 76691 10 0,4,4,14,8,4
253086 285307 9 2,6
112026 153826 10 1,8,12,9
263245 142224 9 7,8,9,11,6,12
228312 255814 9 6,1,1,4,7,5,9,10
228268 246479 9 6,1,14,8,5,7
15318 284629 10 5,4,1
74160 308807 9 3,4,0,5,15,3,4,9
189456 93836 10 4,13,3
114893 160279 9 4,1
163812 257729 9 3,0
8460 24663 10 8,14,13
51491 112777 10 7,14
231296 243723 9 0,0,3,12,7
35249 232036 9 1,7
194637 337705 9 13,5,8,8,5,5,2,1
320416 93926 9 8,12
376981 193354 10 2,7,6
237145 147725 9 7,8,4,3,4
283880 362623 10 4,7,13,7,12,12
10302 71186 10 5,7
125328 11864 9 3,12,4,9,1,2,3
73613 273683 10 1,8,5,15,3,5
21100 265273 10 13,5,8,5,7,15,4,4
215488 282459 9 13,4,15,4,7,5,12,4
145000 282028 9 12,14,8,13,3
143910 33380 9 5,3,7,4,0,9,3,3
148060 368880 9 13,4
26511 127962 10 12,0
55742 171148 10 5,6,1,14
18172 371639 9 4,2,15,5,8
286075 142960 10 2,10,12,12,0,8,14
34042 218077 9 3,1
141364 340532 9 14,5,14,8,13,13,8,7
331641 115896 10 11,11,14,13,13,12
377781 251480 9 9,11,9,0,3
163635 34240 10 6,7,8,5
115072 235213 9 3,6,12
277977 156554 9 12,3,7,3,5,11,14,8
250134 104805 9 3,13,12,8
42615 118825 9 1,8,11
18056 79422 10 6,0,8,2,4,3,7,4
136968 316932 9 4,6
373761 61037 10 4,0
215708 117970 9 12,6,15,3,3,4
96711 100673 10 5,13,6,3,13,4,4,10
362 346844 10 7,8,3,5,9,6,14
155941 188560 9 7,7,9,11
293544 226451 10 9,1,10
260595 139234 10 3,5,0,8,8,2,8
249881 315223 9 7,0,14,10,3,5,7
225704 283479 10 3,9,1
229536 8472 10 1,5,12,15,13,7,3,0
324439 166779 9 5,4,15
204022 215536 10 12,9,7,1,12
91190 74311 9 3,8,11,7,15,5,8
72962 233401 9 5,3,12,15,12,14,7
82303 270610 9 4,12,3,6
219472 232562 9 2,12
329913 163321 9 5,10,8,3
61498 131162 9 8,7,13,4,8,9,15,3
146159 327437 10 1,3,1,8,6
216266 267300 10 3,1
227499 361432 9 4,2,3,12,12
375595 332875 9 14,9,6,7
297101 61986 9 8,6,8,3,1,8,14
51448 303556 10 8,8,0,2,9,12,3
195934 225667 10 3,15,4,6,2,13,12
185170 376252 9 13,12,15,13,3,4,6
294349 184966 9 11,2,6,14
96231 228305 9 15,13,6,14,13,3,8
170721 296089 10 7,0,4,15,6,5,12,9
59942 352285 10 4,3,5,9
167448 87165 9 7,5,8,4,7,12,3
289901 129118 9 9,9,11,12,7,0
269066 333914 9 4,2,5
325246 142370 10 3,6,3
373441 373503 9 6,3,3,9
373787 273461 9 9,10,2,15,15,3
331881 13586 10 5,2
208405 44273 10 13,8,7,12
286406 273286 9 3,5
21039 145100 9 7,5,8,0,3,3,14
317675 102280 9 5,13,7,1,3
279724 265550 9 5,1,11,15,6,7,6
9054 74035 10 5,4
291021 359519 9 5,4,4
301947 133762 10 4,0,14,13,5
233966 260901 9 9,6,3,4
194111 158734 9 1,7,2,3,3,3
3917 125605 10 1,6,1,8
154713 191108 9 5,5,12,3,12
266534 146352 10 8,7,5,3,0,14
222556 370359 10 13,6,1,2,0,1,3,4
11682 378011 9 6,7,6,3,7,5,6
132410 162616 10 12,5,6
142073 214121 9 9,4
255484 382661 10 1,4,4,10,4
182001 47784 9 6,3
180866 109402 10 4,3,7
92000 58891 9 8,3,1,8,6,3,1,12
322178 84134 9 6,0,7,5
15185 236820 9 13,8
258108 14760 10 4,0,1,13,5,3,3
274925 226087 9 5,15
291043 47452 9 14,0,0,14
289961 238087 10 13,12,6,15,8,0,0
279899 172970 10 2,3,4,4,14,3
225890 233668 10 6,10,4,7,1,12,11
381991 44797 10 4,4,8
312681 51288 9 14,3,2,7,3,6,3
179151 290795 9 4,4,6,7,1
22721 131420 10 12,3,5,1,1,3,3
29685 357127 9 15,8,3,4,13
232528 38526 9 3,3,3,7,9
28749 134033 9 4,14,8,6,7,1,3,8
320358 214283 9 8,4,5,0,3,6
307297 22691 9 12,2,2,8,6,12,3
224795 257742 9 5,15,4,15,12,1,10,2
359836 182096 9 6,5,13,4,0
262549 124901 9 12,13,5,3,3
230273 234545 9 0,8,3,0,3
72774 100701 9 13,14
198942 10544 9 4,5,8
28742 157943 9 3,13,7,6,6,13,2,12
131521 114795 10 5,13,5,15,14,5,9,8
334619 118919 9 7,13
152246 126245 9 10,12,8,3,12
251996 134051 9 1,0,5
96857 378212 10 5,6
276475 372021 10 9,14,2,4,13
197636 12580 10 14,15,12,7
304730 12942 10 4,5,0,6,1
99618 248899 10 13,12,7,13,11,6
52177 222026 9 5,5,8,7,12,9
184851 166989 9 3,3,1,6,9
1329 276332 9 15,6,4,0,6
240706 30111 9 2,2,14,12,6
86253 224887 9 4,4,3,5,15,11,0,8
305508 201839 10 12,1,3,13,1,0,3,3
325711 147 9 11,12,4,5,7
116738 22037 10 3,1,1,10,5,14,15
9893 237209 9 4,3,7,14,5,0,8
382155 360138 10 3,1,14,1,3,1,6
9449 279632 9 10,14,14,1
130187 68045 10 9,13,13,15,3
16506 367378 9 3,8,3,0,14,9,8,15
218542 358107 9 14,7,12,5,15,2,7,11
48497 125557 10 4,4,3,14,4,7
143442 141939 9 12,6,8
335813 350032 10 1,1,3,1
97602 200225 9 8,14,15
345139 364000 9 8,6,7
322939 45483 10 8,1
2952 303331 9 6,1,12,1,6
82951 348475 9 3,9,4,4,14
382903 94297 9 8,13,10,7,4,7,4
346561 215565 9 15,7,9,4,3,13
318213 167024 10 14,7,8,8,3,3
10701 17585 9 1,6,12
110058 299069 9 5,3,10,6,12
315437 195494 9 1,7,2,3,1,13,5
109712 210998 9 2,1
225562 236607 10 4,14,9,8,6,14
312062 190562 10 2,8,1,5,5,7,4,12
90478 216764 10 5,12
35986 295728 9 7,2,15,1
337066 211552 10 1,7,7
358544 167969 10 5,7,5,8,3,1,5,15
355695 367290 10 12,3,8
182151 333917 9 1,14,12,7,14,8,4
3252 296922 9 4,6,0
191471 188830 10 1,3,1,5,5
116740 333426 10 4,0,14,4,3,12
280789 340768 9 8,5,8,5,7
106305 364667 9 1,1
258959 363953 10 4,13,13,8,6,7
159125 199991 10 4,12,1,3,3
4705 127740 9 6,6,12,13,5
111606 377430 10 6,1,6
44387 366323 10 4,14,3,10,1
358274 287425 9 12,8,12,3
289053 75872 9 12,2,12,8,0,6,9
61284 98193 10 14,4,10,1,12,14,8
83516 63138 10 10,8,3
300459 82973 10 1,8,14,8
27447 67331 10 4,14,7,7
41550 68460 10 12,1,14,4
215269 248673 9 8,4,4,7
177433 57942 9 8,7,14,8
95931 209307 10 13,13,4
196830 44093 9 13,4,13,15,12,5
187374 371385 10 1,10,4,2
180769 146186 9 14,12
251635 41549 10 14,4,5,3,2,5,1,5
241893 348253 9 3,7
376670 379900 10 13,3,4
329723 323293 10 6,3,12,0,3,4,12,0
160028 374913 10 13,3,4,7,4,0,8
37929 202312 10 2,11,2,14,4,8,7
85031 241899 10 10,10,9,12,9,6,8
151774 314994 9 13,9,3,12,7,0,7
368248 5530 10 14,7,11,4
49701 258251 9 12,4,5
294201 78042 9 4,10,4,6,4,5,5
344607 117116 9 7,3,11
9154 11809 9 3,4,6,7,14
87633 294039 9 4,5,4
219103 192446 10 0,6,9,9
22170 28666 9 13,12,6
350121 131092 9 12,8,0,8,8,8,12,13
328761 381962 10 8,13,4,6,15,2
58299 221518 9 10,6,7,3,10,11,4,15
171215 352674 10 8,5,8,13
273870 256586 10 12,15,3,14,15,3
248481 160318 9 3,14,4,8
171430 205429 10 6,12,14,9,6,12,6,4
285624 215029 9 3,6,8,13,5,4
274461 7397 9 9,12,8,4,14,11,6,14
147660 237446 10 4,2,4,4,1,2
381393 369486 9 15,7,3,15,12,5,10,5
277164 373828 9 4,11,14,12,6,1,1
117807 238630 10 1,8,14
66310 273049 10 13,4,12,5
82722 306545 10 9,8,7,12,1,6
296933 136055 9 4,8,2,4
19830 18312 9 2,1,0,8,7
172681 606 10 3,4,7
67241 88452 9 13,5,5,10,15,1
246039 35259 10 7,3,4
368911 302321 10 3,7,14,15
361727 369557 9 3,8,8,14,3
20481 42776 9 7,1,8,7,8,5,7,3
334392 207123 9 9,12,9,12,1,4
51473 278186 10 13,10,13
168838 203847 10 3,3,3
108672 375901 10 10,10,5,3,11,4
295513 144383 9 3,8
319456 126779 10 3,6,0,12,6,7,7,8
381127 313164 9 1,3,3,3
291454 221967 10 8,0,3,7,14
308562 4316 10 8,0
196717 233993 10 5,15
217061 382533 10 8,1,8
255690 242211 10 12,1,10,4
332476 244722 10 7,4,11
13133 275476 10 6,13
347557 17274 9 5,15
27388 312429 9 9,4
381900 310054 9 14,6,7
128622 278221 9 5,2,6,14
170820 31708 10 1,14,13,5,15,3,8
89530 13808 9 3,11,6,10
98140 182127 9 15,4,8
108944 133033 10 0,8,12
380073 87956 9 7,8,8,3,0,5
96365 230877 10 6,8,7,13,12,2
264986 254362 10 5,3,3
259450 276694 9 0,7,13,8,2,6,1,6
334533 313742 10 6,8,15,4,4,4,10
41531 317992 10 12,7,8,15
105294 45831 9 12,7,1,4
206375 167519 9 15,8,3,7,9,2,15
109222 303952 10 3,8,4,10,13,10,4
223545 58297 9 4,7,6,13
232300 109071 10 3,3
123877 383861 9 3,13
228573 338001 10 3,8
350864 347704 9 6,1,4,4,2,13,2,7
38724 41249 9 5,3,7,4,0,4,14
321360 294340 9 0,5,1,3,13,8,3,2
23197 77942 9 14,8,10,8,4,0,3,7
328510 15838 10 3,14
43265 373869 10 3,4
149535 119149 10 14,14,13,12,13
108024 68382 9 3,5
17623 168009 10 4,15,8,3
247458 318251 9 14,10,4
46050 237635 9 5,2,12,6,14,0,14,6
188596 209176 10 2,13,3,8,12,12,12,3
183924 288572 10 14,11,9,2,15,5
70094 96421 10 1,3,14,4,9
16409 72611 9 7,4,4,6,10,2
281218 211870 9 4,11,4,13,14
119790 125793 9 5,13,4,4,1,15,7,7
318075 196356 9 15,8,4,8,4
21421 349426 10 2,5,13,4
34502 199554 10 14,0,9,12,6,7,10
346309 153660 10 7,1,8,8,4
344589 191891 10 13,12,4,3
351102 206872 9 5,2
281942 298906 10 13,10,13
193178 194478 10 8,4,12,12,8,9,5
249007 9274 9 3,3,10,5,9,5,7,12
109277 119835 9 6,3,8,12,3,5,3
155205 81187 9 11,5,4,0,13,4,15,15
238151 57866 10 8,7,14
15098 369182 10 2,13,13,4,4,6
4125 165193 9 8,8
125417 113504 10 10,9,3,8,4,7,3,6
134369 258519 9 5,8,13
292317 168482 9 3,7,15,6,7
191393 37659 9 5,8,7,9,7,14
28780 331725 10 0,7,2
317175 165285 10 13,5,2,2
7942 71714 10 13,1,4,9,5,7,3,4
372450 168258 10 12,7,10,1,13,7,8
235185 370255 9 6,15,5,15,4,3,13,7
305861 165516 10 1,6,7,12,3
124137 265294 10 13,11,5,4,9,1,12,6
183078 97278 10 0,4,4
321554 254761 9 7,10,14,4,2,8,13,7
368972 150906 10 3,12,8,1,10,14
92519 124241 10 3,14
234359 22064 9 12,4,6,8,2,5,1
368081 112414 10 6,13,0,4,12,4,5,15
286126 196437 9 8,6,9,6,3
12047 139989 9 11,4,10
368123 125060 9 13,3,5,6,11
197532 157055 9 13,5,6,7,3
9656 128014 9 12,1,13,3
115745 94495 9 7,8
99651 372782 9 15,3,15,11
308109 216741 10 12,8,5,11,9,0
346442 81534 10 1,6,8,3,14,5,5,3
312877 85911 10 6,1,4,14,12,12,6
34611 325000 9 8,13,12,10
272444 359958 9 12,7,6,6,5,11
290202 89407 9 10,13,4,8,0,15,1,13
298230 380277 9 5,1,5
58799 14421 10 4,1,15,8,7,12,7
283972 349503 10 4,5
312629 167758 10 2,5,4
119622 124722 9 3,13
279375 378458 10 6,12,6,4,3,5,5,15
75357 172797 9 10,14,6,8,1,15
67629 115570 9 15,15,0,2,6,7,11,3
56696 173863 10 4,7,11
64712 307324 10 12,3,7,2,12
93407 367876 10 1,2,9,7,1
14541 271172 10 8,6,13,7,7
262450 139737 9 5,2,8,7,6,14,1,5
354343 120953 10 3,12,0,13,0,1,10,4
75750 244552 9 4,1,7,10,2
358179 121018 9 6,2,2,12,1,7,12,3
228154 297310 9 2,12,14,4
26012 199209 10 6,7,14,5
255233 225404 9 0,6,15
47655 208568 9 2,1,3,4,15,0
272399 44398 10 3,10,1
180189 203034 9 14,6,12,1,7
218526 140382 9 4,11,14,4,1
361871 142513 9 2,0,14
26694 300218 10 8,6,2,3,3
62103 258498 9 14,9,3,5,3,5,15
327370 178213 10 14,0,7,3,12,2,13,4
347026 299091 9 8,0,3,8,7,1,8
339690 297106 10 12,12,11
376436 104684 9 6,11,6,1,15,3,4,1
343120 91468 9 8,5,0,12,6,0
8562 22301 10 10,3,4
145445 51005 9 2,6,5,4,6
221225 312047 10 9,0,13,4,0,8,13,3
70919 380404 10 9,2,8
359777 73765 9 7,5,11,12,0,4,4,3
254788 373370 10 6,13
367720 20825 9 1,6,12,3,7,15,5,11
3111 273085 9 5,7,4,7,6
215470 297142 9 8,4
119904 197626 10 7,12,14,13
206789 239422 9 1,9,14,11,13,8,15,7
285011 33580 10 10,7,1,3,5,7,11,7
275065 356837 9 1,15,1,1,8,7,9,8
178992 304433 9 7,5,12
327611 190377 9 6,5
201805 64454 9 12,9
169937 158798 9 8,0
379900 103165 10 7,15,7,12,1,10,7
83049 218674 9 4,4,11,12,5,14
261294 308143 10 15,12
352426 294844 10 5,15
144142 170587 9 8,12,10,11,1,12,1
142781 281895 10 7,5,1
313001 202555 9 12,8,13,5,15,7,7
192286 264813 9 4,14
157538 301073 10 5,7,5
247286 73400 10 7,14
95196 164704 10 15,12,5,3,12,5
254992 31051 10 3,3,14,5,0,14,1,14
220 176194 9 8,5,7,12
346630 160148 10 4,13,6,4
299331 183058 9 3,14,8,5,6
35474 335275 9 10,7
145640 373178 9 1,8,7,8
355694 141166 9 8,8
290969 178600 10 7,11,14,5,3
367308 230429 9 4,12
223181 190920 10 0,3
346008 359765 9 9,7,4,1
218549 274263 10 4,6,8,6
114638 348568 10 7,2,4,13,10,3,6,14
33154 314530 9 4,6,4,1,12,8
112138 203876 9 14,14,4,13,13,1,6
265478 362598 9 13,15,10,3,5,7,13
259055 376380 9 12,4,4,14,7,3,3,13
87440 46460 10 6,8,4
275631 177474 9 7,5,4,3,1,1,5
224305 304288 9 8,4,6,11,6,4,10,2
46418 292369 9 8,7,8,6,14
98581 325917 10 14,8,6
89624 251069 9 14,2
272993 105869 10 14,1,14,4,7,3,5,0
158428 179123 10 4,15
277119 316124 10 14,7,2,12
79043 175998 10 12,11,5
15880 253817 10 3,15,4,2,8,8,2,7
126238 323317 9 8,3,6,4
87414 129511 10 10,4
360704 91913 10 1,3,6,1
22441 4969 9 3,0,4,5
108881 378562 9 8,3,8,6
315842 149624 9 7,14,0,3,0,4
268839 164892 9 8,15,6,14,9,3
202645 144086 10 11,0,7
173836 313734 9 12,13,6,4,15,3,6
160350 373175 10 10,1
274622 221010 9 9,8,6,6,5
218427 357225 9 7,2,9,14,4,7,3
7840 239044 9 14,1,4,5,14,11,4
101859 236539 9 3,6,6,0,2
306927 118965 9 4,13
245150 277978 10 7,4,13,15,3
181702 87231 9 3,8,14,4,3,4,14
65651 200843 10 5,10,9,4,4,9,7
59339 265282 10 8,2
305477 326000 10 2,3,14,7,2,8,1
91464 183907 9 1,1,3,10,7,1
381427 116077 9 12,3,14,1,0,11
111286 253718 9 6,14,9,3,7,6,6,6
138506 19696 10 3,4,0,1,11
63227 331185 10 1,8,13,6,12,13
105119 40828 9 6,3,15,5
82804 292598 10 0,0,7,1,1,8,13
92297 118274 10 6,14,8,7,1,6
17155 224570 10 7,2,7,3,7,14,3
177261 28321 9 3,3,5,6
71847 280550 10 7,11,14,3,7,5,9,6
211002 230192 10 4,2,7,8,14,5,8
245498 161023 9 13,8,10,5,0,7,4
12140 124811 9 6,14,7,12,1
207730 148638 9 15,8,5,3,9
275055 48885 9 2,8,12,6,4,7
201912 70329 10 1,0,4,5,6,0
214143 260745 9 10,4,3
63072 120671 9 6,1,14
205402 49723 9 1,15,12,14,3,6,2,3
27416 102663 10 15,0,11,10,5,8,9,12
378882 24160 9 11,1,4,14,14,9,8
300004 134363 10 2,4,3,3,9,4
107576 209388 10 4,8,5,2,1
76756 72204 10 7,5,11,15,7,9,4,8
13390 171894 9 5,8,13,7,11
187835 323466 9 6,12,3,4,15
159175 80501 9 7,6,12,6,3
124105 17704 9 6,3,10,3
54652 96447 9 14,4,7,1,4,5,8,10
108861 103910 10 0,7,5,1,15,4,6
65477 121852 9 5,3
306562 358045 10 6,7,10,4,4,4,5,15
236984 255700 10 1,7,5,4,7,15
54302 726 10 6,6,15,1,14,12,14
8166 113957 9 1,9,1,5,14
299547 311568 10 5,1,8,8,1
200583 151186 10 4,14,2,14,2,5
268330 7834 9 1,6,8,15,13
56374 34543 9 8,4,1
381181 126441 10 0,2,3
343086 358350 10 8,2,1,9,3,1
258798 246295 9 7,8,3,15,5
342914 257288 9 4,7
332855 245275 10 1,4,13,6
225292 361187 9 5,1,5,5,2,11,1
150326 12782 9 0,4,8
7589 317989 9 12,12,14,10,1
137410 138218 10 8,9,12,7,4,13
370260 212127 9 9,8,1,7
155116 127009 10 12,15
22485 39191 9 11,6,8
12455 2193 10 4,8,3,8,7,5,1
224919 12328 10 6,3,5,7,3,4,1,4
3524 232109 9 14,4,3,0,9,8,1,13
93747 375846 10 8,13,6,1
142560 378419 9 4,3,5,14,1,0,10
25367 88979 9 1,11,6,1,4,8,3
74288 196134 9 5,15,11,2
94149 301196 9 12,1,3,6,13,7,3,6
83711 274331 9 6,5,3,8,2,14,4,12
357444 2893 10 15,8,15
199493 259887 9 5,3,9,1,5,3,8
180882 354144 9 5,15,4,6,9,12,13,14
175096 177798 9 7,1
89100 18783 9 7,12,2,0,8,4,14,7
254709 221757 10 1,12
153508 284626 10 2,5,0,5,12,3,4,8
324109 205974 10 8,6
258197 355997 10 12,2
13839 162091 9 4,1
225034 289086 9 15,12,8,3
90980 366230 10 1,5
202227 331249 10 8,3
98807 26316 10 1,2,15,7,1,8,10,14
111080 356402 9 1,7,2,12,12,8,3
103822 188223 10 4,11,1,9
153276 164180 10 5,3,5,5
96467 283460 9 13,1,8
76369 121120 10 14,11,9,4,8,2
312920 320194 10 14,14,6,4,8,14,8,9
232791 214642 9 15,3,14,8,14,5
12230 226971 9 9,0,3,8,15
13567 212414 9 3,9,12,1
284209 167812 10 15,4,2,2,3
93964 253366 10 1,3,7,12,6,7
98472 48435 9 1,5
348728 129307 10 12,5,8,6,10,1
330512 220554 9 2,1,15,5,4,1
154576 117946 10 5,9,6,12,7,15
367771 54673 10 15,4
67483 115237 10 7,1,1,12,4,14,12,1
242641 171023 10 14,13,4,13
111973 221271 9 1,3,7,3,5
102189 170276 9 4,3,14,5,6,4,4
318660 258372 9 8,9,5,14
65233 331836 9 12,0,5,2,7,13
325189 320654 10 4,15,13,12,7,7,6
237113 360871 9 9,14,8,7,3
128183 89907 10 13,0,4,4,1
367323 24570 10 14,8,7,7
150874 351893 10 2,0,0,5,6
356862 198605 9 14,1,1,4,7,8
221169 186888 9 15,8,13,6,4,11,9,14
105188 139312 9 8,0,13,0,9,1,5
372948 193757 10 4,4,4,4,3,9,3
133912 122855 10 8,9,1,12,12,3
7068 105873 10 7,2,1,4,7
188565 152888 9 1,3,4,8,8,4,7,12
24638 309506 9 3,4,11,12,4,14,15,3
52318 280136 9 12,6,7
14777 61560 9 14,15,14,12,6
87447 309357 9 10,15,4,13,7,13
108628 225645 10 1,7,12,4,11,7
94100 324259 9 15,3,8
22092 227068 9 7,0,3,14,7,8
285492 132987 10 4,7,2
147141 144892 10 4,14,3,7,7,7,15,1
107634 244688 10 9,12,4,4,9,7
245921 378305 10 1,13,15
289597 33814 10 8,6,3,12,9,1,4
154522 151865 10 6,3
283218 297301 10 4,8,8,8,15,6
142007 250576 10 1,11,9
4531 104635 9 10,12,8
32617 63413 9 8,4,13,5,6,9,0
53444 261779 9 12,6,6,13,9
552 276290 10 5,1,15,4,6
101026 138613 10 3,4
340985 83083 9 14,0,13,4,12,14,15,2
181541 329610 9 0,3,0,3
133682 25927 9 2,1,7
364315 251470 10 3,0,9
209350 170162 10 7,0,7,6,1,15,13,7
243038 10780 10 15,3,1,14,4,11,13
121861 356156 9 2,3,3,5,5
339322 231302 9 1,12,5,6,10,5,8,8
136396 356055 9 0,3
83672 27581 9 3,3,3,15,8,3,4,9
146883 324503 10 4,4,2,0,12,13,2
318544 301074 10 6,12,7,6,15,2,1
11164 255223 9 0,5
138681 239876 9 12,11,4,8,14,11,7,8
330880 157274 9 1,7,13
342544 132763 10 7,8,4,4,9,12
12729 348623 10 8,13,5,12,3,4
43117 329375 10 15,11,4,10,11,2,0,4
268745 149634 9 11,3,3,6,0,13,7
25281 122452 10 7,8,6
229197 79563 9 8,7,2,3,5
83989 50964 9 7,14,3,12,7,11,3
215866 365900 10 7,1,15,15,5,15
157336 273086 9 4,5,8,8,8,4
142947 43502 9 0,5,3,4,6,8
293455 165714 10 7,15,6,0,12,14,5,14
257608 11736 9 8,5,9,1,6,4,14,1
18960 191687 9 14,1,5,8,1,4
118549 130783 10 3,3,13
108590 359355 10 12,7,4,1,4
4854 242395 10 7,3,4,12,14,3,3
153065 346259 9 1,12,8,8,2,1,8
219837 292595 10 3,10,15,1,14
96583 130124 10 9,13,1,9,3,1,7
179833 257583 9 9,1,8,6
41716 378748 10 1,4,8,11,9,11,7,5
209183 57744 10 2,4,4,4
141056 70100 10 15,12,12,14,5,8,13,8
56184 320578 10 5,2,4
232787 19344 10 4,11,6,9
142395 192036 9 3,4,3,9,12
318271 194927 9 12,13,14
301618 18254 9 1,0,12,3,4,7
188634 83720 10 14,1,14,2,3,7
309203 96295 9 4,15,13
101215 14268 9 7,5,3,5,12,15,7
353358 280477 9 1,3
231528 142018 9 0,12,14,5,14,5,3
43406 79545 9 12,0,6,5,6,8,2
379393 60694 9 15,1,1,14,7,2,2,15
36627 226809 9 7,3,6,13
170433 13197 9 14,12,9,3
197559 360423 9 13,5
259381 154724 9 6,5,9,6
292409 143629 10 9,7,2,15,1
163279 122380 10 5,1,3,6
215206 143172 9 14,5,6,9,8,1,3
335590 269754 10 3,9
204442 220882 10 1,8,10
258605 131743 10 5,8,3,4,5
147136 293431 10 2,4,10,2,4,7,2,7
257884 76436 9 7,7,4,8
232097 86493 10 1,7
347276 360765 9 7,12,5,7,8,14,1
164604 168657 10 8,7,5,7,4,0,15,7
239553 77496 9 4,2,8,15,0,1,7
155431 250667 9 4,9,4,3,13,1,0
374668 165649 9 3,8,12,5,3,12
381003 80057 9 1,4
63222 335461 10 11,14,6,1,14,7,1
276472 306952 10 10,7,3,13,7
256678 358483 9 11,14,11,4,0
287904 6934 10 7,13
242484 4897 9 11,9,6
254260 89067 10 12,12,7,6
241160 380832 9 14,7,7
63839 260529 10 3,11,7
59889 201295 9 8,12,15,13,4,5,1
372634 163101 10 2,5,8,10,1
189161 175442 10 3,4,3,15,5,1,15,4
32247 101431 10 4,6
20899 277457 9 11,3,13
381919 370704 10 15,7,12,5,1,6,1,6
112015 104060 10 7,6
113722 115029 10 12,0,9,14
129039 117769 10 13,1,1,1,1
193580 323963 9 6,3,3,14,13,9
278721 17228 9 12,6,9,2
203934 358267 10 8,9,7,7,14,4
29056 180809 9 15,3,1,4,4,1
364877 289054 10 3,3,1,13,8,6,14,3
64948 93606 9 12,15,3,6,6,12,15,7
197386 27279 9 4,4,5,12
146828 170774 10 4,15,6,6,13,4,7,12
314742 245364 10 4,15,8,8,8,11,8,7
337832 359025 10 0,4,1
279108 15870 9 4,12,1,13,5,4,1,8
292459 127046 9 0,9,3,3,3
272492 62341 9 8,7,13,8
171221 346470 10 0,1,3,7,13
185327 114498 10 12,14,15
73410 268148 9 11,14,6
142076 315802 9 8,4,4,8,2,12
269022 38648 10 7,7,4,7,9,12,7
180900 123619 10 3,12,14,7,1
59568 232333 10 14,2,8
68453 115585 10 5,1
25692 41629 10 13,6,1,15,7,12,8,9
262544 109023 10 7,1,3,4,14,13
48393 319490 9 4,11,7,6
309016 183660 9 3,9,8,10,8
49051 66209 10 0,2,6,4,8
66684 120515 9 8,5,7,6
214068 233331 10 13,12,1,9,2,2
93513 70112 10 3,2,4,6,5,4,1,5
370056 281105 10 7,13,13,13,9
308471 309388 10 3,3,4,1,7
345785 222681 9 1,7,4,2
276758 127397 10 9,4,7,10,0,10
190990 295151 9 1,11,7,4,4
33688 233770 9 2,2,6,13,12
178366 119969 10 4,9,14,15,13,14
23987 378359 10 12,4,6,6,3,6,12,8
269925 270736 9 4,7,6,3,3,14,5
211778 176331 9 13,7,3,8
334045 38457 10 6,7
320110 324305 9 5,0,4,5,5,8,8,1
331138 122930 9 5,5,5,1
277998 185886 10 6,6,5,7,4,14
54620 119966 10 14,7,1,12,5
338369 182127 9 3,8,5,7,0
288289 84061 10 3,7,0,2,13,7
159651 54943 9 5,6,7
106022 258524 9 5,0,0,6,14,1,12
23193 52470 10 10,4
297127 145452 9 3,15
248773 226556 10 13,3,11
366938 271905 10 10,7
10546 88813 10 13,3,14,5,12,12,5,13
8181 168811 9 13,8,4,3,8,12
100427 258503 9 9,11,12,5,12
117810 84172 9 8,12,2,8,3,4,3
358333 350410 10 8,14,6,13,4,3,12,15
331752 354408 10 7,7,8,10
200934 71948 9 8,4,6,7,3,8,8
376822 284836 9 4,6,8,8,3,8,13,13
36403 140213 10 1,12
257197 230462 10 4,9
175135 11747 9 9,6,6
263880 77879 9 3,4,1,4,6,7,5,3
314691 112963 9 6,5,13,2,4
20117 319649 10 5,6,7,8,13,1,4
352921 35675 10 8,3,1,11,5,8
325824 359266 10 8,7,12
149490 153920 10 4,3,8
357705 376625 10 1,7,2,1,8
61769 297875 10 5,3,6,6,7,5
78859 77429 10 4,7,2,11,9,14,4
159221 307783 10 4,1
199942 283276 9 7,8,3,4,4
319250 154876 9 10,8,8,6
54244 159711 9 8,8,8
238851 306801 10 8,11,2,1
358633 65717 9 5,1
73316 310808 10 7,12,3,7,12,7,9
219437 318016 10 12,12,15,7,3,1,4,15
215650 189942 9 8,7,6,8,12,6,14,1
120932 361947 10 12,11
274272 277099 9 5,7,4,14,12,7,12
376900 221052 9 3,2,1,1,4,2,6
12430 55491 10 4,12,6,8,11,14,4
354623 288515 10 3,13
258702 45769 10 8,15,12,3,12,5,3
299019 141842 9 9,8,5,10,8,10,13,13
158370 305077 10 3,4,9,1,13,3
195687 241558 9 7,7,13,1,4
263128 85599 9 7,0,13,3,1,15,8
139061 65388 10 12,4,11,7,4
169711 229247 9 10,2,5,6,4,3
346520 159445 9 1,7,13
621 65514 9 5,3,8,12,12,0,6
10779 188502 9 4,2,7
37314 341960 10 8,8,3,3,2,3
331155 226787 9 9,14,0,5,12,5,1,5
132630 65607 10 7,7,3,14,6
353300 8445 9 7,5,13,15
51320 360765 9 0,3,8,5,14
49547 468 9 8,6,11,0,5,3,12,8
230760 328276 9 4,15,3,1,11,8,7
64388 235297 9 9,4,4,1
337325 289446 9 4,9,7,13
83986 86165 10 12,7
177091 215883 10 4,10,3,12,5,8,12,12
263558 115145 9 4,8,12,7,14,4,8,12
26395 166138 10 14,1,4
288333 50279 9 9,1,4,6,2,3,7
81473 19658 9 6,15
126569 237637 9 8,4,7,11,7,4,14,3
172150 178995 9 5,7
25161 170564 10 15,8
197086 372879 9 13,7
184768 184538 9 3,1,13,13,8,3,15,7
253271 84285 9 8,12,4,6
239535 105319 9 15,12,1,12,8
366421 8491 10 8,8
321852 261447 9 7,3,4
153004 245580 9 6,6
37287 328166 10 1,8,4,6,0,15,6,1
117339 278013 10 1,12,6
37711 203857 9 1,1,14
39333 192478 10 7,8,4,15
275013 260125 10 9,5,4,3,3,7,2,5
279326 69005 9 3,4,0
296123 64250 10 11,8,8,15,7
165311 281090 10 6,0,7,3,4,12,5,8
37890 63767 9 2,7,1,8,8
375108 132768 10 5,3,0,8,4,3,7
324813 350850 9 1,8,5,5,10,3,7
94459 312933 9 9,8,5,7,3,5
367866 190374 10 12,7
68766 142631 10 0,3,6,5,0
204799 40320 10 4,8,9,13
139665 355364 9 1,12,12,12,1
21362 2917 10 0,5,4,1
283196 37896 10 5,13
21995 111734 10 1,12
25391 238980 10 3,3,4,1,8,3,6
86693 38152 9 1,8,7,6,12,14,8
195365 326709 9 8,7,4
67237 188245 9 3,1,2,3,1,12,1
46372 124030 10 14,13,1,3,12,5,4,14
229822 25786 10 7,2,1,15,7,13,11,1
374923 92784 9 6,13,8,8,5,14,4,8
64545 226631 10 9,14,9,10,3,4,3
263059 79015 9 15,14
277068 82786 10 3,15,15,11,15,3,3
265 106503 10 13,6,11,14,10,13
134384 166479 10 9,5,7
219411 214427 9 5,8,1,6,0,0,5
330959 44678 9 1,13,2,3
355698 364912 9 4,2,14
364051 117571 9 11,10,12,13,5,14,7
69441 212363 10 9,8,12
17613 345721 10 8,7,2,2,1,7,8,7
1106 328197 10 9,5,12,7,6,6
293190 367697 10 6,5,14,5
285883 371478 10 10,2,13,4,3,4,7,1
249770 28616 10 3,1,7,15,8,9,8,8
11049 46269 9 3,7,3,13
306376 177455 9 14,6,8,14
323746 163894 9 4,15,4,5,3,4,9,8
328348 340619 10 15,8,5
329610 358464 9 2,13,1,15,12
5943 4495 9 3,0,11,6,14,8
215893 114314 9 3,8,4,3,3,7,9,3
212443 155754 9 3,14,8,7,3,5
312870 7738 9 7,6,13,8
294967 256294 9 7,0,1,8,4,6,6,6
48559 175929 9 2,4,14,12,3,12,12,12
91353 30196 9 14,4,12,5,6,5,7,5
36207 190480 10 15,3,4,0,6
250473 182631 10 3,8,2
187604 243082 10 7,3,1,8,3,5,8,6
296261 24147 9 3,1,1,8
246488 131152 9 1,1,3,4
196174 270700 9 8,5,10,12,13
311671 242578 10 5,3,9,12
7736 208743 10 5,10,6,13
44840 226640 9 6,5,7,5,12
172262 20079 9 5,13,1,12,10,2,4,13
172929 52537 9 8,6
81440 344935 10 6,14,12,11
127957 249906 9 8,5
82447 355329 9 8,8,1,5,5,4,5
184921 157939 9 7,5,5,14,13
47067 255079 9 3,3,14,3,3,13,9
118097 356449 9 7,8,13,5,1,8,7
288951 365467 10 12,13,13,2,13,0,0
97100 87487 10 15,4,11,8,5,4,1
116081 181752 9 2,3,0
188349 289795 10 3,7,4,8
191414 3116 10 0,8,13,9,8,5
22792 296877 9 2,0,12,5
208621 136337 10 3,3,15,9,4,8
141674 217309 10 5,6
127019 43181 10 1,3,12,4,0,11,13
292142 159202 9 3,10,3,13
4464 205362 9 7,11,1,1,8,3,8
319963 93163 10 4,5
325528 180430 9 1,5,4,15,14,12,6
101318 277198 10 4,12,11,14,5
91879 67203 9 15,10,7,6,12
35341 306152 10 4,4,2,1,5,14
104229 224156 10 7,8,1,4,1,6,7
276146 99813 9 9,3,6,5
133708 126960 9 12,7,14,6,3,5,4,9
234655 134574 10 2,4,4,3,3
157096 64011 10 0,4,9,13,4
130153 15622 9 4,6,6
238517 372611 10 1,3,12
187263 246807 9 6,6,4,13,13
64530 120619 10 5,14,8,8,11,14,15,11
67573 364672 10 1,2,8,13,5,3
70012 44651 9 0,1,1,3,2,6,3
144259 211434 10 13,14,1,7,10
63816 355174 10 3,8,8
169724 348540 10 13,2,4,13,12,1,6,14
222355 119494 9 8,8
123667 153011 10 4,3,0,3,8
288366 85002 10 6,3,3,7,3,3,8,1
259285 128598 9 4,4,7,12,6,6,7
46410 151028 9 7,5,7,0,7,14,9,3
166310 152840 10 8,3,4,11
327152 366156 9 3,5,4,14,12,8
224982 157866 9 3,2,9,6,8,4,15
257470 160954 9 12,2,15
348849 302520 9 4,1,14,14,2
223775 120614 9 14,12,13,4
258752 258922 10 4,14,13,14,7
144546 211334 9 15,5,8,4,14
223651 185761 10 3,1
164374 10518 9 12,14,0,4,14
168634 148435 9 13,3,11,7,7,7,15
312229 281685 9 13,8,0,1,4,10
1705 109277 9 5,15
270700 357892 10 8,14,5,4,14
358657 165214 9 6,7,8,0,3,5,5,10
39061 346947 9 12,13,8
316021 347792 9 7,8,5,12,5
23879 85711 9 6,12
20143 128113 10 8,7,3,13
105822 262584 9 1,15,7,10
129450 262067 10 6,14,4,3,1,7,8
379119 213943 10 4,1
89247 223152 10 10,7,8,2,2,4,5,7
247756 143681 9 15,6,3,4,1,13,4,4
223004 146653 10 7,7,12,12,0,11,13,1
26256 78560 9 12,1,8,1,4
207489 148305 10 6,8,7
377241 336901 9 8,14,5,5,6
232430 12454 9 3,8,2,6,5,11,14
142891 331224 9 7,8,9,2,9
247480 256489 9 15,4,8,8
259539 380297 10 6,6
166336 142062 9 12,1,8,1,12
33549 192764 10 11,3,14,3,5,9,7,4
36485 272193 10 7,8,4,15
62295 281435 9 11,13,8,5,7,2
292288 374906 9 9,2,8,11,8,8,7
301348 167609 9 8,4,5,13,4,4
113930 352919 9 3,7,12,6,11,15,12
156113 316318 9 5,8
164582 366871 9 10,8
297887 319387 9 7,8,4,11,4,12,8,4
332767 157139 9 1,3,3,3
152882 366448 10 3,13,7
223680 334144 9 12,6,6,15,15,0
177081 143299 9 7,5,2,7,0,4,7,15
362796 332361 9 14,0
257125 118039 10 7,9,6,1
99685 140475 9 6,0
156889 79309 10 2,4,12,1,1
229182 280520 10 5,4,6,3,8,2,7
123623 379273 10 0,8,8,3,7,7,13
235067 141322 9 5,7,12,10,10,4
177108 264064 10 2,2,12,4,5,3,12,12
251685 136258 9 2,10,6,1,7,11,8
335719 98224 9 0,2,14,5,11,13,12
152547 143724 9 15,13,6,5,12,7
132024 74641 9 8,5,6,4,6,5,14,9
201694 67423 9 13,0,13,7,1,0
117187 216327 10 7,0
211504 232632 10 10,6,3,7,14,12,6,14
347659 73960 9 4,3,14,7,1,5,3,8
183674 21932 9 4,1,11,14,4,6
323283 159843 9 4,11,4,4,7,6,0
174594 166372 10 6,8,11,7,7,3,14
203952 314257 10 4,13
222739 305036 9 2,6
1487 61494 10 14,2,7,4,3,9,6
18590 46470 9 4,2
85244 16696 10 3,9,6
173978 77360 9 4,2
329604 260123 9 8,7,4,4,14,3,14,5
377003 21550 10 12,14
250745 104421 10 8,6,0,7
238008 61549 10 12,7
276051 72800 10 7,3,11,12,5,14,10,14
8407 23254 10 12,5,10,12,6,3,11,12
229128 187014 10 2,14,12,10,6,12
296842 195175 10 1,0,8,4
164689 271183 10 5,8,3,2,7,14,1,5
221482 261685 9 2,13,1,9,8
93320 288993 10 6,4,11
252694 208590 9 3,4,13,13,15,12,5,7
278706 184466 10 12,4,11,15,7,7,11
1549 78214 9 9,1,12,3,3,1
48378 382629 10 4,3,7,7,3,10,15,5
333427 177514 9 5,12,8,7,6,8
119547 355063 9 15,8,4
265198 246599 10 6,7,6
133580 135084 9 7,15,4,4,13,9
243700 211173 9 12,9,12,5,3,4,7
148247 185227 10 10,2,4
224070 186850 10 3,9,12,13,5,15,7,8
61185 309396 10 2,1,14,3,13,15
51951 342778 9 3,8,12,6,14
131601 74464 10 12,8,3,5
80972 62961 9 4,4
327633 259427 10 3,1,4,3,8,14,3
180328 315214 9 3,8,9,12,0,0,2,7
143157 359915 9 2,8,8,1,6
373899 246754 10 14,14,5,12
180608 283641 10 8,0,14
149801 248350 10 9,8,6,9
195301 51148 10 7,4
194180 31794 9 5,13,4,12,11
21032 325304 10 13,7,3,8,2,7,0
56373 93803 10 4,3,6,3,14,3
127986 371509 9 1,4,4,4
341463 26553 9 8,8
122348 1846 9 1,4,3,13,7
274669 113872 10 4,0
100114 47936 10 1,4,4,7
363465 116564 9 3,4
376368 119770 10 8,0,12
138772 176459 9 4,3
346787 224748 10 10,7,6
340007 169661 10 3,3,13,8,12,1,14
99452 342271 10 5,1,3,14,4,3,14
330849 339167 9 3,8,8,12,1
350059 139311 9 0,8
334451 204007 10 1,4,7
217940 20263 10 4,6,1,5,8,8,9
156820 258069 10 7,0,9,14
154774 183261 9 3,4,3,0
162012 233493 9 6,7,8,1,0,8,13,15
139837 132938 10 7,6,3,9,5
232989 39351 9 8,6,7,12,5,10
341496 53780 9 0,5,9,3,3,14,8
235795 150211 10 3,0,4
261076 334497 9 5,8,13
135281 371589 10 4,1,7,2,3,15,0
377066 140206 9 8,7,13
133083 327614 9 14,7,13,12,3,4,7
132870 214041 10 9,1,4,15,2
189687 158003 9 4,12,5,5,7,9,12
25515 294484 10 3,8,4,5,6
237708 197621 9 8,6,13,1
89378 61324 10 12,13
303848 93166 10 4,7,1,4,12,9
210714 110164 10 1,8,13,12,7,7
381704 122176 9 9,6,12,5,14,2,3,12
71541 194926 10 12,4
248041 56407 10 7,13,1,14,6,1,2
292303 371702 9 7,14,6,8,1,8,3,14
98309 311989 10 4,2,6,15
344827 270734 9 4,2,13,2,8,6,8
66715 239586 10 5,0,4
370572 182017 9 6,8,1,7,14,12,10,15
2248 124220 10 3,9,9,7,6,9
360383 177923 10 11,13,6,2,4,12
311838 125815 10 1,7
133216 85370 10 6,4,14,2,9,14,7,15
85643 198014 10 11,8,7,1,3,0
17707 119382 9 3,12,11,13,12,10,1,3
321412 76125 10 6,1,3,13,1
229650 50299 10 11,4,13
82710 43098 9 7,8,15,14,4,5
115704 98622 10 1,6,3,14,15
163003 285804 10 2,4,8,7
369755 280928 10 6,4,1,13,11
23106 236036 9 12,13
75623 290549 10 11,2,7,12,5,10,12,14
264713 55471 9 10,0,5,6
110349 214009 9 6,3,14,13,12,1,3,10
228242 272143 9 9,7,6
234743 236773 10 1,7,2
158134 67475 10 4,5,5
265461 370612 10 7,4
75191 81831 9 14,4
307228 125684 10 7,7,3,4,13,3
294593 1697 9 7,8,0,13,4,5
91751 208549 9 3,6,7,3,1,4,6,13
235795 131920 10 12,5,8,15,4,3,4,8
57981 342319 10 4,8,7,7
275296 14114 9 9,8,5,4,3,5,5
103175 266864 9 2,0
345422 23632 9 9,3,4,4
342359 39372 9 10,0,5,14,4
172038 46095 10 1,8,4,15
165541 64935 9 5,1,12,14,14,7,7,8
150662 184596 9 6,7,12,8,3,1,13
128675 43812 10 1,2,1,3
245502 125173 10 13,3
307680 91601 9 14,4,5,7,4
200789 60858 10 5,8
74581 37638 9 2,14,7,13,12
240452 317502 10 12,6,2
257984 68873 9 8,3,15,3,14
89507 214254 10 0,1,4,12,6,13,14
712 60930 10 0,10,4,7,1,7,3
56324 245621 9 0,5,11,5,14,3
60109 81954 9 4,1
132450 256487 10 13,12,0,2,15,5
322693 64510 9 7,0,3,9,3,6,1,5
137652 214766 9 8,7
130562 194753 9 6,7,1,2,6,1,5
336577 159106 10 8,5,13,8,7,4,4
87540 160386 9 15,8,7,5,7,6,7
154289 335811 10 8,9,4,4,4,10,1,3
280563 223312 10 10,13
103466 332872 10 2,5
325418 143805 10 7,13,3,8,4,10,1
293067 282449 10 12,3,8
37159 119490 9 12,12,15,1,8,9,5
156085 108081 9 5,14
100921 375605 10 7,8,4,8,6
301699 257835 9 1,8,6,5,9,5,4,7
259427 80222 10 9,1,5,8
57989 223649 9 7,12,3,15,14,3,10,1
371742 377675 9 8,5,11,8,14
2086 366374 10 13,2,13,5
181914 301460 9 12,12,7,14,8,1
253069 190287 10 6,7
302349 15455 9 3,5,11,15,0
165548 223696 9 3,5,3,13,6
152515 26496 9 5,8,12,15,0,3
184472 304665 10 6,11,8,4,7,3
364156 153336 10 7,8
19231 284176 10 0,11
108818 221677 9 1,3
347185 113745 10 13,12,13,15
27363 177476 10 4,4
323888 15776 10 12,3,10,7,12
28435 100791 9 4,5,13,5,2,13
31438 231882 10 6,5,12,15,13,4
117737 203650 9 6,12,6,8
205813 280636 9 1,5,12,14,12
296124 253118 10 7,7,0,5
174652 236789 9 3,5,13,12,8,5
178600 374436 10 13,7,4
164064 330780 10 3,7,4,7,3,3
247732 350176 9 4,15,3,2,3,14,12,3
136180 331157 10 5,7,7,3,0,8,9,1
343666 100833 9 0,0,14,6,6
137400 330925 10 2,6,4
382752 38688 9 7,6,9,5,3,13
277224 149614 10 15,0,1
70874 21574 10 13,13,1,14
207648 6319 9 9,8,5,8
344203 227484 10 4,6,13,12,7,13
128404 97989 10 13,10,8,10,3,3,6,9
81056 263340 10 9,5,1,12,7,3,3
197319 171206 9 13,12,12,12,6,7
251231 245506 10 9,4,5,3
266146 342966 9 10,13,12,13
63334 379152 10 15,7,10
382925 184665 10 13,4,2,6,5,1,12
