17877 39209 10 130,32,216
13223 28663 9 59,178,185,44,8,114,49
14944 6584 9 38,29,44
27188 9308 9 63,62,63,56,111,130,37
24466 4405 10 46,41,104,102
27889 19578 9 140,146,40,42,118,85,47,105
38016 13328 9 44,9,28
1763 2227 10 149,15,13
12596 37446 10 25,184,185
33812 34928 9 85,49,79
9429 15897 9 63,100,43,141,60,21
17220 39142 9 163,45
32544 4799 10 115,104,10,20,63,67,44
39103 27078 9 43,117
7729 15124 9 85,23,19,8
7802 38318 10 20,183,110,62,31
32980 22941 9 76,48,24,211,162,44
29315 5757 10 130,53,110,7,106,45
20445 33108 9 118,114,25,51,116,178,31,40
31848 17097 10 65,31,182,10,104,16,64,130
27246 11680 9 45,44,104,63,181
107 12780 9 143,128,40,60,25,109,95,115
40536 7491 10 36,63
45568 6103 10 149,145,110,194,90
29583 1939 10 87,20,130,58,56,169,62
15441 31064 10 120,55,169,103,80,59,58
9671 37090 9 10,108,129
8459 42156 9 26,129,52,118,63
38331 19356 10 136,40,29
38338 24810 9 84,50,113,28,41,65
18269 25333 9 24,101,107,23,48,136,61,29
27343 2898 9 93,104,185,108,37,20,181
19999 27973 9 49,46,66,41,18,14,136
12964 34871 10 179,41,103,109
29357 25438 10 104,185,62
22503 38030 9 108,10
36522 2014 9 113,42,14,8
39191 1892 9 143,182
34184 39311 10 37,29,57,107,95,91,37,101
7123 21944 9 59,128,117
35609 2474 10 31,104,105,51
44121 8360 9 65,46,166,135
24216 28548 9 51,56,66,14,119,50,183,67
1003 44727 9 92,10,69,130
4023 31749 10 21,7,58,83
22692 2400 9 15,58,87,45,109,53
38419 24204 10 115,108,53
33483 20406 10 87,129,163,96,21,141,111
26107 8487 9 10,149,90,53
2326 24596 10 130,67,16,65,24,54
14249 27993 10 105,178,129,25,19
27058 17242 9 21,34,80,177,183,12,78,82
33380 38447 10 43,201,27,91,133,84,178,20
42240 15943 10 79,210,9,12,104,104,106,58
31775 13010 10 60,53,75,136,19,106,119
31637 27193 9 62,82,56,31,136,118,108,48
6725 22290 9 130,85,119,49,41,111,19
13874 20557 9 81,61,15
7296 41123 10 18,69,113,81,83
44888 9797 10 69,24
33563 39208 9 18,49,28,25,169,167,48
38353 3929 9 200,216,127,65
15203 42026 10 40,49,129,65
11291 3109 9 58,112,10,104,55,110,16
10145 45283 10 17,56,136,182,60
26207 20576 9 120,39,85
37082 20236 9 162,47,34,14,30,59,94
27017 45683 10 57,25,130,33,156,182,50,36
6272 24249 9 63,38,56,63,129,20,54,104
27033 20418 10 53,84,55,113,106,39,185
29893 17799 9 21,104,9,104,16
25381 2791 9 10,35,21,109,114
9295 39367 10 63,31,14
14180 43367 9 102,104,48,132,28,51
37206 18241 9 33,109,41,179,40,57,48
25982 30948 9 27,136,114
7713 17397 9 141,67,8,167
35388 23236 9 143,28,107,42,44,216
23278 3288 9 10,55,118,85,48,163,58
15214 31062 9 57,60,108
44919 27711 9 60,19
35987 43122 10 29,27,27,65
23413 26662 10 64,32,20,48,85,36,22,138
23665 27383 10 66,132,85,13,96,185
23736 487 9 112,136,63,106,111,43,25
28548 13568 9 49,111,31
29507 36264 10 84,109,81,48,142
44283 37687 10 46,61
21470 42407 9 91,66,55,34
3659 1063 9 41,83,81,35,27,129
28787 8053 9 112,41,102,18,48
14313 43211 10 104,17,115
42602 43043 9 106,18
7390 34187 10 52,128,36
23357 43836 9 112,60,29,54
39869 31306 9 25,50
10946 9443 9 103,60,110,55,67,44
17383 41195 10 103,63,18,23
37234 10109 9 20,61,194,28,133,63
33185 15690 10 63,28,10,104,14
25737 28395 9 51,28,65,44,104
44542 1931 9 105,136,154,55
8309 7985 10 80,129,50,63,140
9483 10038 9 110,143,140,59
42864 24889 10 83,64,33,82,83,95,49
15103 16216 9 46,28,119,8
4509 14993 10 163,9,81,127,104,14
29299 19682 10 114,58,194,29
45024 23056 9 64,141,69,49,182,104,20,177
5295 12629 10 91,53,189
613 45129 9 185,57,18,110
12859 23635 9 81,110,104,49,49
41647 608 10 117,46,62,116,62,103,21
21840 15491 10 46,104,116,52
38627 16755 9 178,32,83,35,63,146,64
659 44545 9 68,43,102,142,22,40
36444 35196 10 131,82,20,132,10,10
571 6472 9 34,30
321 23 9 29,14,46,60,33,116,19,141
5876 3656 10 81,104,156,40,169
38783 18919 9 55,145
20145 4425 10 133,67,82,185,65
14132 43956 9 112,64
20697 23577 9 108,43,53,19,30,101,29,63
9775 25318 10 79,83,52,144,24
8175 39868 10 85,105,52,24,119,114,67,23
17707 41507 9 113,49,39,59
42266 24684 10 156,55,116,119,103
4035 16883 10 192,82,67,149,140,111,102,162
8273 8287 9 182,56,31,185,42
20918 35322 10 185,163,92,27,139
23814 31803 10 17,129,100,66,44
40140 22519 10 82,24,134
43465 30618 10 69,119,57,83,51,41
29984 15702 9 47,131,42,135,179,169,210
42323 1150 9 141,47,48,69,85,58
17149 40665 9 8,103,102,49
18778 11910 10 58,23,24,184,58
36895 2575 10 65,58,130,28,7,18,130
32911 2430 10 104,87,111,48,63
40983 16140 10 8,48,163,85,35,87
42730 11071 9 36,104,30,132
30969 29181 10 158,54
1512 2726 9 17,87,25,33,104,143
40143 34916 10 48,22,169,65
17254 19433 10 104,35,69,149,57,101
23514 29729 10 64,12,40,185
15182 41566 9 52,69,113,128,41
5968 4147 9 19,181,113,60,20,81,43,181
35803 34373 9 51,32,17
34020 21366 9 183,48,65,62,62
879 9799 9 83,103,72
23412 12581 10 18,104
5124 22370 9 66,20,8,19,144,116,143,15
41168 29816 9 140,113,17
9018 18710 9 22,43,161
28658 43865 10 119,7,159,20,19,130,54,46
12248 26853 9 120,65,58
15461 30170 10 185,151
35254 42977 10 200,18,105,109,14,20
41065 35811 9 113,53,113,47,81,197,83
12148 31755 9 49,146,76,19,52,126
17596 7117 10 185,27,21,43,146,83,181,5
13062 16561 10 52,63,17,128,134
11768 42096 10 49,101,62
45007 9261 10 55,119,48,34,34,107,29
5981 36047 10 49,27,58,46,101,104
10057 16760 9 91,103,10
22016 27594 9 66,108,47,179,112
43482 44909 10 66,23,129
37375 25907 9 83,79,131,84,78,130,20,184
32461 38243 9 132,141,146
4779 390 9 160,17,10,140,103,45,113,63
24795 20712 10 40,163,20,34,83,46,119
31993 25138 9 59,51,87,109,146,91
15476 29366 9 50,129,100,47
39584 28799 10 82,61,145,55
21792 32963 10 104,59
33465 42622 9 102,107,10,17,20,25,119,131
3137 45381 9 14,136,49
37746 4206 9 104,82,107,32,163
37111 26646 10 9,134,22,10,112,69,60,194
10106 19980 9 131,28,51,31,104,12,111,18
40626 22814 9 21,119,58
11063 43785 9 129,119,69,18,163,28,181,43
17015 12230 10 58,163,69,65,184,131,120
13465 25120 10 149,17,57,131,185,58,57
15839 2114 10 82,47,45
17000 22467 10 54,33
1199 5367 10 25,134,15,17
1415 3448 10 49,28,15,64,132,156
15647 5637 9 61,104,66,111,185
3743 15835 9 156,19,40,63,113,19,85
26747 34978 10 48,110,60
23463 42708 9 21,130,100,59,103,110,145,87
40128 8993 10 34,60,83,48
29459 22102 9 181,116,136,61,145,119,128
6659 25327 9 29,20,132
24109 41015 10 63,63,109,185,131,34,14,151
14708 35946 10 21,51,23,25,144,18
29004 3492 10 61,169,139,131,8,19,51
37249 45518 10 111,18,85,39,160,85,23,40
45712 9794 9 44,63,40,106,81,119
23717 15745 10 101,63,151,18,133,103,57
5904 15376 10 62,46,183,52,59,142,12
19136 4334 10 118,115,153,85,116
14682 3646 9 194,17,7,28,23,82,162,114
27218 39104 10 21,51
41461 34407 10 118,128,62,49,116,102,77
18447 766 10 146,65,110,113,178,82
2047 8230 9 84,59,141,27,35,181,12
33852 25326 10 63,185
5309 25758 9 61,133,47
14504 35006 10 130,24,63,24,119,80
28379 3619 9 154,107,84,102
34950 32434 9 83,51,108,85
15013 8517 10 21,22,49
21160 20764 9 51,46,61,112,63,184
6967 8823 9 116,22,120,21
24495 43834 10 17,35
10786 23840 9 58,57
8612 38864 9 112,108
37921 4117 10 15,10,115,101,184
7489 43156 9 117,135
30625 19228 10 16,28,130,129,14,63,56
42741 12849 10 44,131,49,52,15
13867 20589 9 58,108,145,50,47
23717 20312 9 104,129,118,62,110,142
35055 17994 10 66,115,9
17610 26505 9 58,49,53,144,22,107
23393 39549 9 85,38,20,7,10,54
37118 15471 10 106,61,63,54
1924 43943 10 24,37,40,129
43237 40872 10 106,104,18,182,87,101,141
21640 27471 10 184,20,42,134
38071 6436 10 118,169,105
38163 11394 9 49,49,46,118
37091 23814 10 83,63,19
9764 14752 9 181,10,21,61
40965 16063 10 185,40,109,24,104,130
2702 19289 10 15,140,182,104,78
31563 34103 9 138,57,120,27,120,101,130
29765 40281 10 58,102,64,58,59,119,181
32358 38355 10 80,65
43258 44530 9 51,113,56
17247 30228 9 107,62,81,99,9,118,149,59
11303 15888 10 111,111,64,129,30
26455 27526 9 9,160
41114 12293 10 152,161,104,184,58,101
23882 30314 9 33,56,194,48,49,29,129,142
32935 35127 10 19,24,67,145
28633 36115 9 8,59,44
40618 31997 9 181,46
12297 35354 9 53,185,128,118
4871 31447 10 49,101
17511 10421 9 21,107,69,37,14,59,7,65
16046 30245 9 141,36,61,81,178,8,47
18559 19800 10 81,102,43,109,133,58
15430 23700 9 104,85
43958 18904 9 140,15,78,12,83
43273 1056 9 130,20
32872 33836 9 83,104
2246 23531 10 43,60,58,48
33008 28598 9 50,58,47
25530 32249 10 54,100,51,20,22,65
38208 42356 10 103,85,84,117,194
17251 37659 9 80,63,106
3633 5365 9 78,109,84
41392 8250 9 109,145,53,194
13149 14463 10 106,37,157,85,141,45,30,19
39620 34650 9 12,129,21,103,31
38753 457 9 134,45,43,9
1234 20545 9 20,119,200,59,48,81
45294 45587 9 49,65,65,111,179,142
37468 9368 10 34,63
2761 45177 10 103,51,94
39974 21234 10 79,144,177,139
5235 12923 9 33,119,80,119,69,109,130,12
35063 38753 9 20,115,114,56
18768 1801 10 54,35,17,85,54
12342 29458 10 47,130,178,104
12180 11854 10 61,82,62,82
29961 19954 9 129,191,16,68,36,83,64
26070 42135 10 128,21,56,118,49,19,17,63
35633 28797 10 36,142
42348 39201 9 91,132,194,47,65
17316 568 9 20,131,91,11,40,32,19,63
20695 10120 9 144,195,27
39262 26682 10 25,24
8394 22000 10 113,156,153,59
3788 9652 9 117,20,39,16,51,8,87
12293 13216 9 67,57,30,185
37256 18458 10 24,10,101,34,20,100,117
24866 3723 10 83,64,118,28,42,52,33
38381 34369 10 91,52,185,22,119,185
10908 34297 9 116,117,62,9
23743 31908 9 106,141,33,17,118,39,67
37734 6903 9 42,22,52,46,49,119
7205 1509 10 23,51
12620 23276 10 108,104,24,20
9867 26556 9 83,51,114
15910 30034 9 36,78,17,149,169,184
28916 13130 9 129,152,119,79,22
7953 35237 10 58,126,58,98,57,41,128,39
12837 40573 9 38,32,83,102
25585 5514 10 41,130,185,60,118,62,15,29
9421 36390 9 14,67,128,194,20,61
45554 3059 10 34,53,104,14,40
29042 36599 10 32,48,185,24,132,181
7787 43648 9 49,109,153,60,65,93
28096 2461 10 35,57,49,139,59,129,149,162
37774 31601 10 105,20
28375 4381 9 162,39,87,10,29
44094 6975 10 117,59,54,67,32
28544 38045 10 102,18,80,68,109
6419 33651 9 9,21,20,112
30214 4906 10 115,102,29
28121 27027 9 42,112,8,59
8760 12354 10 104,32,128,112
31054 36712 10 53,82,54,34
13991 32362 9 152,129,53,49,185,116,185
42029 34344 9 81,132,15,119,194,83
27491 12682 10 135,43,91,49,59,48
36800 39347 10 39,10,29,41,8,185
43128 26648 9 141,82,49,101,37,130,177,18
30712 15661 10 53,48
14355 26035 10 52,19,54
42120 2007 9 81,21,10,38,65
20975 29240 10 45,51,152
18248 13044 9 182,21,14,81,142,181
8242 31865 10 104,120
39965 27962 9 112,148,106
23483 27834 10 60,118,49,36,8
39374 15844 10 108,59,101,182,18,104
7849 42335 9 33,17,91,58,83
4752 42249 9 132,65,102,15
4651 14717 10 52,81,129,104,111,61,44
11136 12580 9 60,108,62,21
2696 23329 10 48,54,34,156,49,54,25,21
42867 38665 10 129,30,116,194,182
16916 44915 9 104,129,115
7252 14353 10 132,163,19,82,17,129,28,9
32466 35268 9 184,178,103
21834 14413 9 63,67,109,135
42734 16712 9 120,21,29,8,119,63,149
8779 27751 10 61,81,69,55
24297 29460 9 20,49,132,144,111,182
2833 31361 9 20,102,60,82,130,128
2035 32503 9 120,81,41,49,15,44,46
31831 14429 9 149,49,161,20,50,131,169,22
5722 20313 10 83,58,22
24294 30854 10 118,63,129,62,40
2061 16383 10 47,27,17
14540 21405 9 142,18
13289 8687 9 185,162,210,13,18
14177 38141 9 7,131,82,25,59,62,128
37195 14454 9 22,149,129
37235 30732 10 194,83
27680 39857 10 184,40
30962 45634 10 135,116,115,181,49,18
3452 16082 9 19,126,104,146
32410 20145 10 119,117,24,87,20,23
2520 42474 10 12,82,20,127,66,87,106
1018 25974 10 113,20,39,63,182,129
43800 18897 10 91,129,105,83,114
12593 39307 9 169,101,41,114,42,84,10,132
3896 43741 9 120,55,110,23,104,83,55
5284 5111 10 50,47
27134 36659 10 115,45,117,8,132,96
18244 25731 10 61,131,185
7441 2451 9 91,39,62,169,30,83,7,83
10492 1786 10 91,65,185,101,139,60,110
39538 1073 9 15,116,66
40409 27180 9 47,23,20
5036 3973 10 54,81,34,18,181,81
3463 15514 9 9,35,46,179,18,104
14119 24453 10 119,106,66,41,145
30645 23620 10 22,103,40
11593 12978 9 105,105,185,114,29,83
32940 10225 10 185,109,103,84
19119 1004 10 139,120,101,104,62,115,20
42466 7478 9 59,7,91,63
39281 41334 9 62,49,61,20,87
43932 26959 10 49,66,38,119,84,58,119,103
6700 8823 10 143,132,21,47
44388 17706 9 14,62,38,179,128,119
24362 15191 10 7,45,49,61
7659 30102 10 199,81,20,15,113
6371 41501 10 41,35,65
26429 31880 9 49,114,118,58,102,64
27748 27372 9 59,132,18,68
7941 36796 10 119,87,31,163,55,29
42153 6254 9 145,160,67,142,104,61,102,28
6004 36455 10 83,163
38779 20550 10 31,82,54,83,45,182
20488 16238 10 59,65,24,44,144,63
15622 36112 9 12,42,185,65,108
19738 5037 10 52,19,132,49,185,35,25
28617 45532 10 83,46,30,58,42,129,61
42453 1009 9 59,194
42457 21964 9 51,117,69,28,41
7937 14430 10 182,178,85,69,83,38
8322 13031 9 66,31,204,77,105,42,101
27586 36707 9 23,15,120,104,15,162,41,60
32559 13434 10 120,37
9561 4035 9 49,21,104,10,85,41
10941 12425 9 114,87,25,28,41,140,132
37595 32879 10 66,30
11083 37407 10 19,53,111,184,114,91,105,129
42088 20631 9 140,14,116,87,91,64
28942 9773 9 106,22,95,39,131,144,104,81
40064 9202 9 182,139,29,145,129
3612 29490 9 39,24
6886 31137 10 29,106,162,134
20101 33809 10 28,185,63,83,109,45,178
45146 1717 9 179,130,15,96,110,48,10
10982 9957 9 56,184,142,177,30
29411 44642 10 18,113,87
23743 2975 9 140,84,47,33,36,142,133,100
38907 35312 9 185,36,105,106
14018 31594 10 95,19,130,68,58
7430 18270 10 101,85,136,109,102,57,131
36154 34927 10 120,39,140,136,84
2934 39010 9 156,67,51,115,18,53,44
17580 32671 9 8,62,69
35710 41690 9 78,21,179,160,146
24914 2949 9 156,119
30297 20884 10 116,182,118,112,7
15832 18626 10 44,52,83,184
38759 14565 9 58,39,41,129,103
28718 23690 10 194,156,62,49,65,61,156,20
26112 44601 10 48,71,41,34,109,146,30
24537 29826 9 47,18,118,95,117,24,47
18364 21658 10 45,42,129,184,58,109,118,107
37729 27261 10 18,35,181,58,33
43261 6406 9 20,158,129,178,81,114
14194 8518 9 91,55,136,49,39,169,102
16812 40100 10 185,61,106,42,104
12769 20354 9 116,82,117,36,102,129
32101 16146 10 44,42,48,39,61
22820 34631 9 136,61,26
9567 21282 10 31,24,49,119,25,16,51
13573 36271 9 33,119,114,163,16,49
23742 3315 9 118,169,181,184,184,85,18,96
3189 34585 10 46,102,135,81
24251 3600 9 114,79,116,56,184,169,184,20
27079 6947 10 17,51,163,185,129,63,157,132
13475 31608 10 111,120,129,24,179,83,178
39290 1002 10 55,56,21,91,18,103,10
29116 3625 9 39,194,41,58
38365 36559 9 60,139,138,60,131,28
38051 11782 9 25,47,16
13762 29067 9 23,116,43,115
37915 38262 10 83,131,15,133,211,133,48
27487 35824 9 178,68,48,163,62,82
35988 32514 10 98,216,28,60,9,17
710 43232 9 112,25,30,116,38
35372 11824 10 194,42
10811 9017 9 195,82,83,47,35,136
26308 16382 9 136,22,130,102,156,65,110,111
33984 18186 9 65,61,10,91,182,47,15
31842 13142 9 7,19,63,129,25,181
24315 43441 9 14,185
29384 7185 10 10,109,29,64,103,108,66,107
33620 18120 9 184,49,60,31
23072 43521 9 81,141,195,57,7,143,178,62
26874 13898 10 110,136,25,129,22,134
13150 3038 9 43,52,111
31515 18308 9 60,129,50
20221 26146 10 140,139,62,64
8548 40505 10 61,107,14,132
17597 21390 10 156,134,49,100,84
9669 21505 10 21,48,104,69,30,59,58,169
30960 35790 9 65,45,48,185,32
11365 39077 10 152,104,27,112,139
11200 7902 9 19,59,95,31
10639 24852 10 7,103
31457 37376 9 103,37,38,65,10,17,38,65
13220 835 9 48,110,48,79,42
41120 25121 9 81,61
18738 17228 10 103,163,61,145,69
3053 26076 10 103,82,30,28,20,16,49
18858 38949 10 149,83,161,104,22,64
36569 6126 9 27,93,109,112
632 20359 9 17,102,18
8900 15354 9 85,63,12,28,81
33369 16159 9 104,100,17
42149 38468 10 104,114
20237 44632 9 84,25,84,69,10,52
35679 13382 9 85,18,26,152,112,47,160,119
34021 1447 10 110,19,31,102
26803 33224 9 46,83,30,185,65,35
24236 38518 9 112,87,10,59,64
30388 1539 9 68,145,112,45,113,20,185,83
16023 36669 10 112,28,106,103,62,31
1159 20176 10 45,78,141,103,119,103,183
16293 536 9 62,25
4493 5278 9 26,49,184,104
2672 30381 10 63,45,141,49,117
26998 37697 10 40,119,45
36233 2864 9 63,61,40,68,146,10,149,107
20383 19966 9 37,60,107,140
32287 43648 9 46,128,58
45319 19249 10 29,29,185,7,119,83
9594 3834 9 85,68,103,185,47,132
4072 16767 10 54,56,87,29,104,34,48,115
17463 37928 9 45,107
17596 12275 10 58,47
10306 9368 9 133,144,48,8,152,104,118
31871 11576 10 178,59,18,96,16,63
6632 4882 9 8,15,184,69,63,58,111
1373 7747 10 63,130,42,115,57,120,162
41359 8822 9 119,40,83,129
42895 34142 9 91,152,14,182,46,131,42,22
2423 2503 10 83,9,12,51,35
3480 32331 10 81,53
43900 26326 9 211,37,38
45200 40527 9 110,156
34941 14348 10 118,185,14,44
17800 16454 9 183,8,200,184,146
26932 23652 10 54,132,118
41795 35455 10 21,19,195,128,30
455 14619 9 7,50,35,83,104,182,130,63
22851 34163 10 118,60,17,63,26,51,18,48
35345 2019 10 83,54,35,130,107
28805 14358 10 178,195
43664 19175 10 58,58,21,83,163
32872 2713 9 163,141,21,10,49,103,34
5720 4238 9 115,62,130,41,20
43773 13669 9 103,119,145,149,60,116,48
23222 7156 10 35,36,104,18,149,48,38,63
28264 4719 9 62,120,64,48
1370 33033 10 185,111,185,100,185
6557 433 9 14,83,19,182
36075 42144 9 67,132,63
41549 659 10 56,58,194
31276 2250 10 17,104,10,102,80,22,35,20
4938 35419 10 16,113,103,127,9,162,119,15
29351 42325 10 151,178,36
45035 24943 10 21,102,179,118,41
41469 28337 9 129,22,80
27443 23118 9 177,51,40,18,112,17,106,60
29505 7085 10 169,178,191,135,189
24243 4310 9 146,111,44,52,179
10184 27066 10 154,119,42,179,39,118
31967 28220 10 17,62
21049 25656 9 194,103,21
40323 7271 10 18,58,58,62,119,9
7874 28716 9 129,57,84,29,52,113,101,181
33058 35331 10 61,107,162,8
35844 44808 10 112,48,16,12,56,185
36646 21745 10 20,183,23
45044 38665 9 64,182,61,117,63,141
10765 27051 9 120,153
5525 19058 9 141,100,82,36,33,40,62,119
18115 44094 9 181,10,22
1450 11956 10 129,14,179,38
26675 33811 10 110,7,179,179,14,65
33101 31734 9 28,156,16,204,130,55,20,55
13073 20825 9 129,47,40,20
40190 38912 10 103,142,20,43,43,48,12
29445 29239 10 83,25,45,36,119,16,178,113
2161 5627 9 58,59,110,129,112,78,18
18757 43875 10 84,85,142,133
19768 37611 10 185,81,54,59,58,60,29,57
394 14266 10 156,33,114,62,110,28,69
34703 41067 10 33,49,80,21,35,44
45394 14970 10 115,54,22,62,39,61
8975 28306 10 48,19,104,83,62,48,17,29
22475 2188 9 149,104,50,53,41,102,112
39482 44605 10 185,87,12
3946 24935 9 58,182,42,58,118
34747 28707 9 81,49,134,137,163,136,110,57
31413 28467 9 29,129,39,149,76,6,20,129
43725 8326 10 116,104
31393 18392 9 55,152,68,62,29,51
34160 32751 10 20,84,54,102,134,129
7971 32142 10 156,162,26,18,68,115
32608 7131 10 34,24,136,64,138,75,53
24727 35074 9 31,30,113,182,83,129,105
43780 43524 10 18,40,44,58,142
28374 4008 10 87,8,57,184,63,102,62
32856 39663 9 117,181,12,118,117
23058 29935 10 65,179,60
25429 8286 10 194,91,41,62,36
37284 27273 9 33,22
20626 39191 9 136,182,48,83,130,36,24
19348 12263 10 25,47,20,158
31325 45450 9 46,54,49,10
44993 19721 9 85,130,48,21,102,16,48,21
34756 26139 9 201,132,18,60,53,119,116,65
18575 12576 10 56,63,12,18,36,56,59,185
36911 40042 10 61,185
22954 27376 9 46,24,126,163,61,58
1097 13205 9 87,51,58,111,44,87,141,104
32920 27814 10 48,106,63,131,129,82,83,80
13085 17459 10 21,100,128
37095 36221 9 100,40,59
10837 23343 9 58,53,120
7610 19226 9 35,113,109,140,68,67,29
12920 35244 9 177,36,83,42,178,48,29
14397 1078 10 49,49,12,136,135
11829 27418 10 90,8,16,63,18,163,10
27733 4584 9 8,38,12
28061 25147 9 60,53,119,43,119
27730 2811 9 46,53,163,60,21
18010 13335 9 77,17,143
42510 21758 9 39,133
7248 31876 9 49,119,69,61,128,113,59,104
8586 45085 10 136,18,83
39620 2360 9 162,127,83,63,33
25223 2689 10 48,111,14,129,153,183,49
33536 43640 9 117,129
28361 16293 9 83,81,119,108,152
40745 41235 9 46,63,199,16,57,9,110
14062 42704 10 21,131,24,35,194,155,39
1356 1978 10 76,35
28281 11654 9 83,84,117,110,31,113,183,83
29688 28518 9 136,111,54,21,109
33289 30925 9 149,10,185,19
25648 254 10 43,81,118,44
16500 7021 10 152,36,12
2897 29151 10 45,58,44,131,117,185,114,62
33163 27515 10 111,80,152,185,30
29378 13659 10 118,10,113,83,48,87,20,132
40961 16031 9 47,132,9,183,136,18,132,130
83 9778 10 169,19,146,83
6051 20581 10 102,146,91,45
28351 15700 9 185,104,40,129,48,48,47,25
37544 10429 9 60,82,83,47,7,82,105,30
3670 30528 10 38,82,116,37,20,49,83
36550 17616 10 183,38,49,104,17,34
26969 30067 10 64,83,115,39
38005 18977 9 65,191,34
41880 13169 10 160,61,45
37700 37251 10 55,39,62,169
4363 21240 10 113,129,204,17
3139 2324 10 21,56,129,105,33,49
40103 37674 10 117,45,10,201,45,184,82,184
32884 36022 10 87,82,145,209,24,144
11233 9393 10 30,50,7,120,39,130
9894 19351 9 110,162,184,130,17
38642 6862 9 20,81,119,179,78,29
3538 16936 10 117,35,119
17261 31885 9 156,181,68,50,19,29,61
11663 43491 10 10,10,23,65,115,115,38,32
7951 6627 9 48,33,21,111,89,41,25
16024 11924 9 57,19
22293 5623 9 28,103,120,23
18180 4242 9 15,60,25,30
45705 7054 10 183,9,143,63
37095 39695 9 112,18
6740 2106 9 65,120,82,84,108,113
33514 3480 9 104,117,132
5129 27738 9 102,135,110,84,61,202,194,58
16872 35622 10 9,23,183,31,49,114,115
25947 26272 10 162,115,87,169,105,142,30
15563 15160 10 59,31,43,91
16853 15420 10 119,103,129,35
31931 7387 9 48,50,53
8882 41137 10 84,139
32267 7149 9 83,156,21,68
2380 38001 9 30,36,61
21124 12752 9 119,47,19,17,53
14191 41139 9 105,22,146,79,107,21,68,42
605 40632 9 20,109,58,89,53,114
22392 548 10 20,20,61,7
26884 4036 10 31,46,49,34,44,58,107,129
28284 45428 10 58,65
8565 14106 9 19,41,45,19,83
2435 8778 10 108,132,62,40,73
45389 27181 9 27,38,48,195,145,185
22699 12771 9 184,104,82,67
31903 9529 9 54,162,82,177,9,112
27674 22779 9 104,117,185,111,62,52,169
31755 26444 9 41,12,115,80,178,68,129,143
7695 32117 9 43,85,127,119,83
28847 43177 10 55,58,47,48,47,15
16187 27230 9 29,43,61,37,146
19249 37877 10 50,158,46,47,22,57,57
29795 35385 9 10,110
21240 19940 9 20,129,116,35,19,55,53
42347 44940 9 101,10,24,20,10,30,55
25462 32441 9 54,179
28763 30069 9 108,58,140,29,155,67
18687 23638 9 49,81,65,83,29,35
1228 15775 9 10,193,63
24138 30069 9 29,58,78,84
4022 35015 10 45,43,9,15,143
21331 15099 10 152,82,67
40328 25332 9 35,16,48,118,46
7014 10547 10 130,119,130,40,134
30383 25684 9 18,60,64,64,194,85
27299 44446 9 111,22,57,179,113,52,136
11699 45576 10 105,49,119,79,91,102,34,24
44265 33640 10 37,63,91,60,63,142,119
23887 13440 10 156,118,52,58,91,141,43,31
4949 15148 10 21,81,120,129,21
4170 19727 9 144,162,82,146,128,22,14
9494 36154 10 50,57
24445 27665 9 149,182,53,22
35449 15378 10 109,13,23,39,83,130,185
2193 6142 10 85,39,54
30361 29742 10 185,185,58,54
2291 26509 9 45,81,104,104,85,12,163
7337 29467 10 98,184,119,132
22456 43520 10 120,29,194,61,101
8759 3056 9 15,83,194,103,44,30,129,38
41988 8740 10 185,60,104,113,63,143
22208 35257 10 40,83
1132 13483 10 58,53
21377 33370 9 119,66,67,62,83,109
28396 27202 10 20,61,140,52,111,40,54
39992 3020 10 132,185,119,53,119,103,41,104
15208 12420 10 48,145,33,10,85,115,50
20029 20874 10 36,49,152,104,182,142
5963 17158 10 117,8,53
5169 28830 10 129,178
2823 6693 9 58,42,119,24,49,184,68,44
1885 21502 9 32,119
44627 12883 9 69,20
27035 42659 10 42,30,102,181,49,127,90
8885 16351 10 20,17,107,185
18342 42994 9 30,110,58,104,47,119,54
17282 35025 10 185,116,23,177,112
7185 19093 9 83,20
33335 44459 10 63,104,117,119,185,87,102,20
10427 34895 10 24,144,185,81
17371 34053 9 83,129,130,56,37
27241 8201 10 84,129,82,63,24,96,17
38118 27380 9 157,119,109,129,87,145,63,61
21109 24196 9 82,34,102
1469 39789 9 42,12,101,115
22220 22377 9 129,178,58,143,38,30,169
25201 6998 10 21,62,78,204
28810 12855 9 49,39,102,130,129,103
42663 45340 10 118,129,83
9383 7579 9 157,58,68,184,58,58,65
19885 41777 10 68,58,106,129,18,10,104
9451 31361 9 44,194,179,49,83,91
14148 25287 9 9,140,39,181,102,18,108,28
14241 38456 9 156,30,149
10013 16048 10 50,179,118,82,60,18,33
917 20657 10 120,133,40,60
30778 11105 9 9,177
36893 24812 10 9,83,162,53
18518 2321 10 130,84,21,133,185
35468 43127 9 69,85
28291 31878 10 130,54,162,34,21,19,69,109
25833 41944 10 91,177,61,115,185,102,34
10407 35078 10 169,26
26732 27938 10 104,113,135
19071 32297 10 131,117
38745 44386 9 61,54
27681 5419 10 129,8,19
13986 41610 9 49,19,37,48,54,67
25911 41503 9 135,21,135,48,112,178,106
25657 2906 10 35,61,111,62,110,85
27964 21884 9 194,91,158
19657 33025 10 156,18,104,103,15,28,179,119
35400 38317 10 47,9,87,116,108,39,62,120
17326 42272 10 87,97,21,136
39852 15635 10 65,105
3977 29170 10 100,128,8
24945 19382 10 194,132
414 38497 9 146,14,25,40,12,59,25,49
39231 29282 9 81,114,18
21261 11674 10 129,19,60,179,61
35187 24623 9 104,81,47,113,49,108,20,49
29 19308 9 16,162,42,177,185,39
2386 4483 9 183,104,178
30908 28769 9 115,48
29174 6118 9 56,158
12554 30752 10 179,146,27,35,25,22
25757 7840 9 49,182
32955 3654 9 49,182,66
3422 22795 9 53,111,24,9,54,63,49
42292 12159 9 25,129,44,36,22
28466 18799 9 66,21,53,51,66,53,108
42717 27837 9 59,59,57,53,84,83,50
42559 45633 10 63,59,49,87
27697 12388 9 184,111,62,15,21,58,95
15981 9529 10 81,182,69
26225 28497 9 51,51,114,63,43
5198 42437 10 103,132,8,49,130,183
40441 36582 9 50,85,60,31,95,104
21911 3499 9 61,117,103,51,38,194
26591 22939 9 67,66
31661 11682 9 43,8,115
17083 38902 10 131,64,194,9,185,24,169
14426 30117 9 59,129,141
18008 10873 10 58,26,9,129,194,38,181
12929 12796 10 54,65,81,185,179,17
23682 36235 9 102,90
13674 19726 10 55,104,115,10,185,108
1198 12622 9 10,28,156
4075 7445 10 83,71,129
45011 3280 9 25,45
18531 39942 10 64,53,136,53,91,83
41840 33190 10 69,5,178,194,27,43,84,48
7856 27835 10 16,107,160,48,63
31645 8881 9 143,43,41,87
29915 4374 9 145,143,63,163,163,9,100
22968 3929 9 27,169,9,114,44,60,8
3900 41375 10 7,48
43381 15382 10 142,129,101,82,41,8,19,83
14150 4409 9 61,84,85,185,87,83,94
20969 17907 9 87,182,47,148,68,83,85,49
36590 22602 10 58,146,113,178,9,57,25,191
1031 23679 10 39,119,181,18,113,49,48
13828 1526 9 41,49,103,36,115,14,46,33
21753 37951 10 47,36,132,8,83,119,119,105
39531 6680 10 36,182
19484 24465 10 104,52,56,176,81,7
28918 44256 10 54,62,59,64,59,82,20,178
40464 42979 9 30,112,104
13873 9103 9 104,83
28099 42929 10 67,50
44890 42867 10 113,184,25,58,26,82
14277 19941 9 160,58,50,185,55,87,132,110
235 11674 9 19,26
16854 4556 10 69,24,136,19
44460 16773 10 35,152,14,24,167
12301 42693 10 62,67,167,129,158,53
40966 4092 10 149,37
34645 38648 10 60,185,32,62,14,29,49
37281 28940 9 185,182
42935 38581 10 40,49,132,28,96,58
22738 6398 9 120,136,36,31,33,42
28097 4464 10 156,18,18,52,36,129,60
27641 31734 10 142,104,102,129
16624 25247 10 109,40,182,159,119,143,112
39156 25873 9 85,8,62
33210 22123 10 85,105,63,184
33929 4321 10 119,111
38991 22300 10 48,85,138,129,38
35187 43332 10 40,28,53,132,83,132,31,45
21843 38861 9 149,36,12
15516 76 9 61,192,47,58,169,104,45,116
32000 43698 9 8,54,47,23,29,18
17675 1318 10 114,17,83
32319 42949 9 49,47,18,117,58
16996 14 9 49,32,59,136,104,185
21045 12587 10 24,10,129,83
34539 8640 10 50,98,140,85,156
44037 20522 10 10,48
14061 34755 9 177,18
1322 10470 9 45,32,20,82,185,21,185
15561 20314 9 100,136,81,116,24,48
21770 24301 10 37,84
41214 13173 10 59,183,144,21,128,32,83,94
21139 2490 10 48,34
20391 38262 10 179,48,104,58
1660 27825 10 146,21,101,84
1540 10075 9 112,158,78,63,120
20701 7268 9 16,8
27872 282 9 120,84,178,63,14,57
23560 3885 10 178,28,24,106,87
24768 28736 10 31,184
17733 2981 9 60,15,35,47,37,112
26162 29266 10 55,103,152,182,144,29,129,162
3535 15047 9 63,145,130,28,60,79,19
26624 43862 10 142,185,112,99,117,18,156,51
28616 34522 10 57,61,65,114,81,60
17595 39179 10 185,16
26564 25280 10 60,131,18,62,102
16167 21129 9 162,61,22,69,47,119
2834 16297 10 103,87,104,18,82
34398 44457 9 60,19,91,20,67,49,102,178
15880 34990 9 216,107,60,20,82
40925 5887 9 82,45,163,152,19,81
25237 8705 9 109,37,14,60,108,53
19186 24784 10 41,120,63,85,19
8662 39861 9 108,53
36926 27660 9 39,25,69
3884 9872 9 40,179,19
23433 30366 10 16,129,29,23,18,49
37686 39311 10 45,63,115,83
13639 45251 9 40,52,91,141,51,43,27
17070 29113 9 68,36,83
15437 33241 10 97,61,52
24388 4953 10 134,115,101,24,21,85,12,49
12976 30639 9 48,16,136,60,59,102,30,101
17266 27014 10 146,162,85,19,83,83,87
6318 4960 9 61,129,149,48,62
36350 7173 9 58,58,120,20,130
29291 323 10 26,36,19,104,103,45,108,58
21270 16685 9 110,63,49,38,34,80,8,52
33779 33248 9 153,131
43107 43957 9 131,56,149,116,29,28
45192 41304 9 8,22,105,104
40670 41932 9 61,63,184,40,144
32645 24784 10 7,63,211,66,26
2479 33422 9 129,139,16
16574 32894 10 54,84
39084 30496 10 132,55,83,69
15687 6349 10 83,185,126,63,128,9
29895 42995 10 49,102,189,144
22470 36285 9 23,10,45,59,119,85
43030 23542 9 63,51,54,133,32,115,103,99
5574 7036 10 7,132,35,131
16493 14237 9 106,110,19,58,129,34,43
7764 45439 9 57,63
10529 11815 9 36,28,102,59
19137 39607 10 62,136,113,63,51,22
19794 15305 9 103,95,62,131,116,48
42988 29085 9 130,57,15,115,27,49,48,119
39591 2605 9 160,14,61,18,63,169,19,49
20257 41800 10 60,128,58,65
3056 13050 10 60,104,21,87,103,149,146
43544 41977 9 111,56,34,152,44,179,144,60
4420 32723 9 115,216
16262 26796 9 211,110,118,57,43,78
42560 36194 10 118,149,49,43,75
11611 33488 10 85,115,119,27
39277 39950 9 25,163
14577 30042 9 62,163
38941 5308 9 58,23,54,20
18954 11129 10 83,85,144,63,55,58
203 27753 9 169,49,19,23,68
10350 27995 10 179,40
39150 43484 10 91,104,28,184
24151 10294 10 131,178,52,65,118,134
20697 39432 10 106,65,118,18,76
9569 32222 9 157,37,62,42,49
14419 40016 9 96,87,103,185,21
27618 26436 10 83,65,57,182,132,116,141
22941 19628 9 60,7,23,129
17875 3432 10 30,34,64,52,53
15562 1109 9 129,102
31596 20259 10 179,146,149,49,194,82
18046 2409 9 112,112,106,163,136,120,69,143
35235 33846 9 21,8,185,179,179,119,47
37926 37135 9 22,162,65,15
17719 1567 10 19,111,61,185,10
6856 38348 10 65,83,185,100
28579 14287 9 102,46,140,8,48,119,51
3810 25850 10 55,82
362 13504 10 81,119,58,21,183,10
9200 14107 10 105,99,129,38,29,22
22778 19249 9 136,29,58,80
27960 19600 9 104,20,20,169,103,21
19403 37659 10 7,130,129,103
37350 40291 9 15,19,54,108
1992 10827 10 60,32
8819 38224 9 61,61,185,140,49
19347 28108 10 136,103,41,160,18,49
10567 16452 9 82,119,60
28787 42294 9 119,143,79,9,18
35578 29799 10 118,153,19,101,66,85
22962 4048 9 118,39,116,179,44
10872 4434 9 130,143,141,65,120,35,110
26300 17787 10 62,26,36,22,179,51,12
36045 33884 9 30,9,57,132
22866 41271 10 119,113,141,7,162,56,120
11732 34639 9 49,113
8270 29675 10 21,87,42,50,49,48,129,21
9168 3160 9 140,106,152,29,141,21,129,119
23346 40335 10 80,35,104,57,53,194
44074 39354 9 22,32
14483 21391 10 18,135,15
8751 43296 10 104,83
14679 33153 9 181,169
8548 34136 10 105,84
32293 45291 9 14,185,152,92,115,33
24690 15288 9 61,63,19,61,130,110
1021 35937 10 69,49,103
34078 18446 10 108,83,18
28884 18100 10 126,120,30,182
11910 2159 9 53,15,54,53,14,16,181
16973 32936 10 68,68,136,10
43004 42319 10 113,48
27462 18738 10 104,45,77,49,108,21,60,22
45127 35566 9 203,83
29755 27189 9 111,129,33,83,143
20930 24134 9 25,23,195,41,69,20,20,20
19413 20191 10 89,81,22,47,106
26427 44957 9 47,46
38228 20667 9 77,55,39,46,185,32,177,184
16243 34966 9 153,194,118,111,50
29690 11126 9 106,35,10,99
14160 15925 9 130,7,68,128,85
5516 9701 10 32,69,118,21,36
15958 27089 9 12,115,56,139
20877 2721 9 185,119,21,128,36,10,117
40643 4765 10 63,185,20,54,102
38882 31904 9 66,185,85,162,82,12,120,10
26967 38593 10 69,184,134,151,49,84
22572 24902 9 108,169,48,60,49,62
21835 26959 9 106,18,68,57,185,178
22907 39837 9 35,130,29,102,115,10,149,111
22676 18800 9 83,45,55,129,22,54,14
42204 30991 9 9,69,163,68
34610 25957 9 134,21
19900 19798 9 59,47,129,182,26,55,23
36320 24435 10 44,20
14757 15547 9 131,46,131,21
2495 28658 9 101,45
13133 7051 10 47,49
45042 42211 10 41,103,194,182,10
44637 22000 9 28,18,27,29,162,8,15
28322 6974 9 114,47,100,62,64,163,104
8068 4573 10 19,101,8,27,34,178
21387 17778 9 50,25,7,181,117
18854 39296 10 113,49,83,39
32855 9214 9 44,115,144,34,41,52
44702 30621 9 20,19,47,103,114,59,85,20
34650 5929 9 113,62
41287 23177 9 36,111,184,98,15,57,91,144
26291 41963 10 39,163,185
25280 30414 10 113,144,61,10
9581 34038 10 142,15,25,58,211,9,129
30803 4134 10 53,57,49
16450 6367 9 142,64,63,66
11940 22264 10 80,119
20706 16923 10 60,114,18,169,40,46,128,17
17482 18091 10 10,185,49,22,103
45575 16822 10 211,49
43926 8965 10 91,81
1246 15014 9 157,34,35,85,134,32,83,69
40170 35827 9 132,75,60,37,25,161,55
10387 39759 10 80,40
31368 8394 9 46,51,179,111,69,81,42,131
33936 7745 9 10,114,47,129,83
3968 34965 10 185,58,87
7285 23494 9 24,83,136,63,57,106,185,101
17010 37587 9 52,62,66,49,10
34328 45471 10 62,32,78
7540 13253 9 133,104,152,61,54,68
3908 3173 9 58,156,61
4219 34644 10 104,49,80,120,64,111,63,21
1925 1510 9 61,10,44
7320 28445 9 48,104,81,109,163,12
28817 35858 9 60,129,23,20
35402 7511 9 131,142,26,93,29,178,52
26935 20248 9 20,7,109
13821 22955 9 39,128,60,46
18937 7952 10 43,54
22082 67 9 49,19,143,216,61,16,136
5282 1289 10 54,109
28365 7048 9 60,111,118,54,115,19,110,179
19933 39059 9 36,24,17
17789 21138 10 39,67,104
17990 45120 9 114,132,24,8,114,18
44910 11736 10 182,165,106,35,181,104,129,82
9275 32500 9 9,8
35297 36539 9 58,81,22
6270 6145 9 105,85
12764 20404 9 60,27,54,62,66
28686 28805 10 128,120,109,64,194,48,26,8
31393 38361 10 52,60,131,15
5435 5882 9 56,31
3633 16944 10 17,59,69,20,29,49,101,145
9604 3146 10 58,63,91,162,101,23,49,102
6757 20546 10 178,116,102,185
37709 17675 9 163,120,143,65,59
15797 25551 9 60,107,47,60
33328 6612 10 8,104
41453 12300 9 18,41,134,144,90,51
1007 32827 9 119,83,41,39
28919 4563 10 118,49,184,57,120,34
44992 6599 9 113,49,31,37,178
32765 41466 10 136,153,162,62,20,15
7478 44679 10 112,60,62
28944 11446 10 96,149,50,87,49,129
34226 17501 9 63,163,85,142,68,49
42801 44094 10 103,49,24,36,160,62,63
41623 35640 9 46,9,19,115,10,185,39
20641 2148 9 83,14,20,136,104
36398 11230 10 52,65,65,62,181,120
31554 1696 9 129,115,36,83,63,162
29214 18367 9 130,161,57,23,58,129
23070 21472 9 32,18,99
40611 28613 9 17,162,42
26983 27186 9 83,182,20,50,60,27,64
28946 18834 9 17,42,58,55,119,69
44281 24968 9 18,34,117,182,68,53,56
17657 19864 10 135,119,110,61,49,62,58
45366 1286 9 107,48
24386 38240 10 181,13
7784 30650 9 118,33,22,119,84
34477 25048 10 46,62,60,113,38,181,7,182
41704 13710 10 37,49
12934 11897 10 8,82,100,108,91,113
28598 6458 10 9,104,128
40035 15013 9 39,104,34
13879 20871 10 49,113,29,104,119,83
5258 28168 9 7,18,40
23524 17395 9 33,51,81,160
33740 15057 10 68,82
33072 37316 10 81,58
30468 3698 9 20,182
14773 25810 10 12,81,154
15544 34638 9 67,60,49,61,46,132,102
36146 32956 10 83,129,153,109
1273 37814 9 178,22,139
18085 41461 9 33,41,108,69
2428 45658 9 45,59,113,179,69,104,120,117
19237 12699 9 43,64,22,87,49,130
40902 33675 9 104,132,21
22948 24936 10 21,129
21015 44224 10 179,119,32
12856 19028 10 120,118,140
3690 16757 10 49,194,19,63
7463 35500 9 19,10,111,30,58
2075 32908 10 57,104,104,29,66
9914 14894 9 51,22,87,144,64
33682 11383 10 69,58,25,102,84,142,130,38
44096 12803 9 47,62,104
27568 13232 10 44,63,20
43786 29840 9 36,119,48,20,36,181,132
18084 18560 10 10,63,169,115,83,20,82,58
30885 8135 9 32,103,64
43500 34187 9 58,33,115
34480 37275 9 162,18,80,156,178,23,61,12
9684 7508 10 55,19,32,156,142,47
30010 33484 9 81,84
13249 42290 9 85,40,182,85,27
28490 3157 9 120,56,33,129
23140 21672 9 46,63,184,82,26,117
29488 23674 9 49,19,48,45,107,195,169,118
23683 11763 10 63,113,112,21
14069 11559 10 30,114,91,66,53
37858 34293 10 138,82,130
19713 9300 10 16,19,49,37,17
29999 32795 9 114,19,39,14,12
4804 26703 9 81,56
26674 4218 9 29,46,149,53,46,104,61
31405 23754 10 102,14,149,9,119,37,115
24879 34092 9 21,39,177
1818 13520 9 104,185,20,41
41636 33888 10 66,64
30971 20373 10 87,103,135,95,21,46
24726 6148 9 16,84,66
17199 16958 9 55,14,184,144
8645 39348 10 129,37,103,52,79,15,153
15309 5122 9 179,62
1466 15479 9 130,182,57,116,162
21 1733 9 96,21,131
35924 38550 9 49,83
43094 24698 10 100,18,87,63,49
37937 6844 10 82,43,62,62
23595 43151 9 103,184,113
35842 42737 9 57,19
15410 36333 10 58,102,177
14851 18616 10 31,101,163
41848 28988 9 80,178
39260 44011 9 178,152,18,120,119,129,104,39
10925 23680 9 8,113
27351 36735 9 49,18,105,184,19,37
4378 26852 10 183,119,24,65,25,21,185,21
30156 16554 9 184,136
11578 40571 10 95,45,58,200
19277 65 9 63,21,18,131,34,119,35,47
31898 36392 9 81,56,18,27,120,48,31,61
33382 20935 10 35,183,178
43317 43101 10 34,145,64,56,53
43398 3719 10 103,194,140,114,179,102,129,58
17700 22370 10 15,105,30,63
10223 31880 10 69,16
31567 21152 9 185,28,57,18,185,20,129
6666 24243 10 20,119,108,119,38
44107 29785 10 82,25,141,22,29,52,156
43967 34743 10 134,128
8323 40205 10 14,61,102,179,104,61,55
4165 15968 9 140,17,58,23,102,182
13922 45568 9 61,83,42,142,83,162
37910 21956 9 19,182,19,67,83
38876 3573 9 49,21,37,17
2984 23116 9 34,61,59,18
24582 2682 10 145,19,178,51,23,119
8180 13276 10 179,108,56,169,16
17675 2993 10 35,18,85,17,110,21,139
9047 16953 10 68,91,115
39686 16650 9 50,58,100,140,58,36
5418 20433 10 65,185,81
13276 35327 9 129,61,37
37432 7150 10 111,116,83,182,38
44161 45445 9 10,119,149,65,134,81
27353 43592 10 160,133,194
29338 38415 10 134,30,52,83
8002 16176 10 103,119,57,61,62
18316 941 10 110,14,12,59,184,59,40
11895 45226 10 141,129,31
44060 11483 9 21,109,181,110,61,20,136,62
18598 7024 10 103,101,136,178,128,51,23
24223 30748 10 80,7
11550 11935 9 58,29,42,22,21,182
12588 390 10 104,73
35853 13239 10 55,114,26,85,64,134,128
22992 28445 9 185,142,39,18,185,61,61,108
10458 25446 10 39,68,178,194,156,96,55
40059 42789 9 163,142
835 35868 9 57,181,90
32603 2761 9 10,45,10
37569 38907 10 12,81,108
39772 2627 10 107,146,32,106,20,33,39,110
5477 26705 9 18,109,85,8,40,43,19,19
644 723 10 31,111,48,31,83,68
38592 915 9 49,84,139
36309 39145 10 108,46,139,48
8752 11370 9 44,10,18,114,60
5303 39034 9 27,184,60,211,28,80,8
34360 20683 10 141,61,30,119,100,101,132
45147 20603 10 131,53,28,50,32,30
8372 31975 9 152,80,17,177,23
34259 42471 10 56,129,53,14,105,104
37659 2855 10 48,146,177,65,66
10863 6452 10 69,49
8233 1391 10 28,136,39,115,59,110,60
19472 32693 10 40,19,101
33215 41785 10 140,48,64,20
31342 6499 10 16,67,106,56,63,77,14
34060 33080 9 100,16,15,60
38847 10402 10 81,184,134,77,91
30569 14468 9 140,185,20,77,17
32172 21782 10 119,181,51,33,129
11054 15309 9 14,129,183,29,9,40,92
15390 9726 10 115,9,81,41,63,63
13300 43364 9 130,103,21,44,61
32024 9241 10 115,18,135
19664 7194 9 178,48,18,15,48,29,131,8
25405 38440 9 113,101,46,185,84,51
30411 43809 10 61,48,12
28680 3910 9 108,94,113,65,179
27249 20505 9 64,182,61,60,119,105,59
42332 25771 9 184,57,105,128,82,48
25545 40617 9 51,104,43,119,31,184,19
21477 32036 10 182,58,58,39,91,21
21062 39206 9 113,29,129
37480 17761 10 58,112,95,40,50,62,183
37182 1132 9 79,35,119
45261 29424 10 83,129,59
38605 11908 9 24,68,22,49,34,22
22719 35373 10 61,17,153,24,20
17842 16072 10 58,184,129,53,12,129
5632 19962 9 58,129,19
35601 3370 10 53,132,30,33
19607 4298 9 102,27,8,53,82,24,16
19423 37298 9 16,12,10
39438 23403 10 8,63,118
27383 10891 9 36,94,134,18,61,68,33,18
24578 35787 10 91,116,85
10691 10415 10 58,96,203,22,56,12
19950 6191 9 120,138,104,67,63
44992 15002 9 111,58,83,160,87,104,83,65
1434 21159 9 130,66,169
6215 43984 9 68,34,46,81,156,105,63
33404 1671 10 90,44,59,102,62,108,116,38
17025 18186 9 9,52,39,153
42587 33238 9 44,82,194,60,102,51,69,143
5863 6888 10 183,115,48,9,105,149
5477 38636 9 9,63
41738 41393 9 34,185,128,115
514 42185 9 60,45
31748 40371 10 65,21,60,156
20042 31720 10 69,103,48,17,155,22
27742 21847 10 78,129
7328 42092 10 145,154,18,178,114,102,178
31719 20269 10 47,39
29065 27180 9 21,152,48
24086 27948 9 115,156,20,80,10
11370 31300 9 9,19,53,58,105,67,132
35755 14017 10 14,18,91
13812 24833 10 101,116,109
43414 8359 9 185,179,61,54,35
38190 4925 9 127,58,38,58,23,141
22762 36824 9 39,130
40750 40289 9 28,53,60,30
45422 37019 10 136,36
18447 35894 9 18,29,157,140,28
36088 28319 9 119,178
13217 23560 9 111,83,92,43,79,65,146,69
4447 36364 10 21,65,135,101
6851 4946 9 109,127,96,56
44929 30208 10 64,7,117,30,109,185,27,49
16163 2068 10 7,8,163,10,119,119,134
37404 10860 10 132,64,87,65
41949 32142 10 22,156,138
29185 21716 10 143,67,130
37903 25519 10 49,50,112
2319 19983 9 21,24,101
27880 18220 10 49,104,43,15,21
35392 35205 10 119,65,81,47,8,98,106
4217 12179 10 91,20,179
3282 30929 9 61,24,60,78,59,21,63
6490 32394 10 116,82,25,36,24,81,149
32177 40895 9 27,85,116,58,59,19
19120 40133 10 136,103,42,34,120,96,56,117
37558 13588 10 29,103,83,199,44,140,111
18805 26614 10 152,29,69,10,131,181,34
27215 14083 9 91,62,149,114,133,15,15
13546 38372 9 33,12,62
466 10690 10 163,49
44598 7302 10 36,113,28,181,51,104,62
24578 10115 10 149,37,25,136
29557 29617 10 114,51,53,109,162,134,21,57
42217 26961 10 53,179,69,216,141
8308 38459 9 48,48,64,130,91,16,111,184
18125 14307 10 21,85,79,84,113,110,21,59
34473 1751 10 65,10
43662 25706 10 104,65,56,133,108,56,117,18
10201 37455 10 40,35,26,118,17,68,59,179
18309 31946 9 46,66
2707 24622 9 184,163
12491 29959 9 68,163,66,66,31,209,179,82
39598 40068 9 49,48,62,16,49,183
27794 955 10 84,149,39
30825 41516 10 185,82,49,90,136,140
27487 19460 10 143,60,83
4608 1303 9 21,185,118
34602 36989 9 102,10,60,84,169,20,38
27600 13071 9 83,44,45,7
23843 35525 9 19,48,60
31924 42178 9 143,82
32331 23530 9 60,100,152,47,114,66,60
21072 37345 10 81,67
28601 25225 10 81,66,19
29155 44255 10 102,84,136
21518 39286 10 116,81,131,188,24,48,119,103
9431 12289 10 83,43
43948 41589 10 62,49,49,119,21,87,108,181
42288 1310 9 49,51,169,84,151,129,18
38633 33225 10 46,58,169,179,129,104
16178 32105 9 87,104,41,17,130,14,85,28
32770 35182 10 31,78,79,136,27
35351 9243 9 59,118,37
34623 11934 10 143,34,105,58,68,19
4268 37688 10 134,194,132,56,41,78,18
17034 29355 9 182,120,28,16,118,85,194
36905 32670 9 91,28,85,163,20,25
9164 22852 10 34,129,146,31
4467 35025 10 29,154,80,106,104,58,115
12222 29716 10 185,81,10,104,143,58,163
23258 8469 9 38,62
23184 40270 10 64,84,61
1763 22801 9 48,57,33,177,56,48,16,20
23352 11982 9 109,43,83,58,8,41,185,40
29549 35894 10 53,83,108
16964 9345 10 119,82,10
33974 4590 9 110,21,67,7,116,12,45
12902 11843 9 60,48,83,102
1305 8996 10 7,136,84,143,20,169,65,117
7802 16888 9 16,51,178,80
4300 24551 10 210,134,101,53
26233 16264 10 129,132,112,112,130,7,152
40501 5834 9 43,131,18,41
28020 2501 10 43,62,28,134,169
15096 22990 9 47,103
5024 17014 9 15,91
19086 42498 10 61,7,84,162,154,114
10148 29326 9 114,120,51,54,58,46
39863 10115 9 119,38,30,195,19,194,49
35158 22477 10 101,12,41,44,34
507 38036 9 35,52,136,83,15,24
12551 20534 9 34,83,91,156,63,17
8794 17589 10 185,34,115,45,28
37334 41332 10 15,118,69,184,57,163
42664 2732 10 105,136,30,200,65,24,67,104
39235 27668 9 185,61,119,53,68
11323 22590 10 130,47,87,32,181,11
25547 32911 9 46,7,46
16014 24676 9 115,119
24025 19248 9 108,16,156,9,149,43,83,62
27426 11726 10 26,48
41329 10205 10 30,40,24,35,96,145
532 8674 9 16,8,49,59,102
27565 41592 10 48,43,25,48,23
20269 45798 10 119,102,59,60,118
1431 8443 9 61,19,129
40820 20040 10 62,56,85,129
2118 44492 9 63,43,7,9,85,41
2171 27961 9 119,102,101,61,169,131,69,120
29404 26462 10 131,37,160,18,194,136,119
13639 32400 10 81,181,14
40759 38242 9 49,42,87,48
21465 22561 9 129,67,66,66,156
35836 26327 10 69,136,19,52
40548 21201 9 50,104,84,10,10
10250 39019 10 46,9,49
34476 39253 10 22,19,103,52,63,83,49,144
6821 25118 9 61,57
18975 25038 9 181,109,12
26662 23080 9 88,49
45534 2600 10 17,27,105,63
9090 36397 9 29,135,194,120,114,30
4612 36478 10 77,66,116,181,113
19797 2479 9 185,50,60,116,48,104
11180 20771 10 48,41
41736 14770 9 103,119,130
43773 6245 9 65,16,109,118
980 19092 9 159,160,23,62
10114 4599 10 83,52,107
7530 34966 10 80,82,113,15,120,105,58
24346 8523 10 65,47,91,59,105,17
39039 28742 9 119,10,156
5967 23383 10 185,149,13,152,194,49,78,30
26257 10021 9 162,44,146,117
39924 26487 9 102,56,47,50,113,84,63,211
12947 22294 9 9,102,51,20
2589 25211 9 157,8,61,85,67,83,61,10
30991 32474 9 129,18,25,156,136,58,51
419 14619 10 53,109,63,42,185,7
37637 40328 9 145,129,45,48
36652 42185 9 60,60,63,184,57,114
17351 38681 9 83,81,46,63,47,114
40636 44541 10 156,118,43,60,117,42
15486 881 9 24,83,130,129,112
31101 24440 9 111,119,144,17,40,12,53
16132 43332 10 41,185
29798 39157 9 113,35,195
751 34012 9 30,129,23,91
36121 28323 9 47,119,185,39,63,85,53
17217 9509 10 80,54,65,18,17
40085 4144 9 29,10
37864 37958 10 16,48
5389 15793 10 15,62,28,60,49,59,35
25670 21517 10 12,83,90,69,16,178
5803 25739 10 156,19
3186 35090 9 10,177
8465 37042 9 109,91,105,132,21
671 12516 9 85,27
23652 3055 10 55,57,106,19,132,136,63,29
41349 31702 10 44,80,45,83,76,21,63
15811 11802 10 53,38,48,58,136,58
10929 12502 10 49,131
13068 33571 9 47,40,105,28,21,83,114
33220 26939 9 23,153,84,184
2360 42683 10 15,112
9321 15542 10 85,34,108,143
35378 22932 9 25,37,144
15239 15704 9 67,14,131,87,60,101,184
1793 34830 9 40,22,60,35,194,104,21,53
27446 21443 9 53,19,111,149,25
31867 25621 10 67,53,63,54,9
40432 8822 10 48,45,53,195,49
41723 8869 10 35,67,54
9455 14176 9 102,63,55,160,48
34347 40206 9 59,118,48,83,184,32,34,103
44789 28109 10 141,35,59,20,178,9,25
37211 20025 9 50,43,149,55,120,134
9417 43583 10 146,15,66,24
7298 22578 9 83,15,153,61,91
39214 45218 10 101,128,104,130
42208 15553 9 106,50,169,129,16
41284 36147 10 185,34
5901 31407 9 43,185,49,109,66,152
28465 9026 10 57,114
26724 14583 10 22,119,36,49,69,195
5856 26499 10 61,135,169,62,44
40185 37509 10 37,131,52,26
33232 19939 9 40,21
8659 38106 10 183,28,21,36,185
37655 28117 9 39,29,129,52,17,60
13884 38827 10 106,178,35,25
427 45376 9 65,104,82,39,59,67,57
44577 18350 10 82,36,143,114,163
11830 6625 9 163,68,42,185,156
27565 27201 9 67,63,10,97,109,110
44618 18363 9 160,64,131,23
20054 37255 9 211,18,60,61,57,179,132
13929 18419 10 103,60,156
6671 4968 9 61,144,39,27,34,62,22
5181 2423 9 29,39,118,63,185,156,39,144
31968 36338 9 61,109
13121 17149 10 49,77,142,38,103,16
22012 7521 9 114,195,17,62,81,80,23,49
8272 27024 10 120,43
40972 43184 9 68,30,23,28,131,108
24514 27193 9 44,169
18165 25625 9 66,83,102,14,64
16815 26862 9 63,155,62,53,85,107,117,102
37991 7161 9 85,68
23065 43502 9 16,29,210,21,82,192,61,83
26853 6741 9 61,118,10,38,98,9,83
713 23020 10 22,44,63,185,19,51
19386 12572 9 178,83,15,185,211
25447 39739 10 55,136
12201 32576 9 57,10,23,21,54
13986 7572 10 61,25,58,36,63
36283 1352 9 181,62,43,108,44,55
14784 14780 10 64,136
28982 40742 9 62,58,49,63
29819 34151 9 83,10
39345 36585 9 68,104,22,82,142,211
33611 8514 9 111,14,163,60
14245 22883 10 104,20,111,160,20
36612 8782 9 69,103,82,129,49
32617 21686 9 141,69,35,6,49,32,132,48
23386 17800 10 32,38,79
5205 2033 10 179,185,62
32775 6123 9 91,49,7
7556 43786 10 30,50,185
34500 27440 10 54,105,94
2515 9436 10 16,7,113,132,20
16178 45041 9 64,101,181,82,63,129
622 26730 9 36,61,156,102,60
17286 38678 9 111,68,91,51,105,49,135
20972 38271 9 16,115,59,134,162,9
22998 37461 10 87,136,102,45,68,41,43,22
21156 45717 10 134,61,178,163
7338 2187 10 136,19,10,103,178,84,21,62
12531 28909 9 58,154
44208 43882 10 116,56
35735 38313 9 67,62,81,16,113
27305 16730 9 142,116,91,146,134,93
11791 3521 9 149,35,184,185,38,61
33017 44716 9 12,133,49
39926 38105 9 39,169,87,41,41,65,84
11560 17068 10 80,69,26,12,118,67,129,64
24655 43008 10 17,40,17,20,48
14255 1261 9 68,14,169,60
2929 7683 10 38,100,25,144,52
7778 29849 9 67,155
33457 15449 9 118,107,184
10991 41168 9 26,58,7,62,21,65,53,184
4848 11181 9 169,185,114,8,68,129,83,37
4985 28072 10 37,34,21,179,194
26373 34449 9 60,49,12,63,101
37291 4018 10 41,82,145,10,102,179,50
35000 31158 9 38,50
19310 23944 10 50,7,118,61,54,67
34541 6554 9 100,22,156,113,136,130,25
31338 34371 9 37,21,181
8704 30593 9 62,58,8,145,183,19
22230 23287 10 60,128,33
43628 22868 10 25,30,83,136,140,144,58
18730 38692 10 39,46,118
13925 34333 9 41,64,143,39
12488 11563 10 181,35,48,37,131,66,119,37
1975 27391 10 179,113,146,54,178,84,129
41437 40678 9 52,91,108,119,46
20213 27321 10 56,10
2595 30410 9 35,108,53,21,45
42405 6973 9 34,130,58,7
6185 4367 10 66,21,81,47,41
20635 42510 9 154,48,62
28955 17247 10 66,14,45,22
8433 30086 10 10,60,104,25,179
8786 44907 9 20,50,61,96,25,132,116,112
8191 7813 10 179,162,119,26,52,17,181
1672 18204 9 194,62,58
24787 23814 10 84,53,21
23294 11433 10 49,105,40,102,17,87,144,45
1154 5837 9 47,42,102,97,85
37094 15421 10 21,61,49,117
40635 19156 9 111,68,57,50,115,53,51
22729 32240 10 169,63,179,54,130,45,85,130
24654 25264 9 85,115,23,21
31551 37276 9 177,91,132,112,178,62,32
33643 5904 9 80,41,63,133,113,176,37,163
1289 18293 9 135,59,53,49
40879 38945 10 185,49,55,20,67
26250 42895 10 140,181,28,110,111,120,67
24941 42138 9 181,9,31,36,19,145,63,81
13263 18070 10 118,21,82,20,67,65,182,195
17296 4154 10 48,69,25,21,131,144,85,61
32139 30699 9 19,65,154,15,14,179
8205 40609 9 48,111,20,135,146
32199 44232 9 82,169,61,94,114,45,81,19
35768 11547 10 63,154,22,130,67
4365 21621 9 37,84,38,185,46
38566 25703 9 194,30,103,130,184,39,145,64
3784 45221 10 61,194
13863 44931 9 14,118,66,163,185
2902 25039 10 105,105,184,66,39
1588 21069 9 58,61,23,19,139
31406 917 9 21,69,87,105,178,51,102,105
11848 29709 9 23,39,185,113,82,49
44563 14255 9 185,85,66
25018 12640 9 21,69,136,18,120,50,130
20526 7578 10 49,62,53,145,22,31
917 29045 10 30,46,133,104
51 10848 9 46,67,116,39
30989 6609 10 108,55,9,107,116
38696 24925 9 130,26,118,146
24646 6285 9 21,79,48,60,91,185
4517 20841 9 129,185,49,47,144,20,181
36523 10670 9 119,12,49,62,118
32729 43189 10 59,67
6021 39630 9 66,103,21,33,49,84,66,64
17454 14255 10 162,133
20940 12110 10 24,63,32,119,37,84,184
14865 11190 9 53,106,69
5262 6456 9 115,63,204,132,57,163
26735 28128 9 84,104,87,83,194,83
30588 17217 10 179,14,119,141
21447 16510 9 17,64,46,47,197,9,21
7624 7049 10 146,84,84,20,67
7477 34984 10 67,46,149,40
29815 31595 10 118,22
10375 36442 10 103,129,12,20,145,40,116
19805 10676 10 52,22
175 7865 10 135,19,49,110,136
17952 24933 10 59,129,109,43,145,8
125 2595 10 130,156,58,53
36751 4057 9 131,128,33,29,129
39301 38898 9 179,194,23,104,49,45,81,104
15859 41628 9 43,18,64,12,140,49,9,33
37634 24619 9 179,17
33288 17416 9 131,100,66,87,17
31917 21784 10 52,98,106
27464 29304 10 58,78,18,53,39
14123 30289 10 17,66,28,110
1189 24974 9 50,49,83,128,52,130
39543 43604 9 129,85
20398 12175 10 91,28,136,59
23427 5912 9 44,185,129,157
30575 41571 10 47,83,51,100
15679 12640 10 44,61
11955 22659 10 107,14,117
4402 36654 9 29,185,19,87,117
4214 2114 10 104,55
41642 45206 10 49,130,119,114
943 34902 10 194,17,66,181,17
17827 45786 9 41,58,68,62
24917 27072 9 113,37,61,160,156,50
39771 19873 10 22,103,119,129,182,48,83
12498 24495 9 144,140,40
19427 29550 9 165,130,18,25,36,15,90,102
1474 40819 9 156,184
23642 18660 10 66,37,18
6749 10695 9 115,128,44
10009 44629 9 63,48,130,95
23537 41485 9 21,22,56,23
12740 21871 9 37,47,8,69
21787 2707 9 16,119,103,185
17045 7895 9 40,40
41683 30440 9 55,104,101,107,130
7376 29790 10 117,185,29,179,119,56,57
2550 35975 9 163,60,107,80,142
13780 42927 10 178,210,20,35,65,128,89,63
717 22424 10 83,183,106,82
12408 9012 10 63,82,130,143,142,178
11195 39005 9 113,83
38668 747 10 21,184,145
39358 36554 10 85,110,36,153,102
43742 9838 9 138,119,113,81,47,119,23,81
4211 7403 10 118,66,42,87,110,49,19
29548 40579 10 63,184,53
14060 28516 10 106,78,30,8,45
28985 103 9 30,26,40,103,83,7,36
45668 12188 9 53,34,179,16,112,51,118
29405 4611 9 104,116,149,130,52,58,41,144
33827 24587 10 83,82,109,49,41,160,146,63
2385 27224 9 133,103,47,58
12183 6946 9 106,85,102,22,120
28787 27932 9 19,81,48,179,46
672 10118 9 184,103,22,30
41847 38433 10 85,194,63,119,157,22,119
42779 9708 9 85,65,134
20472 49 9 163,22,104
22784 18813 10 154,42
6088 23033 10 28,58
23216 2686 9 54,35,44,42
23693 15089 9 185,112,140,47
36856 36801 9 22,52,19,102
43087 44601 10 132,44,35,62
33211 42108 10 120,102,32,50,69,141,104,40
16375 12001 10 61,103
17061 14698 10 79,60,62,185
12979 20997 10 59,79,59,130,28,85,32,156
17241 27437 9 132,53,47,81,179,83,153,67
38368 30469 9 8,58,63,10,43,16,111
29623 41097 10 131,65,133
15677 13462 10 87,163
9726 33917 9 83,65,61,156,36,83
24067 45229 10 18,109,152
42639 14541 10 111,143,17
36655 19044 9 58,85
36721 38773 10 17,136
31008 5921 9 29,7
13612 30337 10 37,62,62,14,19
29501 42864 9 104,54,83,47
37420 1804 10 106,115,169,130,115,21,20
24516 16825 10 20,119
22393 42306 10 23,51
19099 14182 10 49,22,30,108,39,62,17
35356 35387 10 10,156
7080 10940 9 41,101,67
34067 3262 9 64,107,57,61,28,82,52
1087 21591 10 114,37,46,163,19,102
43328 40744 10 129,31,66,119
8988 18938 9 81,36,66,63,60,17,56,63
45223 20296 10 102,183,119,102,114,81
42795 34628 10 29,185
16739 37776 10 52,50,27,97,182,73
9224 34099 9 52,133,27
21480 45096 10 63,55,68
23548 34612 9 34,25,33,129
8416 34011 9 21,9
43767 33752 9 109,211
30004 21482 9 18,81,162,48,114,20,49,8
4210 22894 10 20,194
13857 44926 9 60,25,58,107
16240 20904 9 62,128,66,217,115,87
22317 11119 9 19,51,25,9,39
20116 21736 9 136,69,47,28,193
38212 23274 9 44,83,104
25852 41672 10 101,141,61,160,64,45
28376 14859 10 65,130,58,23,111
21895 37108 9 142,80
6683 10912 10 117,118,154,16,195,120,103
24237 24776 9 13,63,116,68,163,34,54
17707 40062 10 128,61,102,101,112,19,10
4353 1360 10 35,58,163,68
24630 18879 9 68,28,113,91,63,29
19513 25351 9 195,27
25352 26998 9 68,83,24,149,30,178,43,119
10464 36016 9 83,53,102,120,179,15,23
4049 34986 10 95,108,131,132,60,37,65
29029 14550 10 49,85,68,47,63,185,211,62
18910 34165 9 132,40,60,104,63,130,119,95
19929 42146 10 33,112,117,120,182,103,91
29071 20783 9 25,111
27814 41512 9 182,58,20,51,41,144,21
29014 5898 10 157,42,185,160,83,38,77
6568 26230 10 36,149
5269 37994 9 112,107
10176 39743 9 25,129,57,184,113,21,169,82
42604 8205 9 44,20
40681 7993 10 22,119,59,69,130,129
15110 1427 10 114,53,61,132,103
35451 31472 10 167,177,137
43102 13718 9 146,21,136
5495 32708 10 185,9,104,119,120,163,58
28011 27267 10 138,178,58,111,136,128,50
4662 13066 10 20,10,60,20,58
9726 28310 9 59,177,51,61
44052 31534 9 17,135,34,10,61,35
13598 26686 9 21,38
27553 28647 10 29,131,42,119,63
43772 10718 10 60,52,10,58,66
7819 20231 10 36,28,162,55,22
31616 43637 9 179,104,55
13237 33863 10 21,185
39291 25923 10 15,29,39,45,58,102,110,142
17090 22562 9 194,20,101
39428 8036 9 22,78,58,49,118,110,82
38895 5924 9 15,54,181,41
13737 9231 10 185,102,102,184,44,81,54,84
20592 44209 10 119,194,67,110,185,87,36
16866 7462 9 153,120,144,84,9,177
39986 37307 10 63,85,109,185,110,79,46,24
18096 41326 10 62,19,61,52,57,82
21866 8155 10 126,52,45,54,81
32938 31074 10 107,103,146
38827 19559 9 44,39,91,45,132,34,10
11513 9609 10 182,51,100,129,83
21488 25959 9 146,103,129,71,119,20
41810 9676 9 128,182
11586 38007 9 132,129
36585 23497 9 154,65,29,83,19,62
44440 4388 10 58,83,34,28
2238 9199 9 63,119,44,55,21,28,20
7614 15352 9 15,57,79,40,178,110,83,23
25076 44992 9 64,15,83
36439 33818 9 32,35,21,140,30,133,132,156
35056 27095 10 128,103,119,104,23
31702 39213 9 96,21,156,48,60
1805 41957 10 46,111,81
19170 7633 10 24,79,85,62,111,83,83
39609 29757 10 42,49
2939 8090 9 15,22,178,49
33770 44550 10 10,65,20,80,76,23,53,181
647 4649 10 100,105,195,117,136
21147 26679 9 36,82
18058 27620 9 60,30,179,136,82
17295 38930 9 91,118
4176 3110 9 60,63,48,10,56,43,60,120
44144 10982 9 37,29,111,48,113
28478 1408 10 84,9,105,20,145
43775 21283 9 23,44,54,16,67,49
17350 2372 10 143,100,177,17,15
22875 30341 9 48,81
4188 14653 9 85,37,81
2 15548 9 131,46
22787 20575 9 61,111,144,101,46
28460 17811 10 112,39,179,81,12,34,182
32199 18693 9 100,129,104,64
43846 23002 10 49,41,109
26271 30050 9 20,30,53,51,116
32873 38506 10 85,48,49,57,20,19,33,47
25257 39169 10 141,56,201,17,156,38
3018 9736 10 55,23,105,81,10,28
18118 22018 9 49,42,63,136,107,61
8533 23657 10 7,178
6185 2542 9 146,60,58,169,156,10,128,12
45682 29531 9 99,61,57,130
15116 26766 9 102,50,48,142,85,18,50,130
13500 18955 9 82,135,49,131,47
25888 34502 10 114,102,141
17131 43773 9 60,185
15999 23886 9 19,19
19369 7580 9 30,33,129,184,63,83,49,108
41268 21796 9 24,21,25,26,7
27955 42731 10 66,85,10,184,58,53,21
29027 32605 10 103,32,115,149,67,163,46
659 27311 9 103,60,39
28026 35416 9 64,49,58,194
40508 14894 10 39,18,104,81,16
4361 13275 10 40,49,20,143,134
42491 13218 10 38,83,169,114,53,44,29,64
33562 30543 9 91,37,80,59,100
14791 30287 9 69,159,22,52,32,48,42,113
8104 28153 9 181,82
35263 2995 10 15,130,62,128
41881 23757 9 54,15,37,119,48
33733 13892 10 21,21,64,83,83
12631 39758 9 63,40,101,64,84,41,63,191
103 6944 10 56,85
20631 6532 9 14,69
9016 18619 10 156,12,135,12,182
3788 2114 9 116,81,107,48,99,156,29,7
23931 37583 10 48,134,109,21,84
26170 42610 9 111,49,130,105,106,49
14842 4022 9 114,60,140,43,162,14,130
30501 35430 9 61,107,133,81,38,10,29,185
42462 12178 9 28,7,48
13776 15883 10 53,119,129
6339 22727 10 101,28,115,44,58,182,50
11152 41814 10 84,36,53,49,146
25413 20771 10 178,140,82,132,20,146,185,184
18474 27421 10 211,189,119,21,185,53,40,178
19054 2307 10 185,110,100,163
25384 34381 10 132,119,116,63,53,136,58
3472 29814 10 110,132,24
39371 13179 10 29,181,132,30,25,182,109
30789 34709 9 104,63,139,58,57,50,117
12852 13034 9 63,81,35,35,130,37,113,28
4550 13567 9 49,82
37074 34103 10 114,61,130,52
28342 7298 9 49,62,46,112,10
36335 35037 9 81,52,10,8,10,128
27635 743 10 110,9,20,194
21346 27900 9 108,134,136,118,26
25505 10889 9 28,27,47,111
36190 2345 9 105,53,161,63,56,32,185
14240 19964 10 18,37,12,7,158,14
21149 34075 10 58,17,49,55,62
13909 4475 9 178,135,129,23,113
6053 12465 9 60,58,101,132,23,41,14
19761 11004 10 83,58,7,67,65
41921 465 9 127,10
37809 5077 10 61,136
3424 39213 10 23,25
32819 11523 9 130,119,20,145,162,57,61,177
18053 26790 10 63,178
43083 30830 9 178,169,41,58
8517 28376 10 182,49,149,27
16998 214 9 47,19,82,159,152,61,130,24
34426 10682 10 15,20,63,119,104,87,118
15952 27751 10 21,136,44
7550 29928 9 48,69
5751 25443 10 30,69,117,118
30537 39748 9 42,49,103,62,49,22,120,21
31240 16798 10 52,21,19,103,149
12210 45688 10 101,58,30,10
21555 34508 9 9,129,176
43629 8592 9 185,62,64
38087 26284 9 22,62,58,40,49,69,16
42488 12146 9 48,53,149
681 40813 9 118,104
6166 5046 9 18,103
29450 33471 9 27,54,108,116,27
25246 39778 9 185,58,61,47,83
44500 3131 9 178,29
43458 3572 9 16,112
24076 21254 9 101,103
35650 482 10 162,49,44,39,64,115
28173 11379 10 111,44,185,32,80,56,112
21380 19309 10 83,44,161
11265 21522 9 182,146
33644 35011 9 117,19,152,30,184,105,185,64
37906 40970 10 50,49,85,29
6135 23570 9 34,55,27,194,41,30
21110 8159 9 61,44,58
11770 38947 10 21,177,129,105,72
44281 28513 9 52,103,25,17,103,49,120,9
27896 17141 10 28,130
1225 45732 9 91,91
26288 26695 9 118,35,129,67,128,85,132
27217 15538 9 184,184,12,143,62
34351 21511 10 129,130
24381 44129 10 58,163
30193 22182 9 111,178,60,19,103,136
26091 5230 10 65,65
3710 43941 10 108,169,12,36,16,48,185
32537 32986 10 63,61,119
37315 36116 10 58,52,19,46,49
8868 31722 9 67,63,23,195
25812 11512 9 101,52,49,92,85,109
6972 22755 10 127,182,9,115,8,68,18,57
26630 27468 9 52,132,84,53,36,22
30781 12913 10 194,25,44,58,19,52,69
39384 39990 10 138,57,83,181,43,14
14557 24138 10 144,38,36,96,119
1190 11105 9 18,113,10,160
19752 30028 9 108,95,104,182,120,149,185
18782 36030 9 181,58,111,46
45752 41755 10 85,18,185,20,47
43973 16486 9 58,129,45,62,51,19,181,117
23013 12101 9 52,62,120,48,185,40,116,160
27791 25527 9 118,60,177,63,87
34139 5636 10 160,119
12138 25493 10 162,61,10,89,115
20473 3055 9 25,7,17,169,46,169,194
43052 28684 10 181,84,77,54,19,61,65,18
33213 9411 10 119,18,144,129,129,54,152
21161 26665 9 7,59,53,85
45575 32134 10 34,28,108,18,38,10,84
24836 28430 10 83,105,59
23754 39387 10 56,46,83,90,18,100
18233 12304 9 20,103,23,152
18028 10054 9 146,104,19,120,156,64,24
38782 29812 9 55,10,47,64,81
26826 35708 9 103,18,184,15,82,31,102,14
23380 16505 9 10,130,149,81,46,67,16,58
43475 31755 10 19,129,119
5871 37306 10 60,178,60,183,130
23394 8501 10 21,16,58,84
36075 37701 9 112,47,42,8,185,185,55,119
34491 10520 10 178,106,9,139,48,31,18
12593 44229 9 107,136,87,85,129,69,80,90
14520 25223 9 16,41,57
5300 33911 9 113,111,108,53,40
42236 21045 9 185,139
13462 29859 10 84,120
41952 23259 9 132,130,68,91,55,149
11921 32459 9 47,145
35357 25530 10 108,160,66
6356 2846 10 104,129,44,52,34,61,149,12
35734 17978 10 130,85,120
38601 31645 10 185,165,29
14474 1325 9 55,82,52,9,49,112,49
30265 12654 9 18,40,195,160,57
42286 31212 10 85,181,129,113,21
9263 14095 10 84,54
19716 22032 10 98,32,19,130,115,117
909 26845 9 33,17,185,129,29,107,21,23
31795 43483 10 66,114,59,24
16315 7727 10 66,62,85,48,107,46,37
19802 37042 9 61,104,162,82,58,106
23550 45685 10 181,54,53,113,17
7591 32438 9 58,185,14,87,17,47
5130 15871 10 51,119,44,62,204,27,162
33808 44013 9 81,30
42562 30601 10 66,179,18,68,91
20952 45760 10 129,15
40776 17602 10 128,24,16,17,129,65,58,128
42285 29881 9 104,162,18,111,211,119,119
17797 2708 9 62,53,129,17,55,20,40
36842 21188 10 178,58,104
31148 10956 10 120,83
20537 44383 10 63,65
41385 21781 9 149,64
12118 4692 9 87,49,45,141,160,110,12,48
30887 33573 9 160,185,22,162,104,60
11802 13718 10 102,81,109,22,31
4813 42178 10 54,211,115,48,85,17,119,104
35226 10445 10 129,51
3357 28210 9 55,129,162,9,19,50,109
27323 24674 9 134,38,29,47,119,9
21985 6960 9 14,179,105
16664 35855 10 81,85,48,54,94,104
10527 27650 9 56,183,83,101
10089 7216 10 23,146,113,102,64
20279 17592 10 68,63,8,101,106
10812 15906 9 101,146,61,19,20,64,113,120
12823 27077 9 144,19,24,82,68
758 37554 10 115,60,49,57,25,56
6104 26979 9 119,102,31,120,126,185
7335 35911 9 83,131,103,179,62
24022 24484 9 185,136,179,82
41742 19583 9 109,169,38,85,37
28545 42428 10 23,116,109,33,106,105
14098 25473 9 25,69,48,106,103
39828 41021 9 49,46,59,129,44,81,90
10934 35539 9 114,104,21
5597 41740 10 104,60,19,17,30
9346 8291 10 87,59,204,82,107,85,115,49
44329 15685 9 17,83,55
28976 24200 9 53,69,162,8,44,55,151,78
33281 2475 9 55,7
42313 27139 9 101,120,82,19
15715 34996 10 44,85,12
14626 40331 10 29,64,64,135,38,10,69
27199 41169 9 27,20,61,55,101,30,47,131
937 38415 9 84,140,56,119,17,185,32
852 36453 9 44,32
30284 3948 10 25,21,26,10,82,53
2578 1333 10 131,185,104,145,48,48
8678 27529 9 111,184,132,103,42
3924 41807 10 57,85,39
26045 658 9 111,56,117,141
6396 20625 10 183,55,61,103,79,83
26562 39849 10 119,216,109,66,54,60,83,19
2520 36213 9 36,65,100,59
21774 9908 10 178,87,23,102,22,110,84,58
7747 24008 10 16,101,37,29
8680 32786 9 49,63,95,162
27237 13734 9 130,130,146,44,67,23,19,135
38267 20540 10 117,63,132,111,16,83
37029 32725 10 63,102
7760 40633 9 142,17
28411 36468 9 169,119,61,53,156,109,109
44515 9467 10 13,58,18,17,105,104,60,58
43806 26202 10 136,49,9,16
44629 3535 9 129,51,136,50,40,194,185,41
4762 39721 10 58,19,85,102
24963 43642 10 184,60
1323 42202 10 48,24
42028 22488 9 44,119,184,49,19,53,39
24972 44491 10 21,111,184
16577 31084 9 177,68,23,69,87
11179 17682 9 19,29
30014 15502 10 178,140,9,31,46,105,130,39
28296 5745 10 59,134,161,66,117,49
37740 12204 9 19,119,53,47
39671 30401 9 83,42,185,61,185
16716 28814 9 216,103,48,62,105
33934 31790 10 177,20,152,63,49,120,85
23558 20554 9 18,143,63,104,163,140,104,115
3615 20924 10 18,37,87,64,44,66,130
14501 26314 10 82,62,131,146
30092 992 10 48,21,9,41,133,52
10623 18295 10 140,57,39,130,185,183,51,30
1594 27728 9 114,62,211,32,40,27,185
6085 16079 9 56,132
5572 38758 9 222,131,81,153,45,43,104,211
9571 4487 9 40,101,52,60,194,103
9312 34751 10 119,15,82,119,65,29
20306 2193 10 152,10,146,53
33418 8344 9 78,131,49,42,91,185
27787 4063 10 129,10,29
45562 21045 9 25,65,58,15,67
25632 39621 9 45,104
26315 8152 10 36,84,129,104,61,54
9356 11172 10 177,98,134,29,108,66,59,87
32122 18764 9 10,179,83,130,152
2084 7062 9 27,139,104,22,30,10,83
2812 36066 10 114,104,84,61,107,106,145,18
13376 8696 9 81,83,116,103,169,14
2126 5352 9 76,42,62,35
44687 39679 10 127,141,49,146,23,33
8137 11496 9 62,184,129,7,10
23417 3785 9 179,130,113,57
921 7065 10 162,84,166,118,22,63,10,21
44539 28700 10 103,184,20
34803 33876 10 83,41,85,182,15
14833 44353 9 115,24,17
27439 43753 9 129,67,79,48
30733 28562 9 102,67,20,184,77,14
1680 34567 10 30,119,20
30118 19225 10 116,58,47
13585 27882 9 163,60,162,26,65,61,44
13235 22066 10 29,178,48,60,39
2702 44253 10 85,30,29,39
3020 3400 9 17,20,114,129,22
20107 19926 9 36,16,35,12,65,182,36,63
45791 9563 10 184,83,209
11046 34782 10 106,82,104,129,21,169
15838 22754 10 49,129,116,20,42,8,30
3784 34257 9 63,19,81
37232 7395 10 116,18,129
24731 41529 9 49,67,58,84
11335 20873 10 28,161,58,44,36,81,119
33670 4263 9 110,85,61,184,52,162,49
25415 710 10 47,182,18,66,32
9287 43295 9 47,41,18,26
37894 40289 9 45,61,41,83
7062 7004 9 51,77,149,47,185,131,163
37105 3388 9 33,62,52,102,58,116,120
21076 45077 9 85,85,107,144,52,185
44592 10508 10 22,39,64,185,44,81,22
14442 29298 10 110,17,191
6768 35620 9 104,109,27,17,41
33040 42943 10 57,65,39
14792 19774 10 83,146,129,28
35567 21997 10 58,68
5472 20837 10 36,38,78,104,169,53
11762 34710 9 115,66,185,82,163,96,12
9057 38834 10 182,21,103,51,153,108,49,49
31301 957 10 149,49,56
19864 34314 10 114,59,76,81
31078 10091 9 52,25,8,65,40,194,12,109
17196 14028 9 118,83,177,47,185,8,114
38794 34350 10 83,37,30,44,87,112,185
31987 19405 10 182,53,42,118,15,61,33
32218 3311 10 43,152,63,85,141,130,129
8929 27153 9 114,27
22114 1837 10 8,131,68,35,22
29804 33036 10 145,185,49,87,136,38
44476 21007 9 104,91,7,163,20,48
2523 2069 10 103,21,90,91,61,85
18332 175 10 19,113,128,64
1756 32154 10 87,18,216,49,131,51,49,58
40406 7597 10 179,83,78,104
37563 37836 10 91,63,40
38364 8847 10 185,48,129,30,136,38,113,39
32263 33822 9 130,185,185
16632 43763 10 120,57,104,19,40,128
9602 1915 9 106,133,80,57,46,198
39606 4619 9 44,60,21,20,83,156
34876 38918 9 14,81,131,24,156,104,9
24241 39420 10 128,162,129,34,119
9739 22524 10 48,85,64,41,66,82,53,21
146 39206 9 43,103,17,55,29,128,9
2116 13309 9 114,52,65,113,33,156,51,67
299 6808 9 31,36,177
16872 14746 10 181,60,179,185
27204 17672 10 24,181,100,99
27251 6117 9 19,63
18932 7526 9 61,107,105,185,49,39
14387 22385 10 152,48
33243 5791 10 56,47
38572 34260 9 76,20,120,112,179,57
3488 22010 9 149,82,113,112
28328 18673 10 69,87,36,108,83,35,163,119
41945 10690 10 59,129,48,16,110,194
34958 11860 9 25,142,9
35998 7575 9 48,182,118,177,185,101
36260 33091 10 107,24,62
41713 38264 9 61,61,185,7,39,104
41300 2484 10 7,66,184,104,16,18
22760 15562 9 119,57,54,111
20642 13261 9 10,8,108,57,185,111
10882 4573 10 103,128,25,24,107,20,41
29883 1198 9 104,118,184
23640 28787 10 77,10,113,41,104
28613 40473 9 62,15,47,81,144,194
25237 32146 10 65,185,87,59,58
16814 44506 9 25,107,58
38644 34903 9 57,59,179,182
32309 12631 10 110,119,55,169,17,132,130
17029 27100 10 32,61,10,79,130
18826 12711 10 89,54,119,21
20931 7308 9 61,22,49
44522 1164 10 64,85,24,56,20
3274 36562 9 128,136,66,135,19
11879 35881 9 50,50,16
13067 40401 10 20,49,46,62,47,38,85
11740 20496 9 118,83
20646 24741 10 78,85,156,149
14801 3356 10 48,163,114,103,44
6862 34711 9 32,185,84
8079 2711 9 117,91,182,63,64
12595 18128 10 18,91,23,128,184
24923 34861 9 62,184,49,182,58,15
31713 44275 10 81,28,18,37
9250 42907 9 120,34,12,81
11282 15139 9 58,106,129
5459 43366 10 141,110,149,152,114
45059 27462 9 211,160,84,105,87,45,69
44347 38816 9 105,53,82,100,67
11162 12127 10 40,53
18410 21105 10 131,61,105,194
35581 37227 9 69,102,63,129,136,131,163,19
40674 32927 10 69,21,59,83,66,62
10599 41693 9 10,45,65,181,106
14530 28525 9 18,25,126,45,31,133,162,53
44050 11097 9 85,185,90
38258 6632 9 64,102
10097 40322 10 26,91,48,184,10
4872 14477 10 62,117,191
30789 6309 9 18,58,101,131,185,50
23304 31948 10 53,63,48,158,104
7131 15818 10 54,40
8870 4666 10 47,145,43,131
32163 36575 9 153,33,169,96,110
42713 37793 10 185,50,100,119
454 45665 9 17,20
27 40302 10 119,130,163,142,102,23
19722 9128 9 49,42,29,51
28510 3189 10 40,53,115,179
29062 33800 10 53,10
11909 34651 9 60,160,119
20773 40114 9 87,19,36,62,54
5723 10598 10 185,47,63,145,100,146,85,47
42432 9110 9 104,65,181
3131 2519 9 76,185
40588 44553 10 68,116,178,115
17311 4218 9 14,103,59,145,169,19,113
4080 4433 9 93,67,42
38307 37122 10 58,47,84,59,104
44991 2568 10 85,18
13549 22254 9 18,134,185,43,194
12882 5524 10 23,146,21
23374 39572 9 115,39,119,148,83
11738 15326 10 37,111,60,114
36650 41930 9 134,43,10,111,15,101,178
882 43580 10 110,18,9,146,132,129
11929 42541 10 23,118,54,109,114,132,65,61
45808 26403 10 119,183,129,131,104,66,52,66
10061 25078 9 50,101,51,163,181,52,55,181
17862 11847 9 36,181,119,24
9901 33205 10 51,52,49,37
34004 33238 10 144,65,16
37450 18801 10 58,45,60,23,54,104,53
27431 9172 9 130,62,67,145,41,48,28,56
6935 28567 10 68,62,29,158,55,99,58
403 30958 9 116,185,62,36
21291 16458 9 111,43,136
2011 4759 9 38,104,14,20,65,10
2051 40895 9 161,166,39,68,66,22,32
25137 10648 10 29,65,17
31237 17338 9 24,114,131,36,15,63,83,81
45588 4979 9 116,66
22765 5532 10 66,57,184,179,60,119,182
3511 30636 9 17,27,23,49,185
7768 32585 10 184,163,10,14,96,119,160
29724 34790 9 119,183,34,74,40,144
5040 42889 9 52,106,39
37688 42856 9 119,50
10203 26678 10 128,65,178,113,24,91,68
2220 3278 9 30,64,59
21532 23486 10 169,87,85,34,16,102
17880 23617 10 69,210,49,28,20,83
17796 42715 10 185,182
22982 19266 9 63,19,146,49,158,58,107
5430 2412 10 36,144,144
9083 9564 10 83,112,55,119
25264 5606 10 130,21,128
570 44748 9 62,194,41,127
39534 35633 10 132,179,101,62
17517 6452 9 43,31,63,48
34996 25790 10 102,40,16
2173 28700 9 58,60,49,118,116,27
26193 25813 10 81,39,15,28,145
19783 22901 10 23,105,169,9,18,48,135
5614 17095 10 111,109,18,136
8908 3151 10 63,21,185,103,185
31931 12860 10 160,61
16396 28056 9 133,67
45075 15348 9 25,113,111
26613 15148 10 21,63,80,36
42484 285 9 26,12,12,108,18
25827 36075 9 16,20,177,51,21,204,19
2108 25482 10 32,142,60,46,48,107,66
43694 18769 9 19,129,146,49,12,59,80,115
18845 34653 10 64,81,185,132,37,81,65,194
43402 9576 9 130,7,60,61,132,79,18
38919 16933 9 51,160
31316 32790 10 20,7,64,181
36619 11662 9 40,110,59,44,54,14,42
45441 2901 9 143,110,183
26653 44522 9 56,83,144,52
22707 29716 9 20,66,53,8,48,57
5915 39339 10 140,68,15,18,181,49,152
35089 26301 10 63,10,54,48,146,49
43036 12844 9 83,53,50,48,216,107,34,169
20310 34295 10 185,12,21,134,132
5688 3044 10 104,129,167,47
38161 39227 9 59,38,81
41530 36377 9 55,54,118,64,61,67,34,194
20177 17226 9 179,102,59,117,8,112,104
37938 5624 9 39,113,104
22301 28179 9 102,145,65,119,103,129,21
1913 43680 10 119,48
26369 19487 9 87,42,19,184,184
8200 28267 9 66,49,103
3109 43295 9 130,101,181,102,136,163
28973 45810 10 46,78,14,94,183,20,49
15790 12273 9 128,95,44,107,179
33581 9267 10 61,120,129,129,156,41
26242 29516 9 55,42,104,38,182,83,156,185
17232 13315 9 55,8
11987 44895 10 24,33
4390 3169 10 52,113,58,72,83,30,45,101
39161 44143 10 91,184,20
11165 20643 10 45,195
29986 15400 10 12,57,29,79,182
33907 28847 9 58,24,43,59,87,184
33402 44340 9 9,185,85,94,104,128,10,53
43304 3458 9 57,134,83,61
27876 3972 10 59,58
17344 35482 9 19,80,68,83,55,109
8524 32370 10 100,22,183,135,53,112
35073 41731 10 17,63,129,84,151
33162 38115 10 185,18
29009 16894 10 48,91
12561 26617 10 62,141,21,30,118,59,95,109
9079 516 9 49,130
37135 7466 9 128,83,18,41,21
36325 31962 9 63,15,59,91,83,21
32199 27369 10 169,131,183,142,37,108,83,152
28008 32004 10 104,17
18330 21559 9 114,144,65,7,61,142,17
29684 44468 9 83,23,111
25959 28361 10 63,129,129,115,184
17264 31889 9 179,50,129
40353 8904 9 79,61,53,118,8,130
29735 28161 9 132,87,18,41
32194 14323 10 28,104,8,55,37,42,48,103
15012 9283 10 109,181
39099 4317 10 30,46,46,37,52,44
39333 14095 10 36,26,52
27430 35363 9 52,105,83,49,58,112,29
23065 41860 10 50,115
20746 19066 10 113,69,63,59,18,119
42214 34435 10 30,18,110,113,160,53,40,8
43052 21927 9 66,14,58,119,57,142,14
22108 35621 9 29,152,18,101
98 15512 9 53,119
25264 661 10 106,39
24862 1247 10 67,17,66,156
25044 10907 10 45,56,185,129,211,66,28,9
45378 3033 10 65,119,24,63,36,8,85
42794 20802 10 68,41,9,37,22,119,18
39898 24162 9 16,65,61,195,183
33113 11424 9 183,91,9
37271 38665 10 81,30,48,87,53,64,22
15218 35727 10 136,146,61
25222 20225 10 104,194,134,82,21,39,7,95
7650 20291 9 40,31,48,105,99,181
12440 31000 10 116,194,83,104,114,20,37
39050 22489 10 169,68,12,32,185,61,83,19
41209 33560 9 179,120,57
40564 2890 9 51,87,185,38,119,149,129
15342 17878 10 83,181,119,29,63,62
26893 15938 10 109,82,162
40467 14595 10 41,126,61,57,55,111,19
7056 40068 9 83,41,110
32943 31271 10 185,84,78,119,63,184,17,10
9417 15237 9 105,18,21
24160 19322 10 60,119,146,49
15417 10658 9 60,51,185,135,27,57,28
3957 10456 10 178,58,142,146
37297 26124 9 83,101,101
27845 26219 9 52,65,81,110,109,15,129,129
38065 22714 10 41,20,17,10,14,80
14058 28729 10 35,152,181,163,119,129,102
35124 18077 9 142,181,110
20955 22043 10 129,10,60,102,43,129,87,103
5093 3798 9 48,60,17,18,95,104,118,49
44438 27506 10 109,50,112,45,63,22
44535 3587 10 107,162,45,154,21
17795 8632 9 20,30,10,58,163
40146 35933 10 23,83,40,142,149
1634 10032 9 62,82,55,113,25,57
44734 19987 9 60,19,109,84,59
14992 18544 9 83,48,156,141,83,129,35,60
44272 3085 10 63,82,66,136,29,48,181,120
40328 25979 10 143,19,114,18
9649 5801 9 81,109,18
8358 43199 10 59,60,10
18593 40362 9 20,56,58,24,113,85,127
39765 44618 10 22,131,113
40488 10100 10 58,85,181,119
19435 28609 10 192,194,108,46,60,18,65,12
29782 23023 10 79,60,126
26836 41683 10 32,39,120,108,129
15295 13243 9 109,32,99,14,169,84,49
2364 21532 10 102,83,129,194,82
1579 23422 10 18,114,67,44,119,84,82,27
11028 42634 9 119,20,131,83,45,144,69,112
5592 43681 9 81,109,54
24572 16629 9 56,200,51,40,129,179
39485 21315 9 64,110,48,115,53,47,84
10383 16668 9 162,120,120,142,156,20
9418 43922 9 109,81,64,110,48
36430 19560 10 27,32,58,48,22,15
35724 45435 10 58,129,16,154,28,119,128
11799 8993 10 43,63,145,101,28
14714 40546 10 194,185,129
18222 45259 9 109,132,149,85,58,53
14325 42513 9 152,134
25709 26382 10 21,65,61
26650 32932 9 104,62,32,91,104,69,182,63
20703 3654 9 22,119,185,8,129,58
16412 44552 9 55,119,120,69,135,163
38886 39156 9 182,63,48,28,41,49
33565 15428 9 83,85,111,58,76,120
33550 5081 9 18,146,156
16253 34646 10 107,45
14058 18813 9 63,119,120,15,24
6428 11490 9 8,119,119,52,36,29,35
20491 35465 10 63,58,179,16,69,80
39294 4700 10 85,91,118,117,204
31368 29169 10 54,129,46,106,45,61,18,38
5679 43423 9 7,91,24,83,63,152
20320 43186 9 25,49,53,107,81
43281 33619 10 146,20
22316 28031 10 84,46,69,60,41,156,53,182
35524 22418 10 9,160,131,8
44702 10372 10 64,8,120
18504 27330 9 185,65,142
13115 4791 10 35,65,160
35486 31552 10 33,85
43011 43737 9 23,38,64,185,27
8984 20957 10 19,83,17,56,110,185
22717 946 9 51,185,149,135,120,91,51
12429 29049 9 185,129,30,39,114,109,16
16022 27942 10 60,185,29,41,47,83
43380 1516 9 65,62,178,115,144
37556 6724 9 42,84,46,34,178,152,83,133
21851 13724 10 140,49
6900 40695 9 105,21
32583 41986 10 87,23,149,112,40,112,143,96
45174 33073 10 62,80,62,50,113,136,63,83
26200 25748 10 136,33,69,22,62
33011 42911 9 117,145,127
24273 44481 9 163,185,48,102,129,26,103
23590 39848 10 181,87
29566 33994 9 120,113,51,38,116,20
25662 28685 9 129,85,85,185,136,14,16
42067 39321 10 23,162,23
37827 17981 10 185,17,67,20,22,14,145,120
30832 8490 9 129,16,146,69
9104 37482 10 149,10,60
41223 37855 9 42,16,112,87,58,22,115
34617 28581 9 103,78,49,169,65,10
459 7751 9 34,16,104,20,156,32,184,116
44076 29310 9 15,33,132,109,143,118
34367 14945 9 61,102,120
21191 27205 9 61,63,185,104,35,9,81
29144 14307 9 132,193,23
30053 31992 9 20,21
11557 14409 9 19,51,17,114,65,47,178
33719 14846 10 20,49,62,12,30,110,48,118
44194 30502 9 10,55
37587 40737 9 52,55,185,59
27196 29418 10 83,51,128
17248 31982 10 55,81,36,143,82,146,52,43
43211 435 10 12,119,95,91,8,129,104,30
38546 1241 9 20,130,58,56
25357 23315 9 45,19,21,103,163,79,81,60
596 31597 9 129,129,20,18,178,163
2027 19099 9 56,64,58
26221 31748 10 115,19,35,134,34
11993 37340 10 69,108,87,114,68,16,106
10319 15634 9 81,119,21,28,49,129
28211 44532 10 119,69,47,25,81
12143 14566 10 10,30,133,106,130,129,87
45488 6234 10 50,61,68,104
41290 17513 9 83,118,105,48,163,108,102
27789 31724 9 58,29,47,20,83,118,116
28876 24169 10 156,23,47,27,49,107,91
29291 37474 9 48,184,91,47,87,104,63,29
22502 40506 9 179,114,10,59,17,143,129,162
11633 24264 10 116,23,58,84
29006 6600 10 83,57,182,47
11241 41921 10 60,144,15,44
4709 21145 9 68,60,111,59,81,93,113,60
22090 42046 10 194,10
45423 43348 10 118,21,64,117,50
20047 146 9 116,46,149,119,61,19,63
44893 6547 10 83,35,129
41690 14866 9 181,185,104,20
41003 44626 9 15,81,201,169,120,79
2305 12482 10 59,119,20,91,178,24,66
16746 13710 9 132,45,101,49,35,18,65
19560 5666 9 55,195,182,65,14,178,103,66
21487 28038 10 35,38,211,84,179,162,19
36861 3814 9 48,8,50,54,68,50
40370 16645 10 103,61,149,39,69,129,104,16
19928 31089 10 59,9,92,216,129,46
8932 18413 9 63,19,105,22
44578 17352 9 77,19,36,18,65,19,68,104
5612 2944 9 105,169,128
2644 41864 10 64,85,83,60,184,18,71
36267 36774 9 48,195,64,162,36,140,36,104
29123 40554 10 104,82,103,10
22902 11756 10 49,106,18,195,140
10052 11816 10 120,181,156
40554 31264 9 36,111
22891 32043 9 46,85,142,129,81,44,40
31149 21409 10 41,53,117,104
11136 32552 9 103,83,62,119,87
31011 19343 10 7,120,101,21,49,63,41,20
34596 31318 9 21,65,117,9
44984 6542 9 118,67,40,139,15,22,80,136
24878 35205 10 128,41,29
13353 6730 10 8,184,119
36515 29068 10 25,59,48,177,12,59,20
24744 15738 9 25,87,109,28,103,169,83
4185 31214 9 10,110,145,169
36768 678 9 20,64
33499 23172 9 114,29,31,115,130,24,19
385 44296 10 83,68,84,83
12557 28685 10 24,194
3922 26347 9 8,113,61,104,68
17654 12919 9 17,55,60,79,96,87
24676 10158 10 48,26,160
38694 43588 9 93,59,14,52,134,69
41571 18318 9 55,142
8371 35366 10 143,43,156,66,128,182
15000 35404 10 21,108,184,179,136,61
10262 10877 9 55,80,102,108,30,19
24854 6238 9 194,104,21,77,65,49,177
24757 6364 10 14,67,112,58,10,162,116,152
32339 38646 9 53,58,119
39775 1629 9 102,58,21,37,132,79,35,49
22860 42226 9 194,182,79,60,181,49,130
19507 12153 9 119,129
44120 11467 9 59,119
4560 39393 10 134,113,52,104,169
9295 23032 9 19,52
31083 6579 9 23,40,114
4000 39624 10 119,61,59,163,85,65,63,68
6928 41565 9 67,67,113,39,20
13365 27801 9 20,119,160,29,57,19,113,104
18337 14395 10 179,48,115,119,155,56,87,63
29721 44105 10 29,182,129,55,29
44662 15531 10 108,101
18173 22766 10 118,10,43
42595 10297 9 30,66,65,44,101,16
19533 33154 9 49,17,38,38,52,59
26359 8057 10 85,109,9,10,63,50,104
13393 28914 10 16,119,91,110,59,105,109,130
16445 41136 10 26,93,132,37,39,177
26830 874 9 102,182,156,18,21
33405 18258 9 62,182,149,20
13941 41186 10 48,25,114,47,9,34
18324 15455 10 60,179,69,23,111,132,146,185
25698 1992 9 143,15,85,87,132
12422 22627 10 91,156,63,85,130,100,17,149
25157 2109 9 53,27,73,113,10,41,61
24084 22604 9 189,10,60
41501 19562 10 83,44,120
39112 8397 9 110,42,105,131
39120 25473 9 84,65,27,12,43,61,27,46
23289 11789 9 45,82
33807 39829 10 81,106,62,185,129,91,162
35535 4135 9 49,152,184,79,82
1204 13939 9 119,30,104,16
896 25922 10 110,93,102,54,58,23
43430 27523 9 65,142,31,118,32,12,100,144
11815 26364 9 33,59,16,54,59,167,53,87
35699 24475 9 85,120,45,163,30,37
19922 43310 9 211,136,54,57,118
5858 30912 9 31,52,163
9636 16104 10 8,185,51,107,107,91,64,17
19003 30738 9 47,48,69
14193 13522 10 185,58,114,156,178
17807 38123 10 129,24,87,104,108,51,69,12
37028 9806 9 23,145,209,129,128
8980 35997 9 119,84
18972 5422 9 84,76
41357 3474 10 144,29,163
12506 30911 10 182,63,24,83,27,15,91
19242 42534 9 14,119
5858 1013 9 39,44,90,140,185,138
39693 41027 9 48,91,103,117
17535 25210 10 55,31
21901 13955 9 185,15,102,69
7908 17174 10 47,20,10,20,35,87,17,194
14567 25724 9 118,47
31858 32354 9 25,110,36,194,102,67,27
28771 2471 9 20,129,82,40
22627 27578 9 28,107,91,57,49,22,119,109
27653 26128 10 93,8,119,100
41240 38350 9 61,43,57,143
27490 17155 9 63,134,58,204,65,61,18,35
4475 31677 10 120,48,160,134,182
18459 36022 10 185,34
36441 28308 9 177,182,49,21,178,104
38370 19880 9 47,80,34,185
1834 20294 9 31,41,32,49
8335 45684 10 119,68
3052 15690 9 130,103,58,25,22,88,45,131
16070 29317 9 194,51,120,149,23,47,28,28
16652 44317 9 19,117,104,16,182,61,67
20085 5354 9 51,37,44,43,60,49,163
19713 43514 9 65,104,162,27,58
637 7124 9 20,20,179,185,41,183,10,144
67 30360 9 101,111,110,66
1279 22810 9 45,48,7,117,194,31,46
21364 23273 10 18,85
32572 8690 9 18,37
12091 31114 9 85,39,145,110,18,23,83,103
44838 11911 9 87,18,129,20,106,126,85,182
30164 15310 10 83,132,81,160,142,46,41,44
17766 30120 9 163,129,61,191,49
7784 10872 9 61,129,25,56
43254 37140 10 18,60,183,181,118,17,8,84
3498 17128 9 40,119,178,28,102
8761 27032 10 44,83,115,48,85,18,85
7088 45507 9 18,85,103,136,179,63
9281 14427 10 195,182,68,128,49,14
12764 24396 10 34,152,43,114,181,90
24296 13136 9 65,63,129
8318 31580 9 102,83,130,10,131
10433 42172 9 182,90,83,153,160,42
28702 33087 10 25,59,14
32678 3131 10 110,49
35710 30470 10 25,129,61,28,49,59,184
18077 17005 9 60,118,22,61,194
31041 30537 10 83,30,63,61
177 21386 10 132,60
32036 5958 10 61,132,152,85,152,96
17939 45286 9 27,34,104,58,179,21,178,61
23153 17445 9 27,64,91,183
20329 41696 9 48,109,49
10737 1781 10 69,14,87,20,23
1095 22068 10 48,12,119,50,45,82,115
17735 3965 10 67,130,103,14
1136 3820 9 185,179,104,104,32,100,81,129
7942 4284 9 116,69
7291 29667 9 45,32,83,144
31593 16938 9 21,84,33
31548 27646 9 65,179,184
11857 7540 9 28,18,91,49
36569 28831 9 61,16,37,58
36173 6560 9 105,18,130,113,106,169,104
44114 21279 9 63,184,82,81,18
28024 5188 9 184,120,85,109,182,39,40,103
9093 22511 9 18,58,153,118,104,52
5356 20134 10 49,37,78,37
15621 25999 10 185,184,119,21,51,156,44,87
44070 5492 9 48,177,181,135,156,68,128,178
20632 13014 9 128,21,36
43504 38961 9 119,49,44,66,28,120
25014 29208 9 20,120
25594 14292 10 37,131,111,20
35865 16112 9 35,129,29,134,132,54,137
15625 35408 10 42,19,69,55,129,69,131,113
34422 44383 9 128,48,117,160
30779 937 9 46,68,61,60,49,119,44,104
10162 1342 9 163,87,21,37,35
33216 17290 10 104,211,81,85,46
6520 17707 10 103,116
34733 28181 9 7,61,36,51,49
6835 40907 10 21,51,82,47,181
26239 6708 10 130,182,60,25,56,184
2768 33678 10 21,85,118,48,119,50,101
36702 39960 9 113,177,49,169,8,9
43322 37118 10 20,130,20,105,18
10469 2395 9 24,54,102,50
5319 14582 9 145,39,113
13454 27232 10 49,115,182,54
32566 16385 9 81,106
5616 2573 9 143,109
36540 25442 10 15,120
16147 23636 10 20,52,55
5711 33508 9 63,181,83
26242 32618 9 65,104,12,50,37,194
6907 38767 10 104,91,63,181,61,104,66
22255 10559 9 104,194,194,185
5525 1957 9 129,132,59,40,53,84,91
37500 38733 9 51,115,45,60
39420 3183 10 19,104,62,178,83,65,47,16
2457 22188 10 181,149,105
20814 1812 9 18,112,181,34,37,136,104
16880 7585 9 41,59,178,33,82,87
45543 939 9 13,81,152,120
27147 24798 10 178,45
10568 35650 9 61,20
31864 44057 10 61,132,67,101,64,53
33802 7405 9 83,49,83,28,58,82
21687 21528 9 40,79,119,156,61,16
32208 41337 9 28,22,119,30,84,91,36
4113 22725 10 50,56,156,46
13312 44919 9 30,55
10861 1577 10 129,58,20,69,185,45,19,60
3665 33757 10 47,159,23,90,112,49,54
34762 43233 10 185,64,21,156,64,140,49,105
21747 24732 10 53,91,38,194,42,40,78,114
20201 25819 10 28,14,8
12618 44420 9 91,149,7,185,52,83
30786 15596 9 77,44,118,109,46,129
39042 34945 10 55,20,20,61,51,83,91
43599 17153 10 83,35,16,25,60
17907 39847 10 103,30,113,184,135,10,59,49
35524 31585 9 83,31
1890 32230 9 54,19,104
34606 29676 9 128,119,43,84,61
39245 18246 9 58,110,166,113
12004 3524 9 62,114,48,38
30247 22928 9 60,60,111,179,107,49,18
15498 23690 9 87,52,61,104,56,91,216,12
26321 28200 9 48,65,9,114,129,102
1756 28180 10 110,35,105
5482 35557 9 24,114,87,102,38,53,27,179
6855 8920 9 56,100,22,143,57,100,9,106
3252 12756 9 4,185,113,20,179,110,33
3321 5040 10 26,145,132,37
26347 38457 9 185,83,84,112
40418 43178 10 44,49
3871 19157 10 140,45,69,17,62
14693 19831 9 54,83
19136 31526 10 55,59,63,131,21
34352 18663 9 54,48,65,141,110,156,179
2522 2846 10 57,15,19,114,84
13084 3944 9 140,83,67,20
27141 9126 10 119,132,162,20,58,185,39
34465 40829 9 25,144,21,103,143,142,210
33546 37894 9 103,51,37,131
36659 27164 9 87,66,61,68,61,119,69
31631 14929 10 104,24
18246 44359 9 120,32,37,46,156
6540 41452 9 67,139,91,10
19768 37126 10 104,37,25,66
33846 11083 9 61,144,60,61,61
9504 32777 10 81,7,184,103,49,45,181,156
37457 2394 9 20,201,102
37504 37764 10 82,129,178,45,83,119
34132 35357 9 131,22,106,46,47,57
38143 27522 9 194,21,44,131,63,83,68,28
27171 16806 9 61,38,12,142,162,37,185,68
41639 6193 9 109,134,50,43
15720 12838 9 57,59,129,36,51,179,114,9
39340 42077 10 54,48,185,102,52,21,41
34020 18895 10 119,126
9343 10358 10 28,18,67,112
33518 16414 10 185,27,85,179,9
38499 13529 10 15,10,84,130,131,114,91,59
24261 21963 10 49,21,53
12643 31662 10 49,83,59
33281 26533 10 51,139,51,64,62,78
1714 10064 9 44,48,17,119,83
7083 18066 10 58,48,43,82,36,104,66
22821 35241 9 60,20,52,59,61,112,64
40970 1709 9 146,184,48,82,16,108
30076 35988 10 185,22,29,50,39
13058 35938 10 128,104,17,128,32,87,102,49
24839 38537 9 185,58,134,10,83
14455 15301 9 29,53,80,104,33,91,84,45
18744 6425 10 16,28,67,169
28515 41954 10 53,14,119
35298 27756 9 85,182,55,18,47,87
4380 6506 10 15,142,29,29,182,61
23659 2373 9 49,63,45,43,85,41
41498 30544 10 6,63,45
8345 31291 9 104,185,111,115,152
31281 43111 9 10,87,62,55
28926 13346 10 47,57,104,63,178,161,58,28
8367 4545 9 46,29,116,18,40,23,119,130
14630 14054 10 138,20
35991 39652 10 16,48,81,194
3566 43657 9 20,10,7,20,134,9,33
20100 1177 10 112,83,110,45,56,181,129,47
42675 13653 10 146,20,24,34,23
9656 25199 9 10,10,194,25,40,84,107,67
22935 26569 9 48,47,185,82,80,83,19,112
23637 26623 10 119,40,31
16436 39977 9 63,179,107,63,35,185,37,58
40897 6144 9 48,67,107,194,138,69
3445 25584 10 15,120,67,18,140,21,14,59
31098 44067 9 63,179
40748 20510 9 66,136,105
24318 33511 9 22,25,8,100,179,163,59,43
9232 30485 9 85,18
5311 2604 10 34,30,30,112,85,105,63,99
19208 4431 9 12,179,62,185,143,25,83,20
6375 42440 10 61,79,43,163,65,68,49
23703 44353 10 81,18
30 38121 9 132,63
23202 25155 10 185,48,46,136
18085 15882 10 128,49,15,21,194,100
27 45225 10 102,59,129,7,10,129
32768 20382 10 152,57,56,156,148,20
15694 28107 9 115,129,119,132,184,45,21
7990 24764 9 54,80,39,149
22727 8607 9 181,43,82,146,57,128,21
2074 4523 10 54,20,102,58,184,119
37319 29773 10 38,114,7,52
6421 34277 9 119,22,145,58
21746 9252 9 82,100,119
7346 9037 10 65,57,48,104,42,78,132
34668 14763 10 143,10,16,114
3691 28310 9 36,184,195,102,69,161,17,12
36444 36931 9 60,46,162,63,58,65,58
19511 29299 9 61,61,8,16
9572 34412 10 49,56,84,22,47
40950 28197 10 24,184
7597 24642 9 178,29,49,40,48,61
8912 25956 10 15,149,32,114,185,179,49
28789 7184 10 144,24,45
1393 2408 9 216,10,111,117,112,28,16,41
11039 17197 10 169,58,60
3688 24454 9 62,64,29,120,67
28230 1264 9 53,58,53,58,54
28927 800 10 49,49,58,59,120,182,30
30023 10001 10 20,46,141,118,63,49
24852 45543 10 184,194,14,51
30488 16252 10 178,65,9
21021 2099 9 169,209,112,68,179,65,182,55
14481 13733 10 67,29,134
16538 42438 10 91,60,62,7,51,62,23,58
13864 35718 10 158,69,10,65,65,10,46,41
10493 34556 9 83,18,85,131,38
43829 15775 9 57,144,21,108,12
36804 44596 10 25,104,55,178,17,36
13013 22754 10 102,57,32,136
3951 36618 10 184,74
16424 45233 9 52,79,57,43,178,178
18564 4555 9 50,79,64,200,54
19971 6577 10 52,167,8,129,24,117
34292 17077 10 114,131,63
22539 31951 10 60,57,185
8708 27951 10 114,36,185,129,63,49
21694 10316 10 20,185,83,42,103
24905 41269 10 129,55,57,15,81,44,44
22475 37275 9 83,49
3018 13754 10 185,178
45251 21505 9 41,41,110,101,49,59,22,104
29870 25274 9 131,110,184
44231 13025 10 146,39,129,130,131
3613 29565 9 80,28,80,119,83,102
18916 24186 9 185,134,116,25,129,129,108
37432 42761 10 58,63,140,194,91
16989 17239 10 57,109,176,117,152,48
22145 14494 9 63,12,20,39,43,18,62,116
24943 10943 9 48,104,134,57,16,83,75,33
9331 12060 9 131,119,49
31712 39943 10 21,55
14209 11901 9 60,42,185,56
7698 15808 9 21,53,104
10624 5678 9 25,156,146
18112 18667 10 42,185,63,68,57,10,33,60
621 13469 10 185,83,112,184,60,118,102,152
17120 22945 9 185,119,42,25,106,34,44,61
6942 1987 10 8,61
5197 16492 9 50,142,38,44
40338 4695 9 106,109,8,113,87,104,60,103
19937 31106 10 117,110
44419 22905 9 20,102,49
30658 9419 10 128,29,169
35071 3440 10 130,101,26,111,29,61,63
37813 19064 10 133,83,45,109,31
26044 29616 10 28,68,68,152
40824 15755 10 17,102,194,143
25555 17533 9 9,80,19,63,57,85,177
20897 35427 9 35,17,24,10,34,65,31,32
30114 21446 9 102,135,195,83,45,153,20
28237 21802 10 24,10
15930 12829 10 116,102,128,59,87,169
6320 30899 9 66,119,78,49,85,12
32014 10178 9 185,56,119,53,169,19
27803 16648 9 83,131
38141 19732 9 128,129
44954 6638 9 10,52,144,69,185
31148 23277 9 63,131,83,65,111,63,53
37228 7018 9 185,83,104
7027 42899 9 83,67
23608 27188 10 129,115,32,49,179,119,84,128
31672 44220 9 106,62,185,21
11853 25840 9 146,20,10,129,176
33358 13777 10 35,181,34,28
26333 38730 9 63,12,69,104,15
45475 5430 10 19,129,140,65,69
38474 15207 9 35,58,119,61,102,132
33931 28205 9 149,58,181,78
18495 44169 10 162,32,20,211,29,184,82,194
3904 17539 10 28,47,108,163,25
3063 41767 9 104,20,211,37,85,118,60
35463 43813 9 45,19,81,126,163,8
9717 19945 10 144,161,129
7431 31640 9 46,85,21,22,30,47
44215 43381 9 181,43,52,33,25,182,68,55
25786 12322 10 146,194,64,31,18
37725 33498 9 135,49
44901 31276 9 57,83,64
28496 19597 10 52,20,65,156,58,25
29157 19559 10 113,39,82,12,20,44,136,67
26690 18959 10 63,82,84
1307 42459 9 14,67,132,19,145,113,58,84
33968 37847 10 15,41,179,127,83
10145 13237 10 21,85,85,49,31,9,85,49
7873 10474 9 59,58,49,69,104,85,19
3831 36850 10 167,143,108
15213 44615 9 64,35,119,17,83,41,47
30202 4183 9 145,21,119,19
5339 35192 9 87,119,103,129,28,201,111,63
42336 45787 10 119,182,120
26118 27626 9 185,81
27761 29232 9 120,12,111,104,54,67
43001 34180 9 53,37,63,127,69,24,110,85
32923 39040 9 37,119
25242 45607 9 83,69,85,47,101
44584 12463 10 136,36,181,59
18483 27841 10 179,80,43,34,120
42180 17988 10 154,104
41250 31927 9 21,87,41
13456 12445 10 34,131,49,63,67,48
9294 24678 9 87,18,96,50,112,61,81,96
16909 25197 10 162,130,58,63,7,211,33
25258 39710 10 63,58
43853 41606 9 63,53,7,156,83,136
19980 32056 9 191,42,55
36631 15790 10 108,63,179,48,39,68,62,69
9908 8579 10 28,67,58,185,149
34535 30922 9 149,146,130,55,130,63,58
22038 1457 10 63,18
22697 13250 9 109,98,84,120
1728 32808 9 102,8,53,83,133,33,135
14398 2454 10 56,114,178,58
38730 3289 9 32,24
6375 45001 9 48,91,183
13996 33035 10 17,101,99,53
10235 30337 9 13,143
16051 34903 9 58,104,104,109
5347 10605 9 191,9
11754 34862 10 9,49
32916 10033 9 112,29,111,19,113,43,178
38250 27615 9 103,69
19612 15144 10 45,52,91,35,64
4475 5483 10 58,185,65
38992 10662 10 181,53,66,112,85,30,64
1301 10804 9 10,14,104,49,48,28
4585 15894 9 47,181,63,120,67,39,179
26989 40603 10 104,34,64,79,129,61,178
23484 42653 9 178,115
8727 23433 9 55,62,19,159,35,106,134,53
6126 19799 10 28,51,34,185,100,63,105
31740 45197 9 156,30,182,163,104
35563 13304 9 48,81,56,119,132,136,53
24714 16553 9 7,153,21,48,81
44320 11161 10 44,59,163
10528 22413 10 48,129,17,54,44
42444 16469 9 128,41,197,129,129,7,163
15124 20932 9 23,67,25,128,82,63
323 2755 9 17,184,149,62,69,113,60
22334 39357 9 129,164,102,49,84,49,118,64
33385 5525 10 119,157
15319 45622 10 45,83,68,179
8970 35973 10 135,129,163
43643 39768 9 194,101
42851 22706 9 29,118,63
20755 528 10 163,85,25,104,66,66
38947 39118 10 15,179,84,179,7,140
42717 31864 9 24,18,141,29,15,56,21,53
19582 9643 9 84,59,37,107,47
39299 1044 9 50,136
17271 33284 9 130,162,83,104
23241 10385 9 119,105,185,104,53,163,61,68
26934 30364 10 87,146,48
32935 36706 9 61,65
38267 35757 9 46,115,43,47,75,52,12
23660 36883 9 55,144,69,18,41
6457 13834 9 42,49
7934 37540 9 60,111,183,185,36
7800 36704 10 20,49,91,53
18756 2258 10 52,19,14,100,128,114,103,132
10258 39634 10 98,63
14399 34220 10 83,107,178,21,48,47
7071 19750 9 46,60,15,109,60,142
36780 43140 9 41,49
21639 7494 10 47,103,104,144,51,55,135
12010 35011 10 106,68,83
11044 36197 9 66,83,156,62,56,56,69,52
31799 11049 10 15,48,54,20,162
32274 38072 9 57,60
15583 26521 9 10,96,44,185,83,58,141
29400 25429 9 135,109,132,59,85,87
11754 35213 9 132,32,58,21,63,128
5330 26192 10 94,140
45177 1076 9 44,17
19764 31320 10 112,62,83,48,56,163,46
11938 4471 9 103,84,144
1876 39341 9 48,117,58
27877 21864 10 160,8
3175 12566 9 119,104,46,37
7085 20069 9 42,109,28,83,36,53,27
24121 31371 9 29,24
10829 14136 9 103,19,106,46,129,40
22623 21796 10 91,129,11,158,104,135
35846 34430 10 58,44,19,58,143,46,112
11162 32527 9 6,162,140,84,56,182,102,144
44737 28777 10 119,102,104,49,156
19396 39784 10 19,56,35,166,161,16,185,178
15237 21530 9 64,23,52,20,18,20,84,57
841 12512 10 10,83,106,83,104
18256 45105 10 80,181,83,182,153,106,113
25877 9137 10 24,62,79,63,39,48,52
27731 42345 9 104,42,195
37194 33271 10 83,21,63,20,160,80,49,85
16993 7797 9 202,46,61,35,63,41
704 44584 10 37,18,44,64,10,60
21447 39073 9 20,17,184,83
21686 623 10 136,102,138
4487 39116 10 41,54
23506 33151 9 129,37,59,37,107
31113 11386 9 49,181,145
32742 3813 10 45,117,48,46,178,129,114,44
22482 2161 10 160,48
27463 16215 10 20,104,184,69,48,23,91
5230 21135 10 36,104,119,40,111,36,131,64
41369 24916 9 23,48,169,66,98,143
17831 7498 10 18,48,25,162,68
45530 41761 10 130,108,104,152,58
10599 16515 10 63,72,184,135,131,194
35191 19504 10 67,101,146,16,160
7479 3922 10 144,160,163,95,138,63,29
35876 265 9 120,103,185,34,179,23,91,84
37956 26695 9 80,60,119
23749 700 10 103,166,119,216,62,77
31615 43140 10 14,59,73,46,99
5576 27185 9 17,28,129,10,60,179
41000 22731 9 81,15,62,119,83,204
17886 28707 10 103,18,83,46,57,58,49
33191 23575 9 22,43,22,14,83,25,58
25525 33805 10 60,101,80,66,29,115
19415 9862 9 185,83,163,7
5624 36482 10 59,104
37304 42460 10 85,10,65,66
730 1952 10 130,114,129
26004 14614 10 85,40,156,17,59,135,119,41
23228 2101 10 85,178,20,178
5200 23733 10 28,103,49,44,20,51
34575 42218 10 48,84,37,61
7727 9338 10 96,169,111,115,49,69,162,55
27243 32835 9 69,119,22,49,185,67,58,115
43303 24604 9 85,44,118,62,185,119,119,109
11492 32205 10 106,24,30,131,83,46,63,156
22118 7582 9 112,42,185,21,10
25902 21842 10 129,57,118,118,63,61
30773 8767 10 34,37,63,152,129,30,144,29
8283 22939 9 20,58,33,64,83,64
4142 31878 10 85,85,10
5668 22454 10 21,130,36,67
40469 3588 10 60,107,52,68,109,47
44233 12714 10 81,116,115,115
45669 23041 9 51,54,66,84
27561 27047 9 41,178
23150 3897 10 53,168,113,25,118,81
4865 26428 9 43,15
35624 27173 10 10,23,185,81
26473 33532 9 178,145,179,134,114
12796 16939 10 58,56,98,184,62,112
26007 37198 9 59,93,52,33,69,20,103
23139 6742 10 130,67,149,17,23,25,51,7
167 44274 9 26,24,182,120,131,44,61,129
3815 11393 9 66,85,52,7,21,116,14,130
14220 626 10 103,17
18753 34610 10 141,50,110,156,10,49
8020 34583 9 101,58,105,109,136,83
36850 9643 9 49,182,100,103
10175 39903 9 64,45
26610 43669 10 103,46
4417 27159 10 25,15,183,18,87,8
12585 25247 10 62,69,14,48,104,84,144,19
45660 26783 10 179,81,113,81,108,22,184,82
14521 26808 10 120,132,142,58,82
31709 7238 9 49,104,8,59,62
15878 38734 9 149,132,117
12350 23138 10 36,110,37
38492 16650 10 129,20,41
32869 16430 10 60,185,19,112,17,22,21,179
16008 12675 10 135,120,114,50,18,118
20703 17866 9 83,67,138,208,19
42712 25170 9 106,103,61
2133 11429 9 50,117
27903 43085 9 30,201,133,76,10,48,178,53
39226 10931 10 119,68,163,169,62,185,85
3180 14643 10 181,146,129,117,104,29,60
38298 21586 10 60,105,117,63,26,22
27404 33839 9 154,15
11114 1669 10 31,118,41,85,35,21,107
32932 7352 10 63,25,185
40812 20552 9 14,10,63,113,91,118
27914 10430 9 128,69,144,63,151
14711 6504 10 63,115,83
5141 18125 10 32,32
44277 26155 9 28,52,111,19,98,140,103,135
40326 32793 9 36,15,14,15,129,8,23,113
36517 20574 10 38,20,24,43,149
9705 23617 9 136,102,65,63,111
24776 20847 10 105,14
14763 17324 9 60,84,58,65,37,120,54
16816 37206 10 102,194,82,8,48
34677 28541 10 44,63,142
33955 27160 9 48,82,89,58,22,83,185,48
15172 24300 9 66,62,10
33734 4415 9 16,51
17395 7393 9 58,61,39,152,46,105,184
20018 39051 10 15,116,62,7,104,69
13886 19901 10 78,185,178,101,49,119,130,59
25002 10260 10 119,18,160,69,136
25333 21350 10 16,60,61,21,106,45
24968 14526 10 128,23
29248 5986 10 9,83,117,19
16631 25095 10 21,30
42024 36863 10 14,40,160,49,169,15
43238 3285 9 120,185,163,130,130
38553 15065 9 14,152
32958 15619 9 104,178,62,216,104,60,45,48
15953 36010 10 160,118
5990 19293 9 22,102,91,120,38,85,132,102
36196 28752 9 63,107,49,87
27329 18158 9 15,40,19,101,21
19438 10901 10 38,181
18791 13135 10 37,52,46
4729 7360 10 148,44
23804 42795 10 25,17,58,17,48,33,63
6565 22345 9 19,23,28,118
26820 41807 10 80,110,100,15,78
28009 9305 9 118,61,16
9483 43923 9 8,81,156,160
31349 10657 10 16,169,19
7815 23849 10 63,156,135,45,48,29,185,128
45064 40263 9 16,49,21,49,90,33,108,169
42433 24044 9 103,81
4125 533 9 142,82,55,65,10,45,7
43619 19683 9 59,96,80,163,101,130
93 33284 10 181,18,18,34,91
23384 44742 10 41,119,82,50,78,57
31418 4130 10 49,126,61,24
41221 21058 10 52,82
42881 37364 10 83,36,81
22521 12227 9 119,32
5920 42767 9 10,109,178,103,21,118
10108 30261 10 59,52,25,33,50
44821 34843 9 81,65,43,100,104
22085 15170 10 102,20,47,50,143,185
7521 37311 10 185,47,47,103,211,84,53
26189 10101 9 101,129,201,43,52,108,52
36755 30187 10 185,23,60,67,45,178
27209 1594 10 53,87,22,119
45333 2419 10 12,32,83,85
26775 14151 9 18,29,43,163,10,91,66
38701 2507 10 30,179,87,120,20,24,149
11513 44227 9 185,53,54,101,108
24059 43334 9 96,65,69,24,40,182,149
7529 6584 10 179,54,49,200,29
43539 41592 10 136,144,21
17814 14385 10 82,83,132
2990 31430 10 48,83,177,181,50
30935 38464 10 36,127,61,17,69,108,130
34450 3045 10 45,12,24,19,177
1289 408 10 182,116,133,178,60,67,112
16813 8367 10 15,9,84,116,179
24129 33124 10 83,63,30,8
37775 17279 10 60,47,83,119,20,105,36,68
11988 44070 9 17,19,58,55,182,47,119
19677 3668 10 87,57,59,49,64,35,37,48
40983 18775 9 119,85,100
22698 32887 9 185,66,22
45796 10419 9 61,178,65,146,184,58,84,119
16468 43863 9 59,169,18,110,182,9,60,163
35305 23151 10 118,43,109,177,109,128
30413 24374 9 79,50,119,10,115,56,136
37562 11986 10 58,162,69,119
29286 15421 9 106,131,191,178,83,12,115,22
23425 43427 9 51,44
15787 40737 10 102,107,64,101,34,185,156
19910 12752 9 114,14
29668 3645 10 162,42,84,182,47,35,163
45093 11352 9 44,107,49,29,23,104,79,18
25605 37996 9 129,44,54,104,47
30832 37498 9 27,112,21,109
36686 5305 10 39,95,106,16,143
15078 45133 10 62,40
35301 17496 10 146,24,40
41193 28668 9 106,27,48
22692 30865 9 103,47
10386 16336 9 20,49
19767 45606 9 79,81,57,160,119,85
7681 39415 10 104,119,40,59
7138 33961 10 169,37,143,60,24,119,82
17745 1480 10 65,15,68,16,65,59,12
41134 18721 9 136,61,162,69,129,16,9
35489 25866 9 85,132
12009 13112 9 20,185
13838 1644 9 113,85,58,48,32
4995 31235 9 38,177,68,67
9808 19265 10 184,63
20081 40862 9 184,15,10,177,52,96,28
18881 45726 9 103,37,151,107,181,83,59
36604 22962 10 61,15,194,19
32100 27303 10 184,24
38037 21764 10 160,102,217,35,145,182
5223 43199 9 48,111,130,56,7,129
35286 37422 10 7,45,139,41,83,149,129,183
20746 29435 10 181,18,63,113,58,48,102
11707 28945 9 66,112,130
35022 30773 10 69,19,24,31
22150 38419 10 132,179,20,30,113
4683 20957 9 142,40,184
35089 36675 9 48,40,66,10,81,59
6020 1706 10 58,63,36,39
1157 13767 9 38,65,22,48
4485 5312 9 84,43,127,30,46,45,50,160
40548 14126 9 18,62,58
7610 10581 9 49,104,12
7111 24013 9 95,91,35,68,185
23407 29174 10 87,64,53,35,119,145,151,114
20105 38084 9 141,59,161,39
10551 21958 9 113,63,47,143,130,81,83,117
25041 34453 9 35,104
32265 18568 9 30,194,128,91,48,19,20,182
24905 23638 10 69,131,45,31
19057 11279 9 182,62,22,10,145,20
12375 22722 10 116,119,64,179,17,163,81,115
39238 37210 10 49,46,146,106,91,23,62,16
581 11431 9 128,9,23,64,21,129,7,47
7074 30717 9 182,63
19384 45530 9 58,106,185,117
21729 20555 10 36,91,22
34562 41782 9 48,34
7534 18412 10 80,53,21
16039 22073 9 130,132,15,179,106,77
13398 14340 10 62,45,10,46,31,132,48
211 21867 9 29,84,58,62,108,104,143,23
36468 31734 10 63,48,119,19
10375 12739 10 41,18
43344 26242 9 19,48,9,183,60,37,130
9431 24248 9 63,34,9,136,57,195
45102 44139 9 69,117,128,60,20,132,129
17332 13270 10 24,84,59,40,185,60,62,119
10189 11958 10 59,58,60,18
35125 4718 10 60,73,42,63
65 3012 10 22,63,65,44,131,169,21
14716 41704 10 67,44,27,66,19
479 17973 9 98,119,63,49,146,81,21,119
26344 26600 10 34,26,32,204
10919 43679 9 84,63
17608 23388 10 52,31,178,61,10,108,34
40794 18692 9 21,136,21
29961 40781 9 50,21,162,16,25,104
315 43613 9 91,20,185,104,67,185,119
16392 18862 10 110,20,8,129,60,59,57,132
26310 31244 10 141,145,33,49,149,146
5660 28814 10 17,178,15,58,65
41893 45411 10 119,136,54
30555 40494 10 41,14,120
25440 31714 9 49,106,46,129,20
7 21363 10 10,41,130,145,58,53,119,67
30751 30221 9 114,40,20,9,21,49
32388 23911 9 90,63,50,61
21782 6840 10 119,134,15
21335 17737 10 82,129,58,119,30,60
4794 4309 10 85,43,96,23,91,102,101
22129 13950 10 82,120,140,87
38672 15525 10 95,68,56,16,129,63
30217 14728 10 179,40,96,59,62
24828 2 9 49,210,179,133,21,19,61
35038 30804 10 179,59,178,104
20038 29875 10 19,22,117
6549 32799 10 43,82
32424 16636 9 82,25,49
9654 28519 9 156,152,60,113,38,81,105,159
19955 33935 10 185,162,30,48,59,51,37
7308 9357 9 15,67,53,142,21,40
13745 23686 9 30,142,111,27,30,129,46,83
26404 27308 9 182,59
39944 35893 9 58,80,19,31,129,102
29722 44083 9 105,36,43,129
592 16431 9 104,185,143,119,178
7967 4529 9 87,48,185,162,56,35,37,51
30023 43403 9 65,69,49,140,64,69,25,62
44268 22888 9 38,36,67
36210 267 9 83,87,21
44042 17412 9 58,28,105,140,63
24522 7207 10 24,20,56,216,119,64
31554 16726 9 15,66,116,182,111,119,56
15356 19192 10 101,133,54,83,24,87,102
42340 40981 9 67,103,30,132,44,115,53,127
39900 43472 9 154,87,22
15753 14048 9 55,84,185
42280 9587 10 31,52,163,69,56,39,57,34
21722 1044 9 143,115,184,85,136
31860 41009 9 8,101,31
45621 7588 9 8,144,113,53,82,85,54
35440 18676 10 169,16,35
31737 20898 9 62,43,118,182,103,21,184
14632 44449 10 85,81,64,185,17,63,145
8123 42812 10 49,30,41,61
40053 17433 9 79,118,69,18
8189 9620 9 113,17,185,155,85,140,60
37711 39874 10 100,65,104,65
39804 29375 9 106,136,66,110,22
11069 29748 10 35,26,61,65,38
37263 20635 9 19,85,181,107,117,49,132,117
28620 18013 10 163,104,119
29645 26935 10 32,160,104,117,183,48,65
16971 29393 10 60,10,12
42430 18895 10 27,181,27
7172 34632 9 44,128
40202 3713 10 131,78
16586 43778 9 64,36
11883 17032 9 19,81,132,114,25
36989 34553 9 130,84,25,85,23
40042 6582 9 181,73,67
1396 11515 10 169,81,60
45236 21781 9 129,26,16
34100 22121 10 113,48,32,46,49,15,129
20593 14397 10 9,119,68,56
7908 21465 10 16,53,63,129,67,59
21915 8127 9 24,143,110,48,106,106,84
7826 427 9 69,47,145,131,16,154,216,136
10365 4579 10 112,65,120,109,65
581 20703 9 181,145,25,179,104
33539 2459 10 58,111,20,83,48
14632 2604 10 57,15,103,145,46,137,68,84
9691 13918 10 19,29,194,8,43
29713 44005 9 83,119,169,61,145,52,50,62
17279 30861 10 36,68,29
12317 28440 10 136,66,113,19
30820 2459 9 30,129,75,48,48
41628 36271 9 37,112,130,129
21554 21234 10 50,32,136
15624 42120 10 116,57,129,15,103,19,42,41
3838 38554 9 135,184,49,119
45431 32536 9 29,20,49,112
13485 39052 9 103,53,15,18,178
35305 37080 10 140,194,105,108,142,49,134,181
25842 1338 9 7,184,185,39,179,182,84,50
35199 14735 9 49,117,60,91
28498 29538 9 102,104,55,96,60
7508 21589 9 51,177,104,101,81
37064 6310 9 104,145,10,63,56,50,85,18
27959 16710 10 120,42,132,192,15,103
7331 40088 9 132,69,118,117,59,36,43
27742 22254 10 169,24,118,119,52,29
33657 2454 10 181,9,12,156,106,139,102
15239 2129 9 62,178,49,216,10,53,149
18383 10383 10 103,66,24,185,33,23,178
8315 29130 10 104,119
8983 43154 9 179,185,112,53,55,50,61
11462 10135 9 65,100
28631 24552 9 112,163,87,60
6307 39297 10 26,53,49,57,104
6619 10746 10 103,53
30829 1987 9 85,10,112,131,132,85,69,184
32165 16584 9 84,85,132,91,54,67,18
35704 24659 10 105,23,85,118,18
39775 24597 9 163,80
22372 8004 9 45,55,33,66
30060 39981 9 21,16,178,48,101
42216 14561 9 37,119,57,44,81,108
8311 1674 10 131,78,199,129,58,103,49,185
4759 41913 10 36,22,67,185,47
22420 21996 10 37,37,24,149,62,50,42
20772 13187 9 34,130,104,136,149,20
14848 31775 10 43,41,27,149
44416 13512 10 16,10,53
24076 3856 9 91,60,64,105,57,17,108,16
2551 37813 10 10,36,52,35,152,20,83
3668 7481 10 47,60,151
44603 1850 10 181,118,61,84
31111 17769 9 78,36,46
13590 34265 10 185,134,45,10
22112 31331 9 179,64,149,58,10,81,111
16402 29694 9 25,25
38196 36888 10 25,7,106,58,49,58
38444 40414 9 16,60,51,194,60,113,120
19155 20513 9 61,21,119,102
32743 5163 10 129,83,181,101,183,19,19,104
9211 37804 10 48,61,85,126,113,185
18431 45272 9 54,179,162,204,39,20
33943 22698 9 84,35,179,63,102,10,205,25
14331 2971 10 194,93,103,56,18
27822 17475 10 132,18,103,91,160,52
27423 17481 10 59,47,103,83,63,26
179 36487 9 116,45,52,7,52
17764 9758 10 58,117,120,22,12,119
3094 6016 10 109,29,17,15,82
39890 13349 10 37,163,104,104
35002 41022 9 50,83
25964 14965 10 34,185,185,162
38696 14515 9 83,114,91,29,204,105
8134 33890 9 143,160,96,184,183,49,49,35
36946 21976 10 135,91,60,102,22,19,129,62
12643 21808 10 130,7,104,112,22,136
40826 7716 10 8,14,21,81,26
9095 35243 9 104,149,182,18
19696 26134 9 64,20,32,112,85,185,135
15230 44996 9 52,21,182,144,26
23269 43868 10 19,34
27948 2087 10 181,102,79,17,143,91,61
23239 16954 10 30,181,91,81,109,128
36171 33152 10 43,140,185,69,104,112
23852 20811 10 149,26,158,18,33,56,185
26350 40316 9 23,115,49,59,30,34
39717 18816 10 101,60,91,62,9,81
3539 27562 9 103,185,131,104,132,135
170 7869 10 58,53,18,129,120,67
12162 38949 10 62,119,136,184
22008 11458 10 49,68
2401 18946 9 40,129,185,63,118
18540 9718 10 20,20,118,119,44
17174 30762 10 43,182,52,142,118,30,140
21525 22084 10 16,116
9960 33826 10 101,169,183,169
10743 40299 9 129,53,179
35964 45087 10 8,29,56,15,204,60
10344 31189 10 49,106
35407 28065 10 50,182,22,68,43,15,12
11616 805 9 8,18,102
22191 13308 10 33,103,138,44,47,163,115
45400 2228 10 178,129,117,104,85,114,46,48
33283 29589 10 18,162,28,181
17249 21705 9 18,143,62,163,76
29087 5009 9 48,91,48,32,24,120,36
45210 30048 9 21,204
5453 29791 10 19,177,58
22977 14067 9 149,37,16
33846 17652 10 193,49,49,132,21,21,59
29734 21625 10 18,149,82,83
41412 31089 9 116,14,156,23,106,12,38
24128 45466 10 178,18,20,185,51,120,49
42149 27318 10 63,55,149,112,156,130,120
4614 43761 9 129,29,15,81,65,19,112
8564 6919 9 14,42,21,91,113,56,185
29966 35426 10 136,22,9,132,132,58,115
22830 20867 10 118,49
23050 35348 9 101,58,23,33,16,52
36404 11421 10 195,59,156,117
23900 40518 9 109,44,83
38178 17578 10 182,19,145,22,183
5912 5197 10 162,17,55
30749 39287 9 41,109,156
34007 882 9 137,130
40467 4987 9 57,145,169,104,18
30641 5218 10 101,18,91,162
5280 40471 10 48,103,21,48,129,105
27047 161 9 119,25,87,181
42359 36485 10 115,37,42,17,67
44879 29849 9 85,75
34208 18948 9 132,19,48,103,64
10126 27271 10 15,16,85
33989 36770 10 60,131,26,29,183,18
6205 34397 9 185,179,53,31,129,80,68
12743 27233 9 37,49
39011 12813 9 118,182
38702 9390 10 20,60,58,132,63,60,141,57
31489 43479 10 83,19,61,49,37,102,53,136
31458 45625 9 103,8
17730 25318 10 55,72,49,18,26,18,40
9319 13172 10 18,20
41809 25988 10 108,48
31563 38838 10 10,52,119,104,119,45
19534 23752 10 47,54,39,129,132,65
8900 14047 10 104,48
41361 5302 9 53,48,146,139,18,65,82
37445 41933 10 80,32,37
35880 10010 9 49,84,55,132,184,152,169,29
24424 3134 10 83,80,112,163,144,56,44,182
25122 12293 9 45,102,84,52,16,68,184
20858 32168 9 101,144,77,12,36,103,49,129
6120 33811 10 145,104,34,30
21376 14965 10 129,183,53,16,60,21,113
37947 37384 9 60,19,33,194,110
35680 40152 9 104,49,134,15
42330 31707 9 17,80,10
12740 17709 9 63,39,127,106,62,41,152,146
29681 5370 9 62,32,62,77
22763 10096 10 17,115
21717 30442 10 185,116,43,10,114,185
9965 33831 9 48,9,140,38,28,84,87,114
44203 26683 9 14,152,10,10,21
34879 19075 10 216,108,81,54,104,58,12,138
7814 1534 10 34,44,83,33,18,47
23339 21486 10 34,24,177,129,117,149,18,101
8032 27806 10 62,59
20435 41321 9 33,66,8,178,60,102,110,136
13037 10509 10 55,105,117,62,9,36,29,36
7468 37438 10 194,18
37901 41051 10 48,16,153,85,177,62
2828 656 9 49,59,102,83,83
5294 16952 10 35,120,115,104,84
39141 22710 10 119,30,19,182,192,162,49
39815 36290 10 58,194,50,163
5408 40403 10 195,12,163,40,30,181,194,49
3488 6822 10 65,83,84,82,204
45328 36661 9 28,45,177
14676 43103 9 58,44,83
4621 8546 9 28,87
27396 23995 10 83,59
18534 3984 10 139,141,39,63,142,132
22554 39151 10 20,105,144,8,37,65,36,54
33444 32037 9 43,18
27131 18338 9 131,96
6201 20965 10 85,84,179,149,117
19383 7524 10 59,21,185
42521 6777 9 55,68,83,9,40
27392 13625 9 181,156
37659 30638 10 33,119,146,30,30
42059 8237 9 130,15,28
40100 25646 10 144,46,44,24,29,36,116
8076 9438 9 31,65,62,57,28,131,14,53
36157 29547 10 16,84,83,116,146,135
34919 14519 9 21,177,17,58
40846 41012 10 66,31,9,114,85
23056 17462 9 41,194,14,19,39,130,103,132
19421 16566 9 156,33
13471 40013 9 110,22,101
1823 25770 10 119,194,145,50,49,63,46
22925 14178 10 46,93,138,33,96
43137 24480 10 103,96
32838 18071 10 58,58,119,7,33,57,34
31622 27977 10 64,108,14,107,87,201
28557 242 10 24,36,81
20935 28990 9 59,21
42301 34351 10 43,85,50
43105 15655 9 20,61,96,19
27182 1492 9 136,82,90,104,29,39
18666 1071 10 84,111
9970 24356 9 119,8,15,96,47
41425 32620 10 113,35
41691 33523 9 118,61,48,85,111,16,37,84
12291 17171 9 115,15,49,63,81,128,69
44918 14655 10 83,22
39612 27380 9 49,184
21192 5447 9 40,24,179,19,87
45321 43916 9 47,129,28,34,60
25621 36594 10 110,67,85,81,67,48,58
7213 14773 10 60,83,20,20
20935 41708 10 145,179,62,65
5342 29730 10 64,66,40,56
14861 11497 10 67,30,46
7836 2057 10 49,182
44525 24653 10 30,128,83
7809 35008 9 182,181
12626 2814 9 58,185,46,56,81,63,127,48
42858 44689 9 19,62,105
20633 40601 10 53,101,37,66,30,54,179,24
11785 29880 9 37,132,84,118,25
28541 29520 10 110,47,27,141,28,25,119
27800 15511 10 63,58,28,83,12,46,178,19
635 21907 10 85,49,20,66,49,61,120,129
10509 43639 10 91,80
39197 20514 9 131,162,119,20,120,185,141,103
26456 26335 9 144,104
13734 1399 10 96,11,163,146,62
18377 19396 10 42,119,9
23269 43649 10 79,129,10,39,120,114,132
16956 34167 10 21,7,27,141,110,49,35
30428 32809 10 68,128,136,59,30,39,101
31850 32279 9 81,87,54,49
26387 42776 10 48,51,104,211,160,130,58,135
20254 3550 9 141,83,104,27,8,91
5194 40130 9 58,142,41,16,116,91,82
44901 24017 9 87,62,76,44,84
2964 8589 10 60,194,75,146,140,60
23377 29459 9 49,149,184,65,119,210,16,62
23535 10441 10 21,67,113,127,104,110,34
25367 14563 10 119,53,110,85
12200 15815 10 82,211
24861 40319 9 146,84,117
8933 10305 9 149,60
44546 19650 10 114,110,191,179,104
13838 18477 9 103,128,19,51
38718 25525 9 69,63,83,23,40,111,115,185
45239 24159 9 8,183,64,69,21,131,128
1371 22676 9 58,182,8,19,34
33813 24682 9 104,49,20,29
4144 19651 10 31,24
32829 43917 10 49,163,185,63,129,83,63,19
6690 6832 10 112,30,15,117,177,58,35,129
3690 37427 10 130,33,37,106,91,144,83,20
37341 30065 10 20,15,45,20,49
14934 30468 10 136,87,14,177,185,149,60,129
35732 6354 10 84,54,52,30,103,85,51,59
31025 44908 9 107,80
32575 25877 9 10,155,47,63,60
18976 43801 10 48,20
39027 19997 9 132,9,58,194
24167 15705 10 64,102,129,107,21,45,20,100
29830 30629 10 46,129,47,7,81,104,9
12440 11991 9 177,69,63,9,169,61
6589 43983 10 47,194,82,44,20,159,181
28903 16924 9 101,67,83,58,26,65,69
10637 12723 9 19,162
11903 31460 10 9,177,21,62,35,81
2994 30759 9 63,112,59,48,63
26532 28080 9 119,46,14
20817 1198 9 83,37
19962 11193 10 22,59,19,129,20,23,9,46
23173 40579 9 131,115,104
2467 31606 10 129,184
22403 36042 9 129,48
8298 17660 10 58,48,17
750 29373 9 28,50,104,185,104
10071 32782 9 78,59,81,95,185,185
25437 26638 9 130,15
7408 3554 10 47,114,63,118,136,83,85,119
20030 14068 10 8,35,58,60,55
13585 34257 10 50,47,12
4098 40543 9 20,52,49,108,21,45
21901 7691 9 149,194,63,33,104,37,119,63
11040 39500 9 18,16,79
38321 30190 9 104,98
34735 34559 10 85,48,184
37930 13432 9 118,153,53
19235 4323 10 87,50
23522 29012 9 68,42,193
31833 33571 10 66,54,28,91,114,110,169
40984 21966 10 47,162,48
3171 2035 10 103,178,87,156,100,183,55,56
16305 22764 10 10,112
5565 37785 10 78,61,16,103,130,54,135
17383 27968 10 39,104,19,65,83,21,61
28351 32437 9 53,79
32190 14626 10 27,179,113,62
12600 14837 9 95,49,62
574 34443 9 130,62,22,18,15,10
10097 41074 10 74,36,211,29,21,21
8462 14426 10 82,129,21,67,82
20044 11418 9 75,29,51,48,61,30,83
30450 12470 9 14,104,49,66,67,169,48
40036 42310 9 45,87,110,64,49
38755 38450 9 37,62,178
33564 28109 9 194,10,49,52
23268 28769 10 62,47,18,65,82,84,82,129
26029 26140 9 81,96,34,141
42072 4809 9 63,163,132,28,35,117,28,52
38680 28079 9 128,10,102,177,53,60,61
1347 37109 10 130,60
33560 34140 10 138,16,83,61,37,143,68,54
40354 1246 10 83,52,15,103,129
11286 43250 10 39,65,36,83,128
20540 40200 10 69,59,16,49,185
37751 6796 9 134,38,58,40
608 12803 10 67,46,129,68,202,58
6951 22280 9 177,53
5259 42026 10 83,44,18,194,40,128
14352 6647 10 24,7,17
9228 33787 10 77,24,21
26793 42013 9 185,80,14,12,55,119,39,102
4424 7780 10 108,101,64
11827 5330 9 60,83,131
161 45635 10 145,52,142,12
16956 6596 10 15,38,129,23
38226 33361 10 163,20,85,114,104
8578 5145 9 80,177,83,13,7,12,80,18
42499 9256 10 20,44,143,44,35,102,7,50
2889 43219 9 48,65,14,103,69,83,129
10287 34318 10 57,102,28,141
5774 13268 9 57,102,62,38,102
2389 15039 9 104,116,128,10,182,84,133,9
14051 8228 10 57,22,58
22371 15651 10 49,15
2675 16015 10 149,98,183,69,103,63
7439 17574 9 46,99,15,178,58
10660 41082 9 59,143,20,30,177,183,20,8
33346 18892 9 23,61,8,47,60
24999 9259 10 112,136,84,19
43610 18197 10 100,67,51,30,118
1977 7822 9 80,50,105,136,136,91
33178 14945 10 52,179,146,159,63,48,25
34064 32326 10 85,83,14,144
8887 2946 10 140,85,81,68,83,28,178,49
41342 13705 10 25,43,140,23,132,118
30015 36620 9 111,163,108
32411 45705 9 118,10,128,141
17125 5769 10 34,50,130,49,58,115,108,63
44776 26977 10 60,19,160
37272 15300 9 48,25,145,29,136
5402 36456 9 34,32,111,42,64,50
7593 6436 10 49,81
26712 36865 9 82,67
6554 44463 10 32,130,64,85,185,68,44,57
45734 35782 9 58,163,61,101,10
36490 23733 10 17,120,65,156,101
6366 43934 10 51,163,116,58
790 33282 9 20,60,49
443 15466 9 61,130,10,40
44155 8202 10 21,10,152
1693 16282 10 211,54
120 29627 9 184,181
17107 28529 10 82,48,20
8842 31368 10 50,17
715 26305 10 17,145,28,118,39,10
43569 42212 9 19,162,111
6277 36535 9 29,63,181,48
25499 13451 9 79,61,185,113,25,42,39,68
9660 120 9 60,19,111,33,194,63
40501 18439 9 79,136,60,33,132,104,60,160
21807 1216 9 116,119,107,163,63,49,58,60
12268 7286 10 141,119
42822 4185 10 132,91
598 33473 10 189,181,10,181,21
13819 1350 9 67,67,146,45
8013 22411 9 152,21,185,91,61,21
31999 43621 10 87,129,110
44921 34876 9 116,120,82
43260 15468 10 65,21,194,54,178
26014 28032 10 141,51
43405 39562 10 109,67,69
43382 27582 10 140,53,33,48,82,63,117
1714 27941 9 87,101
14096 32623 10 163,129,117,59
21311 4646 10 64,54,119
26717 28987 10 67,182,85,52,15,116
44651 9985 10 101,100,20,104,68,139,104
43638 25848 10 42,28,185,51,23,185,68
2171 44403 9 80,128,142,159,111
12314 31872 9 41,37,87,129,46,55,48
19538 39833 10 63,111,36,104,62,51,17
32261 1949 9 61,82,145,17
36473 26311 10 118,129,85,130,60,29
2471 21483 9 22,135,132
42128 530 9 47,61,103,101,129
11422 33490 10 16,104
2565 37696 10 65,105,17
25381 351 10 34,104,83,83,36,48,62,211
33297 27062 9 130,184
30435 26311 9 65,139,82,55,140,49
14098 33485 9 9,30,154,152,10,10,111,83
39957 18426 10 20,46,106,22
16778 24787 9 111,136,65,20,114,67,104,45
1582 9568 9 21,33,178
25085 14890 10 18,120,120,133,129,87,184,132
28027 23604 9 81,42,40
35687 1343 9 104,104
5384 35352 10 48,51,132,41,62,104,38
23932 39589 9 179,181,16,178,75
45094 31619 9 163,49,87,68,53,149,110
41506 6247 10 191,185,110
12975 4710 10 54,136,87
19093 3348 10 20,22,51,120,117,53
40537 34504 9 102,19,87,77,65
8072 42341 9 33,184,25,85,178,156,50,21
14304 43191 10 36,120,169,82,60,109
20889 36516 9 110,9,25
23582 32612 10 61,83,44,129,24,54,42
37461 27423 10 64,118,111,85,102,82,31
31987 20994 10 7,183,21,46,52,19,10,100
2810 35027 10 58,129,139,22,134,53,82
11531 36756 9 182,163,58,61,131,61
18923 24552 10 41,119,58,129,119,169,151,57
5480 32633 10 20,19
24725 20788 10 54,131,130,144,108,47,140
15586 42302 10 7,156
662 39855 9 113,149
19999 9450 10 103,163,103,136,83,163,8
38284 7268 10 114,77,12,116
25849 12828 9 60,52,144,81,111,21,45
42957 44134 9 132,216
37711 42571 10 25,49,80,102
6599 2113 10 49,120,64,49,53,62,40,151
25917 14867 10 38,29,66,44,156,84
42469 41595 10 136,41,178,110,55
35531 9674 9 22,16,100
12172 32089 9 53,163
38841 27438 10 65,149,103
12806 9110 9 162,38,113,162,18,181
5070 38374 9 106,104,67,33,84,49,33
10267 42487 10 177,63,56,61,16,118,144,82
30958 30568 9 156,49
20009 24231 9 83,77,20,49,58,100,34,34
22674 23167 9 50,113
23878 173 10 39,22,47,117,37,149
475 21751 9 24,134,82,68,36,54,132,134
7761 37173 9 38,12,44,20,104,58,117,27
6023 39987 10 144,45
15653 14101 10 58,18,103,34
20988 8836 9 19,18,58,83,6,39,63,184
31933 27975 10 114,83,163,76,64,23,67,9
31677 14053 10 47,55,77,59,46,141,62,81
44578 22792 9 160,49,102,102,134,80,52,140
25863 8737 10 20,58,37,48,159,82,46,145
1123 43381 9 60,24,48
4002 36354 10 18,20,163
42438 26080 9 81,49,67,184,129,117,58
24574 6810 9 10,59,15,20,48
40786 27310 9 23,48
12770 39469 10 178,61,120,87
18383 3533 10 62,10,55,54,112,129,30,60
15004 9276 10 130,21
6951 16324 9 62,120,65,163,104,69
37376 1423 9 47,83,37,129,66
9803 4645 9 185,18,107,44,82,177
16272 6811 10 58,54
1021 6808 9 10,62,145,194
10735 22278 9 53,102,136,133,110,83,24,107
8018 17398 10 91,169,149,107,63
29986 37366 9 63,28,184,36
40849 25569 10 59,120,74,44,82,69
1636 13784 10 19,12,118,51,63,66
26055 6551 10 28,53
21522 1951 10 132,85,50,163,177,58,58,10
23315 20678 9 58,57,21
13596 40081 9 42,129,211,87
4229 33816 9 20,8,49
24924 8945 9 200,185
28125 14888 10 34,10,55,115,109,57,23,177
11181 30559 9 118,21,182,120,84,85,185,36
16111 29407 10 24,112
36389 4030 9 23,15,119,42
32052 9225 9 163,130,23,101
33370 15484 9 49,83,80,152,107,39,129
12654 16857 10 41,61,152
10682 9523 10 90,162,204,7,179
9800 31813 10 84,37,65,129,145,28,65,19
23722 5072 10 56,116,119,129,67,111
13005 42413 10 8,101,110,83,59,63,18,68
21762 21929 9 53,131,24,163,101
4197 4054 10 111,40
40468 14953 10 60,118,49,23,34,55,185
5356 3879 9 129,108
25089 20521 9 82,135,85,156,129,18,113
43513 39832 10 104,149,204
21642 24036 10 59,104,26,100,49
4989 37473 10 142,149,104,178
29475 45525 10 91,129,185,8,44,45,87,45
21053 8889 9 41,149,57,101,9,54
22046 4723 10 45,10,82
16709 18638 9 63,40,56
22218 25800 9 131,65,94,44,24,100
34858 35135 9 49,83,182,37,104,116,20
34014 12346 9 102,119,181,156,109,131,149,62
39678 27967 9 25,58,83,82,24
28543 41375 10 58,12,26,128,160,184,149
1645 738 9 84,211,54
32643 33593 10 49,18,18,10
5555 43687 9 53,144,65,37,80,58
10913 7696 9 78,50,146,185
1488 4895 10 15,119,62,63,37,80,20
7704 22560 9 91,66,61,116,119,87,82
25467 10144 10 40,18,40,49,101
16416 15614 9 42,85,10,29,52
7131 12563 9 30,103,136,28,69
37272 16269 10 28,69,184,163
8794 30474 9 84,51
25738 32596 10 44,130,49,8,25,61,56
25351 31570 10 102,46,60,14,60,54
42288 11671 10 30,53,67,161,110,79,65
38457 38065 9 25,84
23974 16982 9 185,104,17,65,134,135,103,146
40247 15305 9 35,17,14,69,162,57,35,17
3389 40141 10 108,105,68,57,185,60,68
34549 21737 9 21,53,76,21
34740 7627 9 80,20
8103 21479 9 178,83,87,130,135,23,44,101
39847 25945 10 165,140,184,119,23,49
31060 15966 9 178,117,84,10,85
11436 31127 10 169,51,185,182
36754 5927 9 58,15,142,32,63,63,167
8454 33904 9 100,182,40,187,163,181
43230 13955 10 17,85,68,146,9,49,16,200
39576 19621 9 58,45,112,7,184,21,140
9810 13623 9 33,119,132,46,53
28977 36902 10 117,133,82
35102 43146 10 64,102,26,116,184,58
2172 1759 9 91,61
19435 20901 9 50,22,44,115,14,24
30072 7902 10 116,41
18048 59 10 46,109,85,194
27245 41278 9 17,48,49,41,64,83,23,68
17425 13573 9 10,149,19,35,68,109,28,21
38680 24369 9 28,184,182,132,6
3506 21249 10 52,179
424 42345 9 25,129,169,103,179
22614 45175 10 64,61,32,40,181,69,149
41534 8602 9 28,119
19995 31790 10 46,156,36,49,80,46,25,54
39883 15556 9 59,76,140,14,47
10535 42495 9 46,129,85,83
4812 38386 9 101,23,144,30,68,91,47,178
12971 38054 10 87,105,181,40,48
10877 32070 9 53,49,146,49,178
19457 24095 9 65,47,30,129
23333 26746 9 21,146
28505 26647 9 49,194,157,53,18
3896 31362 10 83,29,61
23807 30208 9 46,51
10702 18298 10 118,152,104,37
24182 25944 10 145,66
40008 13882 10 64,42,45
33947 18645 9 18,87,158
36187 17211 10 42,116,41,141
33021 44057 10 9,105
3942 17125 10 216,169,95,87,62,42
37440 32038 10 104,54,26
193 36648 9 25,107,63,120,102,62,129
14861 7048 9 120,69,57,118
39516 32410 10 9,182,129,179,51
10836 35065 10 83,111,156,39,80
6209 36246 10 18,115
19474 11901 9 183,62,8
18079 9687 9 50,26
3683 1826 9 61,53,25,119
38862 30136 10 129,85,110,115,43,21
42849 39866 10 39,87,109
13966 42820 9 81,82,65,107,204,63,100,131
40650 26912 10 44,49,30,102,49,110
25249 2568 9 44,109,90,78,185,146,156,131
29398 32446 10 141,21,104,62,129,146,103
4026 26274 10 49,145,179,47,57
36901 127 10 28,101
45354 27527 9 101,139,163,112,161,129,61,82
22254 30337 9 58,130
11284 40533 9 118,120,91
13425 41731 9 29,21,20
23826 108 10 36,135,36,102,111,66
13749 43495 10 182,119,129,97,30
19705 26320 10 20,18,141
28694 45149 10 19,96,119,141,25
28859 35906 9 83,105,47,104,50,83,185
13958 13918 9 58,111,63,42,59,48
6839 23556 9 49,79,91,65,119,41,91,106
8860 7115 10 21,18,24,69,59,63,18
10993 45517 9 66,104,57,116,85,8,83,119
3168 9715 10 114,130
26525 35778 9 102,31,156,132,129,61
23522 4899 9 51,178,184,119,17,105,156,22
7099 41005 9 162,103,25
8612 2181 9 28,19,152,15,14,18,216
40089 21421 10 20,23,85,132,27
27628 37426 9 25,179
23199 20999 9 21,116,65
31800 3043 9 103,20,104,14,177
36661 12692 9 103,146,80,24,48
7883 39522 10 82,38,181,99
1936 41897 10 32,101,93,178
44152 42861 9 40,105
31230 2365 10 63,149,14
29588 28862 10 43,10,64,60,82,53,15
37226 27681 9 67,111,10,21,108,50
10671 11354 9 44,49,85,85,10,156
29169 17307 9 59,58
21254 12215 10 142,64,140,48
43073 9559 10 179,77,79,38,51,30,65,177
31512 3893 9 116,179,20,25,35,58,90,22
9515 43552 9 58,115,119,57,67,185,149,108
6930 24405 9 69,37,52
34661 38516 10 7,21
3726 30841 9 66,61,185,59,61,65,65,18
22715 30648 10 17,179,154,85,103,117,84
8126 12101 10 131,83,194
25914 37747 9 91,118,83,51,23
29515 29139 9 46,119
21360 34717 9 109,81,19,50,105,87,108,62
27157 41930 10 153,26,29,96
43063 23212 9 119,33,27
35255 26343 10 149,185,50
21007 13520 9 169,16,52,83,50
2345 8321 9 149,68,29,69
9888 42193 9 19,30
5456 36931 10 135,181,73,20
38949 40207 10 15,119
27338 30932 10 91,35,56,19,54,67
23336 38200 9 120,58,44,12,96
24773 2627 9 111,119,185,45,193,62,142
13121 16514 9 184,9,24
41151 6032 10 55,59,80,194,16,162
1133 36849 9 19,115,181,116,57,156,20,29
27996 45664 9 35,19,184,59,83,48
42895 34945 10 63,38,178
24882 5279 9 85,100,135,17,144,20,169
36103 29394 10 36,29,66,185,68,10,136
20510 10776 10 53,22,49
17685 2137 9 33,78
11615 38651 10 91,58
32194 1366 9 52,160,65,63,50,25,64,40
6209 26391 10 184,67,41,127,10,51,129,178
40828 35612 9 24,103,54,162,39,83,25,47
23549 31282 10 129,60,127,16,10,14
24493 28342 9 49,129,20,85,10,22,28,10
45223 18754 9 85,67,81,132,152
34515 16761 10 8,61,40,129
4593 33270 10 32,66
22333 31012 10 52,134,68,130
31024 15780 10 37,146,45,184,55,106,19
10384 44114 10 119,66,62
8334 2326 9 18,129,49,65,183,64,62
9505 45786 9 39,101,63,8,33
25158 41142 10 102,35,38
35948 4757 9 68,81,185
34648 19167 10 84,111,60,130
39902 30334 10 14,119
26187 31776 9 109,83,83,48,53,179,81
23800 33286 9 58,110,120,29,62,57,136
18102 11598 9 69,83,15,103,131,63,143
25386 21503 9 81,58,27
30700 12820 9 44,63,161,21,30,118,58,24
19884 13319 9 39,9,119,60,103
22929 36117 9 59,54,185,83
12915 16816 10 30,60,104,107
43202 16765 9 24,110,129,68,98,61
4099 32192 10 82,109,48,129
12020 38968 10 181,111
44130 13437 10 104,81,134,40
7393 40496 9 77,149,120
1150 37265 9 17,7,116,97,57,20,182,7
30075 33721 10 178,18,87,50,58,106,156
8417 12847 9 84,163,24,178,53,32,83,68
20192 43454 9 113,145,45,129
42229 19443 9 87,138,19,131,62
32135 35098 9 18,184,85
23786 44185 9 107,9,55,64,132,51,181,43
31217 32653 10 58,52,21,52,40,63
33871 38939 9 136,40,128
13821 34390 10 32,45,21
35210 36057 10 178,148,87,31,27,184
3901 26894 9 183,17,185,59,19,185,62
2033 5275 10 18,60,149,63
18862 12418 10 80,185,9,35,50,10,148
42895 14139 10 130,114,119,32,58
31119 14270 10 102,119,18,102,49,35
29356 39654 10 135,129,132,185,141
263 5024 9 83,49,48,51,118,61,15,138
32064 43231 9 38,146,62,104
6598 43177 10 132,136,43,53,83,169,129,61
1314 15708 9 33,102,119,61,49,47,25
15076 37678 10 21,181,58
31433 4740 9 115,65,179,60,35,63
35014 40837 9 19,56,134,49
26916 17298 10 20,58,79,31,41
19999 38681 10 9,61,55
42675 27473 10 62,63,111,87,39,31
35033 41522 10 104,31,34
31550 11698 10 25,149,62,112,47,119,12
40189 20388 10 53,128,39,135,113,49,131
32407 6112 10 194,145,109
24065 9757 9 14,135,33,25,134
122 969 10 131,7,184,130,91
30361 24622 9 114,41,214,53,60,184,35
27286 41446 10 54,7
28830 36091 10 48,35,129
9192 2530 9 84,46,129,59,69,85
12405 31392 9 119,54,23,153,62,34,6
8298 28354 10 34,77,85,47,27,183,43,128
2301 1937 10 169,128
41609 33020 10 21,119,105,32,208,8,94,87
6285 41480 10 51,21,24,12,55,130,91,105
22376 41557 9 56,109,61,21
32321 42287 9 63,59,53,119,201,194,85,85
40600 40496 9 96,84,34,29,163
14811 12394 10 152,182,59,27,15,20,41,64
18207 45123 10 40,110,20,52,31,140,179,162
11129 18091 9 63,141,66,184,120,22
44749 19646 10 132,51,131,178,39,65,102,43
4920 27956 10 24,62,36,169,7,57
6145 40500 9 20,28,114,8,115,112,16
22822 15273 9 133,7,162,178,83,62,120,20
17313 2269 9 57,194,135,17,106,17,65,53
15038 641 10 68,116,182,14,185,138,115
21320 32189 9 105,119,61,55
39309 27980 9 81,58,109,21,103,21,53
16850 44059 9 59,102
1960 8583 9 85,21
27532 5263 10 181,38,107,48,58,28,178,45
6071 29626 9 82,43,14,52,208,10
14472 41224 9 163,113,36,101,47,111,37
26744 11203 9 9,25,16,81
19398 25543 10 61,75,22,16,83,8
17697 17580 10 145,91,34
33472 8001 10 87,102,10,182,179,64,19,140
40334 31145 9 46,140,35
25741 12922 10 143,45,108
36637 24562 9 22,108,12,65,61
25240 33377 9 36,61,91,132,10,18,162
44364 12563 9 146,20,118,58
21081 24356 10 18,100,20,76,156
29407 5186 10 65,185,130,76,21
33478 12757 9 63,59,41,136,24,10,118,24
20138 37070 9 114,50,50,104,27,19
620 24205 10 61,177,64,119,52,109,48
4132 23869 9 27,130
7666 10434 9 184,67
4457 5932 10 194,216,39,134,184,115,46,87
20654 823 10 49,104,53
27714 38954 10 10,10,144,119,25,83
19486 6624 9 45,185,178,18,58,114,111,162
5783 39250 9 39,22,99,176,49,48,129,131
20348 22368 9 48,144,81,32,119,104,67,108
2555 23377 9 27,29,179,28,149
32332 16703 10 133,28,62,194
33223 4327 9 58,91,106
17288 24974 9 61,53,46,17,49,87,57,25
25841 3057 10 160,49,83,83,104
12851 43529 10 15,149,61,20
40706 19171 9 83,129,59,118,61,143,194,146
13919 17234 9 34,42
21760 12280 10 101,193,201,101,129,83,57,20
17795 28023 10 194,22,55,48,61
29301 25085 9 48,120
33983 6011 9 136,57,61,91,40
20084 27381 10 35,211,12,63,149,14,114,105
33773 8301 10 39,144
21892 35167 9 30,163,49,9,111,83,52,84
8410 19540 9 20,62,21,103,106,50
11225 16335 10 30,102,116
14657 15148 10 29,81,63,103,89
25736 11778 10 182,184,76
20618 12336 10 48,142,90,25,59,106
708 28862 10 149,81,179,55,82,63,61
34407 37762 9 182,112,58,81,108
39424 45546 9 36,47,30,130
35951 10995 10 163,119,185,17,113,58,65
24919 4215 9 37,18,118,63,17,169,59
27213 8107 10 54,19,51,130,14,62,102
24539 17629 9 27,44,96,53
34132 5905 10 131,54,111,17
2470 501 10 64,52,62
10207 3528 10 29,181,7,14,113
14336 45775 10 35,51
2283 24299 9 16,62
4101 30224 9 53,84,139,36,83,41,181
31308 11851 10 22,9
15455 11530 10 181,29,42,62,24,138,136,34
43912 1360 10 19,61,21,63,103,39,55,50
16940 20985 9 36,129
25396 16648 10 103,15,67,143,47,129
16024 9074 9 119,87,83,159,45,82
17326 2193 10 96,58
38206 26684 9 49,60,63,75,115,29
30572 6260 9 62,48,26,37
36163 15774 10 60,51,169,143,49,84
44525 25971 10 58,61,40,18,91,146,118
22664 3028 10 15,58,64,37,144,49
14173 16691 9 16,182
38929 38379 10 65,47,108,20,41,194,60,52
14582 22773 10 18,185,103,55,53,65
10884 19982 9 66,12,182,103,140,7,18
23668 5869 9 109,10,103,61,54
29879 43681 9 61,85,182,61,65,133,146
5075 25862 9 83,104,47,101
24200 44243 10 108,14,129,194,185,182,117
10843 11233 9 87,35,53,101,128,67,54,9
28138 41446 9 118,81,28,17,67,181,119
28222 32646 9 109,20,49
23196 43719 9 49,177
16402 37581 9 49,104,30,65,129,58
6265 11913 10 23,62,45,118,26
8914 39526 10 119,117,12,45,20
6998 12378 10 142,21,119,56,60
8331 11735 9 61,28,83,179,63,102,22,26
16438 11418 9 79,50,20,19,45,49,66,38
23863 37125 10 60,55,83,104,69
22623 18964 10 85,63
37032 1505 9 10,61,119,102,119,42,104
37133 4026 9 17,57,184,45,62
264 2839 9 67,27,52,87,104,185,21,129
33951 33792 9 185,31,65,83,102,65
35829 20586 10 49,216,185,91,91,18,109,52
38796 30057 10 49,12,47,65
37017 15538 10 179,29,113
30359 11422 10 16,149,39,85,64
773 23541 9 129,120,119,34
16138 44932 9 141,104,70,35
36407 32084 9 51,112
29184 14769 10 117,142,20,15,54,102,116
21850 21866 9 152,79,53
28747 11803 10 35,58,63
15891 33861 9 130,94,177,63,21,58,117,182
28625 27922 9 51,67,12,108,85
39898 5573 10 129,69,69,156,161,58,35,35
36663 2659 9 108,48,69,9,132,22
27420 24830 10 60,43,110,106
14413 15224 9 104,112,128,211,87,159,104
26783 9494 9 25,163
15544 35994 10 30,96,116,105
36687 6731 9 58,131,15
4374 44058 9 184,55,60,48
16593 13610 10 184,48,83
30503 2851 9 102,38,21
44135 39405 9 136,39,105
36163 33453 10 19,83,69
31374 37411 9 131,81
5922 1974 10 53,48,91,18,85
29453 34503 10 129,51,63,83,95
33476 33329 9 184,83,22,14
22130 12740 10 160,62,41,103,65
23526 1684 9 136,50,128
29494 31853 10 66,10
17539 43044 10 15,116,184,85,103,132,83
12233 331 9 40,185
36439 3999 9 120,55,48,52,104
6459 32093 10 118,41,62,138
27808 18552 9 136,63,15,92,15,30
11156 14181 9 83,119,18,59,107
29649 25693 10 113,12,185,63,19,20,56,30
3795 3503 10 43,24
22769 3520 10 134,129,49,162,81,52,129,146
31832 3908 9 112,181,48,49
45384 11384 9 104,100,182,177,7,53,84,211
40274 2135 10 152,152,178,18,184
30302 16058 10 46,21,182,184,184
44299 8602 9 67,50
20462 722 10 129,23,119,25
19204 34005 9 14,119,17,129
27148 13585 10 163,101,68,158,63
37427 31475 9 104,48
14413 22332 9 51,7,120,58,44,20,12
3870 4186 9 21,132,28
2368 19847 9 132,156,134,132,181,160,152
3067 6548 9 162,19,17,117
21954 4162 10 110,112,46,37,79,25,17,21
27273 17681 9 65,140,17,52
16270 37195 9 104,80,109,56,130
45014 37974 9 66,31,36,140,132
24958 26875 9 18,128,77,85
15243 15443 10 149,104,54,50,21,91,129,84
44057 20193 10 59,83,115,108,16,61
35695 31466 9 18,16,129,103,112
40091 33550 10 60,66,75,104,52
7847 36036 10 30,58,104,103,21
12729 20805 9 110,104,109,116,136,120,68,44
14143 1747 9 129,163,51,83
17648 17220 9 119,163,48,100,45,22,20,58
2992 40793 9 10,58,29
25201 18685 9 19,104,104,48,22
43264 34944 9 7,22,44,130
19661 10913 9 111,135,49
9963 23260 10 48,81,160,68,63,39,62,18
36327 46 9 49,58,104,162,49,97,10
33663 27644 10 119,36,63,104,38,21,194,120
22933 33742 9 83,194
13146 12000 10 66,117,156,161,37,18,157
24945 27994 9 104,130,130,7,135,34,67,108
1016 41060 9 58,47,52,59
7816 29671 10 91,12,98,108
36762 32452 10 85,211
21299 37549 10 19,37,143
3882 21951 9 28,140,152,54,80,85,16,129
10854 15883 10 108,16,56,53,52,14
21846 28912 9 85,28,110,103,37,185,22,28
38312 28927 10 44,91,64,92,145
32884 39236 9 113,63,65,49,179
27554 29243 10 63,40,118,83,76,128,182
8311 36479 10 53,108,104,104,9,163,17,10
14221 24940 10 12,62,56,46,20,200
8504 44773 9 119,129,163,85,9,83
4050 31157 10 30,61,144,36,195,61,18,29
32130 9011 9 40,80,40,20,119
25535 38297 10 49,176,107,82,101,65,104,51
5522 22376 9 18,181,136
29144 13579 9 58,66,63,81
36456 4204 10 38,56,10,48
38801 34037 10 185,129,20,112,30,42,49,39
1242 1305 10 178,163,133,9,49,103
1776 40320 9 194,20,10,83,139,146,160
37982 44809 9 108,87
39327 42012 9 143,163,113,69,22,129,62,129
26667 33516 9 69,154,104,85,39,43,66
29694 7436 10 100,192,57,46,185,83,18
20980 33651 10 80,32,24,134,169,107,108,47
37998 3809 10 28,43,140,47,109,85,23
33261 29849 9 66,83,17,143,62,15
35778 22584 10 7,49,20
22718 19749 10 17,46,49,102,110,10,185,141
39505 29310 10 12,81,133
7170 3746 10 115,143,82
19132 27640 9 194,61,185,117,49,10,142
21035 35182 9 194,146,48,63,37
32703 9622 9 132,39,40
33150 14535 10 25,63,22,50,56,24,129,103
31308 42581 10 17,87,41,80,58,119
40286 25979 10 39,41,8,39,97
5147 23724 9 44,117,56,24,61
39570 989 10 153,19
17942 23209 9 65,146,56,59,35,185
11004 4407 10 110,63,103,57,53,63,184
20402 30657 10 42,182,103,80
1355 7122 9 130,83,8,103,111,102,21
8203 31365 9 24,100,120,162,127
14270 36403 9 59,14,32,160,43,7
19156 22612 10 130,28,35,20,185,104,103
42311 43904 10 119,42,156,47,85,119
42099 20872 9 56,134,100,21
30537 39731 9 132,25,24,193
41406 10760 10 140,182,37,32
10547 8396 9 57,211,201,102
35928 159 9 195,145,14,182
43657 22721 9 108,67,19,41,141,24,59
41965 8536 10 134,105,110
3658 26582 9 48,101,19,17
30104 45086 10 21,45,142
45490 35051 10 128,8,54,49,62,48
5460 45191 10 185,82,85,63,115,58,32
42831 18148 10 33,37
5566 5553 9 104,19,68,102,65,28
6849 27093 10 48,118,23,130,61,185
21965 10518 10 194,185
21230 12097 9 102,46
8924 24387 10 53,179,178,53,154
5723 10703 9 111,79,103,79,50
21561 39402 10 83,85,21,105,44,184,61
5340 28681 10 108,63,111,38,54
43926 1768 9 81,142,178,81
33031 31134 9 199,49,116,129,14,58
43160 20998 10 20,116
21121 24407 10 20,21,113,129,47,64
7348 31235 10 37,35,129,114,68
23467 30335 10 25,113,113,33
17128 22588 9 136,61,102,49,185,53,69,37
29481 4364 10 53,33,49
27025 40971 9 56,81,19,102,62,104,48
20480 32990 10 53,151,141,137,14,59,79,59
26859 39007 10 85,129,63
9908 3735 10 18,169,48
41112 3922 9 47,10,119,130,57,102
3072 34142 9 44,58,37,85
7357 1413 10 59,104
23376 29271 10 47,114,35,110,85,59,59
17637 10897 10 53,22,105
10857 17423 9 113,49,82,141,136,130
26516 25704 10 142,118
25463 531 10 104,57,185,30,149
35918 23971 10 83,19
7983 38720 9 115,16,7,130,119
38598 2595 10 57,85,114,130,143,156,85
2293 41579 10 56,84,53,195,39,129,66
16679 14672 9 56,64,16
35116 33581 9 61,85,10,82,16
33720 29472 9 103,162,39,141,37,21,44
4745 7183 10 33,33,84,69,149,26,15
39135 23720 10 119,84,85
8631 30097 9 57,48,63
6531 15377 10 210,81,87,104,64,48,67
10784 15030 9 45,10,108,81
24024 3658 10 129,20,81,48,104,52,52,50
32580 12160 10 132,22,18
33012 42644 9 30,10,105
27186 9532 10 83,62,18,61,40,48
2490 45449 9 194,144,45,49,54,83,179,25
650 18617 10 18,140,108,185,18,143,36,81
32252 14649 10 66,18,119
43061 10094 10 117,197,115,95,16,20,56
6725 43552 10 60,109,63,25,182,54,113
15088 4610 10 25,69,104,85,40
44521 25552 9 28,119,81
10638 10081 9 42,83,104,40,31
9393 27987 10 45,129
18131 1157 10 115,69,54,114,119,119,36,162
28162 40907 10 82,69,156,10
39280 10282 9 82,115,66
18345 8630 10 9,61,26,140,105,103,85
17262 8958 9 19,81,32,65
11415 33175 10 185,53
41550 22093 10 169,149,83,60,37
18364 24711 10 101,83,83,106,12
34307 39691 9 18,46,59,51,104,37,83,104
22172 426 9 179,34
32089 25021 9 54,35,19,69,33
15504 32377 9 18,45,119,202,146,100,59,136
5678 22816 10 156,62,183,149,59,103,83,107
45430 44945 9 130,21,16
31585 40152 9 48,123,27,8
25792 39539 9 162,110,84,33,53,49,22,61
42407 16130 9 47,58,64,67
3765 12330 10 64,129,30,67,194,112,76,61
628 38708 9 158,119,49,63,59,44,185,103
29106 31461 10 185,109,91,51
39158 43833 10 104,104,49,48,24,135
3755 34036 10 18,28,87,65,130
29436 25956 9 19,83,16,83
28903 34240 9 53,31,169,18,24,55,21
11474 22559 10 37,53,185,156,61,101,162
42236 35485 9 45,83,140,9,178,69,136,32
40041 2373 10 34,62,185,58,39,57
857 27761 10 116,12,84,19,7,10,169,101
45215 18333 10 41,51,182,54
35206 17009 10 18,24,163,134,106,50,129,117
45210 20540 9 85,45,49,81
3781 44808 9 114,49
3096 42887 9 112,149,21,185,58,61,114
41512 12775 9 136,149
9802 7273 9 129,36,18,23,48
17206 44962 9 18,112,22,58,101
14543 22793 10 83,48,67,17,49,80,129,185
1567 14541 10 47,152
31529 14046 10 182,184,82,62,128,181,59,82
4176 24552 10 39,129,26
33813 27066 9 185,146,38,59,51,62,14
22810 11717 10 16,41,48
9471 4005 10 17,16,46
15531 16379 9 182,179,61,46,82,110
41641 42013 9 19,104,211,112,132,51,184
2175 31960 9 47,132,118,62,131
25196 25457 10 195,105
13179 20320 10 14,163,163,90,81
20847 34819 9 105,67,21,18
44533 45022 10 19,41,20,69,82,184,24
38356 8288 9 58,145,162
25495 28462 10 38,113,83,85,65,58
31440 10263 9 104,182,48,39,151,50,14,68
45311 37586 9 16,43,93,114
17059 18264 10 101,141,179,102
11137 29182 10 91,178,169,87,21,51
3975 31941 9 15,37
8006 5900 9 111,48,136,14,117,37
3364 30239 9 104,56,111
39541 15985 10 52,130,48,62,47,37,39
15843 2952 10 201,106,163,83,94,46,179
18314 9722 9 184,129,142,156
44522 24577 10 69,120,58,60,83
14659 6165 9 20,36,14,21,7,104,129
12959 23571 9 82,179,79
929 2706 9 19,143
6138 19164 9 91,39,177
15162 43287 10 62,120,62
5170 2306 10 50,139,156,36,145,136
33789 36104 9 36,18,60,20,63,65
44108 28164 10 129,16,44,116,184,37,185
32421 32535 10 46,83,64,34,60
1801 22616 10 185,15,179,19,128,104,66
351 41376 10 204,182,50,163,85,10,84
31858 12515 9 30,185,209,129
20853 24596 9 59,41,48,169,176,104,50,136
10515 9687 10 43,12
25047 17915 10 119,19,87
10395 18132 10 103,56,118,119,65,132
28824 15359 10 67,100,63
25553 22973 9 113,181
33273 5448 9 130,42
17834 37433 10 54,129,82,44,179,117,47
39299 39404 9 185,18,38,7,21
28920 6902 9 118,41
39713 25614 9 7,142,85
3686 22971 10 52,119,91,76,129,25,30,185
28510 14806 10 27,65,105
40715 6541 9 28,104,28
33841 23274 9 136,60,19,60,116,18,14
12491 9403 10 12,60
6862 32164 9 63,39,115,83,48,85,130,109
41148 4106 10 182,23,63,141
4264 6113 9 116,66,118,69,53,109
12217 29817 9 48,81,44,18,65,63,57
43336 25823 10 8,83,23
13256 39408 10 85,55,30,81,39,58,160,115
16677 18691 10 103,69,79,81,63,58,64
29597 39159 9 17,177,116,28,178,85,108
12192 21000 9 63,202,96,136,59,34
13549 1601 9 102,16,33
17441 10290 10 110,67,80,103,52,20
18925 34370 9 106,45,106,37,10,116,27,119
28671 30576 9 95,61,22,61
2712 41508 9 141,105
2783 5881 10 169,115,110,129,185
40347 18565 10 112,49,195,129,93,102
852 19871 9 140,15
33534 28721 10 18,136
3404 9873 9 61,184
29422 36532 10 18,61,81,102
33082 4555 9 51,14,154,69,43,118
17797 27656 10 183,42,140,57,44,21,48
11322 3188 9 18,49,152
37250 41056 10 48,49
7988 12698 10 25,55,184,143,30,132,21,30
14865 2091 9 29,185,16,154,68,83,48
14166 41601 9 133,19,62,83
39077 19597 9 82,56,43,22,128
12585 43306 10 79,17,109,116,14
1376 3860 9 102,48,104,98,41,39
1221 19696 9 184,50,63,21,105
16601 25389 10 10,17,18,129,102,65,120
823 2260 10 58,21,18,8,8,142
29016 26134 9 8,53,58,21,129,20,163,27
6942 11301 10 8,79,185
15517 40918 9 28,83,107,129
23104 41239 9 60,149,40,33,163,30,59
11817 38183 9 104,98
12921 16409 10 57,33
14007 42072 10 129,19,119,183
5328 34423 9 34,130,49,129,65,20,8,20
14587 14573 10 78,48,60,22
10643 37817 9 67,92,20,109
10947 5672 10 81,66,119,46,19,63
42028 22772 9 51,114
24268 531 10 24,155,58,50,141,57,163,87
41515 11062 10 23,129,142,116,28
5699 7864 10 110,83
24302 18139 9 56,85,16,87,21
7045 39284 9 94,12,57,42,45,24
13018 9261 9 146,20,64,84,32,113
42819 35180 9 57,51,21,14,95,153,145
3374 15794 10 85,60,48,21,37,20
31199 30281 9 131,119,115,87,185,27,64
14834 5729 10 132,40,85,182,19
9594 8688 9 58,35
18746 18385 10 139,16,27,154,54,104,169,45
42058 11661 9 37,53,38
16348 37420 10 31,53,101,67,49,46,18
12799 5393 10 131,136,129,144
39585 8673 9 177,15
37725 40886 9 58,59
2009 41689 9 10,38,51
45540 5278 10 103,163,102,153,12,62,69
31466 40079 9 37,63,60,24,85,102
40610 24861 9 60,83,67,17,120,146,117,114
13041 5487 9 25,50,17,19,84,59,11
30378 18520 9 27,141,152
15725 43188 10 20,163,15,18
2491 16784 10 163,60,67
13420 42810 9 61,80,135,183,16
19444 8093 10 48,65,53,111,105,130,59,178
42018 37199 9 55,160,14,63,66,60,131,50
44014 4712 10 84,65,144,47,25
37490 43152 9 10,183,136,20,41,33,28
23563 16702 10 61,61,63,87,85,103,200
12962 32115 10 7,111,15,115,68,64
11973 5647 10 141,185,156,84,83,184,143,62
4058 22572 10 130,58,87,53,38,129,102,116
9984 20653 9 63,27,83,35
27840 42299 9 64,21,129,40,82,169,129,66
40260 24021 10 62,111,100,185,20,53
26542 2290 9 65,102,136,83,201,35,182,37
28504 17725 10 83,103,31,129
36493 13317 10 115,107,113,169,14,60
873 36252 9 100,19,117,104,57,179
28802 17616 9 7,81,56,61,55
32466 876 9 129,95
38123 31051 10 22,60
20756 26399 10 63,85,106,140,106,183
20114 32596 10 30,112,114,130
27372 22446 9 64,63,25,35,110,78,48,49
10396 43565 9 178,61,40,15,49
8704 11355 10 59,19,30,49
26038 15394 9 132,119,15,128,185
3988 24452 9 110,67,19,34,15,103,19,84
17729 34234 9 119,84,58,69,61,51
28854 19322 10 53,64,120,50,32,104,54,110
13822 13334 9 105,85,130,40,52,120,167
25714 6607 10 83,48,52,14,49,129,44
11950 38277 10 182,162,141,108
27272 8711 9 106,69
43525 23377 10 34,15,152
2628 22199 10 108,129,131,160
28531 6351 9 30,129,87
17692 27055 9 50,77,63,119
41137 44142 10 53,119
3689 23886 9 91,22,113
6514 28259 10 17,38,67,29,83,58,132
2248 17150 9 9,66,102
19946 19430 9 194,100,50,39
32465 22136 10 37,42,77,104,52,21,116,104
9721 22942 9 50,169,10,20,30,108,185,128
22355 10264 10 130,50,156,69,129,179,21,18
44568 19420 10 19,136,141,10,46,22,119,91
38788 17168 10 80,53,64,135,185
40284 10236 10 36,62,48
23630 22128 9 63,156,161,113,40,103
10494 36995 10 61,63,136,49,81,120,68,129
5365 1184 9 46,48,142
33857 16873 10 48,67,194,8,30,29,108,9
42978 9632 10 136,185,84,21,46,43
32360 31780 9 82,103,23
911 26882 10 134,65,15,106
14504 13472 9 21,44,69,7
19042 19993 9 52,60,109,149,109,104,58,131
13911 22941 10 115,91,38,143,143,69
6588 3386 10 57,68,82
39554 20603 10 63,108
24299 29325 9 16,177
42833 33159 9 48,49,167,117,149,20,39
9475 18893 10 49,131,102,39,156,185
3342 28479 9 8,181,185,81,129,26,82,34
33567 1281 10 36,109
13745 7088 10 96,178,102,51
32911 40355 10 90,40,58,24,20,129,110
11261 4090 9 58,62
44730 13803 9 108,34,112
3662 2457 9 104,29,39,185,81
9341 27546 10 63,48,83
20757 23695 10 38,96,33,61,58,10,63
43344 4881 9 61,49,170,103,177
33320 4933 9 44,160,85,15,62,63
25086 37829 9 104,129,37
2608 32479 9 115,65,152,180,29,185,144,18
8791 37982 10 9,49,28,103
7988 44115 9 105,65,185,49,49,169,46,43
28489 15350 9 53,56,14,185,23,48
1921 12316 9 177,185,49,84
6056 21474 9 104,185,59,114,29,85,166
32906 39901 9 111,184,50,194,83,104,47,190
2789 4049 9 23,131,40
22056 42718 9 25,31,132,58,58,112
10109 276 9 61,8,144,113,178,160
38430 25154 9 116,110,119,46,85,69,66
30349 3266 10 80,84,116,61,91
38360 42002 10 130,80,49,56,110
30275 16445 10 111,116,52,194,30,36,48
28528 37188 9 30,156,12,102,61,39,184,60
8037 2675 9 178,20,61,49,133,145,102,102
25464 32976 9 73,15,145,37
4112 21016 9 110,113,151
34931 3522 9 45,83,101,62
15472 21556 9 90,47,29,18,49,21,85
31203 34178 10 49,60,21,63,75,83,39
32911 35486 9 182,47,112
42781 23073 9 59,14
26563 21959 9 84,49,39,12,109,62,56
39432 21552 10 103,58,104
45220 9221 10 56,49,204,110,104,108
44480 6074 10 35,16,48,145,142,95,85
2410 36528 10 58,28,58,99,77,61,169
26 423 9 40,65
5915 36328 10 18,62,22,22,15,105,119,50
9365 3651 9 103,104,178,24
34219 6301 10 53,194,16
34851 18386 9 110,184,117,64
17045 24377 9 82,10,85
13043 20619 9 41,194,17,111,60,24,112
18228 2065 10 31,60,25,19,50,50,141,53
44723 3798 9 48,129,83,111,12
31483 14690 10 45,25,64,49
17585 29327 9 84,44,83,29,182,87,62,19
43830 37877 10 184,21,82,149,63,141
21230 29911 9 46,129,83,80,133
39362 8479 10 52,54,69,141,116,19,43
25136 5896 9 23,57
35405 33300 9 12,84
20726 25892 10 85,52,44,132,63,113,119
44695 28907 10 44,83,69
12064 42025 10 156,145,129,37
38419 11204 9 132,68,48
17320 44759 9 84,49,67,25
12853 13441 10 41,10,25
20166 27969 9 52,62,57,43,69,47
43445 29289 10 44,127,21,53,60,102,114,60
37947 3922 10 29,58,133,60,21,79,46,14
19670 3733 9 63,84,57,120
29408 12222 10 136,112,160,62,167,24
36490 38963 10 83,184,87
41266 22028 10 133,160,140,49,10,19,46
41355 20382 10 14,169,36,83,18
26910 33710 10 216,53,179,7,83,179,82,21
18771 9300 10 58,51,100,52
34783 33390 10 83,103,185,18
12592 45424 10 176,131,183,49,85
11978 17560 9 110,104,119,49,59
40458 10076 10 130,78
2395 23615 9 114,104,69
36656 3390 9 83,69,102,57,136,185
6127 33482 9 17,57,62,65,45,69,27,16
22454 45047 10 205,65,8,18,85,181,145
43316 3922 9 44,23,58,24,85,36,33
7613 31221 9 7,126,21,115,19,44
45410 38668 10 119,101
23382 5113 9 146,181,30,10,194,50,128,50
45311 42174 10 107,104,184,66
5938 43003 9 10,82,111,182,104,59
5252 40640 9 61,27,53
43257 26071 9 177,65
22640 15497 9 9,81,84,41,41,15,60
40406 27366 10 145,29,49,179,129
23870 36831 9 119,179,58
5869 9915 9 83,112,81,162,48
23821 3745 10 49,58,42,18,16,117
13068 39121 9 33,84,44,48,184
8545 34439 10 49,38,81
13155 37304 9 14,20,169,49,80,102,64,78
25858 22862 10 44,49,49,18,102,83,34
42543 20785 9 211,119,59,156,134,185
10460 37783 9 130,58
12566 12694 10 63,45
8188 8666 9 49,49,18,176,119,43,178,145
21229 30604 10 182,19,31,81,181,179
15967 3446 10 58,133
25383 869 10 131,83,157,83
35778 32482 10 58,163,25
12608 43370 9 51,193,17,156,163,77,103
9307 33172 9 21,20,49
42174 11703 10 18,34,119,146,17,108,83,178
19774 39485 10 36,109,104,21,51,106,42,117
8018 42883 9 22,61,47
40790 34716 9 48,109,120
14985 36213 10 163,28,102,21
25788 8321 10 114,169,61,118,10,109
1731 31177 10 50,53,63,96,90,83
31915 31648 10 49,144,83,62,56,68,51
26393 37921 10 130,189
19847 5373 10 16,85
38388 18798 9 8,62
34907 11085 10 24,22,178,58,29
41308 28412 10 163,44,24,195,162,47,140,146
27403 4134 10 16,118,130,163
25052 22204 9 115,25,84,41,25,84,61
38461 15146 10 201,166,34,142,103,33,61,49
33952 26168 10 19,83,102
23170 7859 10 61,66,120
22545 20828 10 49,50,91,85,10,114,21
24567 36334 9 25,129,117,184
18488 40378 10 131,82,64,32,195
24260 14575 9 62,185
24009 32942 9 183,128,110,55,32,131,15
43144 37307 9 51,51,66,18,130,90,21,14
2079 32818 9 129,189,179,140,104
38796 1658 9 48,14,100,9,24,59
44005 23315 10 50,127
19845 37628 10 119,19,149
16033 30234 10 68,61,14,178,141,18,146
27457 35855 10 61,106,7,84,18
4942 25091 10 104,47,46,49,83,184,81
16717 2946 10 119,129
40480 12087 9 104,184,83,182,21,114,58
39544 14256 10 115,10,66
4352 6512 10 36,24,63,48,59,24,15,83
15191 31490 10 48,19,107,114,102,47,39,181
29749 33937 10 54,19,185
39943 24776 10 9,69,116,118,113,19
11060 20820 9 63,64,39,184,56
14909 9189 9 20,57,30,18,144,18
21904 7435 10 116,51,213,19,49,14
39397 37121 10 14,103,83
42102 11312 9 38,21,182
26523 19273 9 27,103,15,179,10,181
20129 31368 9 149,48,35,81,101,53
5163 24406 9 44,63,53,52,41,17,67,18
29187 21488 9 60,83,22
41508 36766 9 162,48,162
23922 12347 10 128,163,163,78,46
29121 35820 9 182,19,87,23,54,14
27589 45083 9 57,100,117,85,26,138,44
22023 4710 9 149,53,64,144,81,63,119,162
3029 22734 9 19,52,85,7,48,26
2070 22093 9 104,160
7503 22739 10 114,104,194,30,42,49,44
38512 28469 9 65,21
14614 44857 10 163,12
11205 8537 9 104,152
43274 35788 9 43,133,63,53,201,23,136
41578 35451 10 83,162,118,82,83,29
12387 6807 9 28,151
8491 33558 10 117,185,131,100
40099 17700 10 129,182,51,10
43955 10625 9 41,55,119,130,8
42843 8406 9 104,62,80,10,47,65,160,204
9268 18804 10 149,22,110,133
6996 12062 9 178,129,21,179,81
11889 15184 10 104,20,46,28,66
4969 13157 9 49,115,91,47,54
21075 8679 9 128,144,29
7859 13051 10 52,20,25,84,101,47,111
28613 10194 10 69,100,66
21717 10499 9 35,116,113,114,140,20,21,37
27332 28493 9 87,42
15904 11608 9 104,15,22,130
20522 30536 10 60,60,152
11020 35701 10 119,185
22435 13273 9 18,20,91,61,56,89,104
38423 8667 9 133,131
37752 4565 10 184,132,34,18
5931 19566 10 42,39,129,44,105,120,14,7
33373 32137 9 91,53,110,59,114,163,81
36509 15309 10 114,58,53,49,66,50,194,111
26977 37475 9 119,15,104,163
9789 44968 9 204,85
18571 11879 9 104,32,83,51,156,44
11436 31219 10 69,117,12,107,96,27,43
6377 19714 9 131,57,10,96,63,65,81
10194 17143 10 142,61,83,63,184,143,19
7151 3944 10 63,119
24516 32712 9 67,38,17
42579 37007 10 184,57,38,120,59
44182 39929 9 20,14,58,52,103,102,69,59
25816 14965 9 67,61,85,62,84,63,184,98
18328 42117 10 40,81,108,185,22,128
39581 2638 10 62,60
33570 38999 10 84,62
28215 15532 10 152,142,50,117,118,10,136,65
11744 40212 10 119,60,20,178,34
6594 21196 9 108,58,45
2040 31928 10 47,195,129,110,79,97,40,8
22789 6297 9 101,66,23,39,28,163,19,62
795 34021 10 134,95,21
38327 23799 9 129,185,82,119
30436 2122 9 50,179,18,178,62,48,47
8672 1452 9 19,27,104,58,83,68,41
24728 2365 9 24,182,58,21,101
3278 37332 9 19,98,142
41660 28051 9 113,61,129,141,109,10
33507 14477 9 35,59,58,142,44,79,139
39255 16985 10 14,146
38731 2205 10 136,82,45,41,56,179,47
11139 9239 9 185,51,179,136,83
31390 16339 9 63,129,12,177
21307 22341 10 146,110
26909 14448 9 84,18,66,119,62,50,163,16
45238 38397 10 35,62,162,52,23,45,184
34547 32655 10 65,146,185
45381 27085 10 60,161,51,16,179,142,50,129
12832 22019 10 15,37,30,107,129,25
37637 18270 9 156,9,43,10
38943 4865 10 66,105,53,105,49,163,10
41784 2262 9 49,113,47,182,96
3671 31992 10 48,108
25292 6745 10 109,15,8,63,184
30828 9362 10 145,41
23175 667 9 162,52,164,163,64,39,102
15432 26606 10 113,160,179,82,22,52,50,34
18906 9395 9 60,18,14,119,115,103
8265 7026 10 25,9
10802 25502 9 95,185
45536 34537 9 35,156,69,114,55,132,135,59
8027 35593 10 146,81,39,169
33950 32027 10 181,19,146,52,183,66,108
7458 15194 10 21,178,53,42,10,110,25,85
14068 25123 9 16,129,49,49,112
11978 32441 10 21,178,50
35136 39251 10 178,163,8,12,85,90,51
35952 8863 10 68,184,35
14545 39551 10 83,61,26,85
19617 19497 9 10,57,10,81
12885 30455 9 49,184,10,37,54
568 29204 10 21,81,104,49,49,194,20
28987 38143 10 65,136,44,67
20682 20059 10 130,185,163
44198 26171 9 10,194
43613 1892 10 56,104,44,143,39,50
3942 38168 10 78,9,132,76,152,52,119,17
20220 31252 10 64,63,129,24,82,116
25077 27011 10 67,85,97,163,35,141,120
24947 18499 9 22,10,81
29986 15907 10 133,104,135,15,64,85,41
8362 24063 10 65,131,56
27339 24484 9 21,61,115
32490 38695 9 39,15,129,182,60
28162 22383 10 118,119,20,20,27
19134 10208 10 146,7,63
5599 41050 9 111,120,120
294 24884 10 194,30,44,33
23608 22578 9 129,120
33959 40249 10 51,83,20,114
32069 35777 10 17,104,33,18,85
19536 29153 9 19,84
22613 29962 9 43,53,9,116,49,103,182,80
30344 43040 9 112,116,19,148,34,29,142,119
5548 10691 10 10,59,152,79,146,84
22473 22194 9 17,162,53,41,28
22695 19502 10 138,185,80,28
33409 17403 9 15,102,119,54
10354 32262 9 16,34
23890 10206 9 19,29,58,101,56
41256 35056 9 15,184,179
36418 21237 9 48,118
5086 6368 10 142,49,29,99,47,69,8
4163 16391 9 104,185,185
19558 37140 10 152,53,185,62,85,58
16192 25471 9 135,34,118,184
44173 43428 9 58,40,110,130,195
2271 23738 9 10,76,144,199
42982 33671 10 63,43,22,29,117,40,22
34253 35035 9 14,58,62,85,36,132,58,117
42455 1112 9 131,132,104,48,178,58
39487 5349 10 83,178
23768 39531 10 60,58,18,116,58,179,9,64
38568 3855 9 136,82,152,112,68,18,83
31428 19291 9 130,81,60
36161 42384 10 120,17,66,85,94,17,156
12276 15865 10 53,181,41
27159 19372 9 82,113,182,110,23
23868 21942 10 87,101,130,131
34884 28072 9 79,140,118,10,103,53
42397 22023 10 103,162,17,185,21,48,63
675 19302 10 46,152,64,37,119
24421 33356 9 53,36
26775 44852 10 53,68,90
38072 12802 10 29,41,144,22,104,103
43688 14282 9 119,7,136,41,85,84,58,84
24612 34264 9 49,24,21,83,47,53
21449 39046 9 38,57,109,85,130,10
38749 36164 10 32,140,112,50
36126 6754 9 119,119,102,7,21
1069 13502 9 53,116
206 36072 10 62,24,110,120,163,80
30279 33857 10 59,162,104
13180 14372 9 83,109,50
42388 28035 10 64,49,194,185,66,33,156
39769 35682 10 169,102,58,84,10,110,130
14995 19018 10 135,118,181,43
18484 40780 9 113,179,19,73,102
7829 45198 10 56,179,23,46,185,163
11942 9860 10 182,185,112,37,113,27,141,85
17043 6381 10 48,79,129,92,91
41454 26368 10 153,185,163,130,111,19,69,66
12169 21730 10 179,64,118,117,64,8,185
1273 9592 9 55,152,48
22834 20902 10 81,65,84,77,108,43,185,169
1549 38246 9 23,95,54,64,119,91,52
33752 28958 9 61,61,100,119,96,114,146,134
14932 43816 10 51,64,137,65,18,69
45661 10600 10 30,19,22,68,39,63
3376 32844 9 83,65
42914 21193 9 179,184,26,179,67,131,60
42116 6145 9 49,14,67,69,130
35489 8082 9 156,104,62,48,179,20
5136 14042 10 119,18,78
39500 21746 9 85,65,12,19
8215 207 9 64,96,81,211
20714 41675 9 146,60,39,106,179,111
11511 3296 10 38,57,62,83,105,10,53,119
44499 45077 9 48,184,91,115,23
43802 34368 10 54,84,194
9061 23603 9 119,48
32456 2932 10 20,19,131,101,177,68
21154 4068 9 120,51
27187 17316 10 116,63
8284 29295 10 179,61
40592 8208 9 178,119,81,101,68,169,119,64
27378 7445 10 115,134,7,33,144,66
18585 6945 10 17,83
38840 7572 9 82,116
12963 33321 10 90,68,58
12741 22512 10 128,33,22
45687 45255 10 23,46,185,54,58,204,55
42945 38495 10 162,82,47,169
340 1282 10 179,119,42,179,144,22
40143 8516 10 131,64,56,106,25,179,210,40
3254 36669 10 81,44,58,51,20,115
32352 39827 9 134,185,27,132,37
5130 43092 9 156,54,34,69,84,113
13560 6922 10 178,100,21,101
37717 31859 9 61,58,177,63,58,49
16069 6247 9 55,52,49,58,117,85,156
33864 2817 10 54,83,116,145,58,163
41266 836 9 40,129,103,63,26
41362 13606 10 84,110,144,182,77
18391 28084 9 47,12,42
19660 15100 10 102,115,27
16488 5596 10 140,62,40
22974 1681 10 143,67,40,19,62
14102 37910 9 25,47,152,48,22,120,15,110
38132 5586 10 184,36,35,41,177
23280 13230 10 132,104,82,38,53,59,35
11583 6203 9 62,182,182,87
23802 36758 9 24,67,48
27732 3623 10 66,138,20,106,185
6953 5095 10 61,48,102,61,40
34488 34771 10 37,50,106,110,8,190
11583 9208 10 48,149
37179 10964 9 104,82
1688 43805 9 44,21,104,128,49,22,10
5187 27927 9 56,131,142,19,48,16,50,134
11989 40716 9 38,60,22,36
13568 16540 9 143,47,29
28192 28389 10 17,177,107,189
31787 15950 9 8,117,18,131,142,52,83
20092 28759 9 21,178,17,144,59,162
40006 20348 10 160,53,41,105,35,40,55,117
21495 40971 9 10,91,142,62
4131 14458 9 185,151,80
32685 3938 10 141,141,29
18871 10303 9 37,109,47,61
16392 22926 10 100,84,55,120,84
1384 7907 9 48,103,113
19386 23696 9 59,136,39,129,20
23368 39927 9 179,29,64,80,94
19360 3180 10 53,82,80,145
34079 4617 10 119,61,46
43326 9498 9 83,132,49,177,7
1246 24984 10 23,67,36,169,185,46
9984 39308 9 129,48,9,48,64,33,85
23027 44404 9 154,46,58,132,105,185,104,119
21878 21555 10 46,100
28886 2642 9 36,111,18,60,34
31870 20347 10 178,7,58,129,20,91,194
25506 27372 10 10,178,183,69,113,91
36199 9742 10 119,89,44,107
42464 30900 9 44,162,113,63,29
30486 28717 10 185,103,60
1406 10173 10 85,37,30,58,179,91
2024 35834 10 184,63,53,57,55,38
31516 25294 9 63,131,113
19783 11082 9 53,35,7,211,7,156,83,63
33176 31135 9 129,30,20,111
35023 21493 10 21,8,34,43,82
28058 7105 9 134,110,45,102,194
41633 37729 10 59,39,82,65,20
21115 618 10 114,19,37
39129 13019 10 7,156,130,9,140,19,84,22
8190 13053 9 101,57,144,89,33,31
6617 10338 10 14,35,104
7648 42990 10 19,23
4744 19202 9 47,130,76,156
4937 28411 10 51,22
28901 7518 10 85,115
6530 39317 9 20,58,177,34,156,182
2207 29874 10 59,130,62,43,104
13000 9987 9 12,49,20,53,113,84,10
9198 32937 10 19,63,85
3135 16011 10 10,9,130,151
38747 13914 10 58,28,59,54,142,18,194,129
11550 5971 9 14,61,52,145,32,52,48
31526 27004 10 20,132,19,108,57,119,129,116
19449 37357 9 182,9,55,116,49,14,38,33
43955 3625 9 7,48,53,132
45054 1500 9 146,103,44,33,18,50,61
26959 14330 10 115,69,120,20,142
10072 34937 9 83,56
17881 36566 9 20,128,58
36247 32188 10 25,85,152
29473 34963 9 42,33,85,17,46,30,43,54
43857 20708 10 82,132,22,102,69,54
43058 18871 9 91,29,8,53,52,60,25,85
36427 24347 9 108,36,9,93,130,19,160,185
10857 18854 9 137,143,146,65,18
38192 11063 9 21,61,163,149
10395 27159 10 10,101,60
5912 16275 9 138,101,184,36,63,60
41944 40627 9 117,45,38,43
10425 9267 9 96,163,184,62,57,63
38439 45484 10 15,49,36,112,66,119,18,169
10575 7332 9 129,44,23,29,17,67,29,60
2782 27905 10 162,102,12,66,87,49
12153 40053 9 60,102,104,12,185,15,57,178
33939 29032 9 102,40,29,83,42,18,46,182
15209 11801 10 182,102,87,47,162,48,167
31316 21963 10 116,19,193,61,64
37208 44877 10 73,60,16,133,111
31357 1788 10 85,41,135,136
4008 14542 9 46,47,143,55,44,49
6344 33287 10 34,25,68
38139 1331 9 185,62,20,152,40
33829 7722 10 181,133,106
12858 39852 10 105,44,20,15,57,105
43750 10686 10 58,83
15995 34202 9 119,110,29,66
32792 45241 9 34,12,10,132,95,47
26033 24201 10 169,20,18
25050 37033 9 104,185,119,48,104,141
5120 25603 9 62,33,49,103,160
37191 14244 10 104,185
11380 24569 9 18,30,101,39,47,146,18,48
17509 25243 9 74,87,62,10,104
44774 24178 9 182,49,84,49,62
25395 4217 10 85,58,68
18997 36024 9 104,82
3746 42634 9 78,7
2198 29153 10 19,83,85
40720 5537 9 43,7,50,83,111,20,108
39741 15305 10 185,38,63
8361 26630 10 60,134,185
35445 35008 9 209,68,179,179,61
34621 26619 10 47,55,91
38387 21511 10 90,58,30,117,169
31818 4307 10 50,179
20528 43876 9 149,132,104,22,25
38603 19994 10 58,110,87,55,161,31,58
21281 30376 10 136,53,106,27,53
23754 41164 9 51,129,52,135,149
39470 3711 9 130,91,85,85,101,131
25450 22317 10 49,30,7,33,53
37992 27268 10 28,58,21
9255 34214 10 84,85,105,114,104,49,102,104
21 39326 10 85,30,81
32870 25447 9 44,46,51
25931 33362 10 8,30,142,9,20,182
9446 22698 10 185,113,131,210
3733 8200 10 23,120,154,61,118,104,25
18955 10353 10 49,162
9597 17580 9 83,143
8712 24021 10 49,102
11188 6662 10 143,119
5074 38880 10 135,84,35,12,48,63,83
20227 11623 10 14,52,49,162
21668 42430 9 46,142,37,58,116,119,20
30061 39874 10 110,61,141
32388 19670 10 20,83,67,129,65,18,112,60
28802 18462 10 35,81,80,24,19,52
10650 4426 9 162,182,26,112
26260 10902 10 96,81,38,37,33,63,18,81
35247 31365 9 80,40,29,120,14,131,160
3158 44194 9 90,61,149,130
38140 17335 9 29,35,47,91,10,68
35420 17776 10 49,87,39,130
26811 90 9 115,39,26
18034 23255 10 112,30
29183 4287 9 83,45,69
7164 11214 10 140,56,185
2908 36325 9 38,144,135,144,49,64
3262 33742 9 59,113,163,48,23,104,21
3580 35887 9 57,65
32152 35878 9 185,49,68
7148 17382 10 12,42,47,216,37,30,9,102
13377 42848 9 108,87,46,126,185
35024 43695 9 105,103,61,130,188,129,106,69
7649 18673 10 53,24,143,83,46,20,112
18672 2620 9 15,163,52,20,158
25224 10009 9 185,104,54
22965 21373 10 84,194,9
18891 6386 9 65,17,38,82,20,83,35
17317 30930 9 18,91,177,63,160,60,25,59
28742 40609 9 36,87,29
14050 13155 9 81,48,29,81,17,63,18,42
44111 20705 10 44,130,69,59,81,185
11847 20515 9 57,25,60,82
31833 41489 10 34,181
41648 3903 10 37,14
12384 11984 9 62,67
11901 43631 9 87,82,201,101,10
34002 21181 9 30,129,112
35374 28308 9 59,82,82,83,87
43363 9175 9 128,91
12473 31914 9 63,63,62,163,89,15
36612 13513 10 69,21,32,19,19,16,48,60
806 5944 9 9,35
34090 26351 10 35,66,58,61
31969 38871 10 9,49
6409 41870 10 81,45,143,132,87,14,90,177
25329 16600 9 177,36
11218 34062 9 142,61,15,29,49,185,181
30232 37300 10 177,41
2375 19782 10 45,67,87
4037 35969 9 23,14
36176 14259 10 41,104,104,50,141,61
36552 36796 10 185,31,46,169
19909 5042 10 21,101,46,44,24,84,36,131
39426 16220 9 63,85,74,10,61,104
6732 12951 10 63,129,18,14
41933 37383 9 185,46,136
25822 35622 10 22,23,53,83,49,96,20,102
38487 19618 10 43,83,119,104
9575 36243 10 61,54
23663 19321 10 60,62,165,12,135,116,40,47
2729 2758 9 20,103,64,37,82,43,29,46
24352 8773 10 113,116,156,10,81,18,129
26429 2176 10 142,116,107,60,211
21803 26826 9 112,89,59,59,103,83
27665 40351 9 101,102,68
45105 35298 10 31,14,46,109,60,60
9689 36980 10 15,52,51,134,149,36,184
27386 25165 10 19,83
17123 22841 9 142,45,183,10
40347 25050 10 132,81,30,63,152
2454 10684 10 103,60,65,162,79,162,46,35
36205 30123 10 62,144,51
13372 40695 9 21,65,57,52,83
45333 40702 10 129,54,61,67,45,18,59,156
10468 32048 9 64,62,58
33045 14939 9 125,16,19,26,118,30,14,41
43674 31034 9 10,185,14,30,22
45551 33674 9 18,29,182,42,33
10274 28052 10 22,29,41,18,115,142
31840 13803 10 147,120,16,83,130
9167 40154 9 102,179,29,18,17,113
43165 32491 9 14,51,50
27149 384 9 102,45,21,65,52,46
12034 22543 10 102,68,19
11691 18872 9 110,119,38,25,56,28,62,120
38176 24647 10 16,48,45,41
22052 24452 9 130,49,36,10,7,194,37
37104 38283 9 43,52,23,102,63,140
22756 41235 10 47,114,155,106,61,58,129,180
32196 32395 9 55,118,136,64,178
6788 44864 9 85,58,185,100
40844 36013 10 130,182,31,141,62
38082 36871 9 136,112,185,103
4503 38113 9 210,84,185,18,45
23453 31146 10 43,83,119,152
13871 11160 10 149,47
10662 9972 10 104,48,64,38
37122 15313 9 145,69,12,141,58,60
16873 30620 10 35,58,39,48
39628 2477 10 62,35,35
27930 38154 9 130,12,83,83,7
39043 6394 10 131,211,185,36,109
43469 44421 10 119,41
32740 19136 9 51,83
1208 20980 10 141,68,38,115,20
27391 14532 10 32,156,7,28,54,129,144,41
35682 15683 10 46,15
32967 45047 10 142,114,117,27,185,58,61,10
21222 28843 9 58,42,7
10258 37933 9 55,114,31,63,113,84
45424 37840 10 83,130,103,18,84,66,163,146
18246 43917 9 69,111,81,185,100,100,45
22638 353 9 65,162,39,131,59,87,41,67
41345 36109 9 129,51,136,149,66,14,19,30
24356 14983 9 62,63,31
2157 43000 9 80,127,81,52,81,114,102
29856 31440 10 19,48,103,129,20,60,82,35
15923 11337 9 85,57,43
24842 43903 9 49,26,35,17,40,118,46
12664 17680 9 169,87,142,52,50,49,61
26042 30953 10 50,64,67,21,27,53
7646 37189 10 9,74,20,21,58,24,84
15289 3767 10 179,81
11753 41165 10 20,50,117,44,106,130
12608 18152 9 61,185,132,52,104,183
19416 40086 9 182,61,184,19,156,102
42808 29631 9 81,75,58
21203 42570 10 78,29,7,61,34,76,17
10435 305 10 59,45
41474 2932 9 52,49,63,7
24942 20520 10 182,29,146,58,55,185
18319 43608 9 39,16,109,66
44524 43111 10 58,67
31812 30987 9 185,10,41,65,67,59,100,23
42714 19495 9 119,113,48,7,54,82,110
40663 21284 9 60,105,177,162,61,34,128,12
1897 40859 9 178,82
32442 41754 10 111,119,156,34,25
40582 38353 10 22,67,18,141,20,68,66
33606 8837 9 126,45,129,107,136
41263 42135 10 130,83,23
17548 707 9 140,25,56,61,30,69
37116 15651 9 12,48,48,25
32148 6663 10 114,185,83,63,15,91,17
5187 5156 9 146,68,69,108,129,138,145
31619 3420 9 48,119,35,18,104,25,77
34250 9273 10 36,130,119,28,108,85,51
40263 11149 10 54,61,55,129,162,87
31304 27587 10 120,109,201,87
29478 41044 9 109,179,58,35,184,38,142,79
17530 24349 10 69,69,98,185
42799 4435 9 28,21,162,38,178,129
42841 26496 9 145,35
37844 24844 10 184,14,9,49
18378 35671 9 32,28,130,104
37184 25572 9 104,14,169,23,69
15294 33655 10 184,130,58
8483 11560 10 185,179,44,58
2367 27851 10 51,33,185,143,28,46,118
21263 899 9 58,54,48,163,132,15,49
40373 38518 10 185,146,10,83,76,183,28
11557 4699 10 10,78,163,68,119
15064 39315 10 111,46,103
15299 18452 10 85,138,85,61,132,14,119,110
6093 8264 9 110,49,59,60,133,48,60
4754 20101 10 83,53,10,185,87,22,130,28
14364 43718 10 119,21,56,36,177,64
28077 37185 10 85,55,21
34559 1934 10 104,59,53,62,61,66,21,132
40447 25674 10 33,29,140
30513 42810 10 21,21,103,46,135
10611 9969 9 47,85,69,177,43
13366 36103 10 112,18,104,103,19
20683 22500 10 62,48,104,21,57,56,169,50
39995 26150 9 194,117,20,24,57,162,84
9479 41661 10 144,16,142,82,21,120,48
19711 21442 9 67,59,55,22,9,63,116
40100 37961 9 109,140,53
19391 1776 9 57,52,109,131,83
7578 5976 9 83,104,140,80
45596 45731 10 115,73,116,119,184,55,178
15553 6602 9 185,47,20,18
34905 2148 10 49,7
33366 45631 9 101,156,87
8524 30278 9 63,50,146,28,38
22650 29477 9 102,24,160,67,42
24756 38424 9 102,53,36,16
28020 3085 9 17,53,145,61,29
28635 34068 9 116,60,22,53,35
33901 11236 10 115,83,42,105,34,184,7,33
27595 18225 10 179,50,36
25480 25351 10 49,118,182,120
4678 40730 9 92,109,179,8,178
25593 19422 9 25,106,119,91,96,85
41398 8947 9 18,10,24,156,87
24471 26517 10 131,182
34515 26275 10 109,57,64,99
29121 35745 10 194,117,140,63,130
31246 24858 9 45,169,21,65,22,140
35334 1834 9 35,21,62,58,45,120,130
15576 36461 10 68,51
23440 1240 10 131,8,149
25090 29784 9 29,41,112,28,24
2283 703 10 10,136,56,102,129,184,110
45400 21218 10 16,24,140,10
35541 1134 9 30,22,48,58,18,131
19490 27600 9 20,162,133,101
501 45766 10 46,53
15931 19690 10 28,46,44,82,37
1927 1454 9 134,49,178,83,29
38985 9718 10 185,26,80,57,25,67,42,52
505 21533 9 183,18,154
12862 34548 9 110,63,116,22
42848 4562 10 82,112
39159 15298 9 179,152,23,49,129
10415 22386 9 19,25,116,139
14123 1977 10 10,91
30478 27665 9 146,178,61,68,115,19
25200 11375 9 58,58,95,37,37,104
9617 9079 9 63,129,29,61,20,156,114,113
5030 9361 10 117,115,185,146,36,46,129
8184 4374 9 61,129
16014 15204 9 104,119,9,18
13436 9526 10 145,181,115,36
17094 30143 9 30,146,185,53,50,102,7,143
41568 22716 10 194,96,23
19229 36141 10 145,68
27695 41450 10 169,53
34503 28472 9 111,77,33
24124 24723 10 47,78,56,10,83
38969 41978 10 58,44,104,8,18,144,57
41283 16522 10 185,63,185,19,63,49
20198 39206 10 156,50,50
12695 29606 9 109,28,104,22,102,119,20
11500 12973 10 91,111,39,131,61,81
34213 7161 10 184,12,47,103,111,154,185,54
19691 20330 9 184,84,51,60
23433 24391 9 18,62,131,27,49,57
14389 5763 9 81,136,18
14527 10190 10 129,82,194,129,156,22,119,149
29504 24175 9 56,119
6070 28555 10 54,33,14,48,120,19,65,43
26449 43392 9 80,102,129,131
16335 8604 10 85,91,47,144
37164 31187 10 83,130,58,108,129,20,159,10
30754 2600 9 128,21,142
8 2376 10 49,19,185,60,116,199,44
3240 22551 9 130,120,14,101,47,55,69,53
41461 15549 10 108,194
17786 1902 9 163,149,65,56,91,47,132
9890 23380 10 109,131,194,91,103,113
39400 7697 10 83,63,68,136,85
8802 10151 9 23,55,149,59,81,111,119,81
10215 6583 9 52,104,110,104
36831 24479 9 10,33,68,163,59,48
19699 14722 10 10,21,181,80,165,80,55,63
2197 451 9 103,50,106,57,80,119,62,60
26278 41760 9 112,19,51,169,117,46,58
41880 30126 10 60,141
44530 13764 10 53,29,119,114,9,82,18
1978 40089 9 101,182,156,63
27117 37944 9 200,131,104,62,130,58,131
1934 2044 9 84,104,132
35452 40277 9 81,17
7146 43936 9 182,119,36,156,57
7908 3786 10 58,63
1342 16312 10 10,104,26
15389 30142 10 82,18,84,58,106,201,80,185
40009 38432 10 177,117
9278 35995 9 107,85,87
40588 26309 10 67,183,109,28,41
25193 44631 9 169,114,60,156,149,110
9321 18158 9 18,108,128,17,116,156,146,85
9385 5972 9 57,102,65,119,169
12959 26088 9 129,26,50,129,186
39910 24642 9 10,136
20620 40719 10 109,27,35,29,53,211,77,130
37661 19968 9 62,169,156,144,20,185
32428 41475 10 177,80,40,63,129,49
42072 36613 10 116,85,53,185,33,87,37,61
29783 41470 9 80,169
16734 175 9 21,102,47,7,41,91,9
27663 43220 10 8,61,35,12,58
16850 37267 9 60,73,109
45401 15142 9 91,129,18,6,162,53
9501 1524 10 134,41,116,68,19,131,47
37198 26955 10 109,53,31,47,57,19,48
26044 43860 10 49,178,83,65,38,114,181
45029 44855 10 58,119,66,34
26120 20541 10 152,185,131
14174 42553 10 115,181,185,129,14,130,59,27
36509 40383 10 136,25,109,43,111,115,160
31240 40566 10 28,99,55,7,38
18825 10090 9 47,10,135,8
2054 37094 9 17,162
41364 30635 10 104,46
31312 15182 9 41,17,114,156,132,48
33155 15743 9 55,55,169,19
37889 42815 9 20,52,111,39,184
104 26985 10 119,69,49,100,44
44589 35925 10 43,67,144,111,16
29356 32310 10 91,40,105,141,83
14235 36208 9 37,58
28332 2583 10 56,81,51,115,185,49,179
24024 17844 9 181,52,105,105
6816 12656 10 24,83
7898 17777 9 185,61,22,163,182,100
39234 38287 10 118,63
7858 636 10 56,118,7,54,129
24781 43250 9 142,85,35,83,23,91,185
5939 9302 10 119,129,56,130,143,120,140,179
36824 35122 9 152,51,29,85,98,47
35624 12507 10 55,20,179,103
1361 15037 10 117,7,83,39,37,8,130
35463 34351 9 156,47,19,204,46,81
42421 4808 10 69,29
42162 21669 9 57,22,83,67
1588 38522 9 30,34,37,20,101
6545 7183 9 185,34,54,134,129,55
16897 26701 9 119,185,55
41823 43158 9 211,35,185,25,66,60,82
33766 10554 9 37,83,114
15222 30958 9 156,67,130,36
39716 37607 10 19,110,10
15481 16547 9 57,134,48,83,65
3408 24643 10 42,58,120,58,160
17956 22247 9 57,63,53,26
12715 17058 9 16,135,177,103,67,87
29877 43843 10 20,48,58,119
28523 21314 10 138,91,163,28,119,9,49
13978 16570 9 68,63,119
40237 5531 9 194,27,21
12982 20529 9 119,64,53,52
20218 25384 10 7,36,55,15,131,83,38,28
24188 2778 10 28,48,91,87,10,130
11923 34194 10 50,141,102
29266 191 9 163,118,52
22545 9575 9 178,101,42,47,28,119
45679 7273 9 152,66,129,119,107
33779 12034 10 20,120,145,25,52,156,79,107
17953 7808 10 63,49,110,48,63
35407 18222 9 55,32,111,120,119
2193 16556 10 8,163,67,103
6033 38534 9 58,30,91,38,40,113,10,45
9771 35315 10 17,194,67,184
44515 15474 9 104,178,104,185
31599 23930 9 156,52,53,179,49
25925 22356 10 185,128,10,48,43
44263 23264 10 20,47,182,179,101,162
41235 42247 10 182,36,41
8794 21829 10 55,85,14,130,105
38068 30964 10 60,50,83,31,55,17
29304 10682 9 55,10,22,91,40
24772 36901 10 101,83,85
11564 12322 9 120,57,63,184,146
30274 30400 9 160,163,30,61
21051 30108 10 52,102,135,54,119,129,19
42665 4487 9 66,21,179,51
38141 6989 9 20,91,177,38,120,30,33
16045 27576 10 45,103
7877 16359 9 20,108,60
3140 25625 10 104,47,113,58,41,110,51,142
27527 40639 10 81,61,179,38,19,138
15345 36991 10 14,81,194,17,54
1372 30041 9 31,149,80,41,31,185,51
10844 2527 10 19,30,48,64,37
32727 21719 9 161,47,104,61,8,87,119
16190 38371 10 46,10,62,120,115,49,45
2336 1471 9 20,42,8,60,129
30029 24758 10 182,182,45,48,119,131,36
10280 41818 9 130,12,68,17,58,62
32348 43664 10 152,25
16813 24890 9 111,110,85,185,120,19
37105 8958 10 46,49
21623 10806 9 178,113,44,60
42207 23707 10 69,103,30,10
36342 28058 10 141,177,41,54,133,109,179
15967 4555 10 143,41,111,135,151,185
3106 18877 10 110,113,177
10800 37476 9 119,141,23,49
2887 36818 9 169,8,41,20,140,21,59
8301 83 9 102,104,84,101,82,136,67,9
43886 34247 9 185,185,112,85
14450 20424 9 60,102,65,55,45,31,38
8158 41210 10 67,131,83,68,185,44,178,66
32123 44724 10 33,131,66,116,85,16
22555 25120 10 21,184,17,127,40,60,102,145
21468 15046 10 191,58,33,15
20089 4954 10 39,83,109,7,27,160,29,21
42535 14565 9 23,10,114,63,136,106,48,49
42372 37777 10 119,103,109,194,74
43098 29708 9 104,64,145,149,53,40,29,185
23446 10926 10 112,80,178,85,185,9,35,104
1940 2470 10 49,109
35069 34119 10 23,49,131,60
41171 18181 10 37,67,185,14,32,61
41337 27704 10 55,61,66,19,10,36,132,142
38942 2317 10 140,101,58,51,9,17,84
34226 28265 10 41,69,111,81,103,53,58
45707 37592 9 54,112,129,107,106,82,24,204
29506 22137 10 21,20,81,59
1540 6787 10 7,114,26,69
20316 6625 10 130,152,90,14,64,83
36630 31504 10 120,83,10
34875 6437 9 108,18,182,48
32493 5821 10 195,182,39,20,132,141,83,135
7854 23661 9 26,21,63,83,22,82
17184 29835 10 160,185,169
25986 6651 10 101,9
16965 28409 10 40,35,12,153,181
6328 22304 10 138,78,95,119,104,19,96,61
36699 5364 9 162,118
37789 30900 9 46,83,182,159,81
9510 8323 9 185,46,103
6870 30851 9 135,185
25678 22445 10 50,22,52,106
8675 17211 9 57,211,53,179,107,55
30596 30282 10 63,185,19,83
24283 41819 10 43,66,32,30,87
4501 14225 9 22,64,61,81,100,38,111
31217 12896 10 128,163,105,169,119,185
33719 43293 10 163,60,58,18
6775 38654 9 10,54
29075 8593 10 152,55,179,67
35867 43850 10 58,42,185,44,119
1439 34602 9 37,119
4094 22915 9 30,54
3508 567 9 20,19,21,28,9,108
18644 45401 9 149,118
3472 32065 9 52,102,103,42,137,102,104
27747 7026 10 61,30,119,83
28380 26337 9 49,50,21,34,24
19518 18586 10 136,48,62,48,82,131,116,185
3258 40013 9 48,60,96,118,135,113
21568 22648 9 19,119,177,104,12,84
34203 42476 10 53,49
42155 38976 9 38,42
2075 22579 9 120,59,21,83
36025 15726 10 47,79,34,129,60
13915 15781 9 140,131,60,49,56
23136 1012 9 102,67
17810 35993 10 129,38,10,62,15,185
24206 42199 9 32,143,129,111,47,58,182,146
8026 40156 9 103,130,63,30
39393 20831 10 87,34,47,112
6971 22880 9 50,108,46,34,15,182,115
24268 18701 9 111,39,76,185,117,61
8085 45305 10 141,66,120,129,23
15276 2774 10 104,91
42337 40308 9 21,119,117,129
21172 44531 10 33,87,25,35,49,56,119
20981 23042 10 58,182,53,140
37926 35703 9 10,129,193,45,22,37
34288 44598 9 40,120
7470 2437 10 47,82,61,39,92
12920 39778 9 51,53
16713 3606 9 83,18,9,46
41502 406 9 100,101,111,61,48
10329 8892 9 69,111,132,107,111,12,42
43643 27304 10 169,62,115,119,20,83,85,169
8779 31154 10 105,169,113,144,19,41
11273 23266 9 12,114
9506 5327 10 21,19,64,64
26001 11908 10 59,127,49,65,66,66,103,58
41375 24269 9 34,49,16
13460 25217 9 21,53
45457 19628 9 109,181,18,23,36,34
20551 8730 10 119,68,85
42622 21358 9 131,118,43
30507 20388 9 181,194,62,68,44,91,14
43754 20184 10 156,63,25,61,53,110,53,112
35810 2196 10 182,79,20,60,102
32251 18489 9 184,135
44130 1607 9 83,162,59,85,30,36,117
43095 41142 9 35,20,178,104,48
19820 26808 9 18,38,179,44,60,63,63,66
37450 30553 10 105,48
35466 43942 9 103,48,21,25,118,100,83
36197 35120 10 23,169,44,52
9301 11923 9 15,119,83,64,54
33034 31676 10 64,69,9,48,54,44,67
19498 6322 10 119,48,21
14914 3145 9 211,44,35,130,15,160,20
10422 31652 9 23,62,104
26253 44445 9 34,25,129
16839 26173 10 83,184,163,48,66,141,112,82
524 34058 10 85,119,25
44810 28956 10 184,128,49,9,53
961 44103 9 216,185,146,154,58,118
7104 15002 10 139,43,84,60,103,19,119
5599 36304 9 63,18,61
271 42577 10 144,161,56,60,47
8470 26362 9 152,129,29,44
32079 27347 9 185,37,83,118,83,18,120,87
15833 10007 9 136,47,109
16333 19575 10 110,23,182,61,182,24,12,14
43793 7174 9 49,129
7812 12973 10 50,59,104
28494 15418 9 114,60,45,185,104
43948 43813 9 40,135
39857 45545 10 85,131,145,181,185,63
24768 34064 10 39,112,84,40
13081 34502 10 9,111,15,111,48,40,26,184
26480 27188 9 18,129,162,75,22,184,69,143
45299 17147 10 194,20,35,16
27360 36654 9 69,103,50,133,32,60,16,185
35145 29983 9 58,84,62,85,112,78
39193 1171 10 118,50,129,32
44325 32365 10 52,27,18,30,23
10611 32789 10 163,118,59,19,129,59,110
35306 2824 10 169,15,27,59
24260 23665 9 132,83
36492 9067 9 87,102,62
24839 7406 10 83,35,25,135,42,131
39489 11977 10 32,49,178,185
45270 41108 10 91,19,55
2996 4296 10 136,25,128,160,182
23117 37140 10 102,185,28
33565 22661 9 129,44,64,77,81,85
39314 30516 10 42,119,51
18060 34612 9 20,44,40
4573 2710 9 67,104,10,136,24,9,105
36681 30966 10 116,132,178,66,156,28,118
11930 40529 9 178,61
29479 19129 9 44,63,16,118,21,85
40498 17933 10 85,48,63,9
39625 24983 9 46,63,119,119,133,120,119
27269 18510 10 58,128,10,53,48
41976 770 9 84,68,30,19,37,107,8,185
19385 33213 9 83,129,118,104,68,48,57,69
42877 13902 9 65,112
16642 17249 10 133,108,81,37,178,49,20,10
34047 34084 9 15,52,87,113,41,18,21,28
3604 29518 10 65,162,194,117,58
40001 33344 10 18,59
27638 43002 10 113,115,64,63,120,157,49
21043 34106 9 63,120,118,19
3948 10049 10 46,108,23,104,181,94,87,60
39599 41666 10 61,97,53
25288 27370 10 63,104,28,117,126,46,51,60
2665 78 9 119,8,108
3804 21520 9 50,50,120,62,12,53,8
37733 38524 9 60,53,57,15
32355 12376 9 132,119
36371 7101 10 144,129,102,19,106,198
40150 23083 9 117,21,29
29300 28281 9 57,89,33,42
15743 25448 9 149,146,92,185,29,66,130
23137 12282 9 151,46,185
45286 10600 9 118,113,81,104,102,10
32617 3318 9 51,135
43250 5975 9 51,18,156,104
15561 8896 10 182,104,120,91,58,181,107,53
11063 9219 9 24,8,184,182,52,12
17740 10558 9 108,96,60,87,145,37
38689 34254 9 19,65
15408 23375 10 55,104,62,65,117
224 7243 10 113,112,12
9476 35477 9 78,58,69,57,51,136
29222 8710 10 53,87,116,46,24,62
24906 38220 9 102,146,129,63,55,134
45277 39497 9 108,84,60
5715 12939 10 179,28,53,12,19,101
17187 954 9 15,83,155,117,62
19168 22083 9 184,132,116,103,19
7021 27192 10 194,48
39976 40169 9 83,23,160
18883 10029 9 47,67,62,92
17489 21360 10 47,216,164,15,17,61,23,46
38873 9866 9 21,81,126
13342 27993 10 61,83,18,87,48,41,20
10507 35942 10 60,60,102
26747 24350 9 49,49
1309 19712 9 35,102
35468 8418 9 59,185,12,39,60
30655 23138 10 18,113,107,181,21,157
17596 1792 9 39,39,108,23,38
30513 37955 10 55,134,185,22,64,182,118,64
43948 37429 10 104,66,34,59,152
13689 22862 10 67,36,178,84
3271 37824 10 46,20,12,131,58,59,63,104
15426 28918 10 102,7,58,50,92,65
5376 3645 9 131,180
38924 392 10 178,96
40932 19579 10 111,129,39
8472 17471 9 60,21,31,114,110,15
30927 15761 9 67,28,183,62
21816 45551 10 58,63,119,130
17558 21959 10 25,169,63,83,104,49
3739 28147 10 21,27,22,60,110
42493 21381 9 118,184,45
45057 18021 10 116,82,144,116,163,85,47,35
18142 19602 9 46,44
132 29321 10 18,129,65,29,83
903 23481 10 69,41,96,41
23339 27003 10 85,111,65,34,19
27130 17730 10 44,42,91,130,104,23,49,48
30322 12373 9 130,63,18,80,178
43653 36954 9 110,14,53
42375 29247 9 58,39,104
34308 25042 10 87,8,131,48,117
37652 1328 10 65,82,102,61,18,29,34,17
20308 23110 10 101,105,51,119,22,140
24742 33393 9 110,114,47,21,182,85
5225 21814 10 91,100,14,21,37
29412 42365 9 104,149,163,82,55
18835 41418 9 185,129,110
40170 31822 10 193,45,45,48,102,160,169
22851 4635 9 15,48,131,47,44,50,128
7974 27694 9 52,64,108
21331 36407 9 14,109
26105 18224 10 16,85,48,53,57,36,18,80
10299 35740 9 156,109,132,19,129,56,18
5023 31159 9 29,21,64,58,28
14220 32625 10 91,182,63,129,142,112,96
11435 19685 9 17,184,8
7015 33687 9 110,38,83,36,194,10
148 7275 10 12,44,104,102
7677 5126 9 87,51,50,15,51
5870 29142 10 209,39,87
33164 27902 10 33,59,20,59,57,184,143,64
33664 24214 10 53,84,114,19,30,50,135
44671 28147 9 63,65,111,68,31
22384 8667 10 21,115,119
12287 33054 10 62,58,110,101,98,116,55
3592 12219 10 113,129,52,19,101
12004 44830 9 119,106,36,82
38501 18065 10 84,65,30,63,30,163,24
39401 25033 9 129,87,185,49,91
21921 25843 10 163,51,27,57
196 12085 10 162,204,21,39,39
19945 3961 9 63,54,30,106
11445 23636 9 104,185,10,10
31802 29551 10 40,153,95,102,20,84,49
39607 44702 9 135,61,96,48
24920 1554 10 21,117,179,140,107,64
19322 45464 9 24,77,185,51,155,169,15
6121 4313 10 129,42,85,53,96,63,25,60
31563 44995 10 64,58,82,178
21368 5216 10 129,119,59,117
2794 43337 9 76,62,41
5645 215 10 112,7,39,59,12,81
28104 34772 10 80,30
37761 6418 9 63,14,179,118,19,62,109
29973 41328 10 134,44
23575 7404 9 48,129,15,56,18,15
28737 35281 9 138,42,39,156,129
23195 28393 10 111,17,163,63
28702 4153 10 36,169
42444 11879 10 15,112,64,163,50,130,42,20
15639 2952 10 95,17,141,136,116,119,81,9
20467 34545 10 39,119,49,63,81,24,48,21
12274 26524 9 26,31,120,39,56,82,7
29 30991 10 48,79,185,136,107,103,59
19159 18762 9 178,63,95,143,54,79,84
42265 19505 9 62,160,51,149,152,59,16,18
40243 14803 10 57,104,131,78,132,14,52,149
7937 14563 9 28,9,45,48
25194 2679 9 50,141,87
15874 13696 10 57,90,35,136,146,21,136
24341 22095 10 58,181,21,53
30269 1727 10 24,128,62,63,83
25324 13483 9 128,60,102,140
35163 41932 9 18,9
17708 21978 9 48,50,109,119,10,184
37239 42530 9 173,58,69,156,12
13592 7464 10 163,119,64
34109 12270 10 80,15,43,36,68
20282 6105 10 48,179,77
32450 27750 9 30,20,114,179,20,136,133,83
29652 37763 10 68,169,30,119,149,9
35689 8560 10 23,99,46,40,19,25,104,58
20952 2192 9 18,25
7417 2145 10 47,23,110,178,41,9,15
30305 14335 10 136,49,134,141
16896 5075 9 57,16,15,161,20,109,60,12
11383 34558 10 87,129
8986 24073 9 49,83,16,79
2250 43353 9 45,104,47,109,22,80
17327 16701 10 194,61
8052 6276 10 68,87,50,60,63
45055 22362 9 185,24,178,135
30389 31672 9 119,185,184,52
14740 4772 9 194,21,109
6125 19119 10 185,64,145,17,50
16089 31606 10 10,53,43,169
24110 32977 10 85,44,82,61,101,44,129
22695 37461 10 185,185,52,18
32523 26073 10 193,81
36927 27566 10 20,59,129,101,84,162,39
6892 20554 9 9,134,128,67,130,130
18275 24333 9 179,16,85
247 36489 10 7,30,90,57,144,57,144
28121 35983 9 129,46,51,39,104,163,25
40667 35737 9 140,34,7,68,25,58,119
43304 38354 10 30,119,104,63,8
15065 24467 10 162,14,83,24,15,133
23575 15030 10 17,10,10,36,129,107,185
33749 21386 10 119,64,61
36360 22226 9 80,45
14261 18287 10 9,134
15742 33591 9 43,40,120,136,61
23497 21041 9 81,21,62,67,47,116,49,49
38832 30321 10 33,46,30,51
25846 34513 9 118,64,179,67,100,161
36949 35380 10 42,81,132,12,40,61,85
36812 42377 10 104,35,63,62,128,63
2742 32893 9 80,56,182,22,182
38090 31184 9 50,194
15069 9190 9 132,59,113,143,136
38607 32938 9 92,9,10,185,46
35744 44771 10 64,83,60,8,15
35251 43539 10 83,43,211,47,18,16,87,129
26953 15189 9 79,12,83
38791 44864 9 57,179
19857 2924 9 58,40,34,120
19275 31551 9 9,114,27,20,185,138,115
22021 20874 10 145,53,7,46,101,117
13364 27507 10 58,48
1345 17434 9 118,169,48,50,20,24,24,7
12718 25378 9 117,52,60
45776 29659 9 136,25,45,18
16245 37893 9 42,116,116,63,34
20155 31824 10 43,152
2702 2604 10 116,105,63,118,53,10,56
7792 30056 10 43,40,40,56,6,35
29786 33943 9 104,110,24,50,25
27741 7683 9 115,52,109,28,48,141
3809 27468 9 18,77,59,98
31484 24675 9 128,9,46,143
12819 4941 9 60,59,12
9206 6366 9 111,108,25,20
23022 20651 9 81,34,176,142,69,82,140
45047 23515 10 184,106,178,7
29320 13004 10 111,34,101,132,49,31,180,63
12497 19739 9 44,79,120,65,108
44942 3320 9 63,22,22,58,91,10,47,64
24492 16215 9 128,17,163
41680 28092 9 55,21,64,118,65,59
962 19294 10 16,104,85,81
43630 3983 10 84,52,15,43,201,19
42792 27897 9 149,44,111,129,64,146,19
29755 28621 10 23,48,222,129,46,134,101
23877 27203 10 77,18,185,20,81
5655 10285 10 30,53,81,62,36,48,38,184
4091 26260 9 65,35,14
13016 40277 9 128,85,15
27659 20546 9 79,69,33
6746 19694 10 129,83,81
9198 36502 9 104,49,178,107
10 15988 10 85,92,23,53,134,56,65
25148 32742 9 133,21,49,57,66,83
26477 27469 9 22,108,63,28,118,56,23,63
38109 24337 9 135,129,10
18110 43013 9 15,178
36620 2715 9 46,49,21
19397 34020 10 45,131,90
13993 327 9 19,57,184,64,22,163,39,104
6087 10556 9 62,104,184,119,81
4018 8992 10 120,185
39150 5798 9 66,51,182,25,127
18812 14093 9 48,7,65
34100 18012 10 143,109,52,64,109,54
28877 34407 9 85,63,139,146,119,82,59
6323 2748 10 103,169,30,157
44136 31071 10 107,35,136,182,55,118,28,61
19524 21743 9 62,105
910 747 10 96,133,24,60,108
30573 11863 9 22,167,178
7362 32806 10 14,40,44,58,119,17,34,10
29386 14478 10 59,53,67,15,116
34519 10846 9 69,58,109
1321 27821 10 119,163
6296 15253 10 63,53
18463 7618 10 63,76,44,52,17,48
21699 19343 9 87,21,141
9417 32488 10 67,40,103,132,85,47,46,132
26004 23263 9 10,92
18042 28475 10 20,106,39
26959 44182 10 181,37,47
45094 15958 10 40,181,101,162,58
34889 44284 10 61,55,113,115,51,57,146,130
7032 29698 9 134,36,53,30,43,130
8182 6918 9 132,61,49,58,111,37
27258 37646 9 100,55,185,84,185,60,129,41
31514 28028 9 84,44,104,17,183,69
17577 27201 9 103,177,65,102,133,115
21281 18290 10 104,49,18
12269 40980 10 7,36,96
20922 6548 10 37,58,130,104,84
33720 26824 10 50,15,53,162,46
39586 16040 9 85,18
13413 11189 9 63,141,49,194
22615 20462 10 47,15,146,23,119,66,110
33099 9150 10 40,112,42,28,38,47,163,83
4608 31309 9 14,178
26579 25667 10 49,59,120,185,179,51,181,102
37821 4731 10 15,145,103,18,179,156,169,59
14967 12636 10 105,49,16,149,103,36,83
20771 25166 10 27,102,69,93,161,117
10125 34230 10 7,185,104,19
8609 28932 10 129,56,10,9,60,61,21,62
21906 28769 9 12,59,21,135,184,38,46,68
25752 43115 9 59,45,104,66
44996 16608 10 26,105,185,28,36
12943 12509 9 216,37,41,109,7,32
18333 42617 10 194,36,49,126,119,69,141
42131 8255 9 130,179,16,29,18
29461 40191 10 113,101,39
40514 5994 10 112,102,26,110,178,128,117,116
4470 34936 9 83,60
15546 27296 9 22,16,18,89
35630 41685 10 12,120,116
7629 36009 10 116,19
23816 34570 10 20,20,68,56,96
22211 32 9 10,58,115,48,48,95,102,104
20306 32213 9 139,179,42,141,63,131,178
32257 7450 9 79,183,185,112,128,60,49
2311 34154 9 106,62,65
25526 39169 10 153,31,20,119,130,29
28084 13361 10 104,83,82,115
10107 9152 10 85,56
8579 1225 10 83,16,49
32209 7182 10 110,29,87,45
9858 19099 9 63,9,38
3477 1995 9 114,35,65,100,37
17876 15830 10 120,183
31062 32081 10 83,184,34,9,104,10,162,106
34954 40052 9 58,116,18,66
8021 33541 10 83,116
22552 42607 10 49,18,130,12,107,85,120
5143 23940 10 211,56,113,92,63,10,20
29667 33453 9 14,120,45
2232 12670 9 17,87,66,149,118,195,64
16930 45522 10 181,42,185,84,101,136,31,83
4760 44806 9 185,132,25,116,114,160
45268 7775 9 25,47,62,116
8020 35658 9 47,34,41,79,36,25,12,185
10660 27026 9 19,10,58,216,211,12
39237 1505 10 36,18,113,191,63,163,178
3838 378 9 63,58
16240 4721 9 20,179,141,82,130
25986 6555 9 52,59,7,50,11,134
29125 28144 10 59,119,185,80,47,16,48
24499 42726 9 20,60,182,100,23
12138 28840 9 61,91,78,21,60,53,53,80
10078 2226 10 156,40,61,49
26703 36377 10 64,167,62,63
41318 24012 9 45,46,104,144,51,22,103,81
32258 45507 9 53,33,178,82,20,58,21
8696 39232 10 104,7
25127 20205 9 162,107,83,181,130,83
44272 20905 9 104,91
25572 31864 9 140,39,36,62,18,113,8,104
6540 37895 9 24,159,35,113
36919 31481 9 17,16,19,82
36602 16689 10 114,39
35743 35753 10 45,115,56
16206 39857 10 169,119,144,21,7
8477 3400 9 41,75
23438 42717 10 19,185,119,96,85
12491 31777 9 156,134,149
18047 37507 10 85,113
40040 16125 9 185,110,113,111,165,81,34,96
1976 6912 9 157,48,45,110,14
14189 17888 9 58,54,61,22,58,41,65,39
35606 30106 10 54,8,61,53,160
50 40291 10 35,194,102
26954 44609 10 102,111,16,104,185
32826 26713 9 62,44,184,46,55,120
40305 3068 9 63,102,134,49
17486 16053 10 65,22,185
2355 9593 10 33,49,103,29,38,43,169
43328 16441 9 181,104,57,17,185,178,24
26944 31784 10 104,48,35,129,79,49
2742 36050 10 10,144
34913 27716 9 115,58,112,174,142,84,55,181
2767 5794 9 75,80,53,143,184,119,41
21506 36422 10 81,42,142,64
40323 21401 10 61,113,136,179
43488 36392 10 10,149,109,22,33,34,46,141
31340 4633 10 109,17,81,78,49,18,152,60
8048 42212 10 54,40
9721 26100 9 57,149,130,53,28,179,59,194
42453 20633 10 115,109,152,136,62,117,78,10
18463 1157 9 18,61,177
1558 5818 10 44,126,61,60
18336 19908 9 41,185
35506 44556 10 67,98,43,142,53,104,183
4674 29164 9 49,216
23231 27122 9 65,14,30,58,69
40499 5993 10 82,10,83,142,30,60,25
19049 24921 10 176,113,10,61,44,54
28566 32394 9 42,49,156,82,52,114,7
40487 42392 10 130,53,50,104,129
23581 15988 10 68,55,101,23,63,16,185,14
27445 19604 9 112,32,48,63,41
1139 838 10 118,21,143,39,18,17,35
11913 38140 10 141,110,24,185,53
14099 29536 10 181,19,12,178
37765 11495 10 120,119,65,109,104,49
43441 28548 9 65,81,62
17120 26691 10 83,109,151,18,37,111
439 11466 9 91,116,48,62,61,58
42101 43234 10 102,61,126,39,129,50,42
35745 18726 10 54,80,53,34,52
10558 27667 9 199,35,59,47,45
12260 5412 10 83,16,25,18,80,14
29426 23593 9 62,194
6478 16005 10 21,31
11372 27896 9 65,24,144
40413 30771 10 179,130,101,17,24,62
3800 8198 9 149,181,39,16,68,108,62
17102 24197 9 128,181,134,28,118,34,109
44929 10300 9 185,110,112,51,156,102
9356 21099 10 64,69,21,37,51,84
15872 39157 9 8,65
14240 44185 10 149,36,104,39,58,51,21
25135 31998 10 119,98,141
7806 26243 10 58,57,181
44182 24575 10 56,179
34674 2886 10 83,114,134,63
27772 7971 9 69,142,108,101,49,66,115,53
42529 12337 10 160,87,18,145
17223 44705 9 73,132,80,63,66,34,39
18155 5661 9 63,16
81 19267 9 131,117,21,169,15,140
9030 15996 10 22,62,56
39799 33442 9 107,38,61,58,7
17309 4784 9 82,50,34,104,63,162,20,82
6923 28657 9 134,182,132,81,20
29781 20659 9 101,48
27841 24118 10 63,30,39,107,119,184,56
30776 30328 10 58,129,83,103,117
23324 5357 10 136,119
1401 5789 10 49,100,17
40972 14009 10 185,135
6665 27639 9 115,111
44969 13520 9 106,12,23,84,66
4220 43259 9 69,34,131
12556 37588 9 185,38
39231 10290 10 7,83,19
39002 17678 10 31,40,109,47,59,62,48,36
13620 1575 9 114,36,184
21986 7923 9 62,130,48,41
27659 43895 10 23,81,85,138,59,163,91,149
19038 8674 9 59,9,163,103,91
6932 19301 9 128,40,26,61,22,60,10
40646 33280 10 53,136,84,33,185,18,132,21
18115 16845 10 133,143,47,104,178,160
16536 16870 9 141,46,104,21,48,67
31430 44089 9 41,64,145,179,44
22441 8097 9 67,184,19,116,143
5044 34050 9 82,63,102
43871 8226 10 10,135,104
21441 28102 10 183,211,66,18
29149 23383 10 87,21,130,66,143,135,16,102
28377 20717 9 58,82,106,49,10,142,102,102
33531 22434 9 178,49,118,146,57
22925 16364 10 179,56,14,65
34187 37899 9 68,182,47,178,79,18,49,17
254 34472 10 111,10,20,63,23,19,46,63
37762 4760 9 82,145
1158 1378 9 40,65,182,56
41030 42945 10 33,48,63,57,20
26765 14501 10 34,21,33,109,132,67,104,141
3193 4685 9 79,62,36
38649 43935 9 39,105
18635 20099 10 24,142,30,104
16587 2954 9 136,139,111,53,25,64
2743 13316 9 21,57,116,185,52,7
18444 6081 10 57,87,79,83,48
40747 39950 10 37,61,136,62
28280 44304 10 30,100,56,182
38617 10521 9 135,50
17412 34891 10 182,68,85,131,17,184,62
32217 10960 10 111,82,163,120,111,102,19
31899 3671 9 107,91,49,29,85,65,76,43
45694 9241 9 83,39,7,49,63,50,143,219
26954 2873 9 129,185,111,156
19875 3181 10 136,17,10,184
40647 10414 9 21,66,84,31,46,24,47,117
10195 41707 9 9,20,83,105,110,82
19629 34899 9 64,49,162,40,6,129,17
36145 35196 10 54,155,20,83,54,10
22590 401 9 58,53
27695 4702 10 60,63
2504 26969 9 60,9,130,62,103,130,103,65
40150 41630 9 136,40,81
40645 29872 9 182,38,102,103,132
949 691 10 59,39,29,25
10135 25979 9 87,131,60,53,58
6166 26415 10 62,35,51
26368 34136 9 81,156,102,54
16134 30364 9 129,53,20,129,29,28
1437 27265 10 104,10,51,135,46
14821 3865 10 6,30,79,119,48,44
34371 8589 10 119,50,119
7957 37283 10 112,7,46
25380 12842 10 112,63,80
298 22425 10 110,58,83
33705 27665 10 106,10,20,149,169,41,179
20986 15779 9 18,119,21,58
471 21854 10 49,134,135,103
1579 39847 10 66,133,119,130
2992 23945 9 66,103,75,20,129
28999 18720 9 113,49,144,48,48,98,129,16
26590 25113 10 19,193,118,46,20,8,118,27
25884 44278 9 192,153,185,53,84,117,80
34228 39572 9 113,127
13265 22747 10 39,112,84,56,117,10,103,28
24196 2671 10 104,65,136,51,66,33,65
2458 32897 9 113,59,33,29
37449 17612 10 55,29,55
1944 16798 9 118,179,10,83
45515 29362 10 21,45,59,157,111,20
42381 12226 9 53,8,134,129,119,111,146
21448 22538 10 19,9,135,62,120
12179 12430 9 185,8
42628 1173 9 85,64,51,185
29391 32214 9 114,35,44,178
17526 8506 10 55,55,194,84,68,17,149
7600 4049 9 58,14
9120 25784 9 179,20,39,83
30291 16302 9 156,35,120,146,161,81,111
28599 16019 9 91,38,10,53,101,129
38975 22818 10 62,179
3434 20825 9 60,66,94
40826 27779 10 10,111,104,82,118,8,49,7
11218 30768 10 185,50,181,200,83
32211 3915 9 40,39,116,146
9584 10714 9 87,65,47,12,181,159,163
26852 40748 10 129,60,21,44
16626 6465 9 50,185
16449 17957 9 182,85,23,10,25,128,37,113
2486 25208 10 104,146,128,14,28,15,163,63
38346 8621 9 15,108,80,182,110,23
27125 28690 9 115,113,16,177,84
14515 19343 10 45,15,118
22628 7486 10 182,10,83,84,149,83,10,106
32079 35114 10 169,59,83,119,63,179
8893 17191 9 14,184,83,111,50
148 14497 10 83,10,53,60,119,21,53,129
36671 2034 9 20,185,119,48,25,15
15764 35779 10 23,25,140,29,116,84,27,61
3163 27459 9 21,36,211,110,30,33,49
650 24646 10 162,140,19,8
31382 35323 10 53,100,47,178,53,181,118
21488 30357 10 103,43,36
35711 36220 9 62,50,152,19,128,49,58,83
17341 16406 9 102,119,119,81,53,20,87,84
13155 2339 9 51,136,9,21,116,185
39918 4837 10 10,49,83
35567 25070 9 32,133,222
31317 40418 9 15,178,129,10,49,116,111
37484 9473 9 20,83,184,58,24,102,194,23
9859 19470 10 69,18,129,37,12,82,49
35743 18286 9 22,216
40152 45097 9 48,14,19,181,35,131,129
11845 14337 9 63,60,64,104,38,118,60,113
13663 11807 9 181,178,108,19,179,109,132
10130 30277 9 106,52,114,104,46
10151 5387 10 10,177,21,141,156
28824 8757 9 112,64,58,117,20,69,138
45641 24389 9 37,61,18,20,156
15109 26118 10 50,46,163,145,38,36
11503 24380 9 50,37,49,43,7,49,63,61
31652 34567 9 113,57,83,51,20
27344 14020 10 28,64
29771 15547 10 129,58,108,160,177,156,8
20354 30688 10 34,40,29
11812 31859 10 68,58,85,120,84,114,102
29743 26290 10 23,18,7
40082 16323 9 82,52,63,59,58
16966 33255 9 85,61,120,15,138
12899 38089 9 30,109,47,63
16189 20039 10 119,72,50,63
9061 7422 10 101,21,36,17
8815 34027 9 119,19
18673 21351 9 113,27,19,45
42959 17345 9 82,91,96,106,179,20,42,136
26271 1454 10 34,163,64
12934 11527 10 154,21,152,182,65,162,117,128
4832 40982 10 16,50
18912 8293 9 10,22,109,146,38
5681 17618 9 129,68,48,114,185
3939 44317 9 104,184,20,82,85,60,42,34
3215 10223 10 194,149,158,93,185,83,65
19175 14776 9 10,120,132,19
20691 25422 10 34,32,19,110,130,18,63,104
13314 37366 10 130,104,163,79,120,103
12452 14344 9 59,185,36,65,130,62,23,63
2440 3669 10 83,152,104,8,112
30641 1890 10 163,59,20,54,68,132
43723 8226 9 129,156,33,26,130
6072 28917 9 29,51,7,48,33,30
3164 10672 9 33,109,9,45,116,90,15,105
8686 31910 9 151,144,115,22,110
42322 28170 9 59,101,74,135
7699 29560 9 185,152,68,112,58
14032 8229 9 19,48,63,69,210
23846 10840 9 118,129,62,20,101,119,33
29106 25832 10 129,20,35,53,44,68
27282 29997 10 149,34,61,23,103,114,61
39653 11143 9 65,129,182,111,19
18805 43102 9 45,41,117,115,119,59,30
32019 21688 10 47,120,61,113,48
37067 8094 9 21,49,184,14,114,111,53
37828 27865 9 109,30,184,185,29,62
40778 38257 9 99,21,42,35,64
26492 18054 9 46,58,63,49
16257 12392 9 182,108,49,63,48,53,62
12899 5640 10 53,79,58,82,117,120,91,50
44956 15967 10 181,55,91,84
9610 564 10 119,141,58,40
40062 6489 10 54,39,115,25,83,140,183,7
8540 29468 10 20,69,102,128,56,162,56,140
21998 19017 9 129,21,18,118,130
36701 44261 9 134,211,113,91,103,35,103
37001 41024 10 120,108,140,62
19592 1227 10 35,42
43192 35508 9 83,39,119,16,64,7
16782 21182 10 21,15
34507 24230 9 14,14,82,131,13
44878 5057 9 83,69
531 31446 10 96,17,53
32871 33503 9 169,58,132
40145 42793 10 18,37,44,60,55,85,9,16
19587 37518 9 36,25,102
5087 9399 9 21,112,107,44,24,65
17504 962 10 39,118
36180 12030 10 106,130
22701 31017 9 119,48,58,58,135,10,33
28856 35761 10 48,130,28,60,45,57,58
23047 42351 10 169,20,130,31
42743 12691 9 54,49
38459 11413 9 22,80,91,65,34
8641 24144 9 84,49
5563 28463 9 113,109
11735 29034 10 26,39
17738 38888 10 39,38,21,185
9196 5514 10 178,45,59,113,84,185,46
4580 34062 9 15,20,38,51,117,14
38644 18696 9 27,45,80,104,82,178
22515 28546 9 63,61,48,40
33604 14528 9 178,136,185,87,27
7185 7455 10 102,128,156
23469 10493 10 132,142,38,84,82,22
28797 15377 9 107,104,33,57,25
16241 45476 10 183,178,77,58,26,132,185,42
21786 45352 10 65,120,33,61,129
15228 28841 9 62,104,204,59,97,20,83
30306 26672 9 33,39,130,19,183,63
45773 25811 10 146,96,62,59,61,131,178
16061 32112 10 36,81,162,23,178,111,104
2921 1492 10 146,42,32,9,163,114,14,131
18723 29727 9 49,162,26
8338 43361 10 12,169,115,108,53,58,145,111
26202 42924 9 61,20,51,57,101,131,162,8
36931 35865 10 66,163,23,47,194,129,119
30604 36348 10 83,48,47
34158 9760 9 104,62
28028 42140 10 51,184,46,131,63,52,35,57
45433 30 9 82,56,181,58,37,134,18,108
19046 7356 10 31,52,91,9,110,10,83,143
30983 5873 9 52,51
30656 27463 10 68,18,64
18298 38772 9 182,45,44,110,130,60,151
28658 42174 10 21,119,131,39,178,129
43364 23827 10 169,82,139,118,185,156
11924 21290 9 104,181,32
4697 20151 10 110,63,129,21
5655 18613 10 60,185,135,66,66,24,100
40495 6363 9 34,104,78,63,94
24666 20992 10 21,63,97,83
36267 44920 9 91,45,41,16,41,22
10574 24249 9 36,184,45,144,51,85
27134 13363 10 60,104
40933 3218 9 107,65,183,21,55
11207 178 10 80,179,49,69,178,169,169
20495 29548 9 58,193
16691 27315 9 47,10,30
19707 42330 10 179,52
38187 15346 10 87,45,78,117
22571 45235 9 143,64,56,69,129,105,131
12875 41872 9 105,49,185
23146 12956 10 179,109,119,91,21
31378 39805 9 120,109,66,83,93,61
38246 35142 10 184,103,103,105,83
2966 37188 9 185,129,179,14,56,105,103,129
35187 31336 10 39,145,117,185
41443 17957 10 151,145,69,142,191
26795 20387 9 178,68,135,144,65,18
1164 12138 10 31,185,21,52,31,50,59
482 23886 9 82,34,19,24
42406 25010 10 38,9,85,132,50
21939 8640 9 102,14,108,83
20244 12812 10 62,178,129,91,22,49,49,85
23697 25872 9 119,183,105,211,64,84,20,184
20000 21902 9 52,181,178
25073 27298 10 54,160,26
14250 29947 9 50,103,29,16,169
15959 28362 10 83,37,58,110,102,37,104,17
42685 15569 9 11,40,84,63,110,102,61
33838 17266 9 56,100,144,102,54,117,15,194
17716 1049 10 18,133,17,55,101,63
19731 8695 10 9,65
39157 15397 10 28,41,60,47,59,119,19,85
13010 34709 9 108,20,42,24,184,46,38
11380 21830 10 185,48,169
2820 2688 9 41,103,114,39,21
23058 2021 9 20,84,16,185,142,9,49,36
964 31880 9 64,62,156,103,56
10910 24828 10 57,81,112,49
44029 7367 9 80,14,103,136,152,16,44
27679 20201 9 149,64,20,131
25898 20890 9 182,58,101,62,64
25747 33288 10 50,129,61,23
18987 30032 9 37,194,19,20,34,43
19835 31462 9 17,28
4421 43948 10 37,15,182,40,103
16746 10523 10 53,153,29,58
4334 18756 10 184,91,119,57
24014 20640 9 106,61,146,53,62
31740 43513 9 16,48,108,185,50
33698 9738 10 15,149,46,102,103
2919 13160 10 28,16,119,82,194,57,69,83
31185 23291 10 66,18,55,118
44369 15670 9 19,63
8625 18696 9 63,63,129,103,22
43436 5490 9 119,54,81,58,60,106
15044 27541 9 157,7,48,109
22838 43180 10 9,19,15,46,35
27357 22702 9 41,112,9,138,27,21,181,67
11514 30817 9 185,14
31491 20594 10 18,55
44792 10266 9 152,149,30,48,22,81,107,100
26400 24115 10 104,21,61,45,66,160
42927 36492 9 21,47
7899 25143 9 24,184,162
29334 30467 10 32,185,64,169,65
1808 38286 9 111,58,120,115
12809 28584 10 56,47,82,21,113,20,53,37
4390 17804 9 119,47
39652 37085 9 21,132,108,83
19141 2602 9 80,163,10,60,100
22874 1297 9 81,120,8,184,49,185,119
21562 18491 10 143,103,114,136,87,37
23922 24546 9 33,20,61
3132 39641 9 44,30,27,24,151,50,63
12386 41638 9 32,50,22,41,16,44
38509 12240 9 115,59,129
15304 27069 10 44,153,19,111,59
14974 40256 9 110,61,160,177
1305 38394 9 169,194,18,178
34483 5167 9 142,162
513 44301 9 69,185
6220 19776 10 81,119,45,133,106,152,12,132
13980 769 9 62,106,182,54,66
38639 26888 10 65,129,142,32,40,35,117,29
3769 876 9 119,63,18,185,12
24696 41095 9 60,42,104,179
11596 5980 9 41,31,30,83
39411 43971 10 34,58,160,120,9,19,141
41320 32868 10 83,87,18,119,65,40,102
6927 14283 9 140,43,119,81,12,28,19,104
36968 42004 9 85,104,77,194,48,104
28486 42808 10 163,104,55,118
17139 3923 10 82,15,58,34,120
18580 29324 10 63,27,131,31
27161 42570 9 43,60,56
9380 17259 9 113,185
26856 8665 10 47,132,109,59,63,138,21,36
8174 34262 10 19,149,109,104,96
18630 6247 10 44,104,69
37564 40789 9 107,10,83,185
20224 32334 10 44,23,97,47,10
30214 10769 10 63,46,41
8611 45587 9 50,53,110,131,55
20537 38202 9 45,112,20,136,21
2100 33231 9 169,41,10,22,48
26984 30405 9 156,46,64,185
14711 31950 10 21,14,142,64,112,107,20,9
30614 21385 10 114,129,49
2821 41787 10 61,66,96,32,112,18,144,113
3939 35282 10 136,87,169,119,30,58,61,85
43043 39713 10 113,103,66,8,31,50,185,114
20127 38445 10 41,106,113,61,53,182,49,54
38560 27319 9 44,129,119,91,179
27722 8318 10 22,194,82
27679 9066 10 157,23,59,134,44,129,34
15481 35970 9 118,183,61,60,21,115,55
32982 13166 10 14,63,102
37167 24356 9 162,102
44674 8285 10 43,26,185,156,45,26
36696 39832 10 53,53
30 26798 9 194,10,48,40,103,16,18,19
32768 40874 9 119,177,58,135,16,162
37973 12673 10 22,185,29,162,59,63,152
33062 7857 9 85,18,33,62,15,62,93,119
28759 26019 10 104,60,83,81
27137 21695 9 43,62
35991 16849 9 104,149,30,59,39,113,83,58
42576 24874 9 211,37
37848 17703 10 101,117,179,117,49,185
17914 725 9 38,123,15
7274 40387 9 77,8,84,30,60
38425 24970 10 179,108,26,126,129,29,82,53
19430 23843 10 7,65,19,102
19859 26535 9 33,62,7,57,107,37,79
8864 972 10 39,115,81,45
34213 22214 9 49,38
32603 38185 9 58,54
706 17007 9 185,58,49,48,178,32,169
5912 32724 10 119,61,87,32,17,96,149,153
18862 43182 9 53,19
19334 41197 9 103,178,65,163,39
13392 28839 9 38,18,49,117,48,130,85,31
18419 2454 10 8,63,104,66,106,60
11265 984 9 119,143,63,112,23,10
39619 8528 10 17,113,21,14,84,105
10219 6882 10 67,162,37,19,82,19,47
42059 40092 9 26,119,54,179,181,132,42
27117 6734 9 49,81,82,38,66,56,181
27149 15898 10 102,102,17
44206 44491 9 47,178,185,59,182,49
18045 20938 9 56,37,128,36,85,104,146
14773 26148 9 41,37,194,14
1852 32632 10 211,87,44,163,69,183
4012 8801 10 25,189,49
11119 14481 10 23,65,22,115,63,130
30047 1852 9 48,64,14
19676 12972 9 115,33,28,68
4030 42758 10 83,49,47,115,162
12849 32905 10 56,63,104,56
7660 25122 9 156,44,109,129
42798 21052 10 84,36,182,53,18,96
9365 15846 10 56,131,103,162,35
10665 33549 9 30,104,32,111,135,85,104
34505 33557 9 109,84,178,34,110,18
33131 35368 9 66,25,156,131,18
9744 5542 9 27,9,103,15,7
15352 21783 9 119,11
37573 44220 10 79,69,181
5859 24211 10 58,112,58,142,23,60,118
33454 38818 9 43,87,21,64
14160 45242 9 129,163
38251 22682 10 101,52,58,65,83,22,87
17814 4944 10 83,21,50
33350 9702 10 61,10
38559 5023 10 135,120
40686 5251 10 79,145,87
35064 547 10 18,13,35
33682 31424 9 10,65,156
43027 6725 9 103,130,58,56
35270 3304 9 179,62,140,101,178,48,179,119
29249 18378 10 140,52,26,128,67
9880 16338 10 91,55,33,101,43,47,62,62
41375 32143 9 103,62,104,101
43038 1025 9 61,49
30596 28512 10 7,45,104,21,21,91,39
37314 13729 9 142,85,130,56
44891 27706 9 156,14,33,32,119,10,101,163
11120 11857 10 35,184,130,87,19,119,83,83
26220 13194 9 44,51,50,52,56,143
7284 24812 10 44,102,184,162,21,59
1846 33522 10 100,48,142,178,179
28412 44295 10 136,41,104,61,20
37246 11903 9 41,87,104,105,47,84,59
6680 22388 9 56,81,91,118,106,10
45331 27553 9 114,103,131,83
24443 845 9 19,194,140,36
15165 5875 10 194,51,30,119,17,61,38
33719 38028 10 113,43,35
1095 44160 10 54,68,40,130
410 8496 10 169,48,120,60,25,185
1199 43627 10 29,3,63
41381 7586 9 182,22,117,129,181
16226 38434 10 110,19,60,58,195,51,131
22091 5489 9 37,63
45322 20337 10 63,58,34
35702 23992 10 57,134,58,34,132,169
1535 44264 10 55,113,56,136,45,110,30,132
39586 2454 9 10,56,83,69
27382 17521 10 23,80,112,48
6354 280 9 21,106,80,44
18482 12135 10 46,114,28
29181 45358 9 30,10,44,18
19730 9407 10 63,141,131,79,78
37833 19648 9 21,7
13168 27149 9 10,59,83,115,14,182,120,106
32011 27771 9 114,44,28
17322 7012 9 55,100,104
21844 16405 9 103,111,7
2412 24007 9 49,19
28740 19433 9 54,129,14,58,36,101,129
31004 14542 10 160,119,185,68,185,58
40706 31621 10 55,51,25,130
41526 38 10 144,183,62
9714 29373 9 16,36,116,19,69,163,162,38
14533 13758 9 21,46,19,59,112,42,163,109
37694 12538 9 23,99,19,129,9,119,110,52
33690 10416 9 132,108,105,138,55
4417 15790 9 38,141,181,101
4968 39283 10 29,143,184,154
40402 22761 10 104,130,48,59,51
40532 14608 10 113,69,185,17
28095 17943 9 63,177,84,130,106,47,41
42555 17289 9 62,83,129,53
36054 43211 9 8,83,144,69,106,69,112,44
26276 24879 10 49,141,52,54,20,194
42897 42280 10 201,83,93,66
11284 43651 9 59,128,49,78,17,27,18,84
2247 14756 10 49,177,63,116,33,81
42814 32691 10 118,133,87,39,87,104,64,118
37641 28326 10 103,117
34827 16755 9 120,22,42,152,46
20295 41824 9 93,91
40054 781 9 91,115,132,14
29783 39839 10 27,142,24,61,84,85,163
9200 7020 10 105,40,34,83,103
23562 15877 9 120,177,46,27,119,194,19
10493 31582 9 120,109,66,119
35653 37427 9 68,57,119,181,85,64,47,47
43038 42186 9 211,63,31,87,105,184,112,204
3485 848 9 41,58,181,102,63
29720 43042 10 41,59
37294 30330 10 51,182,44,141,194
21081 9355 10 64,51
32752 15347 10 130,160,84,120,62,60,130
20620 5391 9 65,18,21,129,114,51,81
35447 30021 9 83,107,77,45,50,10,83
12270 211 9 162,83,34,61,179,111
6020 18978 10 15,49,112,128
18173 9876 9 51,120,117,60,40
11875 32386 10 21,18,38,106,103,102
8278 30077 9 82,34
23466 11918 9 21,43
26656 22749 10 130,141,52
2950 10019 10 177,46,66,182,55,9,65
8782 39629 10 89,27,116,39,87,50
11238 9915 10 44,211,83,32,21,40,102
1215 36592 9 43,49,25,34,58
26975 23737 9 47,132,50,34
21616 7267 10 117,58,128,136,87,84,22,129
9331 23884 9 109,7
38564 45048 9 64,83,130
21067 9321 9 20,16,29,37,60
37830 45086 9 145,34,100,49
19542 32611 9 83,113,169,48,2,19
40400 13744 9 96,81,51,103,118,135,163
31019 9799 9 59,17
15707 10798 10 146,44,142,184
42257 8666 9 49,185,118,142,83
31418 21140 10 63,82,30,181
42070 39754 9 24,23
38628 4614 10 143,36,103,101
22692 4258 10 204,18,64
19164 5397 9 48,12,104
5875 10431 10 115,82,140,37,68
20060 21183 10 128,60,117,67
10628 10294 9 113,9,100
38507 21982 10 58,39
43858 37841 10 62,80,61,104,178
20761 41746 10 102,61,136,44,21,56,91,96
13968 13567 10 27,27
28561 42338 9 20,51,115,85,132,152
43552 17618 9 118,61,34
22530 22745 9 52,47,35,8,49
21738 45733 10 35,59
25062 9346 9 102,107,182,39,52,40,58,14
26489 13798 9 102,48,48
43720 2588 9 105,178,179,63,39,35,81,129
19378 17146 10 109,19,101,20,120
16563 80 9 48,81,108,155,130,33,119,83
23613 21793 9 7,58,67,47,29,47,48
35920 28462 10 66,67
18260 31025 9 131,79,54
31000 31339 9 115,26,144,60,48,163,34
33803 23869 9 81,51,65,80
27053 34978 10 49,69,23,103
21705 5180 9 24,119,23,148,66,60,29,28
32004 27222 9 60,132,22,120,51,56
36618 39867 10 8,26
12364 26740 10 115,17,45,15,130,149,44
5626 6445 9 46,156,112,23,10,108,136
16358 17373 9 22,83,51,192
16787 19564 10 51,44,46,183,59,184
13623 3063 9 101,7,61,113,117,44,68,63
44806 14283 10 48,65,31
21506 31729 10 69,83,136
32220 7488 9 15,85,159,38,30,130,65
28387 349 10 119,81,161,103,194,103
38951 40864 10 63,179,87,104
39248 33725 9 48,39,47,107,19,53,117,42
27499 10547 9 95,102,50,11
41538 13458 10 15,62,35,60,136,48
25358 38401 10 21,10
5188 21243 9 146,135,119,50,83,129,105,51
39647 44780 9 163,69,47,91,7
37785 13226 9 24,85,63,69,79,52
37135 9928 9 16,64,110
39401 33715 9 185,49,183,20,56
38199 16896 9 65,152
14712 13281 10 84,17,23,39,20,63
1065 17457 10 56,25,119,60
9690 37040 10 103,40,60,50,10,119,114
14445 29756 10 12,91,82
12932 1821 10 41,42
28417 11294 10 20,110,44,194
39037 33491 10 106,68,162,166
16787 41322 10 185,65,58,48,49,102,40
16937 7717 9 46,50,201,30,103,194
35037 18847 9 42,58,79,108,91
4397 41722 9 18,30,66,42,21
851 10275 9 21,185
14158 17616 9 26,141,68,119,19
38334 43491 10 64,41
24728 25487 9 156,62,109,10,112
28115 11375 9 185,63,141,44,46,63,24,163
28849 3249 10 43,39,36,185
10966 33261 9 16,53,114,50,45,60
12247 16479 9 112,66,104
21813 40461 10 18,50
1425 36835 9 83,49,23,108,37
20970 40237 10 49,110,10,21
13931 38195 9 144,21
19946 24201 9 132,24,184,62
28042 14290 9 21,58,21,135,25
8225 25712 10 104,14,44,185
14301 29695 9 195,49,56,102,83
12794 39960 10 116,91,104
25208 39058 10 10,33,64,69,194
29599 43586 9 184,100,113,185,102,52,62
33363 33618 9 184,87,30
1472 41401 9 132,59,177,52,51,15,145,38
16539 3185 10 13,169,44
32476 27144 10 162,62,182
32548 40586 10 119,63,19,18,61
43115 9058 10 63,179,179,8,18,48,49
996 19056 10 104,52,21,111,108,29
38644 31156 10 19,149,33,65,59,112,10,142
31652 33250 9 48,20,39,130,80
26131 21437 9 54,132,28
37512 33342 10 62,136,104,49,83,114,49
38995 5037 9 156,47,39
20881 26444 9 116,53
25261 19094 10 134,32,115
1464 43234 9 107,8,50,149,87
41250 27773 10 14,129
10443 34912 9 142,138,87,178,60,43,39
17243 33951 9 53,65,50,67,8
43383 11215 9 177,59,151,185,50,12
7841 15954 9 20,91,19,51,44,50,53
43165 26836 10 53,44,62,36,104,104
18334 37181 9 21,14,61,56,47,101
21870 19489 9 41,15,10,110,183,58
33386 6261 10 149,63,18,63,60,163,96
175 13853 10 113,60,34,82,53,114,12
40267 16026 9 49,52,96,163,81
26151 9934 10 19,83,31,66
14856 35550 10 39,54,60,83,49,31
34350 20604 10 81,56,111,15,129,119,15,157
3278 24153 9 145,51,26
1907 13622 9 182,39,178,56,30,18,8
2539 11199 9 106,143,183,132
30790 727 9 53,48,99,59,40,104,21,47
12315 21220 10 128,119,104,39,51,30,37
33024 4843 10 23,58,146,41,29,25,75
38672 4879 9 81,48,106,37,87,129,58
41991 12491 10 118,106,141,105,29,185,92
29547 34428 9 54,8,163,185
11140 40433 9 183,46,103,73,156,84,41,145
25040 33839 10 28,27,95,151,14,49
15256 12341 10 178,91,194,136,49,46,51
4239 43364 10 129,16,81,81,12
34577 26766 9 161,60,66,50,143
1026 15146 9 83,63,55,60,128,80,83,183
27137 5482 10 14,62,20,156,48,105,81
39942 6633 9 85,61,9,146,111,136,69,185
2256 26093 9 134,132,132,101,68,61,129,15
15842 39806 10 37,102,60
4799 21982 9 20,65,46,144,118,9,69
43744 19668 10 52,135,163,49,161
32242 20109 10 65,53,44,182
10284 21487 9 49,87,194,38
1549 24563 9 9,15,45,81,28,129
11771 25191 10 45,58,113
19583 40357 10 63,82,117,65,31
10943 14501 9 129,25,46,10,54
41505 5213 10 31,47
43152 20462 10 85,185,194
10158 13539 10 18,81,40,141,43,45,40,83
500 27290 10 20,143,156,22,60,23,58,136
41517 38867 9 115,108,28,103,83,19
9753 24561 10 52,91,69
40262 7585 9 48,104,55
37520 32838 9 149,28,28,120
25480 27781 10 82,30,65,182,104
35121 31316 9 51,142
19324 35568 10 24,58
43892 33717 9 14,116,61,8,128,105,118
5355 2658 9 35,69,83,33,128,156,56
10487 32185 10 58,100,62,48,21,163,107,87
27032 10164 10 185,85,8,58,111,65,103
23963 8401 10 68,141,126,10,58,108,45
38323 7115 9 62,119,49,20,29,112,17
28370 42426 9 27,152
23644 1712 9 76,143,20
14292 20598 10 64,184,63,130,48,45,119,84
45000 13009 9 118,17,38,8,15,185,107,185
26360 16654 9 14,20,49,141,110,182,44,101
15559 26255 10 114,15,109,132,129,149,149
23624 23299 10 38,83
15806 18704 10 57,30
38749 15953 10 149,58
31495 11191 9 182,41,59,30,169
279 31980 9 59,29
26638 1380 9 120,83,59,129,96,100,20,32
10114 4961 9 53,111,9,52,119,115,44,83
27695 4731 10 140,62,120,136,141,146,184
18760 26634 10 185,84,33,36,58,113,63,38
18084 38317 10 146,129,49,82,102,82
39495 44377 9 154,133,48,20,194,113,29,26
16619 15261 9 28,51,105,131,16,146
7636 26122 9 33,100,154,146
34213 4120 10 21,47,182,117,18,56,56
21967 10468 9 181,85,44
31474 40017 9 64,21,181,179,65,28
35600 6636 10 48,130,104,128,114,81,16,26
6282 16464 10 110,156,179,33
2993 1566 9 59,141,82,185
1202 12616 9 37,108,81,49,169,10
41920 34788 9 48,60,22,23,106
11838 34547 9 10,48,91
23252 27020 10 102,184,194,115,52,118,61,21
43644 37833 9 115,66,105,43,140,37
9604 31436 10 24,51,136
4506 35259 9 83,185,108,114,47,129
10050 6133 9 102,20,52
44232 32573 10 178,104,46,162,31,20,211
467 36720 9 129,15,47,16,94,84
818 45172 9 109,29,149,30,105,16,84,38
9668 24553 9 33,105,22,103,119,133,129,58
18159 22080 9 129,21,15,62
9376 30531 9 58,48,102,142
30145 17512 10 119,56,10,110
20751 31061 9 105,104,53
14306 6751 9 184,183,104,178,167,33,49
17156 25246 9 132,37,181
13905 11696 9 110,60
38196 11663 9 20,120,194,155
21708 23579 10 59,35,81
13210 19536 10 21,48,50
24733 22768 9 157,145,56,91,63,25,112,102
9674 29764 9 85,185,43,84,27,61,69
22311 38127 10 194,38,39,63,47,158
3868 29105 9 56,67,59
8465 42148 10 56,116,130,18
18639 657 9 149,141,114,53,178
40209 18787 9 52,30,65
19787 34859 9 177,37
27472 21987 10 38,49,114,136,129,141,113
3602 36038 10 50,67,65
43194 32481 10 156,142,185,130,49,129,22,199
38951 8069 9 84,129,58,112,132,58,169
23944 9195 9 64,200,68,181,54,182,21,21
19754 856 9 7,30,77,185,103,28
27721 14576 9 12,104,58,91
34531 9906 10 21,106,136,141,129,21,83,59
31463 10295 9 129,176,101,184,34
24925 36507 9 152,12,178,62,61,101,28,163
9988 376 9 78,130,18,31,17
41292 40637 10 48,63,59,182,64,185
12805 33382 9 132,115,36,108,36,35,41
38621 38820 9 156,178,61,84
26052 24644 10 104,9,20
7881 26978 9 28,83,56,28
22782 12204 9 20,104,162,25,140,8,85,22
682 45292 9 81,133,83,130,61,181,82,110
12087 24901 10 9,34,18,30,44,62
42452 6231 10 185,34,133,16,101,49,87
521 40407 9 114,64,18,54,104,28,145
8121 13458 10 39,19,141,58,19,135,61
11888 11264 9 119,64,103,68,82,82,42
19964 40411 10 179,129,61,81,69
37482 44668 9 20,185,185
38682 23499 9 34,141,113,38,49,56
23815 2552 10 58,183,14
40769 14454 9 15,115,84
9332 6990 9 24,30,179
8490 21258 10 108,110
4528 6962 9 103,67,64,143,10
24823 1236 9 21,49,48,53,16,84,18,7
21556 37446 10 25,49,83
25742 5919 9 194,10,111,80,179,27
38290 6961 9 49,58
20150 1953 9 103,110
1440 41499 10 185,27
20152 38169 9 113,17,52
21725 1294 9 61,18,42,104,65,48,132,41
40528 27309 9 41,45,52,118,83,20,169
29939 40874 9 145,69,7
13186 25197 10 19,58,17,25,146,166,40,100
37072 6737 9 17,108,45,57,48
37540 23332 9 102,129,194,53,195,26,48,57
43077 12496 10 10,112,44,42,28,69
28310 8972 9 51,8,17,103,18,130,32
33168 6785 10 143,83,103,39,104,53,130,117
33189 528 9 61,119,53,57,104
2932 40653 10 61,102
34039 37099 9 119,8,41,44,33,62,65
29618 8008 10 104,20,50,48,62,28
35926 7393 10 134,118,40,55
33520 25829 10 181,143
28545 26138 9 61,83,182,53,15,84,58,132
34921 42396 9 81,163,49,66,179,102
10600 31304 10 112,58,81,68,114
16038 4011 10 184,39
23633 18168 10 24,145
2903 11515 10 169,83,61,129,16,103
3861 37779 9 39,182,18,104,116,181
36177 2610 10 81,59,12,78,14,8
17398 34416 9 53,112,57,21,8,55,33
14272 5025 10 43,48,47,84
20391 10108 10 14,183,31,139
14136 12850 9 185,84,23,29,59,199,49,110
15938 4834 9 58,48,130,111
34414 28466 9 40,104,142,119,130,47,15
32453 10795 10 114,115,26,58,119,53
41682 4825 10 101,185,36
16555 20855 10 185,19,156,136,43,33
33102 34265 10 68,83,54,19
42462 20260 9 132,107,101,18,95
42299 15665 10 62,35,19,44,68,58,58
3862 15511 10 25,24
17162 3686 10 153,105,194,25,10,211,87
7037 20477 10 60,128,53,10,119,63,145,145
38642 16476 9 104,83,111,87,119,60
24625 31885 10 35,107
38399 33142 10 61,61,105,105
12474 458 9 36,162,65,49,101
29535 44605 10 107,63,159,112,21
7918 21973 9 25,51,102,63,104,44
15914 26173 9 132,30
39671 3507 10 116,28,120
45129 13496 9 104,48,185,63,53,50,51
32764 21902 9 22,65,58,87,45,185,49
31522 24203 9 37,129,16,24
45441 36583 10 141,104,48
19813 45538 10 106,82,182,51,116,67,66,13
22507 8800 9 24,85,49,15,142,131,184,60
28906 30667 9 140,55
40981 8097 10 153,40,59,24,82,19,47,169
43183 22125 9 18,62,90,178
32236 23384 9 131,29,185,185
11262 1867 9 28,141,40,159,163,114
11004 16755 9 18,109,28,48,48
16951 42068 10 80,178,179,40
37060 23976 10 33,58,12,84,59,130
18110 41421 9 27,84,104
42266 19214 9 119,117,87,15,66
13197 44190 9 18,142,43
37510 12984 9 185,87,91,56,44,83,59
15275 2060 9 30,35,23,21,21,20,37
41651 35868 10 105,30,83,91,113,41,144,43
32124 4544 10 9,179,85,48
31481 18372 10 46,85,54,51
16430 36662 10 55,19,185,85
34610 16710 10 9,143
17141 21544 10 101,60,58,18,134
4591 21691 10 102,103,45,143,54,120,87
43897 45468 10 49,102,67,189,59
19002 7870 10 119,116,142,129,21,69
40245 36768 10 104,37,50,28,115
38673 23110 9 53,74,111,38
25412 3508 9 163,58,51
28741 12959 10 39,67,130,29,62
31442 14561 10 108,47,118,48,52
39838 51 10 21,156,7,49,10
45780 34473 9 169,200,29,42,59
18488 33250 10 85,44,103,34,42,7,177,23
29741 32407 10 194,12,83,129,56,49,184,105
3554 7600 10 22,64,23,129,24,107
13014 37731 9 74,118,146,184,81,22
43303 9908 9 42,48,59,132
1534 34316 9 117,59,21,167,18,48,30,25
39590 32485 9 82,185,43
39622 9916 9 87,21,129,62,42,17,56,49
2279 16615 10 30,112,46,184,18,27
28798 15937 10 81,20,23,131,16,77,59
6510 5217 9 108,65,66,194
36249 28872 10 63,183,22,59
38072 45477 9 65,97,111,65,10
30519 41469 10 169,117,146,129,17,65,194,174
22893 39008 10 48,132
43633 40407 9 113,48,7,115,102,41,131
29320 8954 10 45,102,69,144,131
17708 29020 10 157,143,104,177,178
36248 22707 10 57,81,20,31,12
24613 21112 9 153,135,184,95,47,102
19439 1863 10 40,55,56,156,31
6900 25423 10 42,81
34926 26583 10 62,15,56,104
12699 11301 9 49,118,81,24,7,35,130,119
6167 37369 9 46,32,22,156,185,131,37,138
4256 1105 9 53,90,20,21,57
12172 15523 10 28,119,152,142,53
4641 13060 9 85,53
9748 8473 9 54,64
4699 15240 10 133,18,58,185,15,91,85,20
4922 40677 9 104,25,115,60,50,46,104
710 25987 10 117,29,20,34
27048 39066 10 117,37,156,25,66,178,61,107
5704 6280 9 82,108,183,92,50,35
8092 22973 9 63,45,82,58,194,201,85
33231 32543 10 48,54
35216 19318 10 30,7,134,182
37700 36996 9 65,56,32,59,143,81
27750 22748 10 16,40,113,103,22,80,58,85
23248 20918 9 48,101,119,50,60,178
35043 43260 10 182,37,53,79,115,139,103,49
27758 45333 9 169,17,48,119
41784 1497 9 130,85,156,19,120,40,117,113
25914 32970 10 102,19,132,19,47
6299 6760 9 130,18,184,194,48,141
23298 25572 10 129,19,109,62,119,179,163
33171 37682 10 133,20,146,129,58,91
20021 24567 10 55,83,176
33112 5021 10 185,162,57,45,67,64,63
235 36426 10 204,36,39,21
27403 41533 9 24,59
25962 30454 10 156,185
17269 2481 9 46,210,63,117,8,148,105,8
16185 25756 9 108,53,14,50,58
35705 38781 9 58,182,20,47,63,184,21
3734 6655 10 158,115,49,8,83,64,102
16131 32841 10 129,12
30477 15986 9 158,19
33137 41905 10 58,63
35381 29048 9 140,104,143,182,58
37384 5467 10 48,62,21,39,19,69,184
39518 37573 10 105,131,110,115
42418 9467 9 84,131,103,84
36465 703 9 23,59,8,51,118
29858 26261 10 20,85,178,8
37394 11271 9 34,107,66,49
6908 2464 10 67,107,56,96,83,64,185,68
32114 18142 9 116,87,51,133,182,16
15344 23633 10 40,111,118,163
38302 86 10 60,69,143,181,52,178
32448 30718 9 49,61,46,25,112
24252 17300 10 83,82,12,47,146
45444 31291 9 64,48,163,135,195
3164 9213 10 146,163,104,59,130
20110 2103 9 28,82,85,63,171
44907 25555 10 55,39,17,45
14862 38569 10 179,185
37699 29532 10 119,63,48,21
20769 23499 9 194,25,142,24,63,68
39068 10006 10 40,25
24170 20147 9 129,40,79,142,181,66,46,50
8801 40280 9 41,20,104,179,54,10
24416 1671 10 185,104,65,110,163,131
33101 29665 9 49,81,47,62,82
39123 37633 10 48,132,7,19,80,109,106
31452 9432 10 87,120,16,63,61,184
1084 19130 10 34,62,103,83,22,20,60
40562 21369 9 29,49,129,48,20,185
40353 14442 10 63,85
15932 13031 10 49,130,129,16,158,12,101,62
13534 21793 10 20,83,20,133
30573 20552 10 21,62,131,62
32451 44269 9 69,41,49,83,210,45,145,119
19652 38920 9 103,41,194,148,25,14,185
408 28943 10 43,49,49,20
27026 36543 10 50,132,185,25,100
8838 25815 9 116,119,61
24877 23075 9 18,117,142,128,40,21
12761 17060 10 21,48,21,51
45009 28451 10 19,105,115,54,119,9,62
25584 36182 10 25,16,119,139,10
2879 7811 9 62,119,83,81,10,59
44458 38174 9 52,8
16408 20938 10 12,36,112,104,33,104
33672 10132 9 65,63,63,67,28,45,36,177
45336 41167 9 182,106,128,102,14
16978 8913 9 104,143,55
44142 30960 10 101,169,129,81
21091 31325 10 62,16,53
31124 39933 9 84,109,83,60,104
6167 44954 9 100,12,67,63,64
27344 27036 10 209,53,178,87,138
27242 31923 10 21,119,46,22,40
36030 38574 10 37,177,98,48,135
26986 20930 9 69,108,182,58,139,53
23103 4613 9 47,91
45258 20250 10 45,12,62,136,83
4502 25208 9 63,132,49
10576 40953 10 119,107,18,16,26,85,61,28
11713 19160 9 41,28,80,145,103,146
1521 20486 10 21,144
8862 38387 10 21,116,91,81,116,90,81,128
15070 29029 10 142,136,33,20,21,119,63
8253 13020 9 69,26
7225 25921 9 149,106
38696 38650 10 19,21,67,18,56,49
1661 16823 10 62,62,182,163
37165 15433 9 195,29,48
16968 35293 9 120,80,59,104,46,104,49,47
31014 14032 10 59,104,116,135,115
12642 25921 10 7,178,10,162,29
26669 43713 9 41,85,116,136,96,149
35228 15687 9 155,20,21,14,54,140
9514 14146 10 30,105
28272 4422 9 100,30,179,14,12,49,10,59
24077 42168 10 21,15
31604 39757 9 62,131,119,110,115,84,87
7313 42583 10 64,7,119,49,119,141
9377 18444 9 27,54,104
18947 31673 9 131,57,68,185,85,178,81
7826 21018 10 18,68,104
16348 30670 9 17,83,50,55
44860 17776 9 165,152,59,9
41036 15215 10 9,10,17,19,107
5835 13870 10 85,52,32,83,42,62,85
36770 41164 9 20,47,21,112,8,50,65
23689 38585 9 142,35,69,110
20750 18307 9 104,211,87,106
40352 19239 10 103,63,119,20,149,58,136
17914 17172 9 33,27,114,129,117,69
9833 28691 10 81,114,60
5173 39011 9 194,20,27,45
44997 42531 9 44,104
21034 44409 10 29,99,77
15952 13971 10 129,194,16,130,36,21,23,12
9674 165 10 48,54,28,129
1067 16040 9 58,49,115,58
43857 20816 10 156,82,48,14,156
21367 18430 9 109,84,51,46
24515 8991 9 101,79,178,92,21
7251 13443 10 33,24,115
41570 8637 9 136,103,82,85,60
31836 39761 9 16,25,52,42,82,133,149
18042 16464 10 39,85,44,62
40768 12739 9 24,136,108,25,83
35967 32437 10 12,40,22,32,39,132,53,109
26422 32528 10 28,169,156,38
32877 31432 10 116,114
8617 33304 9 51,51,87,142,80,59,119
35392 3126 9 132,26,185,185,177,83,156
7038 10227 10 130,20,134
8851 21045 9 51,58,59,62,98
27247 27884 10 83,44,185,40
5946 5632 9 21,119,152,25,129
1282 9895 10 129,58,53,8,16,18
42066 5065 9 120,15,135,55,48,10,149,25
13847 6454 10 155,130
13819 30297 10 115,101,48
5988 37095 10 106,208,41
38022 465 10 163,81,103,47,40,50,56
23830 37905 10 58,51,82,184,36,185,78
19857 38023 10 18,53,194,16,69,49,108
25940 18874 9 119,29,194
11351 4390 10 21,33,111
18718 2087 9 21,54,111,33,43,45,58
6046 32301 10 28,69,120,20
21276 13447 10 114,114,83,19,20
6165 13178 9 59,129,73,49,92
10200 34604 10 128,63,58,56,117,104,34,109
36071 40883 10 102,58
37613 33928 10 39,102
11596 26626 9 110,117,83,21,130,119
25100 16511 10 107,18,108,181,20,104
15106 31077 10 149,50,104,151,50,68,143,129
37596 24076 10 100,58,62,103,156,49
34764 3842 9 43,17,131
37654 28074 10 115,63,56,21,14,62,15
11233 33505 9 82,169,91
13065 8175 9 48,80,129,179,49,129,102
38098 27970 10 162,83,84,58,131,83,102
5516 40705 9 160,179,119,39,103,29
38814 15390 10 21,65,163,77,69,12,81,57
7604 16850 10 113,110,137,38,52,179,17
12352 17763 10 14,61,52,135
29394 45017 10 195,32,21,181,7,63,131,82
20332 10336 10 104,162,83,79,64
28852 19622 9 87,63,21,142,82,61
34570 25777 9 78,181
42785 17139 10 115,46,28,119
30899 4815 10 120,30,18,149,119,44,85,188
3403 11371 10 151,81,20,61,112,58,56,103
11723 13184 10 61,119
839 15811 10 130,7,63,103,38,48,82
7778 15932 9 47,103,82
24594 10251 9 156,63
44404 5843 10 18,118,81
33078 37407 10 48,106,109,15,37
33217 28566 9 81,104
38060 30266 9 37,91,20,51,63,43,81
25410 13513 10 185,135,17,67,103,126,31,45
38859 31103 9 83,85,45
33477 44946 9 20,10,81,57,129,131
12348 18366 10 81,117,15,61,149,102,163
18731 23064 9 45,83
39899 22675 9 40,65,7,45,61,22,67
16178 5454 10 65,156
34056 5785 10 104,140,21,57,129,51,140,194
9773 19578 10 110,118
33383 15208 10 184,10,49,162,12,156,108,33
7347 17664 9 120,106,61,145,26,20,104,83
13366 35218 10 37,45,62,182,48
34125 7026 9 41,47
13349 3759 9 20,27,58,19,37,115
11956 13186 9 54,49,116,156,63
18859 22434 10 160,131,61,96,178,7,114
34249 11055 10 182,185,44,102,29,64
8341 23510 10 65,83,182,183,161,133
45725 8951 9 185,49,182,119,104,20,131,185
12088 16415 9 57,154,51,62,144,83,155
17633 20586 9 113,10,48,79,47,54
41509 34274 10 63,62,80,51,63,61,40
16297 13391 10 48,145,163,61,156
11168 2251 9 83,24,20,52,51,100,130
44199 26684 10 41,37,107,57,136,82,64,101
29464 12352 9 62,144,18,39,102
17888 36642 10 136,17,65,104,129,82,102
9056 4979 10 16,53,114,17,21,112,28
1470 13841 9 20,85,118,91
5467 23234 9 178,134,45,120,117
25376 16211 10 142,119,62
44483 15250 10 39,53,38,145,28,136,65
12 2853 10 185,112,55,44,106,113,113
14660 28300 10 65,46,111
23482 36289 10 120,132,179,19,48
25822 13668 9 10,22,18,33
38452 15753 9 36,96,37
8275 43997 9 49,21,63,85,58,8,100
8073 12639 10 194,181,107,58
8614 13515 10 141,64,10,106
42386 39221 9 109,85,160,63,18,65
28881 6135 9 59,21
45766 32369 9 109,106,17
42748 37424 10 117,162,49,10
3261 32334 10 79,69,18,91
17802 17305 9 63,63,44
17261 34984 10 138,15,115,83,38,156,185
43370 28348 10 93,28,47,45,8,7,194
39858 43650 10 101,129,10,182,59,132,18
30154 2894 10 12,134
35467 20437 10 20,184,100,20,33
27524 19720 9 131,49,105,64,63
1022 5211 10 50,102
1358 14434 9 154,33
34780 12178 10 129,30
23546 31513 9 185,15
23203 28637 10 100,136,65,131,41,84
2657 43651 10 14,18
5382 30099 10 82,96,156,22
38795 37074 9 129,127,18,156,163,38,33,113
36461 19927 10 14,18
24580 37619 9 26,24,23
4009 30480 9 72,8,129,20,119,111,78
8090 30330 10 63,134,182
34922 25569 9 58,51,104,129,101,30
41046 9559 9 30,142,83,158
43702 13796 9 58,85,156,37,85,40
34430 21272 9 16,62,14,160,132,105,53,50
15543 27294 9 115,10,18
34663 5763 9 63,145,133,85,129
41951 26076 9 43,67,143,64,104,130,15
7209 32195 9 44,49
6635 16245 10 87,63,24,160,46,102
34122 28824 9 135,59,58,19
11225 8407 10 59,8,51,103
9382 37505 9 111,118,14,119,54,107,91,91
9374 3360 10 42,49,9,30,100
14888 24198 10 152,109,104
14870 37736 9 110,91,105,18
18872 36174 10 105,18,8,143,48,41,22
19584 15118 9 60,119,44,19,68,64,91
28842 16935 9 65,35,81
39340 8212 9 32,53
44911 13327 9 25,154,184,32,16,182
41068 21851 10 120,114
4561 3241 9 31,102
15246 20885 10 48,63,68,178,16
39358 2872 10 83,119,55
42258 41014 10 91,62
28974 39194 9 39,37,19,149,22
35630 22096 10 47,18,83,104
2091 2316 9 109,104,146,49
33564 6102 9 138,115,154,140,125
18432 25795 10 45,60,46,129,40
19968 16701 10 28,108,22,65,67,67,185
3129 488 10 85,34,116,136,129,99
33732 32213 10 47,81,69,83,185
6631 11839 10 17,128,15,129,108,67,22,85
26620 33853 9 84,41,19,50,119
10474 35127 9 63,63,50
28791 44092 10 61,144,37,182,57,51,132,20
1429 18897 9 63,45,130,135
19529 12498 9 56,22,131,103
43144 22510 10 29,23,53,12,50,129
2911 15065 10 116,9,21,136,115,14,67
26715 40832 10 9,61,27,135
17690 4531 10 10,108,36
39914 32676 10 52,179,114,106,129,58
38285 6775 9 53,63,222,28,119,57
44245 43799 9 67,78,83,185,78,23
33876 23715 10 25,46,23
12843 13243 10 194,83,127,12,103,21
36696 43426 10 19,169,58,20
11101 5659 9 103,41,51,96,58,119,63
27929 6588 9 121,101,23,152,16,69
42102 40874 10 53,43,53,49,42,43
42758 36535 10 63,61,129,136,104,62,15
33623 38173 10 41,55,184,181
36384 6181 10 130,119,24,103,66,21,119,21
25974 23201 9 48,30,107,47,169,195
17983 9903 9 82,59,24,34,64
25718 26890 10 62,104,41
32412 5111 9 61,128,22,163,49,44
33166 5630 9 104,48
37540 28078 9 47,126
5418 20083 10 103,18,49,194
38422 9853 9 48,83,21,184,114,16,118
8280 38707 10 113,110,66
5291 34081 9 47,18,80,109,129,136
40666 37004 10 15,60,111,185
6308 7223 10 193,113
36649 36799 10 110,163
26127 2594 9 59,184,136
432 20846 9 12,152,129,178,61
2040 9853 9 129,104,107,43,109,18
44669 21132 10 213,144,178,8,182,113,36
9865 25163 9 85,98,114,115
23562 20567 9 43,54,65,129,118,28,27
8263 10860 9 128,19,30,10
1179 20371 9 69,210,16,110,136,79,51
23131 26253 9 44,133,21,130,68,100,104,60
3718 14322 10 49,58,60,111,136,22,19
8265 41286 10 21,35,76,105,18,19,82
29642 44391 9 83,128,185,92,148
7588 41493 10 116,69,20,58,19
9175 31325 10 83,61,185,177,78,18,113,40
7245 421 9 49,50,69,95,33
44593 35370 9 109,19
33414 35161 9 45,14,102,92,185,44,140
9542 25633 10 112,39,21,55
1730 17748 10 104,178,179,81
32635 17222 10 175,179,185
42387 44072 10 65,35,17,17
22220 27330 9 59,140,85,19,176,49,130,106
36948 37811 9 8,64
8682 20879 9 118,136,101,35,41
26359 2600 9 47,30,97,53
22084 27431 9 20,102,108
35395 2445 10 103,130,104,53,49,102
26981 36742 9 115,15,140,129,162,111,127
37513 20635 9 81,49,40,115,18
17747 23666 10 113,9,28,45,102,17,49
44511 36194 10 50,38,16
17202 24899 9 131,48
45698 40336 10 16,185,43
26819 43780 10 184,76,129
6703 1018 10 178,169,111,42,101,24
17474 5151 10 112,80,49,200,91
16930 23298 9 127,130,58,184,94,117,19,28
12773 30699 9 22,116,117,129,163,151,12,58
35948 45358 10 177,41,19,149,116,82,119
36201 22949 9 35,104,107,42,132,185,211
30716 38029 10 129,31
36557 40150 9 105,181,20
27144 39389 9 178,129
38553 34242 9 52,18
34633 43542 10 181,36,104,60,63,51,83
36220 39363 9 63,54,81,182,34,108,91
14551 29091 10 102,181,140,84,136,142,119
35955 30082 9 129,167,20,100,48,135,24,102
21425 41398 9 129,40,54,100
14189 8347 10 61,113,50,135,35
14238 20300 9 110,48
16695 19164 10 21,181,182,109,24,130,66,33
36911 35308 9 160,10,29,108,84
9871 43430 10 87,81,119,61
37917 3828 10 103,130,87,65,108
10927 12407 9 82,130,118,64
35440 35647 10 112,46,10
44433 37758 9 185,135,9,44,63,79
32809 25992 10 41,83,58
24643 28212 9 66,24,60,129,30
3671 38319 9 43,129,160,119,119,131,129,66
34817 20291 9 67,42
40398 39307 9 114,184,50,47
18490 15532 10 37,119,53,58,179,28,140
28761 45557 9 8,129
34699 30398 10 50,112,185,29,81,63,41
15111 33204 9 48,39,40,143,178,114,40
16314 38696 10 55,24,58,17,48,120,60,64
2674 43702 9 58,184,87
2088 40879 10 56,103,24,184,28,129,49,169
12918 36616 10 169,162,156,44,129
25043 23877 9 144,119
19726 34689 9 54,102,47
16687 11657 9 110,15,7
2137 25193 10 21,41
16569 31979 10 108,83,154,8,53
38662 22049 9 20,60,58,7,129,50,53,82
34026 34914 9 147,163,112,116,104,18,15,80
15246 13914 9 37,43,54,83,20,56
29202 18157 9 47,67,128,31,179,104
12613 42453 10 35,132,19,10,129
14481 25079 10 63,79
43398 6693 9 18,107,19
13644 987 9 19,118
600 11428 10 16,6,48,151,87
17840 2489 10 25,116,60,83,116,17,41,68
9395 1847 9 49,64,82
12478 22953 10 58,48,182,87,160,10,143,178
41492 17176 10 143,119
17204 17117 9 14,84,33,112,15,9
3630 43096 10 64,17,211,133
11458 1404 10 21,178,48,154
5683 28348 9 143,115,100,23
10470 41808 9 32,18,18
18760 21661 10 216,178,34,178,14
33066 45688 10 167,66,129
32968 11908 9 29,15,104,17
23427 40029 9 100,19
43095 5046 10 134,144,44,59
26283 20740 9 81,182,35,21,109
21716 22359 9 16,19,27,149,103
41108 13484 9 40,29,105,50,54,55
18607 4150 10 17,101,59,23,9
13924 17549 9 18,185,129,49,119,62
44950 16179 9 23,24,104,28,78,156
13876 12965 10 63,47,61,81,120,60,169,185
26266 37789 10 120,52,8,96,109,62
43304 30585 10 28,63,10,60,119,184,61
16830 44952 10 21,58,63,184,113,41,63,63
21195 31271 10 182,50,62,103,44
24814 3148 10 42,142
5443 38677 10 49,80,131,62
37324 7330 10 52,54,103,60,59,49
23784 2856 9 49,47,18,41,45,81,140,23
5126 16633 9 91,85,85,21,142
8441 5564 9 136,10,111,129,24
11191 21880 9 36,39,185
3206 15050 9 36,39,185,48,48,77
13362 44931 10 64,128,119,22,10,156,60,28
17322 43554 10 30,14,101,37
3304 36735 10 104,56,54
38036 18528 10 160,140
31864 13912 10 133,152,30,119,23,119,85
30141 24772 9 117,132
43112 34012 10 111,53,19,47,58,141,29,61
45144 11588 9 45,130,109
11306 3775 10 162,49,66,54,155
21844 19682 9 17,181,10,52,59,21,19,185
44579 36347 10 57,19,185
42445 23311 10 12,113,17,146
91 1901 10 185,19,15,85,22,51,65
38230 14838 10 143,37,61,169,91,61
2586 13985 10 52,119,59
36556 20500 9 36,33,17,37,85
32801 31388 10 132,136,115,65
19988 39999 10 32,37,41
2570 25046 10 102,10,83,101,7
28264 27527 10 17,120
21531 2097 10 138,63,76,112,69,55
7560 5782 9 185,129,102,85,144,201,143
12908 22179 9 48,63,129,52,82,84,59,30
17298 2589 10 61,166,8,44,117,129,21
5935 29743 10 110,101
17002 23239 10 84,87,141,112,134,119,20
33026 4941 10 61,58,58,194,179,83,49,53
14855 35296 10 21,54
28521 36167 10 23,18,185
581 10906 10 58,118,60,185,42,61
1010 14054 9 48,17,182,104,64
23624 33531 10 50,107,117,142
43710 4615 10 63,115,10,119
14007 14548 10 58,65,81,44
3506 34878 10 142,16,17,103,185,9
3514 15982 10 194,67,35,163
29070 23664 10 67,132,177,109
28221 26139 9 135,66,53,8,116
21957 40767 10 55,20,53
26860 8526 9 53,19,64,26,69,31,104
40446 21310 9 112,129
15168 14439 10 49,102
40818 16153 10 156,35,10,184,17,32,163,34
42575 21841 9 103,41,179,37,22
17811 34433 10 85,104,33,59
41803 26647 9 106,18,84
22211 43879 9 21,40,48
16549 14116 9 132,49,101,25,20,14,67
30563 6074 9 94,104
1113 16318 9 27,136
14054 17939 9 18,56,111,129,20,69
17312 24358 10 35,141,19,49,68
20102 14067 10 66,112,58,91,56,110
42021 26898 10 27,167,14,109
36202 41823 9 80,84,129
16778 7348 9 129,21,182
33212 29268 9 23,17,85
10209 17262 10 16,140,179,9,129,14,12
2594 3963 9 118,113,84,181
1987 13364 9 18,73
3136 17806 10 149,110,23,142,128,58
26755 1547 10 49,60,103,62,32,24,30
13356 39144 10 185,185,80,22,58,63,128
18105 40040 9 28,22,83,146,113,56
15468 5674 9 160,92,182,178
41952 33947 10 62,62,61
6160 9112 9 115,57,49,160,33,141,39
38843 18924 10 65,131,25
26133 19552 10 36,142,185
15364 11352 9 84,104,29,135,64
693 41615 9 152,60,29,69,102,54
15885 16248 10 17,115,185,49,97
31764 1482 9 185,184,28
32405 7413 10 21,49,8,131,16,48
25381 38387 10 48,156,179,19,34,15,36
11590 7652 9 185,145,178,103,58,53
21911 32697 10 49,144,42,31,136
14726 41136 10 44,127,104
1172 5116 10 179,81,24,9,20,58
30647 16956 10 143,163,55,58,48,115,149
31207 40046 9 52,30,39,7,128,91
1378 12148 10 18,64,91
6546 32340 10 105,131,185,133
34382 32246 10 48,104,38,23,18,83,201
15678 43073 10 104,12,16,81,54,50
6173 36110 9 41,184,79,39,60,58
36868 11071 9 29,62,21,115,129
44511 4836 10 20,19,102,129,21,152,35,130
3092 3698 10 57,49,26,113,130,29
24693 36334 9 162,47,58,120,156
14975 32159 9 134,18,119,119,58
9520 1538 9 44,19,195
12880 21462 9 56,63
8907 6514 9 58,29,85,107,36,37,58,87
6406 2789 10 49,133,49,49
17429 41096 9 185,34,15,25,178,169,77,18
44302 14395 9 9,53,17,20,58,48
29689 28236 9 84,40
38188 42182 10 133,85,101,9,114,64,116
19356 3671 10 118,68,45,163,61
22041 12805 9 118,30,144,20,17,179,21
37937 25960 10 114,103,10
29913 6591 10 47,128,119,48,103
37432 6645 9 128,109,80,10
7905 20181 10 64,19,183,145,68,9,50
44042 19135 10 19,51,69,20,35
29275 32536 9 129,183,133,14
17015 35598 10 85,84,48,101,53,7,44,112
19471 45516 10 136,62
27466 21056 9 109,167,109,111,119
2793 12837 9 83,30,10,58,193,58,82,161
29669 24692 9 18,17,66,59,31
28256 25098 10 72,119,10,114,117
7991 28173 9 90,129,59,59,17,10
6784 451 10 112,91,129,36,108,49,48
3075 42470 9 17,64,85,81,31
45203 11768 9 84,65,117,67,50
23067 8180 10 94,44,50,110
9295 16154 9 49,25,31,65,104,51,67,38
28724 32101 9 87,54,14,109
30209 35854 10 63,36,178,49,34,109
24278 23451 10 104,50,58,18,34
24978 41316 9 66,46
13518 13605 9 20,23,43,184
15705 20600 10 18,29,63,136,138
37975 25258 9 39,69,108,103
22597 12686 10 21,115,49,59,130,81
32898 6350 10 132,211,135,184,18,128
40151 17261 10 104,12,104,81,19,106,68,22
20435 6731 10 17,32,22,17,64,64,178,29
31000 34387 9 60,130,156,9,141,25
42593 6723 10 68,63
38573 13317 9 40,14,100
34459 4112 9 25,47,106,63
17647 41981 10 178,30,102
43544 44673 10 51,50,10,62,37,33,62
45424 17164 9 109,169,139,35,84
27116 4980 10 182,102,78,23,48,46,58
29400 5900 10 112,28
15156 7690 9 64,142,68
26902 21398 9 43,119,58,28,104,87
7939 1822 10 178,130,84,76
35980 40803 10 45,60,156,67,82
8096 44535 9 65,112,49,135,116,10
3110 45047 9 39,156,69,56,21,177
18209 16225 9 107,104,126
759 1595 10 21,35,37,146,49,163,46
1663 11289 9 49,178,47
27198 27690 9 62,59,179,104,102,83,16
31899 26358 10 20,79,24,25,62,53,64,102
23801 9102 9 103,211,101,93,169,84,136
19007 26929 9 25,178,142
42217 462 10 111,103,22
19773 38255 10 145,163,120,30
33186 23076 9 145,21,113,23,10,58
15447 27504 10 58,58,8
16415 33394 9 18,120,58
12690 41968 10 105,83,56,31,22,44,91
28918 36428 10 47,142,65,14
32194 24470 9 142,182,79,58,49,116,87
13304 4747 9 85,8
33281 34149 10 65,102,10
10008 27695 9 114,58,160,30,87,132
3342 12173 10 184,87,49,179,169,182,163
21871 14943 10 64,74,51,10,19,48
40326 3300 10 169,119
40247 8595 10 160,32,58,81,167,163
31477 12337 9 115,169,118,49,83,51,120
43948 23684 10 116,109,113,53,60
11497 42102 9 133,182,17,146,56
45304 35692 10 118,58,49,55,131,28
32449 20937 10 99,36,162,63,42
12282 26720 9 130,101,82,62,108
36068 7796 10 76,21,117
22882 1251 10 42,48,48,33
2383 42846 9 182,110,138,178
37936 36876 10 24,67
43873 36876 9 49,129,25,179
10929 4986 9 30,128,61,36,49,48
28434 44346 9 178,109,64,49,109
370 43294 10 84,80,41
22345 13611 10 18,35,48,85,56,12,27
12818 3042 10 80,118,185,177,49
32654 20427 10 16,103,34
15194 34431 9 104,179
27853 22762 10 37,44,63
24964 35881 10 32,179,119,131,216,35,119
26322 19288 9 83,41,113
5003 17726 10 134,12
18237 32671 10 91,17,156,143
40425 3096 10 49,21,60
45070 15504 9 49,52,105,69,142
18405 10845 9 69,19,130
22941 7771 10 62,85,31,29,162,61,66,185
23133 33266 9 149,98,65
4362 19460 10 184,7,19,58,62
36378 20192 10 43,132,118
34613 19465 9 67,53,42,118,84,129,157
18388 34427 9 179,181,87,96
27450 13968 10 129,49,52,9,12,119,129
12783 5475 9 92,140,104,135,108
35112 28545 9 58,59,195,58,91
21670 24873 10 57,19,59,115,26,83
14671 15712 10 20,100,65
25527 3920 9 44,22,81,104
40842 900 10 185,42,108
12708 16341 9 59,67,93,194
36430 11855 10 58,12,118
9861 16383 10 178,9,33,39,48
6774 10075 10 48,142,47,83,84,40
21009 4461 10 39,132
34489 13782 9 32,185,110,24,27,67
44761 44213 10 22,51,85
12049 16832 10 181,24,129,132,63,163
27313 5820 9 126,82,185,37,83,129,35
45602 1582 9 58,9,19,59,185,44,58,146
5783 32625 10 9,47
14215 23690 10 41,108,34,61,104,84,29
30333 44962 9 83,19,106,81,24,22
22750 12095 9 52,211,117,83,27,184,104
3021 4391 10 66,104,39,12,63,9,182,110
5587 40578 10 81,109
13471 34770 9 104,112,35,21,84
26589 33109 9 50,112,114,183,178
25559 42067 9 118,38,112,57,178,185,16,145
19872 41207 10 84,49,179,145,145,83,25,85
23739 26243 9 65,87,63,103,66
28146 300 9 18,194,143
37967 18709 9 57,59,116,96,16,18,19
13395 7672 9 204,216,144
43776 11890 10 7,45,68,40
31992 8478 9 194,163,21
769 42225 10 44,58
13635 20894 9 18,136,129,34,54
1473 38013 10 108,10,169,184,57,18
29396 11663 10 58,113,18,59,48,149,129
36400 22623 9 181,19
3317 44388 9 41,67,169,204,185,110,83
25975 20784 10 204,210,184,34,24,21
42776 33435 9 39,21
18484 30820 10 56,129
1053 43139 10 162,66,61,102,135,25,35,36
35712 15807 9 31,115,181,48,7,57,87,77
41471 10275 9 103,103,22,20
17473 14478 10 116,30,25,133,49,58,62
35110 42140 9 39,91,12,39,136,51,36,120
3661 28433 9 104,25,111
31542 36271 9 104,62,146,183,58,65
632 30487 9 68,21,178,146,141
16902 25079 9 134,120
18298 24254 10 14,53
19657 37158 10 18,117,58,113,128,58,58,185
41531 13496 9 51,49,183,35,61,16,49
33577 40685 10 59,28,10,83,18,120,185
40421 21766 9 54,66,71,81
41208 27084 10 20,96,141,146,194,65,105,44
29105 14245 10 33,51,132,135,60,62,83
41566 28838 10 36,84,41
3663 40023 9 142,101,135,149,211,15
16417 33050 10 34,66,181,46,162
21940 10061 10 195,15,21,129,78,129
8678 39809 10 51,63,118,119
34841 21338 10 63,178,28,68,63,90
42411 24125 10 57,102,7,79,114,59
14705 10965 9 159,110,28,132,103
42626 23117 9 129,81,153,78,53,79,20,93
19242 42254 10 58,63,56,114
27805 42152 9 83,69
39528 24861 10 162,103,144,118
17648 8976 9 33,111,83,44,44
10454 40243 10 109,14,25,182,178
41779 23055 10 113,101,109,109
15106 26644 10 166,114
2155 28225 10 49,194,18
25972 22924 9 47,10,146,61,46
42147 7608 9 101,112,141,30
14727 44240 10 120,95,182,63,17
9055 6155 9 59,169,109
21082 16313 9 30,84,204,149,26,181,67,66
31255 5796 9 83,118,35,105,84,140,30,84
36459 22093 10 33,69,81,34,185,61,60,58
36084 45697 10 182,83
6171 35977 9 45,96
1302 3685 10 131,14,20,19
14755 6078 10 60,132,10
23712 4555 9 119,55,34,49,113,119,195
11155 22785 10 146,128,119,179,114
44086 31859 9 30,33
24159 32889 9 160,179,45
22781 11988 9 49,25,62,104
4025 15352 10 62,135
8622 40051 9 211,56,20,83,16,156,63
24665 32345 9 160,107,67,169
35779 22483 9 151,31,185,51,69,35
4151 44600 9 108,112,169,21,127,102,8,57
16335 42298 9 129,58
14 33922 9 63,66,37,76,21
35440 26812 9 115,84,63
16961 45339 10 194,91,15
41142 7686 9 39,118,53,43,40,156,160
37206 5723 9 181,49
40502 147 10 131,9,128,129,185,98
45440 12346 10 28,59,16,60,24
40150 40735 10 30,66,110,65,59,16,85,7
30237 416 9 67,64,19,136,118
33873 15743 10 28,119,28
45647 28039 10 140,111,67,140,38
14372 20529 10 16,10,112,21
32793 33673 9 50,104,33,104,25,23
8669 12559 9 60,10,48,23,102,181
26416 40214 10 36,16,17,95,116,181
21425 37481 9 31,142
7182 27827 10 91,136,185,135,10,85,195,50
718 32764 10 21,24,184,54,42,129,47,39
21115 11562 10 146,128,60,49,81
26152 24209 9 80,89,60,104,46,64,41,182
35698 2325 9 113,19,63
22870 3785 10 110,49,18
13785 16918 9 50,53,65
7501 5787 9 61,57,145,19,19,59
20838 42508 9 149,185,58
6649 845 10 61,140,61,22,38,60
2116 26544 10 9,9,56,181,55,15,53
7015 35078 10 65,97,26,132
40821 18416 10 102,55,138,113,62
1091 38321 9 113,22,53,14,82,68
28856 29532 10 35,104,91,169,15,194,20
4904 10954 10 65,22,38
18400 13666 10 15,113,58,118,46,7
2111 24374 10 104,83,58,120,20
41992 3842 10 18,18,41,41,132,17
5740 15405 9 37,110,87,132,14,48,54
21468 19996 9 114,111,9,130,136,62
30111 23855 9 83,43
15899 40094 10 31,77,14
7807 41276 9 110,64,130
41171 15960 9 27,32,57,19,179,41,41
14795 35529 9 35,63,80,48,131,119
29666 22605 10 103,30
7707 8736 9 7,130,169,63,25,83,8
35257 11735 10 54,44,22,9,113
26756 16568 9 56,30,49,185,8,42,134,108
10221 137 10 24,185,119,52,135,56,62
43009 13951 9 44,117,65,37
15605 7299 9 25,100,83,48
30218 17668 9 108,48,21,133
31510 30073 10 140,48,85,33,115,51
20279 25007 9 21,129,58,185,16,152,20,60
3027 37550 9 185,163,82,185
29684 31817 9 25,94,37,117,83
2009 15614 9 84,77,47,33,163,179,40
26108 29226 9 69,55,17,35,106
7564 10519 9 178,17,103,113,185,45,36,58
40748 25237 10 22,21,148,14,179,21
9906 27488 10 105,104,58,102
28831 25861 9 83,9,116,185
68 14262 9 50,45,8,60,49,56,84
40626 25642 10 52,113,83,81,108,56,182
20882 776 9 85,132,41,160,184,63,114
33297 9654 9 104,59
20274 42293 10 136,177
6833 6934 9 14,49,38,57,82
31233 40464 10 136,82,20,114
15544 8766 9 10,108,107,66
45134 36429 9 178,103,15,65,83
32022 30387 9 112,84,63
20954 2437 10 87,179,110,103
8360 17202 10 61,21,21,33,49,108,54
4278 25803 10 49,111,135,113
15754 41283 10 194,184,118
17235 38992 10 104,61,20,63,63,52
18639 37767 10 39,67,141
29268 45395 9 20,51
31468 6001 9 21,185,62,140
42300 32980 10 152,65,106,62
18881 31782 9 10,59,10,102,17,63
37813 24618 9 101,158,85,91,82,149,58
19540 2581 9 87,118,47
26639 36066 9 84,14,154
39846 7304 9 55,67,62,102,20,110,83,182
18261 24648 10 20,115
45642 6896 10 82,40,21
17966 39491 9 57,58,16,47,46
36865 17953 10 69,127,53
38351 13348 9 104,60,9,51,42,49,101,110
44105 9856 9 45,120
15807 9649 9 57,183,46,63,131
22458 36917 9 66,62,10,128
15637 42551 9 109,16
43147 5660 9 66,68,61,100,129,117
11863 37546 10 8,194,36
34072 16721 9 30,61,28,21,118,21
27240 1255 9 129,119,8,52
4699 37029 9 60,140,51,152,22,57,101,152
8095 1212 9 40,58,25,35,28,17,20
40707 24047 9 24,62,149
20252 25344 9 28,52,118
16134 23026 10 66,87,50
43819 12491 10 185,74,20,36
18002 35155 10 69,139,191
24196 36238 9 54,145,81,117,129,118,50
36951 40648 10 56,62,18
9143 40896 9 82,126
7279 37178 9 52,10
40425 23904 9 8,63,57,29,39
9947 10648 9 49,10,146,72,68,12,35,141
21939 42663 9 178,68,119
40356 2946 9 65,17,194,43,15
34176 23353 9 87,40,104,8,103,101
24672 40456 9 69,131,106,26,91,10,69
22874 42525 10 27,20,55,63,135,19,104
26997 16964 9 29,85,54
34159 9826 9 7,69,19,146,131
39328 37884 10 69,15,184,120,82,33,39,50
2961 30535 10 60,82,59,149,9,46
29959 43356 10 61,41,136,42,65
44658 40474 10 149,184,119,115,85,185
40285 13656 10 87,53,149
42328 17201 9 38,131,63,60,61,106,34
6616 41803 9 65,9,23,44,129,21,80,113
41124 25963 10 49,132
8147 43165 10 63,113,14,60
45360 11770 9 84,102,185,185,185,194,85,104
3789 16797 9 36,62,143,28,63,129,111,49
21730 23451 9 169,46
40753 38838 9 128,102,85,58,162,119
33199 28982 10 59,64,101
33117 42713 9 194,104,10,42,39,129,53
13162 28389 10 108,21,67,152,25,156,22
14333 3035 10 111,40,102,84,183,44
26657 5145 9 136,48,80,55,25,99
25290 29210 10 44,108,9,120,179,182,30,33
18730 9075 9 120,106
12922 37499 9 10,131,49,49
39905 33390 9 43,120,178
17329 9138 9 62,62,52,46,101
13802 22883 9 101,144
2208 21364 9 49,56,99,8,59
26542 10692 10 75,53,28
34410 19667 9 20,35,58,87
12079 43704 10 18,66,129
26370 11661 10 114,43,179
39193 13423 9 163,116,80,49,87
37638 25382 9 132,9,114,59,24,49,117
2127 45610 9 179,45
56 42662 10 139,32,55
33395 42660 10 21,83,101,182
26158 43248 9 25,194,83
24920 4684 10 21,82,76
29830 28253 9 140,131,132,9,55,16,23,66
12077 5355 9 39,21,9,25,178
11749 33848 10 115,63,99,18,103,185
15108 44142 9 49,83,67,104
35501 43895 10 21,113,111,85
29224 28113 9 44,131,60,59,178,83,81,60
23771 19160 9 29,48,104
3885 8662 10 52,58,46,38,61,105,19
34698 4420 10 68,163,113,119
41158 17456 9 211,50
35705 25101 10 47,43,85,58
26777 26859 9 59,39,104,132,158,34,104,66
21847 45440 9 19,141,59,102,49,62,24,216
43407 27518 10 18,91,85,116
7856 36919 9 114,15,135
531 31590 10 163,20,20,152,62,60,29
27960 21666 9 149,38
38959 20825 10 111,17,10,58,62,83
9369 6536 10 81,10,211,18,84,10
15114 27753 10 47,105,182,36
43459 4341 9 56,66,38,145,32,47
33047 40248 10 15,194,115,129
36367 34474 10 54,85,162,61,132
36441 5969 10 152,184,10,8
6620 37889 10 48,56,61,179,113,103,163,100
39486 32037 9 106,113,79,103,69
30661 44362 10 49,49,185,194,200,29,19,85
35245 21270 9 83,25,102,135,21,31,15
11368 4909 10 104,84
31345 18051 10 57,49
31052 25103 10 45,44
23340 9909 9 10,22,47,169
8424 44290 10 179,216,132,61,48
30961 2535 9 162,130,21,49,66,48,39
5662 18858 10 194,185,20,42,14,106
13646 45224 9 21,184
35915 16624 10 103,47,104,19,85
764 45618 10 17,130,87,66,163,21,169
40844 2976 10 18,56,17,41,16,181
24899 11229 9 21,91
8170 34683 9 43,54,91,51
3166 26492 9 62,25,49,20,29,83,49
3618 6025 10 58,65,10,36,130,73,52
16213 17007 10 117,25,141
44225 36538 10 39,146,18,178,141,7,64
16108 1589 9 185,56,42,105,17
28789 22524 9 135,105,114,60,48,34,23
28771 23226 9 82,185,62,50
4074 19759 9 128,194,61,65,10,63,133
6787 35736 10 44,77,12,119
31743 42282 9 153,134,181
15143 25938 10 48,162,126,82,68,119,51
41691 2838 9 119,162,10,119,32,129,58
30967 38610 9 97,18,68,44,48
45124 31250 9 21,31,36,69,185
35631 42600 10 8,118
23878 37629 10 8,7,113,49,32
10947 18005 10 45,48,169,58,40,24
31236 14197 9 155,85,136,32,179,33,44,54
39251 30496 9 194,119,67,83,111,156,104,67
33909 22094 9 110,68,81
25883 22724 9 61,119,9,44,41,85,32,119
45605 33146 10 16,94,65,40,136,91,51
33288 14385 10 36,24,102,65,60,116,49
6148 26622 9 139,120,68,19,61
39034 23901 9 68,21,18,28,9,136
20015 35210 9 21,20,16,49,181,178,31
11715 31982 10 145,103
43993 7085 10 182,52,119,69,57,109,79
28175 35035 9 48,85,14,102,7,160,44
36478 7394 9 47,8,10,19,63
22836 22211 9 83,80,20,65,49,117,103
43505 44071 10 131,102,21,17,47,182
36007 4964 10 80,61,49,20,185,17
42531 8802 9 58,181,36,25,58,163
25845 6457 9 59,116,23,103,184,54,63
30718 18474 10 110,112,92,8,68
44344 16450 10 50,17,129,119,100,50,67
13435 45024 10 42,67,84,16,77
5592 20981 9 119,44,63,60,53,106,82,101
462 37772 9 130,66,21,130,140
3315 13773 9 102,131,18,44,79
14527 36613 10 153,152,37,21,195,194
38625 5365 10 36,101,54,49,80,142,58,163
33237 24255 9 105,120,19,81,119,182,143,10
37057 36503 9 19,143
20647 36057 10 81,115,39,40
3419 44691 10 103,102,118,69,119,61,128
38000 20949 10 49,65,65,15,119
27698 41249 9 104,85,163
28612 32754 10 129,109,81,111,7,105,111,104
6175 29543 9 117,21,35,41,179,179,131,21
2535 27170 10 62,57,119,56,54
45721 11319 10 60,17,53,59,68,16,136
8331 45605 10 41,143,49,77
14115 16219 9 163,112,111,107
9986 9457 9 84,194,57,131,179,129,177
25328 25065 10 162,52,153,116,104,59
1991 42035 9 141,201,59,8
19338 38177 10 64,37,20,117,83,43,163,18
25005 32567 9 52,116,80,182,130,194,29,107
41631 6290 9 105,104,34,67
25197 10840 9 10,57,120,58
10192 30118 9 63,130,50,10
15785 34492 10 114,62,19
45657 16352 10 115,58,130,21,157
16588 23480 10 58,7
34059 27273 10 85,85,140
9847 5018 9 20,23,42
32620 12076 9 64,130,24,103,82,119
40316 40163 9 25,25,204,41,131,61,111,52
33198 43911 9 48,184,37,49,128
34949 43746 9 128,160
19334 38487 9 104,17,57,52,40,50
14199 18039 9 12,129,58,184,7,65,54,53
18779 30275 9 101,10,185,63,58,85,83
31917 584 9 48,127,181,104,27,104,130
20923 30716 9 130,183,9
11904 42514 10 185,54,45,195
17110 43091 9 129,33,23,87
11483 43950 9 83,87
15678 6184 10 117,67
25550 39371 10 120,102,58,132,69,53,30,136
172 13019 10 45,81,41,60
36333 9521 9 156,25,25,102,149,36
38644 41509 9 19,132
45104 13658 9 63,57,40,119,18,119
30095 839 9 18,113,144,66,83,82
9311 30819 9 56,59,7,91,160,48
10038 40677 9 104,37,91,51
35248 42652 10 179,114,48,163,40,37
12080 5118 10 115,30,140
6193 27413 9 163,110,82,59
13484 9069 9 115,184,57
23464 38834 10 134,10,47,104,77,10,110
22442 20175 9 163,97,59,108,16,49,181
21867 17430 10 60,60
22454 3196 10 69,68,119,52,106,82,51,58
39353 22198 10 33,82,52
21997 37759 10 58,16
6540 29959 10 40,19,9,110,160,21,40,7
33011 35843 9 117,50,136
16710 8035 10 49,131,53,21,91
42662 28839 10 61,136
2980 6489 9 60,43,87,81,110,109,103
9718 41534 10 61,37,204,179
18148 29154 9 39,80,46,18,69
135 6547 10 32,83,141,55,46,149,194
6561 6842 9 177,118,48,185
29079 34913 9 109,63
22719 15289 9 18,136,81
43166 31594 9 9,77,47,45,85,96
9623 38669 9 59,82,47,39,53,18,194
16405 44080 9 62,156,185,53
6229 43588 9 80,108,40,18,169,44
43508 23873 9 114,45,90,43,47,81,67
7027 12689 10 104,30,9,79
20034 4753 9 194,20
11283 35803 10 96,169,67
28575 22663 10 20,57,81,102
43258 19877 9 56,57,102,69
21818 8844 10 29,55,41,114
26998 25176 10 49,55,55,13,28
25486 17306 9 47,22,17,8
36513 36221 9 156,61,111
35105 3761 10 56,46,184,143,44,45,108,104
19658 17776 10 130,185,102,177,136,49,81
44731 19368 10 101,128,132,20,169,149,25,29
17480 6242 10 12,65,104
6728 42690 9 69,49,119,17
19506 12203 9 103,29,54,101,45,149,40
29083 22998 9 81,18,85,162,119,47
14456 6766 9 49,119,53,116,184,8,18,81
34051 4312 9 24,46,104,58,46
28466 12955 9 27,108,59,41,114,120
38811 45678 10 48,61,82,29,129,17,58
34284 41790 10 185,62,22,63
12838 6895 9 58,116,15
12641 6744 9 136,96,101
14058 24030 10 53,42,25
14283 15815 10 21,111,20,104,55
18158 28951 10 101,179,24,115,118,25,58
16972 11906 9 40,194
38000 24551 10 114,82,41,19,50
43807 26951 9 64,65,143,118,64,68,84,100
23082 11429 9 140,8,102,40,49,128
15153 19723 9 216,40,66
21431 7778 10 52,64,37
31443 21217 9 16,149,20,41
6390 14333 10 83,96,139,41,45,65
37147 15592 9 110,66
28373 3281 9 79,182,58,103,120
8601 16739 9 151,177,21,104,132,119
35048 26392 9 47,85,30,78,185,83,112
7073 10898 9 59,216,34,82,110,90,103,48
14223 41448 10 36,34,120,85,106
18304 22660 10 14,33,104,42
21335 10463 10 51,22,13,115,19,42,83
43899 4335 9 53,49,191,36,55
18662 37137 9 65,48,82,132
8907 21603 10 38,50,185,22,50
6090 14782 10 72,57,118,19
32019 34612 9 64,83,65
18462 18105 10 118,163,130,103,60
27268 36073 9 101,140,10,109,66,119
9864 38075 10 85,64,101,104,48,19,146
22944 2654 9 185,61,53,59,131,136,113,21
10381 25820 10 181,163,85,56,80,49,17
32555 12744 9 110,185,146,104,81
5962 20637 9 17,61,24
41909 20710 10 61,33
8541 14067 10 24,10,61
29507 1123 10 25,46,184,47,91
11241 8420 9 181,63,18,49
5899 961 10 84,20,41,20,185,21,63,49
9227 1282 10 106,35,17,135,84,80,12
36834 36848 9 119,145,60,107
27853 29561 9 129,29,66,112,58,28,102,8
27009 26257 10 116,134
44663 13011 10 21,185
17750 1580 9 37,42,129,65,21
15459 28011 9 17,51,20,31,52,100,145,65
43646 29410 10 20,145,102,149,44,65,45
6090 27503 9 129,103,49,21
41961 7488 10 130,24,156,61,36,106
21341 7429 9 7,111,156,23,178,47
39989 44128 10 169,178,61,63,24,68,105
42112 13879 9 117,50,29,183,85,146,110
37142 27813 10 62,49
42609 19643 9 28,185,119,194
36861 4768 9 109,131,28,59,10,91
39496 3109 10 69,83,29,64,194
3743 2662 10 182,177,182
14131 13042 10 66,113,18,149
16712 3736 9 60,103,179,129
9750 23921 10 23,105,60,10
22118 43726 10 130,51,119,62,118,50
24284 7565 9 184,185
28536 10619 9 53,83,79
35778 36202 9 41,49,52,83,146,81,142,179
13429 10465 9 117,129,131,69
42189 2657 9 69,35,61
41647 18926 9 102,18,27,83,185,53
20496 32956 10 46,69,34,19
15507 30393 10 152,27,67
43604 30512 10 19,118,27,58,83,115
20242 21099 9 50,115,109
8251 24038 9 49,53,115,45,10
39568 22262 9 49,109,113,216,166,104,61
35091 3739 9 111,62,40,31
7860 35718 9 84,67,142
27834 27285 10 93,100,62
15126 1580 9 61,117,179
28683 25138 10 69,21,129,10,22,152,183,185
23211 24920 10 23,103,58,81,33,9,83
24539 40220 10 87,184,104,63
42450 31527 10 23,131,117,39
12986 30583 9 152,185,62
2104 29674 10 131,152,64,39
20332 36216 10 116,91,58,22
222 17331 10 163,179,83,43,59,42,64
21414 25135 10 58,54,20,65
22750 17479 9 82,22,23
36069 11157 10 18,118,69,22,109
19971 30908 10 109,87,24,31,49
43735 11019 9 48,113,42,24,53,144,158,129
9579 44490 9 60,19
4064 10572 9 109,37
10673 28430 9 156,27,87
11902 15363 9 45,10,185,28,63,213,50,51
12264 40271 9 22,81,10,157,13,65,52,131
19369 21164 10 142,58,25,18
24605 29731 9 112,65,53,61,105,62,103
28373 1090 9 115,30,59,21,11,61
26777 30294 10 62,41,114
41224 4560 10 29,49,53,136,104
15699 19042 9 104,131,47,115
22377 12358 9 22,20,128,184,160,8
30412 37767 9 57,49,49,154,83,20,120
25804 43299 9 102,163,145
253 13267 9 160,9,181,43,21,50,63,179
4336 9847 9 58,26
35958 45074 10 130,162,83,40,136
22927 31182 9 113,107,66,84,40,62,14,178
40816 9120 9 18,61,58,77,47,83,69
20740 26507 10 83,182,185,29
7670 41631 9 9,182,132,59,136,56,66
23912 4257 10 100,40,7,143,49,179,105,68
26792 26882 9 185,37,119,68,152
30125 30047 10 64,18,52,182,15,149,58
267 41821 9 52,63,64,14,117,163
6625 33840 9 110,49,87,43,131,21
11211 35991 9 59,104,113,18,115,103,48,83
36064 44151 10 130,19,64,45,136,47
29800 8061 9 15,109,83,47,141,57,67,59
12668 23194 10 67,17
20632 12682 10 163,163,96,19,185,134
15360 13253 9 23,35
6079 34135 10 7,67,7,181
31316 23769 10 136,114,53
14195 2322 10 54,120,44,130,28,10,16
6539 26715 10 33,54,46,112,62,130
7127 37900 10 55,16,91,36,59,14,105
9329 43715 9 119,162,82
27697 2428 10 55,19
44224 521 9 28,62,47,22
13656 23351 9 65,39,33,106,64,83,30,183
33283 21986 9 129,68
619 30219 10 20,16,12
24274 27204 10 65,20,85
25655 5950 10 23,55,38,47,194,52,114
3365 33910 9 62,67,182,41,69,14,45
3852 10836 10 57,152,222,184,102,182,63,89
29239 18872 9 113,45
5806 3860 10 130,26
19393 17810 9 31,25,184
28158 43354 9 136,54,152,19,91,50,102
31998 25049 9 104,139,129,145
28434 13574 9 18,58,49,106,40
26847 29112 9 185,120,67,38,57,130,25,129
28202 44578 10 20,108,24,34
38114 31088 9 162,61,60,60
21139 19743 10 62,85,58,185,21
22634 12898 10 102,178,120,185,102,132,21,22
9887 2869 10 19,29,136,58
29042 26786 10 51,34
44514 35887 9 99,8,182,60
20977 44325 10 132,119,28,184,9
36964 43941 10 10,66,56,58,48,8,37
18996 20594 9 84,108,19,145
31670 786 9 91,62,48,85,104,61,39
1644 42123 10 18,20,68,48,63,52,152,83
35930 26666 10 56,59,15,57,38,47,112,43
2294 36220 9 105,49,179,65,10
39517 43835 9 58,65,57,64,21,101
36999 10988 9 62,185
31984 37404 9 82,103,110,113
44040 21335 9 90,129,34,56
35622 36312 9 116,114,163,110
41487 11948 9 181,194,82
16478 10506 9 103,46,58
10207 29825 9 19,7,16,129
1942 12725 10 49,102,135
31662 37656 10 84,131,104,20,26,69,67,87
17639 36669 10 44,44,48,87,34,83,61
9072 2812 10 109,20,63
18069 17459 9 58,39,48,50,35
42279 44865 10 77,182,94,136,91
541 18728 10 41,49,41,49,54,63
28916 42256 10 18,41,17,109,40,112,47
38805 33984 9 145,20,20,41,48
22141 26770 10 9,66,143,133,136,45,129
21695 284 10 120,60,163,162,83
30707 21580 9 59,104,67,96,18,61,144
12585 38983 10 78,103,45,163,46,33
18440 2648 10 116,104,117,181
38249 19570 9 89,85,10
27609 12570 9 178,163
2716 45600 9 135,69
22144 41425 9 185,71,194,106
32128 15594 10 17,54,58,134,81,68
34606 36080 9 49,50,185
28968 14177 9 150,12,182,9,178,53,120
14481 38024 10 63,184
8574 22546 9 130,65,49,53
2543 43901 10 162,104,140,16,49,21,15,162
42613 39462 10 132,129,38,144,19,48
19619 40119 9 57,49,119,28,162,52
34458 17375 9 119,82,113,45,132
5057 21681 10 109,24,65,63,130,52
33316 23805 10 185,182,43,109,104
35419 29204 10 85,149
10280 40189 10 113,44,45,29,19,110
9481 17452 10 63,61,107,40
32573 45492 10 131,65,19,19,15
31711 44681 9 87,101,131,108,156,184,21
13438 3268 9 101,50,132
39626 17424 10 185,119,185,21,114,136
28777 25295 9 179,42,140,9,54,23,47
5232 19397 10 65,160,185,53,32
44819 9011 9 78,61,96,29,10,184
43387 43977 10 61,68
3022 29496 9 34,68,9,145,163,25,83
7535 20718 10 128,54
1395 9564 9 96,101,47,61,185,108,21
184 38406 9 134,41,66,169
28102 35432 10 83,108,37,163,149
39053 14119 9 131,182,18,30,23
10388 11440 10 185,209,28,16,38,52,32
20806 30421 9 26,18,67,60
3062 28864 10 40,14,63,58,58
17221 32503 9 109,49,65,183,163,34,35
37928 25082 10 7,21,152,104,19,114,10,51
1678 35619 10 87,102,103,66,17
31964 33210 9 178,185,108
40140 19485 9 28,36,20,68,182,63,47
7596 8271 9 40,58,28,57
17315 3437 10 68,66,19,14,116
30537 18386 10 48,83
13636 14120 9 81,102,44,52,179
35402 26887 10 63,20,119,82
33825 6157 10 42,130
25265 37532 9 81,103,43,195,83,132,22
2508 45518 9 114,145,87,83,40,129
41136 29168 9 30,48
5128 33010 9 82,38,59,50,49,63,120,40
17243 42647 10 59,9,116,61,129,42
35914 28276 10 39,62,14
28976 3027 9 64,120,83,10,81,61
24600 10344 10 43,102
19396 37385 9 20,54,51,21,139,48,113
25092 33889 10 183,143,130,81,9,126,18,31
28233 35251 10 49,18,101,106,106
15686 41217 9 163,45,69,59,106
8910 37986 9 184,87,49,131
24139 42156 10 56,63,21,83,33,20
11742 40355 10 83,47,37,14,113,62
15938 26377 10 85,24,48
40984 25015 10 141,58,185,59,60,47
30288 14170 10 69,57,179,41,20,135,48
3765 13159 9 61,7,39,47,160,185,48,162
3846 7599 9 66,15,194,85,67,83
33650 20049 9 140,141,119
6148 13692 9 85,45,114
24621 26536 9 117,143,33,41
6840 9417 10 26,129,131,115,48
27921 369 10 66,91,30,54,14,26,185,56
14651 9421 9 48,40
2951 36179 9 8,47,185,111,106,32
14132 12592 9 109,81,33
9966 10768 10 20,58,55,49
38104 40683 10 34,65,80,102,8,85,62
1263 2406 10 100,83,14
19576 28393 9 53,36,53,108,114,57
34981 13712 10 18,127,113,156,58,115,18,112
31402 26198 10 60,36,57,52
7150 42024 9 136,46,177
7709 20764 9 145,49,49,63,10,179,152,105
40090 9959 10 179,111,63,22
19145 9471 9 162,185
40653 36619 9 85,103,19
8258 10186 9 52,216
40459 24605 9 40,118,52,149,145,9,12,15
29061 14767 9 132,136,22,68,39,135,179,82
24347 43484 9 106,128,113,67
24544 2584 10 39,56,61
24568 2382 10 119,40
35696 17585 9 102,102,92,64,163,83,48,64
14261 1839 10 85,97,85
29907 24586 10 65,41,105,83
8223 44068 9 194,118,60
28332 15230 9 30,57,100,144,58,164
10066 16444 10 178,182,21
24576 32831 9 130,78,129,49,163,50
28388 27710 10 116,50,129,169,60,45,103
16247 31629 9 41,136,129,40,48,54,18
17169 5360 9 139,104
5446 4198 10 27,41,16,64
15585 45740 9 44,67
10252 5291 10 64,55,62
14130 11104 10 177,57,16,43
37188 11287 9 38,38,181,37,18,63
20478 33236 10 113,85
15685 42838 10 110,130,105
4430 2685 10 61,84
7897 39341 9 48,22,68
21320 43413 9 36,144,25,51,12,10,14
6255 34021 9 60,48,113,103,105,102,65
6487 2554 10 49,73,42,21,119,105,56
33801 31258 10 104,39,55,43,52
10166 28810 10 166,42,21,103
9418 9127 9 102,130,32,163,119
42388 23992 9 66,61,59,58,129,18,7,16
38324 7164 10 15,112,24,91,156,102,47,201
6559 11806 10 82,119,113,61,58,61
19886 13305 9 129,53
39578 14084 10 169,118
36719 2021 10 103,177,143,128,39,103
13826 33315 10 23,129,54
2062 19801 9 37,194,102,79,96,18
39458 33 10 63,19,119,16,134,65
28562 28744 9 129,48,129,63,15,53,34
22277 19690 10 91,24,185,68,21
29844 20275 10 17,45,194,16,104
34638 3545 9 58,20,10,109
35963 1270 10 66,51,62,134,101,156,63
41882 24289 10 61,61,119,115,68,112,82
37694 23797 9 140,62,61,63,33,35,66,194
35823 29046 10 61,135,179,23,59,8,83
1977 27328 10 63,183,104,104,31
22083 17556 10 103,49,45
36231 10606 9 21,145,21,84,85
38633 33747 10 119,20,130,146,106
30415 39693 9 19,23
17008 45532 9 50,44,184,82,181
45700 19249 9 131,119,108,84,46,14,63
14770 33311 10 29,8,109
23935 4483 9 59,59,75,84,37,102
2690 6883 10 65,104
8370 22638 9 119,129
6985 19882 9 130,104,169,85
22379 45406 10 176,194,84,110,145
43755 32349 9 85,182,96,27,26,69,132
32810 10368 10 79,51,41,83,48,52,185
30530 44577 10 59,178,60,65,145,211,152
10907 28393 10 18,12
28146 3893 9 54,17,49,62,41,54,49,56
42131 30856 10 216,135,106,103,144,195,52,83
37037 15181 10 53,108,45
32780 20823 9 46,59
12238 43530 10 17,81,107
1051 34755 9 18,52
20558 45066 10 22,56,153
16662 38694 9 12,59,101,91,29,117,16
12883 42139 10 141,116,52,43,60,63,63
17207 25946 10 80,194,27,66
42728 38588 9 61,80,33,59,103,109,49,21
43181 40724 9 24,21,157,59,15,47,49,179
14169 22471 9 116,34,16,183,30,43
35932 6124 10 21,50,20,143,117,83,85,63
2267 3065 10 21,16,62,83,84,159,18
25701 7771 10 145,134,25,48,51,167
33831 17859 9 129,132,48,10
18358 31106 10 57,129,106,42
550 13138 10 59,17,87,36
42741 29502 9 9,163,62,160
19942 40425 9 103,37,220,110
2578 37028 10 79,51,49,160
1396 102 9 83,42,39,128,42,96,48,152
20175 14062 10 49,17,36,34,91,48,36,49
26452 6625 10 84,19,63,43
37199 43539 10 39,83,64,141
23779 1564 9 113,136,104,33,58,120,115,136
30277 36975 9 111,179,156,52,63,81,20
34029 42952 9 7,111,59,16,67,116,104,134
26819 26722 10 32,49
21624 1947 10 58,49,185
31707 2814 9 137,62,118
32322 10028 9 24,101,15
39929 21021 10 82,140,134,51
5352 31113 10 41,84,81,66
34754 7193 10 169,65,119,8,163,40,77
30414 42238 9 136,26
23641 40884 9 82,163,185,66,47,53,138
13303 21299 10 49,178,140,21,116,20
16381 24264 9 10,162,91,62
16816 40761 10 114,62,173,184,179
2795 38762 9 109,184,38
20941 41386 9 182,59,37
21926 29352 9 83,23,36,60,23,41
25357 19623 10 111,49,8,185,113,113
23305 3408 10 52,100,63,87,17,42,87,65
31645 41902 9 108,178,29
29182 41193 10 45,61,30
37943 16981 10 81,57
36302 44850 10 184,42
21598 24449 9 67,120
36825 4298 9 28,84
45141 27058 10 80,204
12358 31662 10 37,103,194,181
23995 14791 10 28,28,129,84,53,163,36
9143 44877 10 118,50,119,131,141,194
9612 7407 9 129,98
30632 10585 9 68,185,180,119,111
33145 36356 10 9,44,59,44,102
45749 3223 9 66,43,143,130,18
35361 6865 9 185,23,49,49,185,109
1294 36316 10 30,108,149,56,8,10,106
8120 32115 9 119,119,131,62,112,64
30965 7540 9 119,63,194,102,119,28
37798 10687 9 20,140,106,91,21,91
19133 7135 9 114,35,169,48
24275 33474 10 14,102,66
24274 40380 9 107,116,200,85
22628 41073 9 58,129,109
29265 19247 9 129,21,60,82,49,115,81,46
15477 43537 10 49,62
24449 4978 10 148,161,103,145,30
40932 20398 9 119,58,210
8495 45733 10 129,55,146
29996 14873 9 10,18,143,41,22
7778 1017 9 178,69,85,113,19,38,128,163
23185 27562 10 136,56,26,27,185,184,83,57
26007 35368 10 35,51,130,57,80,47,98,40
3796 11732 10 53,41
15313 28519 10 63,16,16
20079 38177 10 131,184,56,57,58,96
33139 27110 10 12,40
16547 21908 9 16,57,65,130,126,17,183
38966 42001 10 163,98,36,139
12339 38616 9 61,81,128,83,8,36,20,43
20977 8143 9 20,54
27081 3916 10 119,87,57,130,102,59,127
39493 17654 9 54,52,104,15,78,135,59,43
18452 16428 10 58,50,163
4366 14753 10 105,23,84,39,162,162
39349 30061 9 104,37
18646 28182 10 49,15,119
11757 31170 10 37,111,44,59,162
21158 41887 10 23,156,87,96,31
29725 33731 10 63,60
15547 40378 9 53,15,142,48,10
44195 31242 9 110,23,142,185,58,55,21,21
8478 12898 10 111,49,83,211
37379 22696 10 30,57,21,113,118,62
10908 33374 10 110,19,129,119,119,112,14,118
22170 6962 10 106,146,18,60,62,106
42055 17839 9 105,84,184,7,132,34,47,129
36073 39099 10 84,108
37029 9290 10 23,115,84,129,104,38
11201 32530 9 55,20,143,59,32,58,109
39970 25282 9 54,67,66,84,56,82
38451 2279 9 10,64
37520 29464 10 158,40
45205 21098 10 64,100,126,55,21
40303 30672 9 104,116,49
14002 22070 10 47,64,116,63,49,51
14455 32010 10 116,19,18,114,9
16062 22662 10 129,26,85,25
23250 27592 10 57,106,55,136,91
17908 26733 10 104,39,194,67,36,60
31662 33626 9 14,130,181,112,14,58,102
41780 3738 10 135,108,110,146,58
25165 28968 10 142,69,152,44
1416 29107 10 63,113,81,21,169,57,104,132
17109 16818 10 84,211,61
3890 6489 9 118,20
15261 35767 10 136,112,183,181,84,19
53 32822 9 144,104,152,63,194,30,85
23007 21508 10 62,129,62
29904 29292 9 61,51,49,25,55,51,29,58
26091 34299 10 118,57,108,56
31943 22248 9 49,142,9,64,17,109,119,102
29052 5578 9 19,47,47
45092 13906 9 34,113,118,28,100,183
36099 2128 10 27,23,130,130,185
14228 34256 10 23,21,119,118,47,91
31190 20130 10 48,83,181,129,62,49,21
41029 3088 9 49,167,41
889 33486 10 61,16,134,57,159,163,169,152
31999 7363 10 131,108,179,112,136,53,61,21
29341 2115 10 114,141,117,62,81,158
34871 13626 9 29,87
4004 3534 10 118,37,83,160,144,83,19
21885 38273 10 47,77,14
19848 13163 9 104,43,87,112,18,81,183,102
34814 38720 9 51,68,48,110,58,182,84,35
13325 16473 9 53,65,109,63,54,39
17778 26578 10 41,34,64
42737 17615 9 23,49
24942 4716 9 61,59,111
40033 37132 10 58,38,29,22,65,84
22512 9330 9 82,111
7371 24875 10 132,169,15,80,52,59
42005 9544 10 10,115,102,53,194,52,162,58
35227 8890 9 58,142,58,119,103,53,49
13093 24408 9 37,85
33854 4324 10 95,24
37872 36253 9 91,63,216
18326 22941 9 83,9,60,53
13646 880 10 53,64,104,53,104,160
25879 12590 9 67,84,20
10637 30550 9 181,77,91,20
40333 19788 9 58,41,91,36
16735 10657 9 30,47,59,54,103
33666 12858 9 21,58
30249 17781 9 59,21
7160 22849 9 163,69
37478 14588 9 38,85,85,68,46,48,85
31789 17896 9 50,22,65,107,9,53
43628 29927 10 96,48,63
16377 39427 9 182,84,66,69,118
45002 24245 10 12,64,49,211
10981 41959 10 61,85
15137 22774 9 37,34,47,184,19,84,63
37570 25809 10 36,119,44,119,114,61
13233 19988 10 47,52,112,102,135,34,63,36
9553 44820 10 103,112,54,47,149,162,63
38339 16996 9 101,83,63,149,142,65,54,26
31318 7506 10 105,132,87
28516 19035 10 181,21,51,112,105,194,7
27288 41197 10 106,131,113,113,179
40166 39550 9 131,61,43,35
43353 3906 10 114,119,179,140,129,31,82,135
40318 484 10 185,41,113,21,83,59,9,44
2335 35619 9 153,159,35,65,68,118,45
2065 24576 9 25,58,83
20 2973 10 64,54
26836 32558 9 102,128,194,27
39136 8480 10 92,25,20,21
16321 41505 9 185,8,100
39742 34750 10 83,15
27532 3220 10 55,97,40,99,52,149
18096 23971 10 183,50,77,53,67,132
22467 1860 9 26,22,37,104,60,19,129
24074 25185 9 162,109,129,131,54
42031 35401 9 10,48,17,120,106
15281 45736 9 81,103,163,65,80,63,184,102
3905 15833 9 139,105,19,128,71,49,63,85
33228 8146 9 181,143,136,14,104
25540 43094 10 49,144,160,36,184,49
40911 28987 10 67,58,136,83,67,83,16
25283 12798 9 67,104,137,58,10,56
23024 26409 9 169,42,115,36
38844 4035 9 120,100
1621 36558 9 33,45,84,142,139
45277 44881 10 32,154
23285 16279 9 185,20,48,34,9
36486 32021 9 39,49,61,107,56,117
32752 38363 9 20,53,45
22686 32761 9 102,21,177,62,21,49,61,96
35578 13406 10 28,23,28,33,91,83,52
26672 23048 9 19,10
977 29638 10 68,65,179,53
40040 36881 10 40,149,112,59,17,22,111
42784 3837 10 53,66,183,105,36,81
35806 31180 9 49,59,51,132
3608 20008 9 211,37,79,91
10748 29455 10 36,84,61,21,58,24,53,55
32439 12865 10 154,83,184,120,48,40,118
34327 1857 9 108,194,132
21531 43503 10 63,131,106,19,178,104,95,169
17473 5525 9 18,119,162,44,85,48
14236 43897 9 39,82,61
37259 29564 10 19,66,62,179,91,127
446 38714 9 82,17
6195 26427 10 48,30
4540 22940 10 62,61
23230 36932 9 12,66,9,50
5836 27693 10 103,100,78,163,57
679 9373 10 48,63,153
31281 18784 9 20,112,117
21421 42032 9 136,25,25,21,22,117,63
24768 41935 9 10,37,129,140
31290 41722 9 65,107,21,10,109,67
31562 34649 9 160,37
29406 20892 10 58,156
38627 29132 9 36,55,7,20,78,141,105
20654 28616 9 87,63,17,156,183,9,31,49
42266 45484 9 178,163,68,20,148,24,163,56
11852 5496 9 59,53,49,51,10,21,54,24
38410 26465 10 109,57,46,129,48,149,48
19543 37987 10 39,46,178
18197 3055 10 185,65,130,117,45
31248 37442 9 8,28
10961 8265 10 105,136,115,78,185,40,177,42
37882 15344 10 79,44,45,22
40487 34950 10 18,43,63,114,57
21479 20259 9 141,21,28,103,60
30960 42297 9 26,133,22,103,131,153,23
25665 18096 10 144,16,65,169,131,51,104,42
444 15694 10 143,62
44328 34800 10 35,50,178,60,44,47
19754 42502 9 184,35,21,30,49,55,14
9671 8115 9 120,144,101,126,65,49
15576 8478 9 49,18,178,87,185
13784 29401 10 204,154,26,18,46,54,96
19135 15333 10 132,113
19389 38964 10 35,178,17
8487 44285 10 104,87
37885 7862 9 178,19,48,131,129,119
7295 10849 9 16,22,194,58,51,58
43294 26753 10 179,59,63,114,21,118,63,120
35520 40864 9 131,177,49,169,62,114
29083 6005 10 120,102,60,63,45,62
40160 31356 9 68,25,119,7
976 2149 9 160,60,51,49,22,83,101,60
38222 7120 9 185,34
37939 41516 10 24,119,69,126,53,44,149,115
11527 28085 9 24,84
27131 33780 9 104,15,23,85
44284 32051 10 214,129,18,135,66,57,56,43
25533 9437 10 48,108,20
42314 28768 9 181,120,56,35,66
2500 24620 9 21,132,69,184,64,59
37747 42019 10 48,83,109,131,82,12
17812 14101 9 169,87,104,184,48,59,57
12019 36119 9 62,102
12712 38319 10 154,50,104,24,68
45013 37996 10 77,185,79,31,137,179
17504 24552 10 9,19,58,22,108,37,144,82
24325 36822 9 13,106,31,109,83,10,117
21263 18361 10 81,25
28451 40032 9 136,128,30,169,16,14,51
7475 44985 9 25,183,17,58,65,39,81,119
41517 9376 10 18,55
21796 41456 9 43,47,49,83,163,65,47,21
24547 35650 9 62,117,20,30
16192 7585 9 149,30,15,85,162,101
33400 40314 10 60,39,59,47,136,91,144,44
33509 35981 9 102,62,132
34806 11063 9 85,119,153,67
28475 38308 10 131,44,21,30,61,83,82,191
557 26856 10 82,129,108,68,41
31657 45480 9 103,149
11197 39446 9 60,55,177
18192 34226 10 163,185,94,12,63,108,8,178
19435 23010 9 16,130,29,49,63,104,16
5570 18015 9 20,64,120,83,145,63,106
2590 37617 10 62,84,162,135,58,51
40923 10692 10 62,82,41,38,67,128,83
40763 13496 10 36,114,131,41,103,99,153,39
8738 43902 10 119,108,79,23,23,163
35465 40084 10 183,19,117,184,179,179
45616 33546 9 10,66,104,36,119,50,41
33856 32505 9 101,57,29,136,129,61,20,10
11063 6544 10 37,120,98
44713 41218 10 53,149
41671 15550 10 141,144,48,23,96,102
17163 10756 9 17,129,10,60,130
37400 29564 9 48,163,104,10
4919 34480 10 129,85,62,185,50,107,29
39157 43746 10 162,64,41,36,179,52
38743 33582 9 119,50,102
9 35997 10 91,44,22,114,44,63,26,35
35547 33858 10 68,47,61,66
17733 27164 9 182,58,48,40,146,119,36
38304 24454 9 30,41,162,35,46
24804 4893 9 61,182,69,50,53,153,131,49
26591 29776 9 83,49,144,159,185
40057 35180 10 73,52,40,21,82,60
10196 19115 9 152,136,12,51,49,29,81,103
23626 11344 9 39,112,32,8
16690 25865 9 28,119,67,55,19,85
37961 35518 10 14,61,67,104,35,50,120,32
31874 16698 9 53,136,130,35,59,69,135,120
15051 27571 10 118,104,119,41,114,39,103,66
15160 38616 9 104,194,149
8272 28062 10 58,65,80,83
29113 42866 9 60,20,61,59,135,107,10
41873 45082 10 104,116,37,104,142,46,120,19
14533 16840 10 8,14
24579 5707 9 63,185,48,58
21475 20540 10 94,66
16884 9156 10 182,78,24,194,182,21
30846 15993 10 67,47,185,108,83,61,45
16510 790 9 194,80,25,60,116,185
573 35039 10 50,49,84
31387 42008 9 48,32,25,30,82,69
44911 50 9 105,62
22395 13525 10 47,85,66,185
44363 25879 9 19,142,129,136,83,58,149
103 6421 9 69,111,59,12,64,44,119,41
7194 27037 9 184,30
949 4704 10 9,185,111,21
20635 17874 10 61,55
38790 11447 10 18,15,67,103,128,85,129
40867 36251 9 51,119,48,46,41,35,129,38
40 42190 10 194,118
726 18160 9 39,65
23034 42634 9 59,163,119
31562 21186 10 7,185,38,118,60,106,39
32174 42977 9 21,116,182,20,117,184,119,102
19468 25309 9 67,183,20,183,49,60
29018 23875 10 160,41
41034 18961 10 47,142,60,12
33131 10971 9 108,65,119
20990 5893 10 128,111,181,25,114,113,103,106
15107 27415 9 55,85,58
13535 41077 10 129,62,23,114,29,42,108
43588 39734 9 85,129,44,60
38915 2680 9 182,59,8,85
43500 38533 9 59,120,103,21,103
14468 18908 10 46,27,169,113,83,38,129
17793 18233 9 20,104,100
6950 26136 10 78,69,57,177,179,53,94,48
24176 25248 10 107,48,87,61,52,163,82,59
21929 9359 9 28,17,128,58,106
11624 31346 10 37,63,129,25,59
1182 42463 10 20,115,7,58,114,60,23,96
15067 28234 10 120,61,29
3125 42893 10 67,111,14,132,46,182
24499 24539 10 211,58,83,100
35405 17399 9 47,30,18,9,87,28,104,51
40646 20711 9 56,101,149,102
9811 16996 10 83,129,25,62
1435 20025 10 104,14
41759 19508 10 84,179,113,178,81,18,21
22890 847 9 51,131,18,115,28,68,110
9046 35577 10 60,181,58,143,56,85,140,132
9226 28216 10 57,101,140,9,87,56,108
3312 18825 10 47,80,134,133
29324 6179 10 63,177,80,177,59,55
7891 40567 10 67,100,62,119,131,56
34399 44516 10 183,80
44395 10271 10 56,44,103,82,59
42509 40992 9 113,28,19,102,97
22875 31052 10 43,178,53,49,112
36237 35097 9 48,140
5673 26731 10 184,63,81,54,21,48,60
12784 44838 10 80,25,20,29,19
27110 39774 10 84,60,45,48,50
24982 8394 9 114,44,30
30531 776 10 77,59,63,61,49,55,82,65
15444 39476 10 78,9
18270 11524 9 119,178,120,56,84
14146 25623 10 68,52,63
11657 20240 10 104,81,85,120
24484 3314 10 135,60,21,132,19,84
32560 3101 10 112,130,58,81,38,49,59
28492 427 9 65,12,19,179,109,83,52
34573 2291 9 67,84,16,58,24
10858 45061 9 17,52,12,113,119,62,169
7251 16312 9 133,21,58,66
15516 43533 10 134,102,115,63,149,51
31477 5374 10 136,83,90,61
12450 37707 9 62,65
18498 45105 9 43,18,53,9,37,68,24
15983 17684 9 146,41,108,83
23972 17142 10 177,143
43678 44976 10 23,131,80,62,63
24668 20109 9 163,182,19,116
34066 44281 10 37,69,120,120,64,62,194,51
22553 8421 9 163,185
16100 42865 9 146,182,81,10,62,49,111
27539 13120 10 10,110
21945 8847 9 58,68,128,20,179,107,179,129
31682 45661 9 21,144
24041 23735 9 113,17,61,153,57,83,40,42
19999 20219 10 46,145,83,81,185
25041 14457 10 162,129,91,129,18
16695 20479 9 30,145,194,181,146
13602 27997 9 48,37,81,65,110,18,17,34
44793 29746 10 143,103,9,17
30794 31473 10 56,118,181,62,22,62,169
1098 2556 9 20,60,55,48,162
21937 43260 10 100,114,48,85,136
40007 11751 10 49,81
27687 26800 10 117,130
2437 8272 9 179,31,9,14,21,113,179
39304 6032 10 112,20,58,63
20644 2100 10 62,144,53
18921 30389 9 106,100,79,106,102
32659 1690 10 52,50,78
25127 21194 9 119,131,109
25503 6653 9 89,185,119,106,129,138,146,42
687 22949 9 18,104,61,106,129,49
5242 45219 9 162,30
30315 7930 9 42,61,51,65,104
4960 29492 10 113,58
2000 33130 10 139,24,116
44079 19931 10 24,20,74,128,20,68,104
10643 13470 10 20,58,108
44149 7483 9 111,19,53,61,58
22080 9814 10 22,110,130,185,183,103,47
12423 5683 10 61,63,136,104,83,41,119
4731 9957 10 181,81,18,104,24
41445 8017 10 12,87,135
8994 9590 10 68,85,20,48
37135 17764 9 37,153,119,33,67,41,40
11088 7207 10 18,118,119,41,85
21139 3638 9 32,44,213,116,103
35129 20686 10 156,40,113,83
30734 26409 10 118,20,163,60
25671 32808 9 130,64
13727 20769 9 63,87,37,129,81,53,185,62
39827 17716 9 12,85,184,80
44062 24021 9 25,144,58,21,216,141,188,61
26961 37276 10 49,145,128
23967 13413 10 181,146,152
34614 22299 10 52,41,63
153 10250 9 17,10,37,45
33054 40505 10 49,63,40,77,65
25633 25165 9 43,20,156
39611 1936 9 56,49,134,52,130,43,101
17951 33202 9 119,146,67,160
36452 18084 10 81,109,62,39
1894 6639 9 56,21,31,61,35
9136 16956 9 34,62,185,10,162,114
33394 28974 10 28,21,25,20,7,51,28,182
22159 40175 10 66,104,25,56,9,7,19,85
31807 4972 9 129,41
18340 31846 9 65,52,37,61,66,28,30,52
40863 7598 10 77,48,21,99,132
8286 25748 10 36,29
23524 18907 10 119,58
5409 4834 10 36,42
18239 35197 10 146,32,61,100,163,52
16201 38384 10 63,20,134,104,118,104
38777 7481 10 54,47,130,7,48,46
32676 25583 9 79,66,62,60
1946 44835 10 64,63,39,104
7177 24200 9 28,49,83,10,10,106
23244 40383 10 91,44,83,49,62,45,131
32115 38239 10 58,68,132
43827 9448 10 182,18,178,83,103
28782 17574 10 160,66,65,144,114,83
18454 11091 9 129,194,66,46
41841 6450 9 108,8,40,17
36113 19852 9 44,22,21,105,53,159,112,169
6208 4187 9 49,136,102,9,48,108,15,68
36350 1640 9 161,56,112,65
30273 10063 10 119,211,140,66,109,185
3514 17192 10 131,118,103,105,112,46
35142 15744 9 18,184,23,106,22,23,129,110
32821 32528 9 109,34,177,131,81,59,156,108
12618 39186 9 48,169,163
30162 17138 9 41,100,129,14,83
11734 44689 9 64,162,40,34,204,53
39868 37650 10 42,128,149
14795 15833 10 67,26
40231 3946 9 58,129,179,48
13885 30995 10 182,105,104,49,49
9240 41583 9 119,68,37,25
2964 44054 10 58,145,22,52,7,129,29,179
14820 42655 10 110,49,18,111,119
2381 27746 10 79,34,101,136,36,61,134,146
7733 19124 10 104,105,23,83
17678 42491 9 182,68,21,82,91,63,162
12371 18488 10 126,62,160
28885 12776 9 101,102,24,6,181,103
27129 9416 9 48,108,27
37587 18619 9 49,41,83,78,20,83,48
34572 5930 10 52,50,184,83,48,18,103,104
24699 35161 10 136,81,20,61
30986 19935 10 85,69,38,87,100,12,183
35450 13603 9 109,184,145,79,10
1428 44078 10 62,29,136,163,63,21,146
29120 20450 9 35,112,82,194
43673 17751 9 182,15,104,16,39,184,51,178
35741 23677 9 60,129,184,131,24,185,119
20872 36888 9 104,85,24,179
17661 3205 10 20,52,149,64,102,108,103
43188 18903 9 10,49,119,44
9008 26431 10 21,87,7,152,10,48,131
31103 27457 9 61,64,96,83,85,30
26837 33365 9 44,49,137,136,185,119
31249 20427 9 56,151,179,129,10,185,16
12225 39573 9 146,14,87,15
11663 17919 9 163,49,182
40085 25606 9 91,102
30578 37203 10 144,46,103,30,107,115,21
30328 14003 10 44,113,178,16,182,85,84
18888 2795 9 119,185,50,35,49,8,10,10
38916 31650 9 63,58,200
19265 22777 10 119,117
34657 20420 10 63,101,41,194,58,109,83
45654 18075 9 116,41,39,118,20,84,66
28191 32042 9 44,128,22,82,48
22205 23482 10 28,53,83,23,46
14599 8981 10 40,105,67,81,169,152,61,64
21626 14048 9 20,18,44,58,179,194
19533 16236 9 67,63,110,14,154,169,90
20388 2721 9 140,64,57
155 41960 10 53,29,25,60,53
20632 3350 9 185,120,14,184,48,61,20
17841 13422 9 132,23,50,14,15,43
33195 14415 9 91,185,64,19
4366 12091 9 7,134,19,69
14892 27809 9 144,128,117,45,23,21
37961 23306 9 64,118,115
2714 4968 9 98,104,53,115,21,83
28030 27462 9 63,119,145
45066 42086 10 144,37,51
43662 31153 9 63,105,179,68,63,20,129,53
6990 40130 9 10,51,63,104,21
23217 39979 10 109,49,117,140,181,53
44692 39149 9 126,61,149,18,33,36,101
31958 27132 9 178,119,87,49,155,120,25
15723 11281 9 184,34,18,30
15491 36442 10 17,48,67,12
34882 38451 10 54,169
24611 16995 10 18,103,103,119,52
8438 26905 9 135,85,42,109,67
45448 2531 10 130,163,49,41,59,61,82,24
5971 16312 10 51,118,57,105,21,62,83,152
15227 32986 9 85,54,118,57,21,63
23180 35538 9 146,84
3577 34053 9 185,79,62,48,184
3878 20217 9 62,24,61,109,35,58
40660 9949 9 63,19,9,23
12875 22518 10 81,112,43,68
23814 35286 10 119,146
45423 32004 9 118,47,18,39,47,130,104
10155 1606 9 41,146,119,119,181
28239 4283 9 62,64,15,60,100,211,96,19
43187 37028 10 80,58,30
10139 13098 10 83,59,84,129,25
43262 12802 10 149,132,118,102,22,104,108
13199 14423 9 104,103,182,66,58,104,145,23
28839 37395 10 181,107,133,103,52
1234 5945 9 21,106
5082 34341 9 57,119,135
26622 41366 9 113,39,50
19671 769 9 145,19,30,110
32931 31625 9 32,53,130,58,104,84,153
22930 41487 9 15,69,118,135,45,181
32739 3072 9 117,43,25
33152 19142 9 87,18,38,35,20,103,58,182
3298 12865 9 20,130,53,169
34854 12626 10 48,95,47,44,65,57
37199 12755 10 99,83,83,56
19559 1902 9 7,87,131,23,18,91,34,37
22098 6724 9 90,41,30,56,82,10,182
16393 19460 10 80,28,129,64,69,185,184
23258 13956 9 116,58
24796 15986 10 129,18,22,34,22,129,49
39158 23074 10 134,185
5769 29373 9 107,36,108,178,26,146,108
37073 26264 10 57,152
41265 16308 10 34,120,101,146,19,10,63,129
15477 43155 9 18,128,32,59,64,26,102
23503 13884 9 130,44,58,61,64,48,18
22536 31860 9 79,83,87,104,117,49,179,40
239 18935 9 51,39,20,133,50,59,85
42921 25604 9 104,179,108,102,48
26824 25038 10 18,135,111,81,59,60,109,55
20835 24436 9 142,66
23856 24540 9 10,185,43,87,104,22,19,87
34444 34955 9 69,132,8,53,60,9,169,110
15454 36872 9 185,57,60,24,111,17
25158 3784 9 14,51,63,40,105,185,87
43194 13644 9 112,130,58,110,119,67
40950 26602 9 21,54,91,55,64,19,56
22765 4509 9 67,60,83,106
21170 2193 10 22,9,62,181
21457 13460 10 66,34,10,15,63,14,18,132
25814 40693 10 66,66,102,105
17958 25789 10 47,10
29710 22047 10 60,63
39715 5517 10 21,185,54,184,81,135,115
39880 30463 9 40,21,59,18
22498 19294 10 49,41,64
5490 18727 10 87,49,129
14438 3716 10 67,58
31805 14265 10 211,142,184,83,103,64,21
38519 38988 10 69,163,82
17343 15207 9 119,82,25
13011 23558 9 18,29,21
17665 25502 9 84,7,37,10,103,40,67
32570 9732 10 17,141,19,84,39,96,50
31401 45160 9 131,68,129,64,145,110,58,8
413 13231 10 23,118,47,43,19,178
39767 27239 10 179,110,114,185,115
31581 17920 10 82,119,58,21,60
3983 25556 9 58,104,63,9,50,81,53
21334 17025 9 49,119,85,56,62,145
24234 5840 9 62,45,15,50,119,46
7181 24579 9 58,104,130,41,182,47
32662 21725 10 48,104,115,18
5912 6294 9 163,85,21,156,185,83
7268 28428 10 185,111,117,50,182,156
21663 44034 9 56,46
2620 41685 9 22,69
41777 29671 9 48,57,112,48
34312 6415 9 109,20,30,51,119,53,10,160
18439 33400 9 50,129,58
16888 29045 9 47,63
19980 6192 10 53,143,129,59,58,85,130,60
23199 29684 10 184,53,18,91
231 45612 9 63,102,59,59,108,47,58
25897 34106 10 18,20
41523 11972 9 113,38,177
6104 44586 9 33,110,100,142,60,93,194,142
3063 5475 10 56,82,53,179
7696 8419 10 45,184,57,37
25053 25407 10 40,62,62
15620 14807 10 53,60,46,153,82,18
964 14291 9 83,30,83
12030 14424 10 59,30,78,119,49
9483 26652 10 84,101,108
11879 4482 9 63,130,53,19,36,37
12571 12086 10 119,18,113
24014 37163 10 113,7,184,55,44,47,185
5016 26926 10 45,182,62,117,36,185,66,111
17990 8603 10 10,128,44
14539 14912 10 58,149
30374 40705 10 129,58
650 4786 9 22,135,20
31968 34411 10 36,136,65
11125 37677 10 146,17,110,85,60,60,83
17700 39340 9 60,63,110,69,129,16,136
1062 15133 10 47,118,163,60,119
2833 22619 10 55,67,38,103,185,178
26951 5255 9 37,76
42798 8892 10 87,24,184,69,83,55
27125 14772 9 34,17,67,87,149,20,106,14
25303 17213 9 65,162,108
30670 22978 9 183,56
43295 39834 9 119,39,116
12150 23446 10 91,51,91,183,48
23958 25901 10 59,35,152
25310 23447 10 103,49,53
14118 25231 10 53,48,66,59,14
7828 25632 9 56,194,102,85,169,185
18776 33340 10 119,38,38,21,63,162,195
26942 30188 9 83,22,53,119
43782 3332 10 51,53,20
13317 35819 10 61,135,141,51,130,104,37
27922 16092 10 141,81
34636 175 9 118,44,128,165,66
45221 76 9 20,113,83,65
19781 6008 10 136,68,67
9176 10003 10 182,19,56
26033 39774 10 48,131,48,104,64,62
45019 17561 10 185,65,185,129,58,87,129,130
37132 17642 9 101,92,110,15,120,83,45,51
17716 30223 10 55,63,219
13866 21075 10 53,69,131,83,102,50,129
6100 21409 9 63,103,178,29
45087 27967 10 42,29,91,83,185,58,48
6406 33047 10 184,69,23
37339 22751 10 184,58,119,10,59,53,96,87
21937 9081 9 49,28,20,158,112,106,41
34469 33776 10 83,80,106,115,192,110
31130 27777 9 34,169,59,87,57,41,128
8301 31671 10 58,20,128,144,157,185
9630 35654 10 32,140
9596 25259 9 17,59,110
11771 34878 10 160,19,67,119,21,33
12718 30179 9 68,6,50,93,163,64,101,7
14866 5129 10 185,68,59,34,109,44,49,104
22691 36054 10 87,163,185,163,46,80,81
28625 7289 9 126,55,21,44,185,35
16779 5094 10 15,159,83,112,80,109,35,9
39344 39854 9 62,62,49,37,38
10698 33751 9 14,60,92,49,69,10,29
5430 36469 10 60,48,113,31,21,113,120,118
1970 2822 9 108,194,140,103,112,83,59
29680 12592 9 110,7,194
21395 13079 10 82,135,10,130,49,210,211,130
19744 29699 9 103,83,49,19,144,7,91,33
26955 44912 10 10,103,53,59,55,129
39647 6360 9 33,112,65,94,20,62,110,129
13219 5974 10 185,26,82,114,111,69,115,50
38332 7930 10 43,184,179,31
11908 17623 9 132,8,58,119,182,98
1606 2255 10 21,120,54,58,68,81
14049 1772 9 103,61,112,17,152
6807 9310 10 19,36,12,53
13569 30447 10 162,20,47,24,69,84
20472 16135 9 85,99,130
19335 22587 10 129,40,46,181
18328 31939 10 142,111,61,48,131,109,10
42066 11689 10 59,84,136,22,20,185,136,28
10134 22187 10 9,58,129,46,54,136
1348 33475 9 44,63,118,49,128,47,51,129
24049 44835 10 15,62,32,63,61
8470 40646 9 143,15,69
39934 45248 9 91,118,83,35,134,60,169
39519 17165 9 163,30,28
25645 13708 10 60,23,102,20,8,182,104
17360 9494 10 183,162,104,62
39523 36470 10 50,81,48,185,58
36137 35895 9 55,112
1132 29520 9 26,185,152,111,184,142,91
20079 44159 9 183,55,46,48,52,47,85,60
10376 38827 9 35,31,55,51,102
5998 30472 10 23,185,62,112
10878 13987 9 119,8
13690 10584 9 114,169
23368 6509 10 41,19,140,211,34,131
32897 16502 9 18,79,144,52,77,91,149,110
22416 4142 10 51,14,28,58
11421 36265 10 64,136,42,48,50,25
4154 5251 10 82,60,14,41,101,22,20
17998 16373 10 102,118,35
27466 8555 9 44,65,8
13216 19145 9 90,194,102,181,48
34508 23657 10 21,98,58,116
1707 40797 9 135,81
10252 29218 10 43,49,40,112,185,129
38560 1713 9 91,130,22,108,30,185,49,13
26897 18500 9 43,49,110,100,66,41
23560 33157 9 40,119,45,129,129,184,12,16
2119 30023 9 113,21
6105 12381 9 133,184,29,177,132,47,113
35444 44235 9 103,108,179,83,48,185,66
471 32188 10 87,156,111,94,128
28913 8163 9 56,79,10,63
25414 41914 10 48,118,156,194
34798 37165 10 14,45,14
4145 18571 9 41,84,87,78,48,103
35528 7799 9 52,21,41,209,38
1817 11204 10 58,33,20,61,84,177
43580 15027 9 53,47,111
31639 2583 10 45,124,194,45,120,81,53,159
21759 25867 10 83,54,105,134,22
23077 32918 10 85,48,179,62,129,54,68,136
14621 11316 9 21,16
31013 41019 10 51,65,47,27,16
7006 15240 10 22,65,27
25115 30397 10 169,118,41,181,14,80,18,23
23764 14505 9 130,184,130,51,182,104
1006 31462 9 37,83,67,83,103
1600 22555 9 160,119,140,19,8,101
37111 37173 9 25,28,60
22254 2974 10 84,129,119,104
4854 35386 10 65,129,83,152
22749 30186 9 185,30,135
40993 41315 10 84,17,119,37,184,144
39389 14080 9 156,83,49,31,58
31454 26730 10 91,48,81,165,63,14,136
25868 17273 9 184,7,39,17
23374 41698 9 157,184,146,9,129,52,143,64
4745 2017 9 96,60,134
31052 20678 9 106,162,128
3671 12614 10 102,129,20,83
8985 43990 9 33,103,31,61,85,47,85,74
36816 41810 10 61,119,120,140,20,10,58
37534 35162 9 20,49,49,105,104,26,28,84
3839 37633 9 45,7,136,58,45,45
18270 1120 10 18,169,23
26611 22045 10 16,184,69,44,64,61,18,169
8686 30564 10 16,22
25520 31238 10 169,20,102,136,59,18,36,142
24018 30677 10 94,22,97,63,108,182,83,69
3137 28516 10 111,28
18018 35480 9 18,58,101,101,117,83
17925 44015 10 10,32,48,87,36
9402 28690 10 16,136,28,19,10,39
44977 44166 9 58,110,117,81,21,42,36
14885 16221 10 84,91,162,106,58,103
641 25576 10 83,83
21689 16258 9 119,102
7094 5826 10 21,130
23449 33286 9 119,51,38,103,25,156
31534 33236 9 117,63,61,91,69
19652 21774 10 63,8,184,181,47,69,42,156
39744 39759 9 133,50,56,15,104,8,29
39235 7051 10 15,52,143,48,82
14978 13870 9 112,41,22
14890 36551 9 104,51,96,101,27,115
610 31826 10 120,23,109,21,84,23,184
34065 24748 10 169,54
12796 39265 9 59,67,59,19,55,84,119,182
31644 4423 9 24,48
4606 38974 10 60,38
26440 13820 10 61,41
4461 24611 9 95,103,182
33653 4932 9 120,55,63
17234 2210 9 41,53,49,111,113,177,104,26
34564 38988 10 184,185,54,27
6930 41434 10 20,111,113
18877 13446 10 60,33,39,19,28,119,153,29
5631 29109 10 26,163,48,27,53,15,98,160
23173 26552 9 84,59,50,82
3787 32750 9 129,62,7,87,14,134
17104 14329 9 87,153,169,181,12,119
5943 30314 9 156,16
31811 26516 10 53,185,59,136,18,183,51
8789 30534 10 178,104,169,182
5277 14197 10 36,115,18
28428 4410 10 65,49,104,158
39969 29557 9 117,109
19610 29526 10 49,130,104
33875 23659 10 65,23,84,17,44
36252 30206 10 81,129,128,67,140,179,179
14451 875 9 47,103,85
40999 43767 9 211,12,81,18,15
25115 9758 9 82,163,42,44,54
17192 18735 10 19,35,42,182,18,120,211,60
8549 30056 10 32,52,95
38686 14883 9 12,119,80,13,134,156,110,116
35170 15680 10 44,129
33933 38934 10 6,96,158,53,119
22910 19585 10 10,145,67
41004 20118 10 102,128,27,179,17,211
3710 3737 10 70,18
11235 11132 10 103,103,35,178,154,29
14669 12262 9 129,117,113,149,65,129
42291 43233 9 85,14,106,178
18811 16364 9 119,114,115,132,194,61,194
10277 23435 10 91,105,65,113,7,41
17435 35290 9 59,36,81,120,135,53,142
3566 27552 9 152,23,38,113,19
17028 40144 9 43,39,104
25218 18436 10 64,144
16392 6226 9 211,158,81
2357 27747 10 20,83,119,17,129
13202 32647 10 138,83,102,14,67,101,15,31
28484 7448 10 194,7,35,194,19,37,39,14
21084 39379 10 83,116,105,43,24,101,105,58
8429 25037 9 143,85,162,85,117,185,87
12688 2786 9 132,29,60,113,145,65
4486 26194 9 90,85
18622 26877 9 43,62,104,163,129,116,50
15263 26877 10 20,145,141,113,81,10,136
34530 19282 9 58,59,37,84,15,141,21
29356 4283 10 49,49,156,83
9178 21317 10 66,26,65
20056 6944 10 118,136,66,105,113,82
14288 17032 9 178,185,44,82,30,102,132,61
2968 8958 10 57,59,194,49,45,120
11284 28694 9 78,7,18,117,169,185,77
39525 33987 10 63,54,129,104
75 13375 9 59,7,120,120,22
37582 34196 10 78,63,60,185,55
38415 44844 9 179,53,31,21,117,19,35
24807 44298 10 119,32,103
24661 33515 10 144,114,131,39,117,59,75,113
10395 21406 10 29,24,49,38,105
8364 31093 10 113,55
5826 45187 9 39,106,61,103
44237 199 9 69,18,60,59,60,194
12322 41441 10 18,61,62
16395 9418 10 140,38,30,27,184,58
10379 23951 9 60,18,112,162,9,144
19664 9487 9 59,65,22,136,41,45,117
14016 542 9 20,85,72,17,17,80,182
20118 45566 10 15,28,21,102,57
39202 3118 9 58,59,41
44334 41301 9 49,21,119,47
21222 21851 9 112,18,14,49,40
2787 12623 9 116,45,102,9,194,58,119
37217 18490 10 55,67,59,57,182,55
22779 44521 9 8,119,61
20248 13388 10 44,8,49,145
27842 43545 10 50,49,128,115
570 3581 10 111,9,152,49,48,177,30
27549 41477 9 32,87,23,37,179,25,85
39251 13574 10 216,60,49,47,101
5489 28554 10 117,108
19075 37389 9 47,7,185,85,103,113
35038 28707 9 61,54,30,53,39
27745 22929 9 67,81,54
32396 21482 10 23,163,61,104,30
37047 27632 9 59,177,160
40561 9176 9 44,165,146,152,83,36,21,12
19217 28086 9 145,17,50,40,49
42495 39176 9 54,106,160,34,146
24961 15707 9 51,66,162,66,185
22796 16470 10 50,185,62
12106 35170 10 8,169,118,18,49
8940 19238 10 104,178,65,42,163,47,54,129
41400 8133 10 69,38,63,18,81,119,17
17203 6995 9 53,14,60,64,53,107,59,130
22421 34617 9 104,156,179,103,84,103
34891 9902 9 104,29,51,104,15,31
21324 13886 10 91,163,62,185,49,181
38015 309 10 65,10,23,18,31,83,110
22377 13780 10 69,49,149,18
40030 18006 9 82,31,129
8054 23678 9 132,179,10,91,9,14,68,87
6832 32704 10 85,162,56,182
4273 29054 9 82,47,18,115,118,31,140
11756 25738 10 10,64,69,18,119,169
25515 44710 9 47,116,127
16041 27335 9 20,120,17
34637 7872 9 46,52,119,118,163,30
28943 1867 9 102,49,65,23,142,17
28529 9257 10 58,132,155
34347 13160 10 48,104,18,21
45053 359 10 102,140,144,9,67,179
24924 25292 10 81,87,23,102,105,119
39443 38506 9 132,185,47,152,204,119,132,64
29572 40171 9 63,47,39,162,55
26042 14547 9 21,53,81
20841 24163 9 85,46,141,21,48,29,155,120
9630 14472 9 102,40,43,135,62,37
6960 45798 10 119,17
28934 43738 10 101,33,8,79,83,103,18,62
35934 2180 10 120,113,179,184,16,51,103
11030 31209 10 66,112,7,22
22326 27503 9 178,152,49,7,116,30,63,114
36055 29971 10 118,9,58,63,162,61
9266 29608 9 12,143,83
31111 12913 9 39,58
3073 19115 9 46,14,119
18475 10795 9 51,16
17206 35914 9 178,119,182,102,60,62,112,156
330 22414 10 53,110,185,119
33333 19156 9 107,23,178,62,104,81
1459 4927 10 118,120,102
36432 23468 9 159,10
43514 12450 10 22,146,69
43862 36839 10 15,140,36
37002 35971 9 69,24,66,131,129
24919 23628 10 181,18,28,81
29430 23029 9 9,49,68,47,83,7
15010 34917 9 103,204,65
7045 41431 10 84,136,114,132,60,21,63
1753 25720 10 30,46,47,7
41438 28634 10 117,85,60,44,113
38296 18502 10 183,69,29,62,134,163,143
39903 806 10 184,110,140,152
42516 40832 9 50,112,58,69,85,58,120,110
26608 24326 10 96,22,26,9
15524 3876 9 20,158,120
22146 15488 9 163,48,29,133,85
12491 3612 9 81,104,59,85,34,194,129,62
30805 17580 10 81,112,20
13460 19418 9 23,33,82,107
17168 45799 9 25,50,39,42
13039 36564 9 61,21,136,18,66,41
96 41040 10 18,23
20510 12925 9 83,10
19710 45379 9 163,26,128,129,145,60,43,142
11892 41518 10 83,12,35,20,55,65,132,110
2164 15815 9 194,85,100,185,53,37,119,64
7126 38989 10 113,82,112
29911 13484 10 9,83,24
21603 44783 9 48,68,18,194
12068 44997 9 101,100,103,49,10,161,29
25110 22253 10 107,44,18
28316 11124 10 178,52,53,144,37,32,64
3253 7817 10 163,17,77
37497 38703 10 119,28,35,34,169,104,50
17915 37955 9 153,101,78,28,60,60
43331 854 9 21,163,179,23,65
37887 15413 10 30,69,20,58
42256 22588 10 181,36
26260 5475 9 65,104,47,84,194
5965 39391 9 98,55,183,45,15,7,49
25219 19758 9 85,132,59,100,56,58
5355 31827 10 116,162,135,52,62
18856 44050 9 15,34,61,194,115,96
41500 8247 9 55,30,101,49,12
4167 9827 10 144,58,130,40,130,35,119
5874 25039 10 59,41,54,102,25
20897 43815 9 23,87,63,23
31992 25085 9 42,45,136,55
34549 26567 10 108,78,185,48,115,20
35812 22396 10 69,135
39410 20787 10 103,44,39
6619 41771 10 20,33
1038 35332 9 135,64,194
17514 10410 9 10,22,50,20,169
20586 44352 9 67,21,105,56,91,83
16589 8249 9 85,177,38,14,10,149
21224 19523 10 40,181,52,19,51,55,162,18
5035 18722 10 85,61,53,162
1515 12339 10 120,56,22
26639 28795 10 62,101,63
32937 37809 9 64,14,20,142
17803 33749 9 109,42,48,185,37
37693 44780 10 132,63,184
45535 17001 9 63,133,20,80,27
22618 3415 9 209,181,14
21914 14668 9 107,45
41995 39663 9 10,29,185,58,143,120,55,49
12879 5434 9 62,194,112
25309 13001 10 7,48,113,9
32709 18803 9 49,112,55,50
11705 18604 9 68,117,143,119,160,185,60,35
93 43765 9 116,16,48,36,21,181,128,57
19331 27618 10 87,185
29541 34010 10 22,145
20620 419 9 28,58,152
33188 40680 9 30,33
28291 22426 9 35,39,85,47,47
14060 4850 9 58,66,59,64,64,83,64,62
10128 40638 9 163,138,84,12,46,93,24,10
12174 2725 10 109,96,169,27,120,58,132,69
19717 11006 9 129,45,91,21,40
20029 3719 10 21,66,61
28653 21837 9 42,109,178,25,64,55
26852 37591 10 41,53,19,15,49,25,119
20427 5215 10 132,41,119,169,63,119
43460 19077 10 29,57,35,47
25807 37155 9 8,120,25,42,69,42
40230 26682 9 153,48
17250 37591 10 65,101,60,69,67
29540 7201 10 133,69,185
14108 43711 10 58,160
28505 32583 10 64,31,108,57,104,45
23077 30576 9 21,120
34503 16022 9 160,185,58,17,83,33,156,53
22169 9257 9 102,41,145
8043 37731 10 145,69
29611 20817 10 48,18,118,10,42,134,21,85
19991 10853 9 146,141,27,62,20,69
7856 16899 9 49,104,81,118,19,163,104,156
16491 24225 9 16,184,23,58
19046 39554 9 83,40,169,12,162,91
22709 27020 10 179,151,143,120,185,21,104
12379 9256 10 119,183,119,195,115
15497 21801 10 182,143,108,151
26917 45351 9 83,25,40,195,185
35160 13431 9 69,84,43,41,181,115,129,132
45651 13243 10 21,48,120,184,20,55,169
5576 37881 10 163,185,127,20,87
38816 24668 10 195,82
6244 1871 9 65,18,20,25,108
9411 34059 9 153,105,55,108,119
43389 15051 10 162,55,18,40,20,178,19,51
25326 25859 10 9,76,145,83
28128 45249 9 130,69,29,149,93,39,49
10238 39876 9 83,184,103,105,81,53,61
13532 34051 10 115,179
38055 40506 10 51,53,61,76,32,163,114
35171 27914 9 182,12,49,108,18
30126 32216 9 64,59,191,43,132,58
31075 8544 9 115,179,114,31,129,91
10933 6649 9 106,61,25,104
22260 13482 10 169,58,65,23,16,55,57,66
9367 40878 10 104,35,29,119,61
2603 43940 10 25,62,195,183,64,20,131
43191 21125 10 49,87,116,48,60,31
43861 34178 10 83,194,129
44967 13777 10 149,10
9176 24000 10 137,42,194,116,66,102,62
19623 19905 9 111,119,140,131,29,16,85,135
23235 25988 9 113,145,87,44,16
40809 41117 10 182,45,32,23,153
1855 38087 10 118,109
9153 39668 10 102,43,178
13135 3658 9 177,51,83,21
29435 29956 10 20,178,49,102,152,63,46,39
39996 1002 10 23,84,102,84
18360 16300 10 102,41,115,60,110
12285 29970 9 25,53
4023 40345 9 77,184,44,67,29
31146 40360 9 114,65,183,10
12846 33055 9 84,48,103,120,109,45
41517 30263 9 130,67,99,181,61,114,18,111
21881 31379 10 185,163,66
27290 36702 10 140,24,119,113
35744 24485 10 184,140,48,129,58,10
20824 27842 10 136,83,100,41,103
25096 183 9 149,55,136,208
34066 44786 9 136,62,15,9,61,21,53
35068 1706 9 12,85,60
26743 22691 9 135,104,53,37,130,120
27752 9514 10 66,82
25293 4772 10 65,54,48
39056 13444 10 49,106,97,184,138,106,185
1090 29643 10 21,120,41
26855 21318 9 50,67,20,119,130
26142 44581 9 195,37
8114 38013 10 53,83,23,10,116,185,10,19
38355 1163 10 45,185,149,162,15,53,49,98
7545 20866 9 54,67,12,78,113,132
31491 2299 10 61,57,48,130,178,57,134
10088 3123 9 96,58,63
41963 20169 10 179,38,85,48,47,69
14336 21746 9 49,163
32241 23169 9 152,63,142,113,38,14,166
26611 43352 9 49,185,70,118,51,54,35,163
4082 42927 9 211,39,156,61
31737 14687 10 49,133,65,42,25,129
6772 2002 10 160,68,60,19,52
24671 3068 10 114,41
8052 9942 10 130,131,182,36,20
10913 18028 10 10,46,144,210,107,27,62
36880 11897 10 34,21
28111 41592 10 161,47
27945 25566 9 41,69
30772 13652 10 29,108,26
834 28525 9 85,64,110
34413 6198 9 43,115,58,118,15,60,58
35468 40633 9 48,82,44,103,66
40020 21273 9 66,69
11839 41849 9 74,58,82,66,83,19,136,130
11108 3813 10 52,50,85,39,118,27,82,110
13620 41089 9 143,109,143,54,183,83,20
39010 3383 9 162,113,25,112
35179 2377 10 49,45
9976 32244 9 68,104,120,58
16204 21028 9 50,119,23,11
8099 37758 10 69,169
6090 34047 10 66,91,194,21,116,62,136
42408 37671 10 23,30,69,67,61,64
462 12048 10 83,91,56,58
45787 10272 10 103,17,51,81,79,61,129
12386 43773 9 54,69,18,83
29256 33249 10 54,69,85
39068 38076 9 39,36,110,129,163,18,185,200
4514 29796 10 83,66,26
45701 21561 10 44,117,83
42389 28468 9 23,37,81,29,185,163,135,20
34044 37913 10 108,20
43327 34897 9 38,83,137,119,106,15
24224 32972 9 48,22,82,91,120
25083 37454 10 59,63,48,18,30
37600 32684 10 112,163,21,211,45,20,18
31045 43772 10 119,105,46,7,29,109
6868 509 9 85,105,59,22,118
9406 39881 9 169,128,120,110,78,143,40
26752 39401 10 22,19
34696 22849 9 16,102,34,62
15204 31778 10 67,45
18556 38575 9 119,40,65,68,105,29
31667 40838 9 28,79,133,106,24,68,63,41
3069 23228 9 111,21,110
26418 7233 10 47,169,60,120,17,87
45043 37104 9 81,30
45649 17428 9 110,48
15384 18082 9 53,28,112,48,38
27873 24604 9 142,41,63
12030 35836 9 91,49,130,66,75,85,64
5096 10078 9 108,85,146,19,162
24319 16926 9 103,119,68,115,59,119,66,129
23497 13269 9 114,58,19,83,36,47
30642 23268 9 18,68,163,110,59,107
31126 32647 10 131,177,120,169,8
16308 38 10 106,103,35,19,156
23325 3500 9 22,138,129,14,169,116,129
42176 36764 10 69,41,143,185,44,136,194,140
16849 36771 10 163,141
45145 22873 9 101,115
23905 26705 10 34,49,183,119,194,146
41383 13791 10 18,53,104,112,112,26,177,47
282 2367 9 52,83
39548 9802 10 102,62,103,129
24485 23767 9 87,66,119,25,54
7777 20787 10 58,42,58,33,49
41114 22714 10 118,53,185,83,65,62
3949 772 10 16,62,63
33337 1965 10 35,22,20,44,61,17,156,29
44323 8708 10 44,32,8,27,45,135
5694 39242 10 49,66,162,37,48
37973 35550 10 102,131,7,87,179
31184 8785 10 87,61,91,18,67
39144 32851 9 95,102
6917 41596 10 119,114,92,129,112
25346 3420 9 25,102
20264 39886 9 36,21,44,216,116,141
6353 28914 9 102,63,83,10,185,182
18123 43877 9 110,182,45,136,119,68,116,8
2332 8840 10 142,178
23789 10036 10 49,114,21,68,64,68
38219 15426 9 19,140
40780 14825 9 58,91
12233 11346 10 78,14,135,22
15160 42862 10 20,140,15,59,69
7775 35817 9 38,105,130,105,117
42783 18679 10 52,114,53,40,132,25,163,61
22546 30204 10 44,35,146,68,30,19
35372 28503 10 93,142,36
6369 10207 10 52,21,20,35,69,179
34294 33172 10 57,117,64,64,57,81
2244 15096 10 53,64,20
16453 32316 10 109,52,59,141,91,146,45,163
30204 22757 10 24,19,49,39
45681 31966 10 69,21,36,103,44,153,51,163
27738 41992 9 85,40,66,24,55
15888 15794 10 33,62,40,94
41671 19189 10 39,185,91,54
27227 6612 10 101,58,18,37
169 42308 10 112,116,193,184,131,78
23853 13917 9 130,51,28,46
11440 26263 9 83,83,28
16151 41293 10 140,63,134,47,24,156,47
41758 42840 10 59,103,69,58,141,131
24799 29130 9 19,62,50,130,149,10
14441 41874 9 104,18,81,55
6001 11724 10 64,185,131
34025 11571 9 31,132,8,48,47,45
41360 5387 10 21,144
4221 26375 10 52,120,65,30,129,83,46
20174 35929 9 105,61,47
17149 2902 9 117,48
31238 5013 10 81,102
20411 5272 10 40,194
17033 6127 10 143,87
326 25815 9 14,48
6962 20 9 103,127
6931 24909 9 104,7,20,118,169,51
35020 40303 9 33,10,63,112,142,49,104,14
22463 38506 10 31,100,142
6736 12093 9 109,83
7916 9157 10 26,156,106,18,83
19518 10130 10 46,101,18,156,55,44,104,184
27474 22953 9 63,53,34,53,108,14
34206 41594 9 91,142,184,103,58
2825 4544 10 84,55,58
25037 37049 9 129,156,68,113,21
39652 41124 9 120,17,83,179,32,7,61
9954 44384 9 22,45
10203 2318 10 57,60,35
27357 29405 9 36,61
26443 33188 10 106,60,87,58,87,91,28,37
32326 10432 10 51,80,60,115,84,44
14865 21734 10 28,90,58
16976 31205 9 142,185,181,47,12,102
43840 28027 9 34,47,185,85,69,47,65,36
13898 42566 9 90,119,103,66,7,113,49
27551 10833 10 58,140,63,87,102,185
15763 359 10 81,21,91
2196 3771 10 10,15
10493 30235 9 140,153
39161 36938 9 19,25,20,130,91,28,161
19259 13981 10 67,54,18
22750 20031 9 82,28,51,116,57,105,59,96
27388 33004 9 17,66
38077 15653 10 81,31,102,141,40,115,45,23
44545 40968 9 119,184,43,22,194
38434 41240 10 83,129
37215 36422 9 140,130,116,10,167,153
34787 8541 9 107,64,22,169
38418 5066 10 62,111
13271 14988 10 87,136,40,167,104
36081 7902 10 83,149,45,49,103,18
32258 4308 10 106,144,19,59,82
23003 38404 9 10,40,44
30224 44842 10 105,38,116,103,129
28030 17641 10 25,60,46
37157 44712 9 32,49,129,53,42
39171 43846 9 60,64,163
7846 33020 9 83,49,177,104
4330 6130 9 119,84,101,106
26987 30692 10 21,83
4301 39431 10 194,110,62,83,36,17
3928 40287 9 37,99,113
23324 2938 9 15,120,66,179
33580 15149 10 10,77,119,17,101,162
43374 34259 10 43,104,95
35834 27965 10 178,85
35727 26673 9 12,53,19,160
6341 25730 9 58,67,7,49
3101 41120 9 44,58,23,83
9255 31899 9 57,48,128,181,21
5082 41137 10 149,31,111,46,102,110
18876 20414 9 69,152,115,50,53,129
13772 44163 10 19,104,28,41,19,179
19806 23767 10 87,30,63
34833 24349 10 106,103,144,32,194,91,49
37008 26362 10 7,103,19,102,81
34005 14658 9 8,113,132
18682 35494 9 37,37,66
25572 6934 9 61,216
24670 20383 9 49,18,12,131,20,85,110
14588 8248 9 152,24,146,49,48,60,211,28
40562 27465 10 82,18,40,7,176
41336 7355 10 79,48,31,136,63,91,15,98
29179 13432 9 85,43,65,129,7,133,104
32644 12120 9 18,65,83,36
20618 11080 9 68,81,60,83,67
22180 20351 10 15,81,22,185,48
7971 17112 10 118,69,28,146,133
15860 35459 9 39,129,81,48
36064 14949 9 185,104,182
1594 26920 9 60,136
21251 2166 9 107,30
31215 16023 9 101,19,109,33,29
10833 2243 9 115,24,169,108,181,22,145
29046 36872 10 30,24
40668 19270 10 31,184,28,60,46,28,73
39816 7210 9 21,83,85,31,63,179,53
23764 1782 9 184,145,61,131,119,102,96,78
43314 9288 10 29,130,63,37,19
16141 33171 10 18,100,104,42,103,119,103
20642 44156 10 185,51,63,39,58
16300 35982 9 61,119
17463 45319 9 156,48,195,60,19,100
32918 35407 10 19,28,42,84
11140 795 9 50,67
42027 2027 9 20,65,54,64,184,35,112,140
34796 28661 9 16,116,48
4300 12364 10 178,23,48,100,82,194
22985 4027 10 143,39,194,102,156,59,52
11872 43427 9 179,22,131,83,182,25
6354 6398 10 109,39,111,102
41262 16024 10 109,20,29,48
2228 16109 10 53,64,20,185,142,168
436 21911 10 32,83,36,64,59,54
20693 14679 10 18,115,28,63
29978 44075 9 185,60,69,134,64
11796 9421 10 211,133,106
28043 30779 9 149,117,49,156,36,48
7892 29069 10 156,41
3744 40038 9 18,194,117,82,47,179
671 27735 9 104,81,83,19
6547 32672 10 39,83,163,68,52
15518 30628 10 103,169,43,33,53,30,29
24158 5784 10 39,119,14,162,104
17134 45301 10 152,139,114,128,62,31
12904 27887 10 39,46,20,130,149,17
24004 43469 10 29,25,46,7,46
22712 22891 9 48,98,83,22,65,56
7211 24540 9 20,193,49,103
24450 10025 9 129,25,58,25,62
8967 6129 10 64,83,43,104
44743 17945 9 163,184,50,68,69
35942 5129 9 184,29,183,9,149,149,61
44091 40139 10 116,162,69
22955 10631 9 14,23,66,179,132,50
33122 41893 9 143,53,16,118
5597 30020 10 62,130,56,132,82
43278 31873 9 103,163,85,85,14,51,87
3451 41618 9 36,182
24984 41112 9 162,39,24,23,28
8798 28700 10 100,44,178,169,185
36070 25625 9 79,54,130,49,33,184
13905 20680 9 39,50,35,91,114,69,54
6991 30519 9 82,16,53,53,10,38
43085 30967 10 64,8,117
27094 3948 10 44,101,159,27,29,104,83
40907 42886 10 149,119,25,19,63,29,20
44395 33952 10 25,46,149,40
6027 39198 10 30,30,64,149,133,84
45367 42026 9 120,132,20,29,130,178
25075 16026 9 104,157,105,19
28698 28933 10 33,104,46,129,119,179
4335 37280 9 144,145,136,81
37533 30674 9 83,58
28685 35381 10 131,58,81,129
41925 25577 9 65,50,106,61,142,28,82
18987 6603 10 77,47,136,114,59,135,129
6628 42724 10 45,178
32635 37774 10 128,104,41,49,63,16,66,103
5094 39420 10 113,52,132,69,32,84,62,195
25437 3276 9 39,66,162,169,56,162
43028 17719 9 178,50,177,62,29
33844 4608 10 107,120,113,20
38965 21389 10 178,111,68
15292 18283 9 85,51,146,65,9,33,30,140
14366 9830 10 16,48,16,113,60,52,60
20845 2574 10 181,10,46,22,48
38749 29101 9 32,7,49,130,14,81,79
20629 5958 10 63,81,63,128,103,17
11716 41608 10 58,14,63,65,61,29,44
33768 3200 9 28,58,185,155,27,185,102
7657 9788 10 131,69,104,84,38,37,15
13399 28471 10 111,66,160,120,105,49,63,14
19530 6888 10 120,178,54,18,156,19
33346 33413 10 45,138,185
4675 7866 9 42,67,30,53,54,29,51
8430 6487 9 31,58,53
19528 44565 10 8,184,129
10033 28728 10 38,129,115,13,65,103
26586 28864 9 15,149,119,184,57
32052 26992 10 169,56,51,16,58,37,114,24
19119 13437 10 178,37,128,90
33210 31390 9 83,84
33234 22401 9 49,53,44,58,102,47,119,67
9157 44587 10 49,35,114,53,111,58
12086 6107 9 114,119,64,65
13185 34255 9 37,87,130,21,110
41015 4601 10 194,101,116
38185 39748 9 83,47,158,26,53,48,9
25969 32173 10 136,146,62,59,19
40737 17893 9 115,48
45480 43189 10 128,61,145,78
27900 40422 9 60,136
33016 37303 10 35,58,120,82,59,22
16484 44299 9 15,25,116,28
28307 22908 10 169,120,61,27,146,120
23955 8534 9 136,50
8825 16262 9 41,185
4658 31226 9 182,35
35069 11489 9 58,59,103,144,54,59,146,84
25162 20895 9 144,142,76
6071 20851 9 83,104,53,63,9,10
40643 23968 10 57,34,65,81
40495 39254 9 81,48,104,103,84
10678 16635 9 111,29,29,81
20556 31116 9 31,129,116,130,25,94
14001 1431 9 101,24,50,39,20
10214 1495 10 47,9,33,44,143,109,7
11425 32225 10 117,48,14,185,130,194,61
8454 41389 10 79,200,39,101,140
1350 42952 10 18,52,145,163,141,41,178
6109 41432 10 19,80,134,136
41356 15663 10 119,62,81,83,152
25465 40826 10 138,156,129
8318 1535 9 14,44
17954 11012 9 109,185,109,59,61,104
19425 36659 10 75,49,179,165,58,81
36706 10591 10 81,60,105
43774 43376 9 62,146,83,82,222,84
44413 39181 9 131,145,64,85
2429 1742 10 129,8,9
43115 29618 9 36,118,56,104,111,105
22035 39556 10 105,49,53
18954 34395 9 115,84,64,119
43384 44544 10 101,66
33431 17917 9 185,156,113,27,20,120
22360 20284 9 101,152,37,40,110,184,118,41
14245 17937 10 83,84,47
34773 32186 10 59,118,62,38,36,41,118
11335 4534 10 58,129
14091 10148 10 47,18,59,117
797 17607 9 57,146,55,118,65,183,109,31
17100 41494 10 185,14,81,62,15
24324 44277 9 163,116
4276 9715 9 183,111,55,128,102,153
33602 41911 10 136,108
26797 7533 9 62,53
16399 26103 10 181,22,41
7469 26141 9 58,114,194,18
11937 27641 9 20,10,137,141,181,43,59
12062 34408 10 22,15,81
39567 7308 10 130,102,85,149,129,35
9258 18098 9 115,28,128,27
34704 2906 10 103,34,113,50,77
20980 35370 9 37,58,58
42929 44166 9 63,129,117,111,140,41
37787 45145 10 183,42,105,9,20,21,66,54
3906 21898 10 53,129,67,52,83,110,10,53
23324 44059 10 49,129,67,162,15,40,58,25
41506 45799 9 130,36
10234 13241 10 142,134,23,49,103,63,40
23716 32459 9 34,91
16446 8496 10 74,9,22,194,113,36,83
18491 3192 10 59,45,59,54,17
31581 39685 10 69,60,18,146,66,141,149,130
9488 22825 10 15,63,106,182,184,96,145
43366 26641 9 104,20,163,115
30711 9876 9 58,48,49,58,21
2618 22705 9 60,34,90,63,53,64,51,181
16815 3345 9 52,21,144
44070 38165 9 59,23,37,181,110,104,130,118
12767 15515 9 103,47,131,116,101,7,130
5968 41736 10 101,46,33
11372 33150 10 48,129,129,185,14
3588 33661 10 45,119,52,105,63
9330 2606 9 194,194,31
34732 17469 10 178,26,146,134,62
20605 11611 9 85,18,169,63,119,17,22
28166 27194 9 65,183,54,95,62,36,66
10672 37283 9 83,106,7,69,80,130
31963 27304 10 28,83,185,108,62
24493 23385 9 103,185,63,136,45,44,129,49
13058 30013 10 162,130,37,185,80,48,169
22567 15951 9 48,16,10,185,112,33,69,27
380 22209 10 23,69,134,114,19,101
25652 35045 10 194,155,129,22
36329 24800 10 135,157,20,62,49
42461 776 10 105,116,99,67,83,19,96,7
42103 38425 10 21,30,60
12510 10971 10 103,41
18211 7617 9 65,117,114
9967 21639 10 24,156,185,7,42,116
37768 4285 9 119,182,84,49,40
14778 37941 10 35,38,59,34,144,79
45060 3190 10 182,18,163,140,49,9,48
28678 25883 9 18,53,61
16395 19516 10 54,135,44,28,182,58,55
30289 16474 9 25,60,32,167
11193 42233 10 35,64,181
25169 2711 10 152,119,110,177,68,40,56,136
29766 22098 10 113,74,62,16,104,59
15016 41903 10 48,43,46,131
11272 28463 10 82,62,48,55,141,181,15,48
6079 33812 9 177,51,58
17089 5699 10 115,109,117
7185 9995 10 19,10,129,82
37243 34787 9 28,41,48,117,112
24331 21189 10 115,100,65,132
5689 29369 10 108,57
21726 1480 10 42,60,23,42
31960 24190 9 129,46,91
28508 3936 10 83,211,48,10,30,160,85,46
35657 4060 10 109,26,200,48,110
30481 4839 10 130,58,49,104
20383 13488 9 54,211
29352 22467 10 184,181,58,21,27,19
2756 25066 10 210,18,87
26482 12957 10 143,50,194,31,48,119
10966 43570 10 68,30,104,85,145,43,42,82
37864 1417 10 19,51,97,92,60,81,21
15056 20061 10 103,114,156,50,47
11243 44017 9 131,15,7,156,185,114
27884 15222 9 61,194
9464 28253 9 42,131,58
43303 33417 9 141,162,40,63,128,102,51
44187 44190 9 61,64,81
45510 7491 9 185,64,64,128
30983 18440 9 56,157,85,41,20
10566 20284 9 15,184,59,58,102,113,18,181
29855 15738 10 33,64,169,109,32
45029 15519 10 34,67,81,62,10,104,104,55
5535 31847 10 67,58,52,28,83
34915 1128 10 145,128,179
38665 33256 9 38,129,143,36,81,50,45
25116 29001 9 53,144
7751 15697 10 120,118,47,104,7,179,130,68
22379 21135 10 19,55,102,30,131,60
1544 35609 10 23,185,149
36251 23424 9 59,82
531 34313 10 104,55,145,113
6735 17838 9 15,108,31,178,48
1345 19392 10 104,169,182,19
12810 36543 9 61,19
5722 20125 9 30,27,113,36,33,15
29934 36510 10 42,57,130,51,87
44470 41614 9 15,184,59,169,27,110,211
13110 30178 10 82,38,61,55,55,54,45
29228 11576 9 83,109,63,37,103,15,36
27601 13503 10 20,85,31,84,48
35740 40655 10 18,63,185,33
18845 14894 9 103,58
18542 41897 10 7,61,17
40821 10427 9 184,37,41
41402 37542 9 58,130,19,14,66
14274 32561 9 104,12,129,58,108,81,118
28587 36851 10 160,22,49,63
27192 2986 10 94,20,109,146,177,49,52,49
31082 43654 10 101,8,59,49,103,28,19
25780 41670 10 52,126,28
624 2654 10 53,67
35997 10800 9 87,18,20,82,82,59,104
44012 17505 10 204,49
2639 32013 9 119,69,37,22
20709 360 9 14,32
33918 34717 9 48,146,45,51,44
19860 32551 9 102,109
38851 31306 9 33,59,65,45
21916 19269 9 19,135,16,43,15,132
14515 9134 10 54,37,39,112,18,182,111,79
20453 33872 9 163,143,117,15
32689 25316 10 185,46,49,185
44423 13916 9 59,184,18,62
20452 39338 9 57,42,126,65,103,59
2795 33180 9 29,112,111,81,55,102
20910 6316 10 109,185,26,49,119
35754 13996 9 87,184,128,50,130,69,61
7095 19998 9 109,48,193,77,15
43278 28808 9 45,17,87
2931 21217 9 107,58,19,45,45
14438 3755 9 22,65
36257 30106 9 102,37,32
17554 19735 10 20,82,75
22492 15107 9 14,50,18,53,130
2839 8667 9 116,185,104,79,115,21,41,129
13012 9638 9 105,58
44948 32967 9 120,64,21,48,182,61,104
36318 17528 9 48,46
45177 17865 9 44,105,54
14456 36750 10 146,30,101
13888 8738 10 85,119,119,112
21511 11074 9 10,17,45,104,67
3092 36074 9 18,41,100,53
3945 29220 10 10,72
45357 19634 9 30,85,195,34,60,16,141,21
18049 37502 9 19,50,65
32370 45260 10 185,47,15
12335 7648 9 184,57,28,33
9712 15299 9 140,129
40251 23505 9 156,96,83,177,62,6
11883 5077 10 116,133,57,118,115,49,26
18819 39484 10 120,104,64,43,83,130,132
45141 14532 10 101,181,65,118,81,66,100,106
35047 40355 10 182,76,77,14,119,105,112,14
6851 28012 10 101,34,39,118,18,45,182,58
27353 19267 10 64,118,90,119,63
40586 40604 10 47,64,20
6884 11523 9 63,81,50
11138 37782 9 87,55,29,66,17
43237 27383 10 104,35,82
32359 5263 10 182,58,49,36,23,194,46,44
30591 29997 9 69,114,46,120,48
28407 3176 10 120,61,135,115,9,103,43
7570 20553 10 83,49,113,16,125
44310 37623 9 52,67,22,15,136
3741 32871 10 60,9,101,65,63,19
24961 42898 10 67,116,120,118,20,111,132,134
25591 2474 9 104,159,47,129,178,160
27128 26180 10 30,58
15966 43155 10 194,101,58,48,48,61,53,136
5722 30894 10 76,61,185
28574 39748 10 8,61,102,58,91,96,66,41
39149 37026 9 64,104
34765 24036 9 68,87,26
2730 24351 10 53,48,146,18,63,131,111,42
34820 12088 9 60,119,17,53,10,16,185
45535 4627 10 129,51
34589 27335 9 19,169,51,109,18,51,102
32626 3740 9 49,50,45,134,19,28
34937 3580 10 46,61,77,38,64
29813 29346 9 38,198
8494 3583 9 179,103,67,18,131,25,118,68
19907 34572 9 38,119,35,183,23,18,53,59
15304 6553 10 195,53,185,66,55,193,136
35316 6898 9 57,12,185
10367 2186 10 48,183
35585 12557 9 10,107,40,117,83
13093 1584 9 162,131,116,103,58,54
41777 16777 9 30,178,61,102
21197 374 9 49,179
44912 33690 9 21,63,184,183,81,31,10,83
29087 17009 10 162,118,109,21,49,28
42812 21467 9 62,49,117,130,91
16784 5311 9 115,87,162,184,133,65
34683 39751 9 91,204,115,118,55,48
41929 14535 9 57,110,8,63,21,63,37
33096 39107 10 53,12,154,21
20877 27062 9 114,22,18,19,156
34701 44103 9 53,31,99,20,7
13096 33991 9 185,39,55,130,129
7153 13580 9 119,146,178,23,49
18764 4343 10 57,113,48,83,63
22732 35275 9 182,44
12946 23569 9 174,130,185,26,179,131,9,36
32497 32026 10 26,84,138,120,99,54
9479 23122 9 27,53
26560 35061 9 60,120,119
28100 39877 9 37,68,69,85,145,185,69
6726 12762 10 30,60,163,112,57,67
25057 25115 9 161,24,50,185,135,46,57
13434 44152 9 8,60,20,46,23
1912 30706 10 58,152,118,130
11194 41089 9 22,8,41
39325 32639 9 81,7,9,46,82,104,84,7
19041 34551 10 17,118,136
45458 42069 9 84,137,119,48,85,7,129
45452 15132 10 56,32,104,119,20,48,41,39
13399 16567 9 119,129,40,20,25,56,20,44
29286 30890 10 85,156,61,87,36,83,112,54
22519 8995 10 144,65,100,19
16604 7375 9 23,101,14
4894 31414 10 90,140
12553 5133 10 114,52,185,83,46,52,29
39908 37231 10 126,49
15592 40206 9 109,23,19
28103 11989 9 91,7,20,163,29,102,36,82
35595 36946 10 185,8,185,25,15,56
22501 32853 9 102,48,58,105,63,136,83
22238 1100 9 10,69,53,24,49
24254 32487 9 107,50,21,37,105
23553 9748 10 140,135,63
13952 34625 9 185,113,15,80,25,114
16464 5817 9 49,19,39,52,114,85,22,132
16515 35490 10 24,103,136,62,43,46,65,156
42195 27643 10 39,33,160
9035 39001 9 152,58,113,78,63,157
18640 30988 9 24,62,96,128
8751 35516 9 129,49
21675 31568 10 141,83,102,85,51,132,39
26986 43889 10 51,131,49
32495 1915 9 18,12
26404 18328 10 222,169,28,133,96,146
4489 24269 10 194,62,107,69,48
15356 33667 9 104,114,81,183,129,62,104,81
22330 7161 10 9,63,104,67,15,119,18,67
34096 22795 10 102,131,20,182,141
6411 21969 10 48,50,129,115
4136 19698 9 56,129,139,21,39,60,32
41400 2941 9 101,91,37
44895 40429 9 58,24,54,111,129
23444 10225 9 185,128,81,156,59,130
35891 33298 9 130,15,22,49
409 39046 10 46,69,141,64,109
19148 12627 10 118,58,36,18,67
25588 17883 9 64,176,194,22,50,107,49
33085 21243 10 37,19
42020 15646 9 43,48,83,81
32433 5091 10 63,110,183,103,61,106
10210 14791 9 33,104,35,114,182
15366 37423 9 49,158,120
7649 21712 10 113,104,51,145,151,20,49
39554 36667 9 185,104,7
1561 9262 10 52,145,34,163,103,25
22218 15368 10 102,61,61,216,12,118,9,135
25174 18990 10 45,177,56,8,114,55
37489 37017 10 149,179
1330 32980 9 51,162
40302 22223 9 185,85,195,33,179,40
30998 18960 10 22,58,116,49,22,104,66
15982 12070 10 20,32,56,23,65,49
7681 35069 9 46,49
44581 41015 10 35,45,9,204,46
10113 4068 9 136,108,104,185,25,140,156,43
36059 31965 9 25,129,119,184,194,129,47
29008 15749 9 103,183,64,194,181
24304 3714 9 58,18,58,119
4919 22349 10 30,52,49,85,182,68,14
8567 31333 10 55,51,45,182,63,146,104
19473 31916 10 110,62
14055 38046 9 52,58,61,102,55,58,19
30244 25933 10 51,163,51,22,17
33641 43651 10 142,67,85,63,9
34916 28778 10 47,142,41,103,111
7301 1889 10 129,103,160,59
29885 21424 9 12,185,151,68,44
15332 20250 10 57,58,101,135,185,80,110
22103 16751 10 111,111,129,30
45455 12147 9 50,111,18,99,20,10,90,103
28563 4497 10 27,182,216,181,35,57,185,181
3612 32807 10 64,201,112,85
39099 44213 10 84,58,7,181,58
24498 27025 9 57,58,50,42,93,185,14
33977 3637 10 14,84,154,132
16361 16022 10 18,129,18,87,117,21
27205 9790 9 61,80,194,82,91,41,18
2446 19648 9 112,23
26658 3150 10 60,107
