848 17007 8 128,194,29,169,134,68
43919 11105 8 119,153,27,50
7614 43020 8 69,163,23,116,10
14108 13501 8 63,69,182
37204 23423 8 39,50,10,139
42949 14813 8 163,194,129,32
39529 29193 8 18,40,25,20,136,34
3151 22336 8 50,182,23,68,163,115,130,58
40664 44158 8 28,182,64,17,41
28646 31600 8 144,49,21,119,119,63
41980 36589 8 118,63,58,36,160,179,43
14728 23760 8 49,120,95
31694 34934 8 54,109,145,19
34686 4567 8 119,111
10762 35875 8 178,21,133
20973 44057 8 63,13,49,211
3086 2374 8 103,156,128,69,42,58
32645 800 8 130,129,169
16512 45511 8 24,57,49,19
38379 5992 8 52,169,33,112,114,163,67
31737 11571 8 118,21,35
23491 13585 8 63,23,52
31497 29837 8 135,107,159,66
44403 11832 8 17,53,185,59,132,129,111
42497 26830 8 69,91
34596 45579 8 117,149
5576 3071 8 204,81,182
22108 4215 8 49,9,103
40220 18297 8 24,10,49,104
5188 40513 8 179,102,120,63,38
10497 804 8 36,53,162
34089 44489 8 114,26,100
3893 12066 8 66,15,182,45,130,139
34616 6353 8 109,111,20,58
39334 29100 8 83,114,18,104,49,30
39475 45480 8 69,21,55,91,65,48,84,39
28870 2487 8 50,117,47,163,162
22147 40868 8 195,111,109,66,75,59,39,185
26653 39277 8 50,44,117
42760 13362 8 16,161,81,110,209,93
23150 8703 8 94,53,87,182,64,54,68
43051 37110 8 63,168,115,7,49
14859 32538 8 185,105,67,49
41170 7966 8 51,111,59,20,24,17,129,66
44347 20476 8 49,35,145,64,85
14496 15953 8 52,28,52
25772 3784 8 10,47,92,179,22,51,49,106
18316 25972 8 10,211
23291 45102 8 152,29,22,62,68
12945 26356 8 64,120,21,64,184,65,87,120
23477 45789 8 34,20,6
23512 15260 8 145,58
33385 19145 8 84,136,41,49,51,67,51,84
45343 35028 8 21,59
25947 10428 8 103,195,107,67,15,47,47
23043 19664 8 129,67,132,181,18,194
25102 671 8 55,10,194,82,128,117,58,110
34620 12090 8 92,113,59,115,80
38318 6846 8 24,141,48,45,132,53,46
4624 15375 8 37,104
3605 8127 8 24,129,104,119,51,61,119
9701 25099 8 120,112,8,19,64,9,170
30782 11730 8 110,17,109,41,7,48,110,116
6290 10648 8 63,38,56,106
23998 28278 8 55,119,169,31,109,48,43,60
7953 10865 8 43,129,119,63,162,57
23640 24681 8 20,47
41893 15979 8 20,7,58
14937 37535 8 58,192,160,60
30408 21113 8 102,48,18,85,33,96,29
15109 9237 8 41,57
1927 6519 8 141,132,185,163,37,133,61,118
36822 15465 8 104,65
465 4469 8 185,155
34648 39895 8 28,130
2422 30929 8 35,103,169
27534 40958 8 80,129,130,63
9592 35032 8 185,8,19
15122 34954 8 103,29
7672 27330 8 63,101,54,24,21
366 14733 8 62,179,41
6219 30285 8 105,84,111,63,120,67,91,53
36829 37898 8 115,23,49,27,84
3482 45 8 85,49,36,204,106,144,57
4453 9143 8 149,131,38,43
19016 41943 8 17,34
42561 2374 8 40,63,47,144,58,185,104,36
9459 10156 8 27,82
36761 44055 8 21,120,58,102,91,130,149,18
171 33896 8 45,15,52,62,85
41142 651 8 58,131,87,40
30928 25903 8 21,84,50,129
4982 5086 8 8,130
9618 7610 8 40,39,119,84,152,51,119,106
37991 36751 8 81,48,20,114,129,156,28,20
44485 11839 8 39,69,53,20,104,61,104
42216 42350 8 194,9,84,37,40,10,25
15313 41662 8 80,104,15,63,119,20
5095 3347 8 53,53,60,50,83,58
158 19009 8 47,53,83,134
43123 19565 8 49,14,55,57
33258 25211 8 28,14,178,20
16375 40326 8 62,169,61,156
34286 21058 8 141,156,82,18
39146 28638 8 66,100,156,52
17693 39132 8 135,19,102,62,143,185
8167 29689 8 57,12,60,145,184
6342 42688 8 92,30,54,109,17,188,24
15456 30845 8 132,48,8,46,182,118
1544 28440 8 146,133,18,109
26483 3833 8 128,117,14,113,119
27023 31251 8 80,28,29,119,47
28507 4483 8 53,85,116,24,39,60,20,49
36338 11144 8 15,41,111,92,45,84,46
8485 13328 8 22,108,10
22191 5595 8 200,111,9,53,149,28,49,69
19192 6427 8 45,21,56
3739 4912 8 81,144,67,85,85
13390 14401 8 43,62,113,39,129,40
42538 42856 8 80,185,58,60,54,39,66,23
43961 9655 8 129,178
726 13801 8 87,91
9107 9121 8 63,61,61
4889 9846 8 104,52,50
18477 35928 8 55,38,81,194,85,142,162,149
2973 26463 8 131,18,34,44,91,37,194,82
38508 33823 8 84,141,83,143,20
26987 26899 8 184,129,146,43,178,178,102
37258 23536 8 128,80
22619 33887 8 18,104,184,114,45,104
12741 10598 8 102,83,185,23,85,87,103
24606 11274 8 29,85,69,116,115,114,108
40865 23418 8 119,41,82,149,102,118,97
34875 28375 8 19,113
21928 2297 8 32,61
12591 510 8 120,184
31773 17254 8 82,106,120,16,35,29,23
22366 26648 8 132,64,135,129,7
39221 39175 8 87,133,43,21,14
5270 8055 8 49,138,104,131,39,98,133,84
13710 44381 8 58,62,162,103,14,58,109
41602 31104 8 10,107,91,69,19
19420 31838 8 33,103,15,119,46
12051 5690 8 118,135,26,64,182,91,27
12580 36282 8 5,211
39566 5060 8 7,67,23,41,15,211,17
9905 19729 8 110,61,20,49,179
16083 15983 8 169,63,185,51,75,8,185
38558 29286 8 27,169,62,177,140,149,30,116
938 38102 8 30,85,14,132,18
20594 39056 8 23,123,45
21120 34759 8 24,126,18,28,85,181
43090 12975 8 118,57,119,108,185
34969 43771 8 115,23,63,146,129,18
18320 1675 8 41,48,114,10,58
9296 40694 8 35,90,61,139,198
2633 29654 8 162,108,106,45,49,15,185,51
35488 8832 8 53,146,53,75
579 33408 8 47,100,104,131,104,177
484 374 8 48,163
17289 3635 8 8,57,194,38
44137 19650 8 183,41,120,128,112,96,216,130
34715 18917 8 22,16,41
42440 34247 8 40,47,149,23
30047 10180 8 69,31,36,179,140,28
15878 37366 8 62,184,24,178,159,61,52
31531 1886 8 45,211,62,104,109,63
18316 35006 8 118,36,55,47,143,146
13711 9321 8 115,58
28664 13261 8 179,63,84,194,105
37032 10791 8 119,178,40,120,37,85,104
44836 30723 8 62,144,103,49,185,113,61
29880 44472 8 28,47
11944 37025 8 139,58,9
40368 45 8 21,57,58,44
29229 38949 8 91,169,63,178,117,48
2612 4720 8 48,103,26,25,85,58,104
3012 23505 8 82,21,145,22,94,45,10
37664 22414 8 53,83,15
45370 17549 8 19,105,33,102,19,45,19
18504 17811 8 34,49,114,59
22302 39248 8 48,143,49,183,111
45668 14773 8 185,181,43,15,62,85,116
42236 1741 8 19,60,18,103
18118 23636 8 91,59,49,18,28,141,50
11194 39695 8 35,109,48,27
18964 28709 8 182,42,79,142,82,114,7,112
14557 38823 8 65,81,185,107,66,179
21412 559 8 49,28,154,120,59
30233 26317 8 66,15,57,102,40,30,59,41
16196 38017 8 136,31,15,46
1906 43364 8 160,64,79,62,104,10,50,108
30664 43310 8 156,49,160,81,136,58,54,28
1602 29337 8 78,28,146,182,47
10215 44490 8 178,39,57,100,104,109,101,20
13250 7344 8 85,14,110
37363 41414 8 184,26,53,185,21,53
32338 3571 8 185,40
498 19912 8 130,29,179,119,114
43093 5115 8 41,51,119,169
22562 29825 8 18,194,104,22,47
24811 25462 8 177,56,62
9058 499 8 128,60,66,129,48
20630 33122 8 162,57,49,130,19,59
1024 34767 8 23,62,20
22185 35240 8 10,169,97,118,46
26303 4069 8 50,65,162,44,56
11406 25924 8 18,32,140,47,182
4598 39111 8 185,108
14794 35270 8 48,116,91,46,53,58
27012 45575 8 34,99,52,120,34
5210 16428 8 34,104,77,10,66
19724 11702 8 58,163,8
737 30256 8 38,131,156
13093 40428 8 80,51,84,52,32,67,61
27430 38889 8 116,57,47,81,50,101,28,47
27284 20563 8 63,119,119,110,56
39962 2227 8 24,46,19,45,18
19792 15627 8 130,103,134
43916 11714 8 81,104,51,142,62,22
11543 6447 8 73,120
25437 41650 8 45,49,178,117,87
26476 8309 8 102,204,61,39
42122 39583 8 104,56,61,49,82,87
29259 16205 8 120,119,52,36,49,184,63,50
12916 6730 8 35,149,110,100,39,64
9791 12005 8 132,195,79
2485 33963 8 16,61,182,21,35,105,38,113
5111 17507 8 115,80
26606 19076 8 103,28,16,120,49
397 26769 8 48,83,63,114,32,104
30847 11716 8 20,114,95,44,152
32626 43889 8 27,77,119,20,15
44616 29135 8 185,113,140,119,160,9
24814 33848 8 119,14,56,59
3408 2978 8 185,194,103,19,102,64,12,69
34521 32727 8 27,107,109,35,83,63,19
15363 29651 8 119,44,109,120,182,33
9356 12833 8 17,104,169,182
22231 13154 8 129,83,179,102,83
42742 16963 8 143,49,42,128,21,184
22355 27931 8 17,83,145,31,59,51
25658 18353 8 127,49,59,83,182
42193 10387 8 131,21
20145 10472 8 19,48
35157 20261 8 185,24,7,25
39989 38120 8 29,80
29910 15232 8 169,18
1286 40748 8 132,83,133,10,62,149,17,44
27922 33404 8 101,137,68,62
35244 12822 8 195,10,185,85,28
19128 16966 8 73,116,103,132,49
9503 32429 8 40,35
19178 2991 8 109,58,49,61
34170 606 8 49,10,160,21,61
25353 36706 8 101,65,119,178,61,19
22754 9793 8 22,185
28014 17111 8 120,179,40
29837 23175 8 9,14,61,112,84,49,118,59
8265 6791 8 194,24,114,136,20,120
7682 29328 8 53,113,18,61,23
2760 9343 8 82,18,184
40916 26349 8 28,149,129,58,49,106
43160 44217 8 129,154,120
5037 2166 8 49,35,60
19503 8872 8 143,91
14279 7210 8 7,22,22
7018 43811 8 110,83,69,65
24213 40106 8 29,91,59
36372 37436 8 131,200,15,131,57,61
13443 45095 8 24,111,35,61,39
41942 35226 8 104,140,104,181,14,169,59,59
14271 40174 8 146,169,118,82,51,181,129,178
2833 25929 8 18,91,10,156,132,39
17439 22603 8 62,49,103
35636 35319 8 23,104,24,102,84
6833 44009 8 42,80,129,48,181,63,35
29229 5751 8 36,49,156,40
12223 34422 8 47,91
16551 25191 8 110,57,140,67,85,130,63,181
32924 11314 8 58,110
11691 30941 8 91,17,129,49,17
39554 6717 8 185,65,38
37974 7109 8 61,91,83,130
27080 25744 8 19,162,182,32,182,61,85
42413 20194 8 43,48,49,19,110,41,118,130
755 7928 8 56,41,65,9,36,69,103
40732 17163 8 77,25,178,51,60,15,60,58
4375 26145 8 67,68,52,15,82,10
12883 5369 8 111,10,178,55
20931 20327 8 116,49,194,20,132,87,60
13610 20318 8 63,77,49,19,48,62,62
23769 32234 8 52,16,132,119,51,84
39853 7096 8 194,145,10
8462 40101 8 27,49,157,8,62,119,81
33719 29342 8 54,116
31022 40774 8 80,35,105,91,104
26558 33031 8 9,119,119,22,114,177,185
34587 38766 8 183,17,157,11,133,143,68,21
5315 12381 8 82,66,8,63,29,130
22416 2220 8 63,185,61
8340 33016 8 114,91,48
7419 21183 8 63,49,85,20,44,109,107,119
34481 14592 8 101,29,18,185,62,63,38
22943 24132 8 184,7
17076 29311 8 34,64,19,53,103,49
2279 15795 8 20,28,18,113,29,110,17
36113 33763 8 14,28,143,31
6885 41431 8 179,129,113,63,68,119,146
44595 18136 8 37,7,83,156,18
14481 1987 8 82,53,104,14,73
44628 14003 8 61,114,85,66,44,151,179,58
29127 4011 8 67,181,66,118,68,131,48,119
33058 5991 8 34,96,65,177,56,141,39
33082 40966 8 185,120,115,138,60,32,144
36273 5652 8 39,133,103
21194 18129 8 22,83,151,109,59,81,185
20513 19250 8 104,50,75,21,60,52,106
26645 44357 8 181,38,49
10626 18956 8 31,55,40,50,103,45,8,146
9135 3381 8 51,10,38,49,119,95
28763 44038 8 163,163,7,85,184,64,30
29538 33694 8 9,52,110,149,66
8773 12198 8 65,120,178,83,49
37641 29726 8 61,58,129,41
31490 20865 8 47,31,69,118,61,120,21
27173 45740 8 62,169,131,126,131
20066 5923 8 118,21,52,29,25,7,19,17
27946 38239 8 109,49,135,79,182,59
31600 32894 8 139,162,156,82,92,80,21
2466 20 8 58,48,44,113,132,56,178,21
42912 28379 8 69,119,21,65,103,14,43,55
20570 4825 8 182,111,60,104,55,35,49
32001 21076 8 81,59,178,116,100,64,40,62
11753 36856 8 105,65,65,81
38385 41488 8 63,65,94,106,54,20,163
18087 6833 8 61,22,40,144,181,145,67
35071 28845 8 82,53,101,194
39653 587 8 47,96,63,101,48,110
43256 39242 8 58,159,179,40
3591 38390 8 182,178,194,144
37738 39677 8 104,58,119,63,64,6,102
29524 23376 8 42,34
10148 7029 8 56,87,58,85,128,18,20,33
9407 29732 8 110,182,57,59,183,27
9112 5993 8 163,29
40146 38020 8 25,101,179,103
30289 41386 8 156,19
559 39427 8 110,117
4304 24677 8 62,50,47
3307 6950 8 19,58,10
4490 31964 8 128,68,47,62
39719 42111 8 91,139,49,129,44,119,102,65
42496 13984 8 64,132,28,29,44,113
35998 36793 8 29,21,152,113,52
44140 38692 8 136,169,109,182,185
7923 17210 8 37,63,112,60,106,15
42138 32219 8 120,79,60,82,106,26,132,9
29195 19475 8 162,103,12,21
20336 787 8 131,194,31,22
3795 6441 8 10,58,109,156,63
33480 34418 8 55,48
43625 12170 8 163,103
40916 25233 8 62,38,145,151,120,10,61,49
37890 4759 8 48,53,49,61,162,57
27906 28301 8 138,58,118,46,170,104,134,66
9821 8212 8 142,37,54,53
10786 3081 8 10,104,43,140,7
29090 42587 8 182,95,28,115,30
14808 5746 8 130,45,68,69,40
36231 28483 8 116,119,182,104
1554 3174 8 25,25,46,31
33899 31845 8 10,10,101,161,23,16,69
19477 44433 8 185,22
43848 17351 8 119,81,85,82,185
42405 36907 8 55,32
18528 17700 8 77,27,44,10,64,204
247 28675 8 148,34,34,163
25086 26571 8 102,118,30,69,44,142,83,120
8503 11546 8 35,48,181,30,22,8,129
38861 30483 8 48,51,19,61
26391 5879 8 112,8
10369 5241 8 48,130,191,185
38272 1590 8 53,136,119,35,48,21,156,51
41064 45135 8 43,113
40340 12149 8 127,130,80,87,163
23481 21216 8 7,109,49
34160 11113 8 10,17,162,132
25574 7177 8 141,16,61,62,184,104,134
4794 3576 8 185,146,50,103
26393 39166 8 185,46,118,136,114,181,61
40998 11347 8 15,29,156,50
18309 22831 8 182,182,105,8
30429 9541 8 60,160,80,83
15721 44829 8 44,55,91,184,53
27794 33212 8 8,46,40,104,146,58,129,181
6974 33123 8 17,39,117,56,18,49
20107 13547 8 211,19
9823 16985 8 47,22,22,44,23,96
9952 30347 8 12,107,30,118,90,29,17,61
29272 18700 8 19,58,58,185,128,178
34883 4676 8 77,42,183
43761 40992 8 81,27
14989 13397 8 83,160,42,44,19,30,83,64
20424 31348 8 169,110,163,50,101,60
13210 3765 8 117,118,29,185,104,14,61,66
6845 1697 8 129,59,169,82,53,20
5322 5148 8 51,25,10,19
17696 25533 8 60,36,32,140
39534 33032 8 20,136,105,162,103,22,23
38711 26972 8 54,194,19,160,178,179
16413 10369 8 104,36,69,49,68
9976 27457 8 61,106,14,146
37383 29356 8 61,115,69
1815 3494 8 184,8,100,151,44,82,129
25627 8061 8 66,216,177
20675 29403 8 47,76,84,103,23,50,35,35
8249 41362 8 25,91,18,15,40,110
20011 24213 8 109,30
29157 11047 8 48,110,82,87,185
15168 40909 8 130,119,83,183,107
22115 17634 8 103,61,45,98,163,156,8,27
22696 17192 8 68,34,101,141,80,54,63,55
23212 16380 8 7,44,104,14,21
6882 36723 8 140,184,34,87
34498 37605 8 66,178,48,161,10,116,67
43690 11030 8 69,103,42
20784 31868 8 102,12,82,105,142
8165 20280 8 60,33,128
25459 37829 8 14,48,109,48,65,53
36524 9608 8 60,18,80
12176 4900 8 22,130,102,140,211,111,165
22014 41589 8 38,117,36,44
12673 34324 8 83,104
23052 6988 8 100,48,78,29,60,162,62,81
40303 32490 8 107,106
40668 6713 8 54,104,110,12,40
29695 1197 8 109,61
12014 39061 8 118,102,182
9347 43240 8 45,15,81,16,100
16116 29155 8 54,63
34759 25254 8 63,81,14
27290 44047 8 48,129
41829 601 8 49,37,20
41003 42387 8 118,149,69,42,68
39620 42385 8 185,52,64,44,55,105,18,82
20850 26840 8 58,23,113,85,18
15092 2512 8 60,103
32759 42513 8 37,83,119,62,85
32924 45566 8 117,49,25,108,22,116,178
16886 31017 8 20,61,64,152,85
5850 13159 8 14,154,29,63,38,149
13557 42952 8 194,21,129
6179 21171 8 60,84,119,169,9,46
43657 29681 8 114,57,134,61,118,102,60
42992 20448 8 55,57,105,181
32681 8007 8 61,65,102
7501 1496 8 85,83
4480 45081 8 31,84,104,49
34802 7343 8 182,65,49
27644 19919 8 60,67,91,12
3944 17663 8 91,12
17539 14094 8 50,114,62,7,84
15706 23866 8 31,106
4842 30475 8 55,120,12,185
44357 210 8 87,102,19,185,69
31570 29524 8 111,38
20772 6021 8 131,117,185,63
677 15752 8 81,149,42
30265 37630 8 63,64,177,81,57
14745 12893 8 41,69
35303 5748 8 146,57,12,42,119
28044 21870 8 108,10,120,67,102,18
9312 20680 8 119,19,112
2033 29414 8 21,37,130,118,41,106,20
25320 30352 8 51,58,79,62,61,68,163,19
589 29343 8 64,35,182,144
20755 39894 8 163,62,102,38,141
12033 9020 8 162,162,10,15,60,15,63
29646 24568 8 62,16,22,136,8,28,15,20
30331 6290 8 103,21,104,9,143,12,59,101
20021 17793 8 185,35,59
19332 31265 8 149,133,144,109,62,81,80
27049 906 8 136,136
5512 29234 8 81,45,194,61,20,120
33164 6033 8 35,83,14
35884 7139 8 119,89,144,63
10504 29288 8 53,102,108,81,87,102,108,116
21593 23573 8 21,91,115
38104 8373 8 179,50,19,7,104,65,44
1652 19365 8 54,87,53
26190 43061 8 120,59,58,129
924 37953 8 107,98,34,82,184,34
24181 38775 8 36,25,114
2901 29599 8 120,146,79,82,113
28015 40700 8 49,21,163,49,179,58,14,162
16589 14324 8 58,33,52,45,154,185
2483 38981 8 146,103,14,129
12470 16894 8 49,44,101,48,56
18271 10382 8 49,120,156
37520 24182 8 76,15,149,17,143,184
34278 20613 8 19,10,52,132,182
27267 42127 8 27,19,34,55,45,63,40,45
34855 24121 8 83,22,112,49
7418 45070 8 184,130,115,113,40
10541 1431 8 48,156
38249 30670 8 216,157,21,66,15,35
3025 4482 8 24,109,58
11563 28743 8 94,50,108,21,39,152,65
41748 35358 8 45,145,83,106
18611 10105 8 48,56,131,62,105
40238 33591 8 52,18,29,25,181,87,178,49
2974 5758 8 33,104,80,58
43193 24876 8 179,120
20565 29555 8 101,149,129
100 12989 8 62,48,104,22
22708 16981 8 129,142,21
37840 7442 8 185,61,40
122 39383 8 110,57,203,19,21,145
3234 14183 8 104,61,107,45,102
4562 11147 8 78,62,23,48,111,119
256 29567 8 18,65,38
17641 15965 8 177,45,28
40428 25857 8 163,10,87,15,44,49,59
43924 27305 8 81,218,81,144,61
29780 26057 8 69,62,62
23238 14016 8 69,118,84,119,40,14,30
3904 17992 8 119,100
20496 32069 8 19,8,62,105,65
9140 37064 8 55,22,182,185,36,145
8269 5720 8 130,222,179,181,48
35722 44770 8 49,49,53,58,128,143
15667 15510 8 56,193,28,135,160,135,38,84
13561 39560 8 104,67,169
37561 45513 8 20,118,83,56
16991 10369 8 177,112
32980 25713 8 87,84,117,61,84,36,81,185
29365 19931 8 66,118,49,200
1659 15004 8 57,81,41,146,51,119,61
4521 20493 8 211,181,114,50,177,185,38
5555 15152 8 23,185,63,81,130,45
26363 15672 8 61,61,82,18
39140 294 8 43,131,32,52,87,21,10,133
16923 6037 8 163,104,185,12,17,81
32012 2479 8 63,103,47,114,47,163,181,130
10582 33809 8 43,109,55,24,166,29
1286 15033 8 82,36,32,144,61,48,194,185
1981 7817 8 160,19,60,46,21,119,49,27
10765 38407 8 129,106,67,84,114,185,64,129
16977 6539 8 55,112,64,49
13365 45318 8 60,114,44,81,69
25321 32446 8 48,81,7,60,106
2611 18419 8 161,104,103,18,29,28,141,83
34330 38755 8 130,56,65,185,52,21,16
43987 11124 8 80,146
23551 10172 8 26,36,179,129,46,204,78
45770 42599 8 22,51,58,109,45,96,63
22256 41834 8 181,34,156,114,182
22380 1340 8 36,128,50,17,61,136,118
36614 43070 8 119,84
7801 21830 8 12,110,84
29862 34642 8 64,82,48,177
42021 5935 8 51,65,10,25,169,160,62,134
26255 21070 8 83,29
35153 4653 8 129,177,181,50,185
20224 44849 8 115,40,83
20288 25752 8 131,48,17,56,132,145
27765 16324 8 49,67
4322 39590 8 45,28,45,83,116,35,104
36835 27842 8 112,178,107,66,62,78,117
17044 35758 8 149,101,28,108,10,33,129
19133 13124 8 51,152
31994 23814 8 39,185,17,31,53
7484 29987 8 185,64,35,45,41
38397 22919 8 63,112,67,7
27170 23764 8 185,163,136,129,65,65
37695 31558 8 107,22,53
37510 39814 8 44,94,65,110,51
41050 17106 8 91,109,45,48,69
11649 45503 8 101,58
34789 32636 8 8,49
13809 737 8 119,39
34213 3272 8 130,140,19,111,87,156,83,20
45000 8606 8 178,119,120,20,55
4296 43728 8 181,49,80
14806 96 8 66,119,134,81,102,18,83,81
32209 8727 8 179,40
40530 9575 8 10,108,53
33343 34008 8 52,106,169,104,48,37,6
12603 7897 8 183,46,107,118,131,65
43532 2522 8 21,102,18,109,144
10016 30117 8 66,177,65
12891 10500 8 163,68,104,120,51,82,181,44
10286 28079 8 57,185,49,66,83,16,133,117
16850 13997 8 62,115,177,179,66
7361 29999 8 79,28,12
7009 33863 8 68,62,103,58,76,194,22,18
17571 21771 8 59,131,82,115,177,126,162
38512 13113 8 44,66,55,119,66,119,64,61
2617 39105 8 127,59,140,106
17140 1402 8 129,182,25,135,48,81,133,120
37606 19104 8 83,21,23,18,119,90,49,109
31105 33293 8 18,112,118
15210 3787 8 25,7,19,20,96
29260 12645 8 68,83,66,19,104
21671 40216 8 166,63,130,21,181,118
13408 26197 8 145,10,136,34,14,51,37,59
38204 19948 8 31,53,32,41,114,144,35,58
4565 9498 8 194,36
22816 42057 8 35,16,115
42359 10934 8 129,29
38354 38258 8 52,163,38,37
30026 1919 8 119,132,27,130,80
41046 26449 8 211,67
39616 7259 8 144,82,83,108,131,119,23
41173 13397 8 48,113,84,145,54
14901 39275 8 69,33,182,48,140,40,107,52
25555 15011 8 18,37,85,18,49
39359 32734 8 194,51,146,59,9
10810 41774 8 114,56,119,15,39
42364 35415 8 111,194,83,43,35,130
3834 4894 8 40,23
29249 32333 8 61,146,96,49,179,60
29620 26153 8 185,120,65,118,61,177,142
39300 44390 8 178,15
37551 18842 8 8,40,117,57
13407 15224 8 20,182,194,182,33,48,39,20
20088 43972 8 14,59,136,44,178,16,54
9377 8531 8 135,194,49,115,10,20,53
39464 41702 8 49,9,30
45046 42362 8 60,142,34,178
34531 19828 8 58,20,142,27,96
30613 38103 8 163,54,60,55,17,131
26979 30698 8 101,36,102,47,21,177
27235 15945 8 30,146,58,119,48,38
13868 21974 8 59,81
4564 7337 8 64,48,38,113,59,83,22
5848 13199 8 184,129,110
15196 15 8 65,105,61,52,14,21,15,112
13462 11833 8 62,103,179
11561 24244 8 56,30,185
7601 41520 8 68,64,67,143,32
21722 21912 8 179,68
28554 1505 8 20,134,15
28440 8090 8 21,20,41
41682 2901 8 35,83,179,183
2442 33478 8 47,96
41136 621 8 18,163,46,81,119,67,129,52
12897 15990 8 25,181,29,83,58
37219 21112 8 135,47,21,115,49,19
43751 39057 8 178,12,10
43406 37478 8 210,81,182,75,39,21,149
41283 6839 8 110,181
15703 39128 8 39,185,54,53,69,16
7429 1952 8 104,182,65,113,49,56,10
27738 17767 8 16,156,24,21,19,20,23,34
9137 1031 8 100,119,136,142
27760 37367 8 69,104,131,112,104,199,17
13334 4541 8 27,15,57,12,42
13130 43534 8 131,18,120,17,185,149
10596 41850 8 46,64
7304 10246 8 82,62
1826 42015 8 101,96,78,194,20,135
11218 10408 8 53,62,145,12
2668 15419 8 185,67,87,185,53
26141 26098 8 149,163,119,129,120,17
17854 18689 8 62,56,119,14,63,66
12535 22984 8 61,130,185,92,194,61,129
42715 8935 8 169,132,10,29,104
21163 37398 8 185,52,84,22,58,115,81
39605 37705 8 68,20,82,53,156,41
40731 45694 8 185,56,10,46,9,23,32
34148 5056 8 119,195,66,183,8,15,116,41
40585 1007 8 51,21,163,60,119,34,50
38647 4284 8 43,129,182,33,120
37932 41998 8 156,163,61,62
36808 17274 8 18,35,119
45630 28530 8 64,40,104,14,129,85,51,85
5049 20042 8 149,44
13252 41071 8 18,52,61,160,61,64
16515 17678 8 183,58,45
36954 37702 8 47,46,45
41100 41957 8 105,65,194,119,41,103,41
24095 22415 8 47,108,183,30,46,63
4089 3607 8 21,25,119,58,141,182,96,24
44459 19073 8 45,81,181
35855 31570 8 52,46,48,93,18
15463 11216 8 58,15,112,19,91,182,69,178
20065 8229 8 58,69,67,49
43347 21408 8 59,83,10
1946 4942 8 67,25,213,178,30,63
7759 32319 8 162,9,119,35,37,22
39319 27079 8 163,185
19566 44922 8 60,25,146,63,28,20,184,21
7271 40012 8 50,21,104,162
18179 2063 8 130,18,178,55,120,129
5867 16158 8 104,85,185,181
14010 10785 8 113,87,85
43875 34900 8 163,69,108,21,162,138
34912 21524 8 179,54
42826 9006 8 10,63,22,69,47,51,82,18
15171 5258 8 12,169,49,19,129,7,22
4087 23674 8 41,129,85,44,116,64,87
16232 555 8 84,141,129,130,119,129,37,14
19101 14236 8 132,27,83,56,58,87,103
34223 1858 8 116,130,66,91,54,32,102,66
31512 24785 8 41,24,129
26294 38373 8 65,119,159,23
14048 9300 8 104,35,47
41564 10889 8 179,96
21988 20788 8 106,142,135,10,163
43381 17899 8 9,49
39400 11735 8 91,149,20,107
36343 19122 8 181,7,24,30,142,63,65
14820 3327 8 80,37,10,51,59
43185 14260 8 143,48,34,115,61,65,54,59
25749 16188 8 119,61,98,48,59
533 43337 8 48,113
23487 27372 8 104,81,185,34,58,83
17027 38193 8 48,119,23
35693 3212 8 81,119,19,103,58,65
25714 4467 8 91,19,10,32,169,118,60
16379 21115 8 42,46
12307 587 8 85,43,49,102
33627 33628 8 42,10,184,145
16160 29165 8 87,52,55
11228 15996 8 64,118,20,102
19713 38039 8 82,119
27847 41513 8 129,128,65,104,182,82,12,25
4924 9853 8 67,82,49,102,81,44,63
1196 35970 8 34,160,102,34,87,115,7
27907 30560 8 181,106,129,103,20,83,111,102
33278 16332 8 68,156,120,25,8,140,153,8
38211 18702 8 117,57,131,104,17,19,45,116
16935 32322 8 57,67,49,64,34
2903 45660 8 48,111,29,21,103,49
5471 27059 8 80,18,64,200,22,51
31252 35 8 55,20,15,14,103
10364 33897 8 179,52,132,36,219,29,83
4012 8466 8 19,152,163,83,64,63,100,32
524 43300 8 111,179,67,49,132
37111 16528 8 110,9,183,45
16607 2439 8 19,114,17,44,8
41862 5229 8 82,102,113
35881 29599 8 10,114,191,66,149,169,36
9614 12455 8 129,179,36,194,117
12939 14383 8 55,62,104,20,102,100,128
9035 21416 8 49,136,19,132,53,146,120,111
31201 29963 8 55,111,60,65,10,128,163,211
23390 16824 8 64,120,104,87,60,54,117
13881 43977 8 17,111
27108 30563 8 179,111,82,61,144,62
7840 26124 8 185,43,47,115,177,132,7,55
6305 22688 8 44,69,110,129
9533 14845 8 185,179,12
7955 5161 8 118,51,129
11770 32466 8 81,107,18,104,195,103,29
40635 39911 8 63,114,62,130,55,34,37,65
2138 24641 8 63,42,63,29,69,49
18393 8987 8 63,52,182,49,169,58
21693 28390 8 103,21,83
21087 36018 8 194,119,39,91,216,24,105,185
21437 17337 8 57,143,56,126
22181 25936 8 28,21,120,59,120,119
34323 36216 8 185,45
15534 28387 8 84,69,20
2802 12525 8 115,68,8,154,84,68,39,181
716 34612 8 49,48
45020 2956 8 128,85,28,101,129,144,84
45799 11871 8 7,156,145
16178 22351 8 140,66,143,138,10,113,65
42949 5094 8 29,62,36
15752 16162 8 10,63,53
11980 42940 8 63,62,76
511 44260 8 57,81,12
36467 15808 8 115,61,65,21,47,66,84
34291 9989 8 9,65,100,112
40456 44426 8 8,110
13451 25845 8 79,109
22915 9775 8 81,59,119,103,109,63
1232 14471 8 48,178,15
36677 6079 8 118,23,62,133,117,16,83
21496 22745 8 130,145,114,46
17216 9587 8 59,129,87,25,132,84
2789 40632 8 181,149
22441 9688 8 16,42,58,63,20,111,104
12863 17801 8 102,108,127,119
19304 30033 8 57,153,23,34
26221 11524 8 83,65,130,82
14946 38472 8 19,40,22
42269 34642 8 101,59,131,114,36
39833 42081 8 83,104,20,177,163,49
1537 14960 8 91,112,37,10,59,113
44267 31051 8 59,63,81,12,177
6218 15861 8 163,179,39,64,16
20380 21937 8 64,194,102,45,35
41009 39025 8 58,21,46,63,66
4869 12282 8 67,129,140,117,64
29691 1108 8 12,118,103,46,84,185,47,177
960 36727 8 96,7,67,83,81,162,150,83
24930 30373 8 10,106
37143 3754 8 67,129,37
8089 42131 8 36,211,69,62,58,33,59
43556 13173 8 67,18,194,57
1078 26228 8 152,103,22,29,58,58,185
40529 381 8 128,43,79,116,149,100
11838 8246 8 83,114,109,185,58,62
14904 5080 8 100,21,16,110,83,105,21
45170 30202 8 83,135,53,82,184,49,152
27058 37142 8 42,140
36914 21992 8 67,161,106,19
30772 20010 8 34,44,51,48,55,129
8605 25220 8 105,25
11598 12507 8 113,20,60,102,21,132,41
44762 13863 8 139,104,63,31,184,130,136
18461 28258 8 10,58,49,81,156,47
5490 7412 8 120,87,48,56,110
25000 33315 8 64,106,61,10,10,81,8
28062 34504 8 60,66,185,33
11721 24339 8 119,118,120,50,97,131,58
37859 22279 8 91,136,140,60,20
5857 42391 8 16,48,178,28
36921 5274 8 38,181,144,163,184,185,194
42798 20063 8 61,120,41
23037 41307 8 102,110
18684 38764 8 60,140,50
20352 22495 8 59,53,81,130,69,131,116
12115 2540 8 16,18,19,163,55,58,40,25
29884 44432 8 10,145,33,132
26109 21875 8 87,169,85,194,64,156,33
5384 10547 8 16,58,136,16
14061 13576 8 83,63,115,131
28507 45728 8 146,28,64,160,107,119
36502 25141 8 112,156,28,179
1922 1350 8 179,16,34,83,25,30,63
2616 924 8 61,49,132,178,83,15
31702 3120 8 185,105,179,24,15
22453 21404 8 63,163,48
7323 29101 8 33,140,82,139,59,83
1890 25898 8 120,19,33,49,61,22,114
34348 24416 8 103,118,14
33341 30475 8 131,10,19,185
28227 9801 8 113,63,20,38
40520 33577 8 64,67,178,18,178,23
29610 4110 8 102,62
1952 26878 8 27,21,21,14,67,14
42053 2472 8 110,110,53,75,23,132
20621 44179 8 36,84,211
36134 7960 8 27,108,116,53
33076 34011 8 182,19,157,29,7,8
36636 25060 8 47,49,51,29,130,113,116,52
29662 9529 8 131,63,117,41,169
35517 32480 8 55,50,152,127,49,19,130
11053 27995 8 91,21
25644 20013 8 141,15,41,128,81,128
2780 17446 8 75,61,69
26210 7989 8 77,91,179,58,85,101
16865 20362 8 185,83,51,117,104
32796 13630 8 120,43,110,83
39728 40349 8 132,142,87,130,18,118
33407 29395 8 114,65
13264 38806 8 31,52,62,104,132,37,143
44127 29888 8 60,144,65,185,60
14951 41935 8 48,29,11,184
13843 39976 8 102,7,201
6663 34247 8 90,104,101,103,145,106,10,194
1410 35137 8 33,18
15649 7443 8 43,138,77
1476 35577 8 129,83
41553 20286 8 80,14,179,46,129,129
22502 17483 8 54,18,29
29263 5813 8 63,60
11627 12833 8 130,132,23
28463 4943 8 45,44,113,130,48
4415 5740 8 53,39,26,36,66
42256 44475 8 8,63,185,64,69,37,49,179
10409 33354 8 21,61,196,108,67,19,16
10331 10592 8 17,58,116,43,184,82,185,19
36669 7950 8 10,119,21,130,48
39128 44457 8 38,26,37
21658 29993 8 11,128,118,65,185,48,50,65
25831 26652 8 120,129,40,185,117,19,53,104
10399 32397 8 19,117,61,185
37669 28141 8 184,134,79,132
28067 42336 8 83,7,50,18,185,10,38
45476 29008 8 80,6,60,81
18124 20632 8 10,29,65,19,103,179,12,112
11874 28465 8 85,185,117,20,83,81
4932 38501 8 17,18,42
19821 14151 8 135,47,19
29362 43797 8 65,40
31940 43032 8 136,39,20,79,133,67,9
39569 31680 8 129,62,183,14
42674 13490 8 31,117,62
33715 32443 8 66,16,194,179
10934 39616 8 62,21,7,52
32974 8941 8 28,60,59,63,43
29070 14639 8 37,61,30,19,18
42611 6715 8 41,83,62,163,58,115,155,25
6730 26524 8 58,104,64,131
30240 36986 8 62,156,194
12984 45734 8 60,136,44,52,64,64,62,58
21506 32909 8 34,143,156
37030 2151 8 182,50,68,58,39
27351 22612 8 58,163,30
42518 7441 8 142,46,63,19,55,61
25719 34865 8 185,105,56
7641 27937 8 211,65,46
823 38488 8 58,83
33910 7247 8 96,65,82,31,9,129
18005 15177 8 119,17,19
16804 6808 8 10,50,27
21881 41265 8 129,134,12,9,178,128,17
24063 27228 8 108,184,127,110,27,84
24015 31044 8 83,106,65,179,30,63
17805 1299 8 214,28,129,184,51,109
20377 7736 8 54,102,22,82,178,23,57
43529 41636 8 26,45,83,163
4205 6673 8 50,104,56,21
42265 43638 8 23,63,139,12
28256 102 8 185,84,106,37,25,46
30284 2730 8 104,54,178,44,20
33484 21160 8 129,103,44
27968 22938 8 37,42,83
6913 8855 8 49,182,65
6924 29335 8 83,22,136,62,43,112
35078 33708 8 105,103,83,49,53,132,133,21
44876 723 8 34,21,103,111,102,31,24,48
44135 35776 8 47,103
24893 10879 8 14,129,118
25634 9564 8 111,104,158,114,66
17473 13444 8 36,91,119,49,179,61
11034 39740 8 140,162,36,83,22,7,28,60
37633 28751 8 41,82,128,20,49
9468 34640 8 44,41,154,15,49,48,66
31348 27211 8 67,119,44,54,43
17061 28279 8 81,140,145
3198 24185 8 19,169
37528 3161 8 162,38,104,54,100,44,56
10325 9472 8 48,152,130,114
32895 8080 8 102,48
4989 15032 8 58,51
32483 18131 8 129,21,169,34,62,81,63,49
3405 7837 8 28,136,32,109,28
28790 22754 8 114,184,111,84,104,18,144
35221 22602 8 104,94,149,194,182,115,112,81
42110 18348 8 103,57,182,155
30728 12963 8 129,37,42,37,53,48
44980 18978 8 37,101,44
9262 31824 8 29,129,109
19434 602 8 44,18
32638 14887 8 79,9,32,49,37,85,49,129
5200 31984 8 20,117,103,63,152,104,169
24265 16065 8 50,39,19,178,81,112,111,120
20321 32711 8 60,108,8,47,17,23,51,112
23452 40927 8 32,113,94,16,63,151,59
44479 33935 8 53,16,104
44243 4058 8 8,102,131,85
22996 34943 8 81,105,62,63,41,63
21382 979 8 101,104,84,45,47,64
8459 23567 8 58,182
5238 44414 8 45,156,26,104,156
21493 32419 8 163,18,38,145,54,30,65
25552 23734 8 66,27,64,182,38,116,82
40678 27852 8 20,108,20,52,42,162,185
8945 29456 8 61,18,14
8884 3638 8 104,62,24
19586 41452 8 119,19,91,77
459 7950 8 66,59,96,24
30618 8339 8 128,121,103,10,111
1339 28344 8 85,178,83,108,41,48
38603 37655 8 106,112,84,110,163,65,103
31014 11952 8 59,64,48,80,179,33,130
12903 23030 8 39,10,105,63,83,31
4283 9987 8 25,130,177,41,66,9
25064 45213 8 49,54,59,98,66,55,113
375 29841 8 105,108,10,119,18,49
26316 13731 8 79,57,102,25,39,128,24
21869 44743 8 107,134,80,112
7288 8570 8 178,82,115,24,179,144
24954 29787 8 43,49,55,10,20,59,62
34452 42183 8 185,138,69,87,149,141,115,118
17266 29959 8 21,104,69,48,41,112,129,66
18124 21754 8 131,194,60
4020 16024 8 19,29,21,156,9,119,181
6731 5444 8 156,59
31348 11484 8 61,178,18
23312 4601 8 48,185,156,55,62,23,84,83
43256 3998 8 113,102,160
9053 16807 8 60,15,193,24,58,60,58,49
9108 14627 8 13,19,62,12,113,50,114
23951 3090 8 52,152,103,34,19,82
37208 39583 8 104,64,58
19456 30470 8 14,54,149,41,64,178
23372 7712 8 14,7,45,84,50,79,44
45761 15278 8 16,18,36,160,8,20,87,58
29441 12385 8 21,45,37,113,31,24,184,51
22088 42245 8 102,162,131,65,179,112
10838 19331 8 116,18,20,61,101,163,8,114
41490 29485 8 108,136,8
20974 10213 8 69,111,51,63,68
28222 35666 8 9,49,140,195,103,83,142
9654 36429 8 53,83,134
4100 38232 8 184,10,84,116
31014 6792 8 104,35,18,69,129,85
31020 10470 8 46,58,10
23937 2330 8 117,181,82,134,132,156,58
18658 3186 8 116,47,41,108,63
2673 21864 8 185,118,111,61,107,185,151
41308 33111 8 119,133,103,47,83,38
21183 27828 8 54,216
41245 11384 8 61,160,120,29,83,17,35
44005 21562 8 57,162,185,149,39,119,33,26
44724 3191 8 38,21,18,19,144
12894 30753 8 55,51,21
31663 15262 8 18,27,143,102,36,136,199
25219 45323 8 61,153,166,58,182,67
12971 4284 8 103,61,149,82,72,143
23568 21289 8 12,69,43,83,26,182,52
40853 34204 8 59,64,105,61
23914 33477 8 36,61,117,23,37,83
12463 42359 8 9,61,85
21244 17298 8 117,104,84,132
13475 24442 8 194,132
44561 21922 8 27,105,181,58
7764 22274 8 53,127
31200 1466 8 110,177,19,129,64,66
28757 40271 8 18,38,45,63,58,63,17
45037 36820 8 63,130,68
15689 25807 8 27,40,59,58,84,146,56
12122 18460 8 179,20
38071 612 8 179,194,119,61,83,83,119
3552 39895 8 45,107,21
28345 45296 8 15,53,209,62,179,119,211,95
23466 40935 8 149,85,63
449 5553 8 19,61
35095 16116 8 31,111,149,129
20041 36826 8 81,57
13032 64 8 61,62,48
29209 36298 8 111,104,69,136
11109 4320 8 136,142,62
41459 38713 8 81,131,61,195,19,22
3050 5587 8 37,20
24144 2878 8 146,21,182,67
24375 1874 8 185,119,132,130
43205 5691 8 44,57,135,60,52
36659 2827 8 36,136,85,64,21
12289 34847 8 63,22,185,117,136,185,182
22471 4640 8 66,182,184,69,35,22,106,83
8147 95 8 34,185,58,24,108
13147 20791 8 60,139,21
538 5457 8 43,37,21,9
3440 38153 8 61,49,53,20,178,61,18
36523 38091 8 62,64,185,112,30,185,65
24055 26553 8 129,58,26
7446 3122 8 49,185,47,194,68
27836 26124 8 56,7,108,53,85
7845 15123 8 183,49,80,65,50,112,120
34614 28590 8 162,104,14,104
40437 45434 8 58,116,130
14867 35667 8 113,146,19,87,136,36
2276 6417 8 18,60,131,131
3897 1706 8 58,48,112,23
15195 23798 8 49,33
14195 26984 8 15,62
12484 21770 8 169,83,37,179
40708 7462 8 216,7,10,128,113,64,194
41079 22124 8 87,16,62,9,103,43
29710 14829 8 16,103,53,114,63
29231 39253 8 64,29,130
33628 6101 8 178,91,25,81,54,28
41908 1230 8 12,56
12499 18338 8 185,58,66,144,48
38815 12153 8 163,46,55,69,101,112,178,118
15124 28069 8 185,83
26387 19605 8 102,14,184,54,111,143,29
35600 2327 8 98,83,130
10186 19042 8 112,18
20260 8626 8 36,63
9124 17141 8 81,111,160,68,18,109
33885 32043 8 20,163,62,29,69,14,18,10
28587 15426 8 129,98,64,18,21,29,102
6548 10669 8 23,114,60
23870 36256 8 58,179,140
9566 20895 8 20,38,106,40,104
17321 17565 8 182,62,19,104,53,130,61
29764 12158 8 85,83,37,48,152,105,115,132
20836 16773 8 29,54,146,14,114,108,83,84
15464 28596 8 59,12,46,12,128,59,130
38570 36466 8 136,129,151,105
23138 16643 8 19,22,184,43,101,194,136
25825 9847 8 149,105,119,131,20,7,120
29991 38972 8 181,116,17,146,177,155,45,185
37792 41100 8 63,22,115,114
39762 18928 8 33,58,108,135,182
39449 45697 8 64,9,20,184,91,216,45,111
18684 28560 8 14,85,98,115,61,60
14074 16840 8 18,18,81,194,162,130,143
11875 14413 8 30,100,131,63,53,15,105
31058 3697 8 36,21
21026 13844 8 141,47,65
14833 1331 8 69,61,194,59,184
5536 7238 8 81,85,178,47,154,162
18093 20892 8 50,40,25
9719 45145 8 130,52,143,49,114,61,53
35877 34579 8 94,21,36,26,35,167,14,102
32456 19476 8 16,82,185,67,31,59
31729 6418 8 48,119,163,146,105,46
29516 36829 8 56,29,12,85,136
14875 38699 8 36,139,12
14910 22095 8 43,19
29636 27745 8 7,64,120,63,61,61,16,48
34341 35262 8 179,21,48,25,181
20235 20974 8 125,41,58,184,37,118
44776 45446 8 61,103,91,53,81,58,82,59
41054 28442 8 114,104,115,130
12747 9855 8 107,65,110,21,52,128,84
35291 40115 8 103,29
40278 37539 8 56,55,24,82,59,53,16,45
11677 37438 8 119,83,185,29,142
22897 5486 8 68,194,21
37589 43447 8 135,20,160,120,83,68,12
42361 386 8 101,114,115,35,119,45,49
31748 3515 8 10,81,181,84
15988 41726 8 146,60,104
33095 6871 8 19,59,116,82,66
24023 33924 8 38,22,59,185
396 10712 8 64,29
29267 43880 8 10,119,106,26
16512 22853 8 9,184,30,163,20
39595 9478 8 67,61
537 37649 8 93,60,128,15,103
31970 41619 8 106,58,83
23599 8858 8 19,135,143
28215 37397 8 45,119,54,32
40393 31277 8 94,131,185,117,81,62
27072 16507 8 179,178,62,16,20,51,19,120
6982 39405 8 85,129,142,30
5343 35275 8 85,102,29,102,85,107,162
10462 19879 8 58,18,115,60
12821 11323 8 62,67
9333 8978 8 69,102,9,91
38958 27666 8 83,12,49,105,153
17392 3628 8 36,29,144,106,104,22,16,112
2803 40692 8 169,58,34
27658 18460 8 114,152,96,104
39136 10960 8 28,131,49,162,134,83,163,102
26133 45462 8 84,109,162,49,149,19
44506 40908 8 58,85,103,87,83
3815 38996 8 109,181,184,22
4239 14357 8 91,96,7
31460 4562 8 100,141
34842 5940 8 29,68,25,81
8105 4923 8 50,49,162
23146 4222 8 8,119,113,184,40,113,27,61
8859 13812 8 102,15,66
17272 948 8 130,68
17547 8584 8 131,56,131,108,62,108,47
27187 40943 8 134,62,18
847 7854 8 36,91,34,146,102
26594 14108 8 185,134,44,60,30
23059 19999 8 61,91,27,81,30,95,38
41208 10971 8 31,19,21,37,64
40172 12679 8 31,49,16,84
28914 40508 8 162,50,84,32,87,83,31,132
22691 25259 8 178,34,179,110,46,53
34591 36737 8 36,83,129
2946 35497 8 36,51,100,177,49,185
19081 26989 8 53,100,44,135
28241 5365 8 128,130,135,129,141,15,113
35128 45208 8 61,39,48,54,53,17,182,162
22133 41010 8 28,81,17,68,49
20179 31870 8 100,149,159,58
14233 41813 8 64,61,63,28,96,56
37025 36146 8 18,104,130,46,16,146
8587 39310 8 109,38,37,76,48
21808 10504 8 113,106,65,48,104,179,8,59
25507 11084 8 106,104,53,40,176
35445 7764 8 118,19,83,163
2868 4720 8 51,22,57,179
13044 37781 8 45,65,19,58,61,57,58,120
33289 23333 8 154,163,13,54,101,108,119,19
1152 42040 8 119,119,162,111,85,136,50
660 8556 8 30,69,55,49,87,25,16
21737 37438 8 98,40,108,20,58
30060 9508 8 68,38,55
401 32171 8 119,39,156,120,25,53,20,115
4533 23650 8 98,54
41358 33230 8 48,115,21,45,64,53,112,153
33906 36733 8 104,33,64
33442 2405 8 20,149,15,9,46,28,18,36
26757 37108 8 84,104,185,10
32981 20529 8 117,58,71,18,19,152,37
4239 414 8 63,44,91,59,82,104,21,128
34409 19455 8 108,181,21
22263 42998 8 50,16,211,19,23,42,83
35239 6871 8 95,69,64
23767 19941 8 97,59,22,89,52,119,25
15650 28981 8 101,18
6041 35885 8 27,108,104,49
14543 25603 8 78,160,182,50,48,87,52,116
39499 834 8 8,129,36,33,66,44,153
39150 6315 8 105,152,61
36717 34551 8 34,83,58,41,93
39096 38737 8 25,38,181,152
10448 26540 8 83,156
21410 7860 8 24,183,61,61,105,163,32
31982 25595 8 31,178,37,18
33708 24328 8 57,61,129,49,146,85,118,41
10582 42707 8 28,98,104,18,63,37,132
7058 5910 8 34,14
10546 13413 8 110,115,47,83,177,20,113,84
20640 33648 8 85,130,81,108,63,20,156,87
37855 40269 8 130,26,112,42,68
44148 24976 8 110,10,104,37,99
25401 38944 8 21,62,118,58
39725 5298 8 144,136,179,166,64
476 44397 8 42,109,54,63,53
23253 44457 8 17,30,185,56
44027 43847 8 78,84,120,35,81,108
31852 40427 8 48,102
19713 14612 8 140,28,28,129,129,63
12021 37965 8 23,211,44,64,49,179,57
31011 20194 8 120,20,82,63
9044 1742 8 45,201,182,50,135,62
35654 44700 8 18,41,68
445 43310 8 48,104,129
1136 19745 8 102,64,29,41,140
25901 21889 8 100,106,30,28,10,111,20,45
18475 908 8 50,59,56
23725 30385 8 82,179,93
10879 38585 8 79,131,22,25
32406 23096 8 20,16,9,79,47,26,39,129
10518 26738 8 21,91,59,109,104,178
1976 29217 8 117,32,40,53,63,159
35985 10083 8 149,18
36943 32562 8 117,59,119
36785 28844 8 58,35,182,182,53
4956 24044 8 84,194
5899 30643 8 64,65,119
2638 37325 8 20,61,102,80,110,66
5553 9364 8 15,141,17,145,20,49,104,179
45232 22735 8 56,152,46,20
18578 28906 8 149,27,28,138,28,83,120,102
19796 7838 8 91,38,51,61,21,110,91,125
12004 45516 8 152,21,146,114
2003 2668 8 179,185,64
4516 9439 8 118,22,20,98
41540 32936 8 110,19,63,59
45150 22061 8 102,54,105,104,65,66
33004 3763 8 194,82,10,83
44916 20464 8 39,25,136,50,60,37,105,116
534 25720 8 32,52
36807 27018 8 69,57,112,87,83,31,41
2243 37497 8 19,110
25699 6658 8 36,57,129,69,129
10839 9911 8 29,21
44358 42145 8 39,102,15,8,29,31,128,85
29033 23927 8 15,51,120,37,200,10,53
38167 45260 8 101,91,111,30,64,163,156,41
24546 45559 8 178,53,59,152,61,115,56
44741 6000 8 143,51,59,178,30,19,58
43897 34573 8 156,58,177,33,82,169,184
43586 31844 8 83,64,178,40
11175 37877 8 140,18
39350 17810 8 49,143,20,194,163
41050 6636 8 18,64,49
40320 29050 8 50,27,42,113
14137 21892 8 37,112,64
44095 13682 8 53,54,48
1665 30762 8 118,19,130,19,178
13400 34500 8 21,48,68
835 7142 8 119,22
32791 28872 8 100,38,19
1468 8179 8 58,163
20671 37081 8 80,108
268 15480 8 53,165,20,21,140,116,15
16587 19785 8 39,53,83,47,194,7
12520 11764 8 133,81
17532 16606 8 48,162,129,50,91
38627 25960 8 39,22
10655 37049 8 104,57,69,133,133,163
24508 12962 8 123,19,22,55,119,131
4255 17419 8 25,146
3105 11582 8 192,112,48,80,130
34031 29967 8 16,40,131,9,26
23878 3564 8 115,67,77,46,65
2028 39558 8 64,129,119,114,96,81,128,22
28716 22782 8 146,177,49
22643 28054 8 15,83,20
769 37687 8 14,9,108,102,84,47,81,98
16851 21277 8 64,18,69,100,146,179,194,53
20079 20735 8 28,37
35998 9884 8 185,21
29017 9621 8 10,61
17310 26580 8 63,30,15,160
16325 6131 8 53,49
2988 11820 8 33,37,113,15,135
21002 24291 8 63,119,19,89,179,128
4088 3779 8 17,129,81,141,184,129,110,87
4179 22645 8 32,84,66
11268 41536 8 137,130,85,50,36,135
32851 43884 8 143,169,129,41
38583 9753 8 132,96
44787 24361 8 14,183,60
31322 26281 8 80,108,126,62,82,178,112
40086 12555 8 22,130,194,48,43
18428 1067 8 49,184,82,42,138,33,103,161
5120 37014 8 111,62
42505 40129 8 31,90,131,204,130,58,21
2420 38672 8 7,178,44,19,24,18,35
31014 40546 8 185,131,130,61
19883 38833 8 47,61,54
23690 41949 8 179,178,194,130
12025 12275 8 54,60,169,135,12,138,37
45554 17480 8 111,131,67,90,40
30332 3541 8 14,25,130,83,67
30172 4876 8 50,119,185,91,163,69,58,31
40781 9171 8 44,119,131,118,67
31755 8412 8 179,84,136,91,19,59,10
5456 21128 8 64,58,35,82,14,54
15934 21045 8 61,104
5862 756 8 83,169
18009 33383 8 83,132,67,27,14,185,18,85
26502 22156 8 146,41
14517 43016 8 178,106,9,181,194,110
29759 32304 8 162,183,62,63,84
25149 22308 8 7,84
23700 32102 8 53,141,16,46,149,19
3488 5549 8 58,129,67,26,58
24114 33458 8 41,32,20,12,87,117,130
43230 13174 8 20,116,21
10601 40756 8 40,46,145,129,119,128,178,47
25482 15085 8 104,29,82,83,146,177,58
25070 30493 8 52,65,48,51
36327 4558 8 177,194,49,184,32,38,69
30294 43253 8 103,69,105,116,103
20076 39586 8 49,102,81,162
40038 9122 8 103,102,10,59
31486 26351 8 52,105,57,84
22307 15077 8 184,114,117,58
27562 41130 8 87,62,57
15701 32291 8 152,104
4480 29833 8 47,28,30,118,28,184
23591 29127 8 111,118,185
41535 44271 8 35,47,131,119
25165 38089 8 47,60
24705 25060 8 62,87,41,60
27603 34470 8 12,169,18,43,35,24
16401 9691 8 105,14,20,101,25,159,8
33607 30046 8 68,48,149,57,19
19457 43234 8 58,56,154
38483 16012 8 49,103
7334 4540 8 83,48,52
16639 34868 8 49,22,20,141,21,50
25617 44801 8 179,85
41636 9116 8 102,112
30821 37228 8 135,65,50,53,109,83,108
34271 35121 8 156,131,162,115
2752 9010 8 107,61,163
32622 45379 8 48,185,48,101,83
11304 41326 8 100,61,32,83,36,114,107,18
7346 18544 8 105,84,35,63,113
45358 32556 8 112,109,181,60,34,105,21
32958 45709 8 185,185
40223 8980 8 63,108
30200 38435 8 23,14,63,62
1174 41662 8 115,112,32,179,36,83
43471 1032 8 49,43,182,66
7449 7601 8 120,104,35
35588 14620 8 15,40,66,28,60,163,178
30312 11989 8 17,177,185,19,83,38,20,112
29652 9147 8 55,33,181,109,18,62,94,38
30861 2221 8 18,46,7,103
13762 20066 8 83,83
44615 5577 8 10,129,118,20,61,59
26230 5558 8 63,53,48,55,63,85
25892 34771 8 48,15,64,115
36287 29890 8 19,43,9
13032 20055 8 69,149,84,52,141,48,65,182
10841 17922 8 80,63,104,139
40183 43083 8 134,65
25037 13984 8 179,18,82,24
3953 17848 8 28,8,8
3249 7106 8 33,87,104,32,149
25877 27109 8 107,66,30
4854 321 8 119,59
30812 12335 8 160,8,40,209
24975 3537 8 52,179,39,20
29199 12074 8 81,116,28
14019 45631 8 129,82,51,56,14
22319 717 8 58,101
25539 386 8 84,87
2108 33617 8 115,116,8,102,110,28
10951 2400 8 129,65
36107 6424 8 158,23,79,105,163
5864 45609 8 10,62,83,16,58,50,118
9911 17792 8 177,81,40,24,59,118
9717 43182 8 55,50,10
21899 8986 8 41,131,185,14,83,42,37
35961 16160 8 48,40,52,48,119,119
35407 19816 8 40,35,100,15,26,163
644 14649 8 111,80,18,83,41,65,44,119
18920 27322 8 58,12,54
8981 21620 8 118,47,152,79,58,60,10
15360 17674 8 57,53,169,37
1373 39291 8 139,109,81,162,83,102,87,119
37820 5389 8 60,41,119,65,53,51
29827 32761 8 24,49,152,146,185,185,60
13302 40278 8 57,67,184
30281 22752 8 152,37,35,106
26302 26589 8 80,63,119,49,102,68,26
36172 37937 8 91,182,102
37281 27023 8 47,67,49,12,129,59,102,144
11775 20645 8 146,81,169,136
18832 30804 8 131,185,23,81
28727 26839 8 149,19
2350 9097 8 136,178
32072 5855 8 42,131,28,8,142
20471 1506 8 115,52,52,102,142,119
11743 20576 8 33,178,62,116
994 21749 8 59,106,64
4621 35463 8 185,19,63,61,18,162,185,51
21201 6430 8 128,25
35498 1563 8 149,96,48,39,87
35450 15285 8 29,143,66,30,120,29,104
23415 31923 8 129,119,112,129
3434 14796 8 10,91,132,68,44
35855 4559 8 117,47,41,169
12848 32640 8 162,144,66,20,185,65
44589 44677 8 50,179
37085 21663 8 194,39,103,52
7365 4811 8 194,181,152,29,83,61
6434 15868 8 48,47
34345 13305 8 119,120,19,28,24
6313 34785 8 41,21,103,42,47,68,42
20549 11045 8 84,50,119
43044 24233 8 119,9,184,144,15,48
19687 8275 8 66,50,21,33,185,104,20
8318 4609 8 142,51,45,14,136,44,69,65
38118 3737 8 169,117
16740 23809 8 28,65,142,83,55,22
11476 44956 8 83,48,128
18228 27167 8 102,142,22,83,111
1610 42744 8 87,39,104,117,29,103
3156 3788 8 91,17,182,44
40995 1236 8 41,43,55,22,63,42,91
25395 4971 8 22,45,10
35425 44482 8 66,194,83
17265 5167 8 102,112,129,62,127,49,9,48
23127 7673 8 22,185,48,179,185,59,30,160
36432 38828 8 62,104,58,9,119,62,26,34
30129 20388 8 107,129,149,163
44961 18469 8 119,22,28,44,45,78,66,18
15897 17156 8 55,185
33440 37627 8 17,60,169,118,98
45692 26155 8 28,133,120,129
20590 17175 8 14,135,101,18,91,9,152,15
36200 26240 8 59,37,77
8737 16648 8 81,185,185,103
33736 23784 8 216,185,144,135,57
7527 21026 8 58,156
16158 17018 8 49,118,8,114,117
19809 23870 8 58,9,85,83,9,49,60,48
20776 26486 8 51,9,141,101,80,105,68
42050 45522 8 16,181,194,165,83,49,34
24787 37367 8 149,132,17,52,49,67,19
754 4999 8 67,69,52
43044 415 8 141,55,34,21,181,62,19
39363 45057 8 27,113,104,82,112,53
42936 14537 8 52,114,160,116,136,25,62,51
7980 33677 8 38,26,63,115,9,46,57,80
245 21791 8 140,20,14,109,116
21783 26374 8 18,96,111,46,40,20,81
1226 40224 8 48,35,41,100,29,47
34375 29006 8 65,17,62,136,20,81
4172 271 8 60,60
28869 31560 8 55,22,49,112,30,103,15
30145 37644 8 179,49,80,9,37,23
3044 28879 8 48,185,51,119,16,29,22
41134 4540 8 9,40,21,111,28,211
32944 22749 8 67,32,83,46,118,60
29887 41660 8 12,182,115,62
44397 10754 8 42,103,133,69
7409 44791 8 49,49,120,85
28136 13867 8 116,53,126,85,43,117,48,91
9314 24263 8 63,55,7,136
8534 22904 8 65,35,40,178,111,37
24896 15208 8 119,117,103,111,91,49,38,129
28835 25681 8 85,83
26501 39068 8 7,44,115
15830 45742 8 38,78
35244 10820 8 20,41,132
9411 28914 8 61,134,47,7,102,68,130
25397 2742 8 50,179,29,179
2413 19529 8 61,102,82
21219 23729 8 131,61
35234 29953 8 48,48,51
9318 27490 8 56,69,113
9032 27609 8 66,45,113,7,47
45071 4653 8 132,119,106,114
35240 13469 8 139,55,87,129
645 29957 8 18,181
35700 15892 8 62,106,182
14643 14701 8 58,53,24,17,179,110
6799 5536 8 194,20,61,100
1851 19878 8 41,45,130,85
5090 818 8 182,83,104,68,25,128,51,45
38385 15806 8 104,160,120,62,53,194
9462 26139 8 182,38,52,38,53,66
19185 2556 8 156,53,66,85,185,84
5432 30319 8 15,9,101,60,46,39
7951 40378 8 131,84,21,101,27,64,65
26552 30337 8 59,129,52,113,21,84,46,58
17570 34703 8 63,141,109,19,68,143,38
42184 42889 8 62,84,100,131,185,9
10233 37262 8 63,79,68,61
31709 32659 8 53,54,98
44936 18559 8 85,77,60,84,102,36,184
1522 24056 8 69,55,160,10,18
13767 15000 8 101,96
8210 11957 8 134,49
22266 14125 8 149,51
18389 22014 8 49,138,67
40022 22230 8 48,63,45,7,129,51,104,124
38159 12732 8 42,30,115,8,85,130,18,109
39258 42416 8 87,58,61,49
41189 42787 8 84,53,32
5094 4884 8 41,110,36,109,129,140
43793 6056 8 35,38
40811 3175 8 129,30,59
11580 9937 8 30,20,17,185,53,55
13901 742 8 63,60,141,101,41,163,184
5914 7164 8 135,83,7,84,92,49,61
15678 25222 8 55,119,52,21,10
4045 40997 8 18,42,183,113,46
28593 14856 8 102,146,112
21808 25539 8 53,21,82,185,115
876 41347 8 43,66,185
40947 39967 8 14,30,120,101,33,53,84
31955 12157 8 31,61,34,67
1583 27160 8 27,9,135,182
8015 41374 8 8,36
11394 23015 8 20,20
23549 39803 8 48,194,76,132,68
27873 34064 8 111,7,132,7,69,177,116,128
20406 38150 8 39,84,49,107,179,51,83
42544 15276 8 146,63,14,102,18,48
8032 14404 8 50,14,110,131,104,63,216,29
19524 41867 8 120,145,156,149
4309 35399 8 181,58,119,33,104,129,53
33439 21192 8 128,116,95,85,16
5895 16086 8 50,36,181,82,10,18,157
5808 33401 8 129,65
11478 1516 8 133,67,55,117,115,83,84
19578 14742 8 119,49,116,53,176,65,119,87
19891 9927 8 84,182,41,80,134,83,40
236 7560 8 104,194,66,53,25,102
8461 8131 8 33,114,15,119,58,40,169,66
17478 26105 8 41,7,160,38,106
7129 1454 8 28,117,179,181,60,41,25,128
36827 14987 8 119,63,112,119,52
34114 33188 8 18,185,62,87,152,55,62
5079 7049 8 81,56
7437 7765 8 23,130,32,178,83
18870 19105 8 119,102,129,143,65,51
5617 20720 8 64,63
41936 36341 8 14,77,181,20,44
26623 10262 8 58,28,83,102,41,9,43
1092 39113 8 26,53,15,194,49,49
9379 22473 8 44,83,48,39,129
13034 41649 8 61,136,127,41,83
21038 22412 8 143,129,83,55,35,52,52
22257 21619 8 54,108,10,179,58,130
16409 41511 8 21,61,62
10857 19390 8 87,48,37,23
22756 25450 8 64,181,82
22153 33355 8 156,22,48,83,169,117,185
41927 30702 8 28,184,90,35,101,116,130
2716 13970 8 124,129,29,67,64
18370 7624 8 82,68
43453 31282 8 62,60,129,50,136,60,104,60
6897 33941 8 131,12,113
1 21368 8 35,38,83,109,104,64,58
37659 13149 8 58,10,30
12993 9797 8 94,140,60,119,84,80,118,9
10006 34725 8 59,118,135,69,79,61,64
44492 17200 8 83,29,17,65,65
25210 43432 8 29,16,57,30,67,101
7579 33949 8 19,53,193,18,57
34714 30286 8 9,21,21,140,130,12,116
39906 41400 8 21,22,60,12,113,25,60,62
7349 11240 8 138,21
3950 7841 8 163,19,182,116,10,135
14585 15003 8 118,101,156,39,67,120,129
15892 14327 8 135,23,64,138,129,59,19,184
16005 35972 8 142,114,30,112,40,129
13259 35094 8 84,163,108,62,21,146,48
30116 35247 8 61,15,178,81,19
13011 34193 8 81,181,49,22
15951 25301 8 20,111,10,106,28,10,63,20
274 15735 8 85,57
7197 4282 8 128,65,41,104,78
28896 42714 8 21,30,130,28,119,120,129
16883 28116 8 30,10,10,61,39
10863 41972 8 185,143,57,105,53,146
37209 5110 8 59,80,34,101,115
14384 13773 8 134,162,109
10140 22650 8 49,83,27,12,64,119,106,91
2602 25549 8 65,18,62
41335 26903 8 14,120,111,49,60,184
9921 28756 8 64,185
9973 22577 8 104,49,37,66,32
39026 16314 8 20,79,20,105,45
93 27985 8 61,53,85,48,160,9,18,108
20067 35847 8 185,66,94,22,104,185,64,112
3327 4926 8 118,185,84,50,69,22,20
11973 13910 8 117,120,194
40652 31385 8 36,16,98,84,58,158,109
24798 33110 8 69,63,58,130,133,51
7467 24859 8 131,96,8,44
24086 7618 8 45,152,17,178
15575 31567 8 64,10,14
16050 17330 8 62,18,83
23029 11152 8 22,18,162,182,106,56,152
43124 6411 8 30,62
30055 44140 8 47,141,27,115
29669 9677 8 62,63,185
26006 43459 8 60,120,18,63,163,82
16163 40637 8 81,48,47,185
10199 40987 8 181,111,65,129,41,52
10794 31598 8 216,110,210,119,57,49,143
15428 37827 8 146,99,85,107,40
22963 1649 8 129,10,29,119,59,144,130,63
1104 41749 8 153,129
41082 31788 8 178,105
13576 16666 8 53,162,42,40
5490 45471 8 48,195,128,68
37208 15975 8 135,83,87,58,129,51
15231 37014 8 10,43,82,184,127,20,30
7453 28836 8 118,79,144,21,185
23244 13111 8 18,49,56
3603 15275 8 52,40,65
7732 27659 8 141,155,169,120,104
6733 43454 8 52,58
12309 24970 8 20,104,9,12,82,185,128
7030 13866 8 25,66,194,120,117
792 29439 8 48,19,63,21,136
44979 2291 8 139,106,57,20,45,134,134
44557 21046 8 38,48,38,112,23
4931 29666 8 60,84,19
40201 32927 8 129,15,53
25254 37056 8 113,30,131,29,39,22
13797 30499 8 45,69,58,35,143,184,46,81
25928 26756 8 24,15,81,129,45
31226 28830 8 12,169,126,162,178,146,51
18939 27004 8 21,100,19,62,44
4062 14644 8 19,24,105
39988 33657 8 7,15,9,31
27537 45157 8 129,41,184,193,110,84,179,115
25576 13580 8 83,24,36,50,9,120,179,103
11277 15205 8 46,46,63,36,14,108,128,128
38885 33041 8 58,119,55,30,114,40
44694 6803 8 62,93,130,194
40815 27558 8 38,61,60
67 17304 8 91,46,24,28,49,69,141,111
1286 43012 8 31,101,84,57
1764 39466 8 62,136,22,83,25,51,129,178
44780 29581 8 63,14,41,61
34806 19588 8 19,56,63,106,9
16336 10363 8 40,193,118,35,48,30,68,30
1821 28146 8 185,58,101,142,46,22,61,51
22494 21974 8 149,185,52,52,105,80,129,55
11175 15849 8 111,19,9,118,100,119
31832 31838 8 144,30,81,39,28,194
41143 19858 8 39,35,58,41,119,102,130
7739 27724 8 119,87,49,104,83,87,63
40985 38161 8 109,29,20,10,183,46
1460 40476 8 7,84,65,53,46
5010 1194 8 140,183,43,84
40084 31020 8 49,43,145,35,64
1027 38740 8 7,111,131,61,48
16532 30178 8 30,7,62,59,163,103,133
36714 12849 8 103,102,53,109,102,182,216
13053 13069 8 43,103,130,12
18926 34481 8 156,58,77,27,32
32451 36888 8 84,142
1742 13888 8 184,83
20553 30251 8 40,19
26302 42574 8 64,10,39,104
37200 38336 8 144,53,49,113,136
11867 10916 8 48,19,33,42,101,65
16640 35138 8 52,63,9,87,59,65
23982 15226 8 136,134,50
45223 4665 8 52,49
36026 41445 8 195,116,49,62,29,18
23579 33920 8 103,144,141,183,131,18
26895 42406 8 40,20,182,29
18266 15765 8 59,24,119,18,52,63,79,84
24218 45797 8 102,39,185,53,54,18,85
5883 22153 8 83,64,61,14
3565 5928 8 20,20
31559 29281 8 87,49,130,63,104,24
45765 37879 8 33,140,48,85
25981 4034 8 7,10,25,185,179
41949 8623 8 112,64,53
34771 3636 8 109,104,185,184,131,59,48,63
37964 7579 8 39,91,64,87,95,40,58,104
28860 18378 8 185,84,10,49,129,36
16925 17097 8 81,64,62
37998 5634 8 140,39,58,15,39,68,80
20950 30663 8 8,79,44,58
31201 5007 8 69,101,36,101,111
3676 43439 8 58,62,114,178
24879 37209 8 102,48,85,181,156,49
39598 39589 8 185,31,182,178,103,115,131,57
35426 21063 8 47,44
286 38112 8 132,69,179
7995 45662 8 103,149
24230 44240 8 109,169
23841 810 8 204,57,129,103
7360 33101 8 104,21,101,132,62,14,83,131
19401 12626 8 102,216,149
2511 23608 8 21,18,58
4258 4338 8 87,142,41,119,32
34161 32130 8 54,12,21,111,27,7,102,211
14727 9598 8 185,109,21
45629 31561 8 56,129,31,26,112
6414 31632 8 9,104,101,183
30943 14727 8 61,115,47,54,160
6293 23671 8 182,30,184,79,50
45600 4175 8 199,10,180,103,83,69,48,156
9666 3640 8 68,37
26592 8212 8 56,129,45,68
2974 32080 8 105,91,80,60
8853 28189 8 34,179
3244 23462 8 41,84,35,29,140
29467 40575 8 10,185,15,23
1631 42928 8 83,185,61
28174 28476 8 81,104,104,109,101
25503 36421 8 50,84,59,104,104,178,182
24045 28648 8 41,103,55
43417 36870 8 185,93
22559 42084 8 143,79,49
35077 35370 8 32,36,45
18550 34217 8 156,52,119,83,57,59
746 35752 8 15,84
4808 1784 8 24,177,145,18,120,113
29820 36311 8 49,28,28,185,47
33646 5279 8 103,10
6077 14845 8 112,49,49,62
33347 29339 8 42,55,130,8,62,7
42960 35209 8 29,83,14,19,23,113,85,14
6333 42079 8 131,119,49
23837 9171 8 119,129,107,18,119,80,24,17
26024 1455 8 35,91,182,40,18,108
5174 24624 8 184,85,24,39,142
32982 12142 8 53,45,49,100,61,195,40,39
19992 5675 8 60,68,25
20297 3064 8 119,142,110
43883 44974 8 119,69
3595 38108 8 145,69,52,55,20,36,61,183
15329 8061 8 83,129,43,61,52,49,53
13118 40844 8 58,108,120,60,29,17,162
2399 44672 8 140,46,177,201,83
18537 30291 8 108,104,163,87,28,155
36232 29424 8 178,20
40713 20905 8 60,62
29109 31663 8 181,108,65,29,18,25,55,100
39491 38425 8 38,83,68,83,181,21,126,34
16210 42208 8 33,136,102,119,60,102,82
16024 20344 8 17,63
19026 443 8 112,163
26504 37324 8 169,104,65
1826 8316 8 39,52,102,81,47,183,54
44889 2608 8 12,40
4632 32269 8 85,40,49,142,195
12735 21298 8 20,61,83,21,81
719 28205 8 111,67,53,102,29,98,143
9159 33226 8 116,103,105,35,52,48,169,49
5333 29352 8 18,59,120,46,62,43,106,193
24827 33577 8 69,15,29
3930 45342 8 47,185,16,44,87,113,184,51
1107 36430 8 119,129,94,102,102,62,18,7
32487 26794 8 98,63
27463 27914 8 18,178,65,49,96,96
24717 20524 8 82,112
7016 35679 8 181,103,23,102,194
9291 7093 8 79,112
43671 34365 8 104,25,85,81
25299 19414 8 22,85,49,41,61,128,83
15034 3351 8 135,144,105
3446 2223 8 58,185,106,57,81,91,95,41
41375 30155 8 50,59,9,23,18,38,46
34402 16591 8 119,12,30
41845 12943 8 184,16,64
39480 15265 8 83,177,60
23764 38060 8 22,145,43,107,50,131,194,216
36366 6596 8 69,40,45
45146 1389 8 113,28,24,21,39,80
44565 42732 8 114,24,81,129,182,52,182
1105 6069 8 35,7
20262 44015 8 90,87,9,185,129
9105 31298 8 129,48,119,140,35,42,48,40
12397 14971 8 201,80,185,23
44850 25110 8 201,103
44437 19327 8 83,118,67,194,119,84
36871 15062 8 27,46,8,118,49,109
11904 41074 8 146,58
31311 12935 8 27,83,21
31813 36732 8 25,48,62,119
10549 14448 8 62,145,49,45,112
38477 35123 8 57,24,114,25,30,184,7,61
41331 33448 8 42,63,53,139
10897 29538 8 113,29,104,51,146
43835 45222 8 34,90
42807 12424 8 62,20,52,182,61,40
4697 29059 8 57,104,66
16784 41256 8 104,52,22,156,58,115
7086 3682 8 11,57,45,57,162,59,31
35296 40027 8 49,114,62,144,52
43349 8661 8 83,119,178,40
23788 54 8 116,22,44
11433 38997 8 104,17,63
18030 15453 8 38,129
2420 3220 8 118,48,89,31,85,38,117,128
27444 2584 8 119,82,28,106
2594 2796 8 60,104,19
28921 9169 8 30,10,40
28135 32356 8 116,160,24
1886 16217 8 119,65,36,194,120,119,57,53
39977 6264 8 146,91
27096 38578 8 54,146,101,104,27,10
9855 37959 8 115,10,10,113,103,102,140,179
40004 41211 8 108,64
19797 14138 8 31,105,163,91,58,18,14,37
26280 30697 8 21,20,145,81
7576 26541 8 119,119,40,57,108,119,40
592 1535 8 36,118,113,136,21,61,87,204
35720 45802 8 68,16,7
21201 45 8 163,10
15928 3886 8 35,38,34,116,185,65
19070 2828 8 83,38,53,41,87,40,142
31756 5772 8 128,20,130,109,69,40
44458 4950 8 28,113,28,184,103,151
29206 35747 8 91,110
39943 5015 8 135,141,104,131
34379 24880 8 37,119,109,133
17253 2447 8 119,39,185,83,105,131,103,42
8630 620 8 162,61,156,28,101,146,28
37376 27140 8 40,69,60,22,48
21429 21270 8 65,57
24522 7122 8 103,35
30789 27725 8 62,10
40998 1324 8 33,58,24,103,47,105,145,16
1095 25091 8 22,19,51,61,46,63,149,12
17673 426 8 28,116,163,20,9
35926 6779 8 16,41,37,16,20,134
21912 28671 8 48,69,62,116
29593 6718 8 100,44,185
31291 42502 8 161,61,59,132
38353 21858 8 12,21
6924 36048 8 130,119,20
36878 23467 8 52,60,82,49,51,185,32,178
20423 13933 8 111,129,91,132
34256 43966 8 29,23,84,56,83,10
4482 23198 8 47,63,50
41379 25773 8 104,90,44,135
368 25577 8 61,154
13428 33428 8 102,103
2342 7325 8 131,63
35217 35152 8 104,58,81,40,20,104,194,65
19392 28786 8 30,18,21,34,129,47
38890 3820 8 120,142,41,58,48,10,19
777 11902 8 21,57,52,106,156
13337 17730 8 144,185,163,51,117
24522 44448 8 83,211
2554 13416 8 116,140,177
32970 41328 8 35,179,62,104,23,113,47,129
11034 24612 8 114,185
33311 16876 8 83,65,63,18,131,183,161,61
22112 11744 8 29,120,102,49,78,83,48,129
18727 14413 8 119,64,120,63,83
24918 24141 8 105,183
44775 10328 8 38,82,192,211,39,53,141,10
30104 32166 8 39,21
5003 2512 8 17,78,23,37,20,184,81,65
24178 24217 8 34,163,106
10081 21591 8 115,14,20,101,69,28,7,19
44550 12624 8 103,106
1301 44446 8 104,20,15,179
29443 18155 8 40,182,63,55
31169 25405 8 20,83,109,63
2382 3061 8 12,21,81
2846 28335 8 62,17,33,14,177,146,134,185
37234 33280 8 50,15,66,81,101,129,75,163
43076 26975 8 54,145,130,63,130,50,182
19472 338 8 21,132,199,20,135,23
6653 26633 8 21,36,183,9,169,84,26,51
11878 37486 8 119,60,138,119,182,113
26029 23074 8 179,132,52
11808 17060 8 68,163,15,15,179
21387 24913 8 104,131,93,185
42721 43647 8 184,51
28687 23759 8 117,135
7428 25162 8 178,49,10,55
1803 5454 8 56,16,42,22,109,179
27801 36917 8 129,15,63,130
15846 22297 8 17,59,72
19372 7806 8 169,112,50,28
27689 16346 8 14,116,28,63,17,18,185,119
16839 6479 8 66,23,12
27106 5814 8 39,152,169
29028 16960 8 130,18
24653 7890 8 149,52,201
37915 33927 8 61,185,34,49,10,21
8315 35811 8 9,82,36,143,117,38,67
25980 2111 8 145,63,181,10,31,222
14695 27930 8 181,176,113,41,83,85
32585 40583 8 169,134,103,66,29
29425 8375 8 16,41,20,188,81,21,149
5846 874 8 52,115,50,21,24,64,112,144
31428 13016 8 58,31,80
25188 35469 8 103,105,146,83,36,91,132,185
27245 17630 8 62,138,50,43,33
13619 30687 8 63,106,61
35317 12188 8 81,84,177,72,23,19,10
40357 7939 8 62,105,120
18288 4584 8 128,18,16,103,102,185,102,111
20746 40739 8 84,115,60,48,41,185
20539 35396 8 114,85,48,17,185,20,15
41645 7927 8 132,181,119,49,18,116,128,96
33941 25591 8 24,156
4494 32621 8 106,118,61
36478 44747 8 97,152,34,10,116,80
29422 2940 8 141,182,67,103,21,58,87,152
17967 8447 8 120,134,119
29603 11361 8 60,65,107,36
43919 18766 8 79,46,56,105,120
1903 29396 8 21,32,16,113,161
32714 41877 8 41,60,185
21882 39027 8 125,104,38,17,48,63,28,23
19782 7850 8 68,127,82,28,25,59,65
193 28439 8 55,135,40
4059 33989 8 143,58,182,62,119,132
25397 45509 8 119,104,19,184,28,139,33,55
36670 461 8 110,34,34,117
28288 11068 8 103,59,58
18000 30302 8 156,18
40128 12930 8 31,49,185,58,12,60
34616 36905 8 57,156,56,62,49,178,60
7956 23983 8 63,134,21,58,156
36905 34355 8 109,20,54,63
35121 10451 8 16,14,62,36,113,34,109,84
43598 16801 8 69,106,29,49,119
22816 6991 8 101,194,49,60,53
38654 42464 8 61,21,20,62,62,102,56
20367 27054 8 120,46,20,132
3449 23546 8 156,15,85,130,36
33556 36689 8 91,194,63,24,63,69
40632 3375 8 146,20,83,83,118,64,177
45631 19626 8 57,102,182,62,32,143,68
13547 6967 8 52,134,104,66,108
42586 40318 8 91,185,51,18,81,59,104
45232 27847 8 66,118,65,48,96,83
37385 6677 8 60,65,91,111,45
39516 22128 8 25,49,169,111,114,110
26296 18253 8 81,100,67,24
45122 26908 8 102,145,65,20
18944 7649 8 106,160,83,111,185,37,180,44
1822 26754 8 30,102,102,114,119,63,104,129
13838 8237 8 119,18,115,14,142
40881 3077 8 182,91,43,8,120,185
15250 5227 8 17,102,107,84
19798 39451 8 19,119,36,22,60,85,18
5882 13558 8 116,51,103
24567 42010 8 22,58,29,53,40,154
1699 19304 8 101,56,31
9557 9186 8 20,83,69,9,118,49
8167 8759 8 63,60,179,14,83,58,138
26115 635 8 141,58
5302 36368 8 109,38,114,135,111
8108 17999 8 62,55,185,113,146,182,83,52
31692 43477 8 185,31,28,151,19
25548 7685 8 63,117,52,136,43,49,19
22777 1267 8 58,37,63,185,49,91,82
41307 43963 8 29,160,132,143
36049 25311 8 129,29
13030 30222 8 131,60,7,27,33,44,48,33
11783 12998 8 160,128,14,40
24664 39684 8 19,42,63,129
19214 29288 8 184,20,66,178,105,209
37777 26675 8 83,61
450 41910 8 145,108,210,53,10,55
39733 22868 8 92,45,204,83,91
36563 14068 8 63,129,35,166
25588 36471 8 112,22,53
33309 43993 8 68,14,112,55
40533 15724 8 35,25,109,22
34506 36878 8 162,143,184,23,83
34581 18260 8 182,18,146,28
22223 7371 8 163,214,54,43,52,132,90
15330 20316 8 163,67,163,83,129
5403 38049 8 46,66,34,61,43
1146 24942 8 10,104,118,67,45
23697 20928 8 87,114,119,46,120,102,185
847 30363 8 68,119,26,21,79,100,14
37929 5413 8 31,83,29,25,53,58
25436 14537 8 104,25,184,50
11930 30339 8 130,108,38
17571 1053 8 13,58,110,49,22,36,185
5453 35110 8 185,49,102,36,46,31,119,182
40832 32547 8 134,115,111,30
22747 40963 8 8,160,81,132,119,144,21
34030 5261 8 66,194,28,49,60,117
40008 5724 8 62,48,18
33620 24962 8 60,104,40,87,65,33,53,21
652 16590 8 41,29,49,50,81
27516 7656 8 57,140
27305 27089 8 90,15,22,58,119,105,182
10840 45551 8 25,51,132,9,130
13575 44745 8 63,40,112,10,19,127,119
9270 30217 8 65,69
12216 272 8 10,119,111,162
32298 10700 8 129,130,16,21,145,162,114,169
24073 1929 8 62,41,19
20533 18891 8 18,185,90,162,61,177
25965 37352 8 184,59,24
40714 25615 8 28,20,68,24,42,106,81
7718 28655 8 49,69
6504 31310 8 28,65,146,19,120,132,68
19653 29788 8 49,116,51
6723 15551 8 85,61,111,17,104,103,49,61
15371 44394 8 185,21,83,22,129,17,52
23192 43643 8 63,15,87
21574 14556 8 129,34,98,24,161,62
22671 702 8 74,103
9007 27324 8 134,22,32,63,45,25
28612 43823 8 9,85,129,195,23
887 11466 8 63,132
22851 3782 8 19,102,22,169,58,129
17811 10314 8 37,23,132,83,14
30010 9768 8 60,44,29
810 1205 8 12,9,10,106,48,103,12,25
31106 11607 8 184,182,83,58,120,37
33923 24797 8 89,22,135,65,24,104,130,79
28346 6965 8 104,63,61,100,83
16018 13825 8 62,106,91,33
7619 15287 8 51,59,23
40932 23323 8 194,20,55
22074 31922 8 62,35,176
32887 18893 8 43,84,53,8,56
21822 28319 8 185,85,133,32
29849 41503 8 184,91,142,18
23716 32526 8 83,80,179,69,114
42049 23706 8 144,51,129,104,56
3102 4924 8 46,113,156,56,113
17605 20411 8 15,211,66,19,139,58,56
879 41839 8 65,115,30,111
30173 45092 8 82,194,12,112,103,102,57
24730 40164 8 116,152,160,55,144,53,183
41138 7362 8 69,90,31,59,25
30692 28311 8 37,59,14
25956 22896 8 136,52,68,21,112,117,37
7943 35256 8 48,21,8,60,17,18,18
17796 29132 8 18,131,62,108,184
30093 38607 8 185,40,119,24,179,149,13,66
3853 9444 8 104,29
31434 16989 8 63,129,130,108,160
19408 5787 8 83,106,163,57,80,101
41677 2214 8 118,138,149,8,19,7,120,91
25222 12909 8 17,132,10,87,144
25149 36029 8 62,83,55,104,185,17
1297 23196 8 163,69,16,130,104,15
10798 38557 8 179,34,12
7512 45342 8 53,167,130,21,34,10,162,77
14990 18311 8 181,69,40,62,14,93,129,169
41232 32025 8 119,16,66,149,22,55,84
42718 3112 8 115,109,144
36756 12459 8 50,84,184,49,49,154,83,119
12155 44413 8 181,30
9212 13111 8 9,12
1476 9929 8 14,103,37
17656 33288 8 110,8,83,52,12,131,40
7263 39272 8 119,85,52,67,101,108,102,105
5551 20833 8 34,25
26513 15145 8 49,118,130,47,43,129
2662 12595 8 84,54,29,108,22,62,27
2019 44510 8 54,91,63,8,113
40134 14442 8 63,65,102,65,80,65
7477 13427 8 7,204,85,59,22,40,18,25
5500 4860 8 69,91,50,169,83,52,66
25407 35206 8 60,118
41747 954 8 129,129,22
37909 41961 8 40,135,19,117,63,59,83,131
14298 44827 8 195,50
12432 13631 8 68,21,34,135
22463 2185 8 21,16,111,131,181,35
34088 24222 8 48,129,179
32546 38257 8 14,53,84,106
13404 19423 8 133,83,7,30,102
9813 38556 8 184,179,49
14835 9443 8 48,23,87,48,10,12,169,47
6069 41043 8 162,131,113,81
18559 19836 8 19,32,58,104,145
23696 3232 8 48,20,119,80,111,20,8
13609 20219 8 78,19,146,136,104,143,46,62
41602 22544 8 20,185,14,114,49,19
15934 5760 8 84,107,36,54,85
14781 3892 8 49,94,17
40931 34371 8 157,26,144,111,78,28,51,116
331 35442 8 103,67,119,185,104,57
27364 6826 8 20,53,52,15,80,36,30
19670 41605 8 29,58,48
19791 37090 8 51,110
43345 17044 8 53,40,23,7,185
14004 4350 8 81,103,119,79,49
5660 35223 8 128,185,116
15130 6615 8 129,22,64,110,178,104,44,52
8049 41599 8 144,182,108,48,46,56,10
44677 31334 8 58,65
30496 26054 8 130,28,85,21,53,41,32
42357 15921 8 139,15
29372 6276 8 69,103
15704 17078 8 57,78,89,12,20,59
45491 29554 8 184,152,12,130,106
43734 4998 8 19,171,108
34808 17654 8 12,185,116,181,63,15,48
9442 27193 8 62,152,63
34017 31401 8 20,83,135,9,18
14093 7676 8 23,19,163,10,21,46
43535 16661 8 46,65
20844 26423 8 21,51,22,181,141,179,185
16551 31526 8 58,39
9458 2123 8 83,104
8520 32536 8 81,20,118
1746 44150 8 58,162,85,81,101,8
44970 6096 8 160,184
32423 16960 8 38,61,61
25390 44918 8 119,37,195
40445 26535 8 36,31,25,163,30
37641 29169 8 102,111,178,56
25869 7944 8 62,48,115,60
29012 42626 8 21,30,22,59
25513 5823 8 146,111,103,41,104,103,141,42
1647 20037 8 110,68,82,64,80,23,194,204
32632 18247 8 69,185,163,101,80,109
19647 10885 8 59,83,58,100,91,101,210,160
39726 41800 8 21,118,185,8,63,50,109,63
38029 17002 8 82,16,104,66,104,12,178
5792 9325 8 185,184,14
4853 8979 8 42,103,14,56,160,91
3304 30780 8 178,194,50,66,49,83
22294 21889 8 106,25,60,96,49,9,19,20
4725 33401 8 113,130,19,102,181
43358 24982 8 21,91,141,112,49
2336 18120 8 163,91,26
34085 8007 8 91,184
27805 22288 8 120,50,8,134
30257 283 8 26,58,20,160
24857 39106 8 111,16,68,185,102,181,129
7704 5777 8 114,66,17,11,111,194,128,105
3702 38698 8 65,52,49,109,60,83,19
15131 4159 8 69,60
26680 25793 8 52,57,120,119,129,160,7
24184 759 8 134,179,80,52,83
12809 45812 8 42,17,160,60,17,81,23
17460 808 8 87,42
32875 37184 8 10,58,129,45
33141 8368 8 20,69,128,130
15612 33765 8 15,61
27340 4567 8 63,195,45,54
12049 18060 8 110,66,182,29,181,48,42
12427 26448 8 83,29,110
12914 42925 8 204,48,179,104,131,211,163,66
29685 43301 8 142,20
43416 37304 8 44,67,131,54,131,135,129
32852 25487 8 104,30,7,84,30,29,22,162
42292 10367 8 108,53,194,29,129,64,114,52
25726 3860 8 118,61,83
25503 26 8 117,95,91
16561 30695 8 55,104
35115 36711 8 184,79,10,117,51
10558 3762 8 82,37,32,132,28,129,169,54
6107 11717 8 48,155
18547 33968 8 8,185,28
42306 13673 8 115,29,114,149,63,115,48,61
19769 38657 8 82,63,146,119,45,87,57
33961 23988 8 83,144,101,40,60,81
33549 4803 8 74,184
4648 13471 8 83,106,144
27521 37729 8 48,81,48
37372 38416 8 128,10
3264 36933 8 135,40,102
4512 16555 8 144,75,45,48,65,100
7868 21383 8 182,46,35,59,62,83
38359 36641 8 83,22,111,115
1017 28914 8 113,103,133,25,114,10
7373 36411 8 31,105,175,49,21,81,66,80
16450 42818 8 32,141
24645 19670 8 108,49,178,14
12584 44635 8 60,21,183,57,87,49,61,51
15188 11821 8 112,194,29,37,182,104
26174 45494 8 39,96
24624 26838 8 69,24,63,110,53,31
32512 3369 8 69,63,19
25188 4560 8 44,8,83,101,116
14051 41731 8 46,33,117,35,119,118,119,83
5702 3028 8 83,120,146
38846 17817 8 153,63,49
35395 37584 8 47,19,71
17668 21205 8 29,58,20,129
26542 7946 8 56,68,6,185,17,61,41,57
19437 9230 8 151,53,83,60,115,40,104
13391 8448 8 81,23,38,132,69,18,63,48
15202 20114 8 51,64,134,126,101
31379 1795 8 35,163,20,34,21,39
27641 27252 8 149,22,49,83,48
26977 42683 8 55,162,82,65,69,21
27353 13944 8 57,160,133,143
8060 25871 8 25,184
17174 761 8 18,24,41,115,109,20,130
12342 34878 8 119,129,39,64,119,83,63
30087 6328 8 119,135,27
16903 27828 8 12,10,82
3036 20098 8 177,61,66,46
19122 33779 8 65,80,132,62
24421 7175 8 48,109,104,35,63
44693 25237 8 178,69,41
8289 24380 8 101,103,129,108
14508 29467 8 119,50,39,119,58,185,102,129
31491 27016 8 49,32,114,140
22220 1034 8 138,28,55
6855 23387 8 78,45,21
33781 45529 8 12,98,161,59,90,44
4350 15896 8 18,57,34,83
13645 19772 8 120,184,19
44116 43894 8 209,14,8,53,43,66
43140 20777 8 35,82,43,47,19
40096 24443 8 63,61,67,41,35,49,108,116
29567 9461 8 18,129
32507 26740 8 119,22,120,12
20838 45023 8 39,176,20,182,104,169,181
40028 3053 8 153,61,160,63,178,30,130
22808 1493 8 107,67
6933 13946 8 156,120,99,47,22
23325 1572 8 118,10
34882 5803 8 210,104,60
16150 21678 8 59,112,64,181,110,74
3744 4054 8 113,120,178,135,185,58,30,116
18417 4391 8 39,65,16,47,119,74
103 20923 8 68,48,87,116,24,82,81,118
30859 44348 8 129,30,32,64,189,20,47,194
8020 31633 8 116,25,59,100,29,7
3845 36602 8 64,24,63,53,119,163,103
13354 5144 8 56,83,91,57,104,40,10,162
45056 10910 8 50,61
20104 40791 8 85,51,183,61,17,21
20496 42151 8 40,20,156,100,102
28203 13819 8 68,194,61,60,81
13127 8716 8 37,104,49,30,179
33239 2764 8 24,50,54,181
5580 36441 8 62,48,84,56,120
13648 24108 8 16,130,48
20021 37503 8 102,14,183
12031 19977 8 87,51,31
8891 26785 8 104,110,119,136,64,7,7
24268 1699 8 82,63,19,15,20,45
15951 25313 8 156,54,113,87,118,62,178
1468 32583 8 48,18,14,45
43247 44207 8 30,37,64,120,18
41435 19158 8 48,177,48
38316 37922 8 81,119,62,91,62
24143 35773 8 66,178
5169 30443 8 59,149,65,165
32156 9468 8 47,82,60,128,58,85,129
25140 3026 8 108,185,131,145
13056 19797 8 15,82
32054 40807 8 23,56,61,84,27,129
36190 5748 8 46,63
16137 45438 8 62,129
42449 1336 8 120,83,178,119,54
28532 6755 8 48,101,169,21
33248 10015 8 67,45,83,63,7
33517 34328 8 53,16,81,17,45
7038 45118 8 194,169,114,163,65,19
19313 26412 8 184,136,34
2285 17532 8 52,9,33,83
17455 5319 8 100,10,33,46,91,84,145,63
11321 22674 8 39,144,179,7,162,9
30492 1422 8 49,119,126,113
9469 12453 8 149,158,49,131,59,48,38,109
34252 13777 8 15,162,15
21773 19652 8 58,52,185,130,129,102,62
22240 8403 8 110,136
16223 2041 8 144,83,83,8,84,185
43279 24101 8 59,104,129,30,133,100
19218 6434 8 87,81,136
27242 33625 8 83,51,46,56
28667 36355 8 91,21,83
23233 5989 8 24,61,136,19,18,200
28229 8191 8 33,179,8
36850 38879 8 18,62,83
1207 45570 8 114,63,120,68,24,7
23459 36901 8 68,146,84,20,113
18748 16711 8 67,83,179,20,60,119,193
13536 32211 8 67,116,49,57
20738 16165 8 58,50,162,44,85,178,53
23646 18089 8 156,83,110,37,117,115
26021 1595 8 138,60
22199 27423 8 20,10,69,169,130
859 26591 8 151,117
19782 41453 8 120,46,56,103
20560 33758 8 41,19
34935 19543 8 103,194,104
3257 4777 8 32,91,185,113,181,34,34,114
26432 2915 8 38,85
12730 22510 8 132,20,105,58
25070 18417 8 127,136,49,53
4590 21543 8 83,33,144,41,130,163,169
7788 13179 8 119,37,130,146,103,60
23548 13028 8 18,8,185,53
5839 38039 8 194,57
38311 10364 8 194,50,149,49,30
34623 25401 8 142,52
33770 2412 8 44,62,156,129,39,113
42716 28863 8 216,83,69
17293 20169 8 101,8,104
5298 32073 8 211,115,48,162,20,49
34673 12628 8 58,50,16
9290 26785 8 85,15,103,27,50,119,19
24939 44673 8 109,185,119,133,93,132,157
19925 8248 8 15,21
11878 41230 8 10,129,35,169,66,183
15750 44388 8 110,33,128,198,62,80
681 18390 8 79,52,83,69,91
6813 11861 8 152,48,103,58,153,27,82,177
605 13208 8 87,60,104,85,34,59,66
2557 16007 8 61,129
7840 8656 8 29,49,53,83,83,119,41
1738 23565 8 40,133
14797 44110 8 135,115,66
10753 13799 8 57,132
41747 44124 8 25,129
9621 14544 8 45,25
41379 38541 8 55,131,54,25,57
10846 45049 8 118,49,43,29,63,183,211,60
7359 30820 8 58,41,145,47,20,60,109
32616 42807 8 105,20
43123 5679 8 9,111,28,182
3735 44828 8 51,38,21
43979 18900 8 185,54,26,46,9,131,14
25697 7924 8 28,120
7414 29896 8 100,50,46,134
26060 34985 8 162,132
24453 16302 8 53,64,181,43,134,111
12028 17123 8 79,128,112,66,44,65
3005 8511 8 19,183,48,103,106,128
45011 12134 8 67,104,48
2905 19839 8 78,22,185,85,127,69,130
12397 39851 8 29,64,27,177,49
43099 27815 8 152,21,36,51,169,183
14250 22496 8 136,179,185,146,136,20,16,100
22176 42158 8 83,20,64,104,40,59,48
39817 31598 8 63,20
7934 1561 8 26,83,193,184,93,14,113,28
37809 7747 8 56,44,105,30,156,21
38046 7312 8 184,10,163
39902 23048 8 178,156,32,15,58,45,43
764 18949 8 163,25,37,119,25,68,129,34
17275 25334 8 87,63,43,179
18346 15553 8 104,177,23
901 28433 8 104,102
18117 20357 8 103,194,110
36796 45368 8 181,53
44699 45153 8 10,101,81,105,55,55,185
3501 38335 8 67,47,130,79,54,114,12
7890 2282 8 80,104,49
29327 28259 8 149,61,112,61,52,20,129
29285 26242 8 29,7,83,47,29,48,43
3347 10303 8 129,169,9
6004 36110 8 18,100,132,185,129
5795 19091 8 10,144,81,44,182,85,129,39
18498 19017 8 83,30,57,47,25,142
2618 4944 8 117,156
28664 17934 8 81,55,118,101,130,21,63
39674 9533 8 43,53,22,23,10,27,102
43227 3414 8 63,58,104,12,119,28,102
39271 31926 8 44,182,104,111
16549 10052 8 53,18,102,81,18,83,129,69
29787 15380 8 140,84
38459 16392 8 56,132,81,160,120,19
2950 26131 8 44,36,119
45733 12972 8 44,178,43,61
10578 27240 8 149,27
14710 577 8 47,78,65
3481 40254 8 48,25,128,40,110
41801 30664 8 37,44,216,37
22076 31317 8 20,27,40
42747 10926 8 21,35,21,129
29099 3893 8 47,49,61,18,7,105,55
42303 21366 8 63,46,40,18,83,23
44136 2408 8 169,40,52,48
34315 41259 8 47,61,9,102,44
14361 34359 8 169,152,49,20,136,62,40,142
9015 41548 8 82,48,12,39,46,20
38107 12380 8 29,30,49
3238 16482 8 61,129,119,60,129,104,104
30816 9109 8 118,113,23,49,82,53,81
35357 33822 8 80,155,45,81
16963 9967 8 152,84,80
32604 19943 8 130,53,56,61
35032 40847 8 12,132
38112 34370 8 91,128,83,16,128
4509 15327 8 68,63,181,49,65,184,7
28403 15730 8 84,27
42304 23135 8 13,10,131,62,37,18,132,114
33644 33382 8 156,54,58,149,169,142,36
27942 6355 8 41,113,25,131,74,58
34613 13268 8 38,39
39906 7907 8 21,20,31,129,6,211,87,53
9304 11717 8 131,68,40,54,194,101,119
15672 45770 8 68,60,128,143,169,160
17099 14148 8 132,139,195,21,61,34,109,136
7253 12678 8 117,20,49,182,82
16132 41906 8 18,101,16,178,132,61
25314 33910 8 141,44,104,47,58,182
6209 36333 8 61,85
35746 45375 8 60,58
285 1382 8 85,195,104,25,129,129,132
10717 43973 8 20,103,105,120,10,30,20
9984 3466 8 169,33,21
33945 33092 8 83,83
14065 23917 8 51,58,49,81,118,87,117,169
18787 3123 8 24,20,49,60
10793 41742 8 61,211,30,119,67
25370 24308 8 79,178,19
22337 11023 8 120,129,160,106
34676 13975 8 110,59
3139 33846 8 111,136,18,39,64,18
40526 4149 8 83,131,87,53,20,129,8
33912 35763 8 40,133,91
38570 37573 8 58,83,49,81,84
35653 35319 8 113,8,22,140,63,141
1889 1897 8 48,113,20,200
28495 17101 8 181,109
27430 14964 8 35,129,54,36,15
16775 35440 8 49,26,83,18,27
19255 20526 8 77,61,46
11814 2948 8 10,112,49,178,144
2025 11083 8 49,103,9,107
18522 25080 8 58,54,83,67,18,26,84
35280 26743 8 131,15,58,65,61,85,184
16120 32528 8 144,211,91,169,10,43
30007 7459 8 131,105,63,80
24020 1906 8 110,53,67,184,163
39609 21114 8 129,29,181,37,129
5059 36789 8 81,87,38,130
933 30441 8 10,39
1751 11951 8 183,50,50
31459 22303 8 34,182,101
39912 31119 8 50,141,110,58,16
26440 35101 8 12,49,48,109,51,110,31
6991 35311 8 29,185,63,65,87,63,118,189
18444 28472 8 83,69,63,45,30,18,22,83
19941 13807 8 109,114,82,84
22879 37607 8 119,87,19
22967 36263 8 119,128,65,41,18,131,54
36643 31821 8 143,62,61,104
1331 3111 8 81,108,28,23,55,68,46,156
17391 43858 8 58,31,38
7361 23069 8 129,109,63,55,51
16803 8243 8 169,28,106
23961 24296 8 203,61,181,62,64,129,41
32749 22838 8 35,57,143,83,51,112
6632 16023 8 136,132,27
29311 16859 8 129,115,63,25,55,181,36
13652 35 8 116,32,183,52,185,136
42705 44530 8 62,50,39,104
16564 27731 8 6,162,120,87,144,130,129
35629 1589 8 52,128,20,51,60,129,44
20574 32735 8 146,103,163,69,57,18,56,117
2240 40227 8 82,60,17,50,102,16,20
31711 21688 8 38,162,61
18199 39224 8 58,108,169,184
7249 38913 8 82,117,20,60,66,19
5610 38848 8 16,21,21,48
326 13004 8 33,49,42,182,45,178,56,18
25591 17135 8 29,163,36,48,113,60
27740 16106 8 80,113,130
21020 31990 8 85,204,22,12,18,23,115
13173 25287 8 21,61,58,83,24,12,33,53
38021 45649 8 158,83,119,142
7288 19702 8 9,32,40,58,182,23
20587 29899 8 34,56,35
17812 244 8 177,87,34,101,134
239 7608 8 132,185,84,149
39359 13106 8 60,129,91,7,169,98,194
29724 35538 8 79,52,85
15000 39791 8 163,10,29,65,10,133,19,163
19268 33456 8 80,69,113
12669 25030 8 144,47,24,34,179,55,163
40688 21425 8 159,105,47,104,47,110,52,35
38228 21800 8 184,181,194,8,18,49,22
39201 4358 8 112,82
16215 14062 8 112,69
34265 32652 8 113,185,69,25,78,58
16898 9630 8 54,149
3631 30942 8 27,34,49,141,177,81,16,116
11120 15757 8 59,209
30501 615 8 49,162,105,58,185,162
26629 8418 8 62,41
20145 4534 8 129,162,115,57,41,81,87,17
12191 16853 8 22,160,85,181,137,155,90,50
36688 40347 8 60,23,47
2527 33751 8 21,37
29659 43735 8 209,7,145,48,132,37,62
29095 11422 8 15,10,39,112,61,83
42190 3148 8 30,169,23,60,16,83,62,49
3106 7042 8 103,66,110,108,83,69,85,18
9680 29160 8 129,56,82,58,129,54,135
34686 34575 8 112,69,182,140,119,63,9,77
38247 7664 8 102,183,46,204,27,54,14,58
45740 52 8 42,139
41015 23146 8 19,10,184,183,69,163
24979 17017 8 51,181,133
45401 11092 8 49,18,129,58,100,34,59,91
45415 23432 8 131,51,43,129,130,8,57
26694 13025 8 24,80,85,154,103
34576 17610 8 83,184,49,131,58,48
14570 42781 8 109,49,28,63,38,63,66
3946 21696 8 10,31,91,81
3267 14731 8 136,19,27,21
6695 28715 8 129,81,61,77,58,43,131
32507 43817 8 46,42,55,160
3388 36858 8 45,119,24,102
22987 1778 8 8,25
30163 10550 8 91,132,185,114
674 26256 8 53,111,132,49,49,83,185,83
35646 18852 8 185,18,169,20,104
44038 8933 8 58,104,22,184,63,55
42425 7287 8 184,52
2578 22314 8 83,104,109,105
7505 43533 8 91,54,101,16,135,60,112,25
9269 24951 8 53,101,160,143,119
4987 13093 8 120,21,32,62,49
22309 31693 8 34,130,7,163,131,80
8109 25714 8 117,7
38098 30534 8 49,31,31,19,44,47,83,160
7531 22326 8 45,105,46,87,42,23,185
15634 8383 8 118,18,56
42148 37613 8 41,47
11482 16425 8 103,118,60,32,160,58,115,17
18784 5710 8 106,110,189,65,23,21
714 39528 8 83,129,108,83,20,81,40
23244 38236 8 21,185,101,111,85,184,59,39
33663 32576 8 56,50
32476 35305 8 163,194,115,58,63,34
3315 18770 8 63,104
33013 34631 8 10,58,77,112,41,81
38814 20933 8 156,119,68,68,10,54,107,23
3906 26641 8 110,17,85
8698 34340 8 44,101,52
28039 8872 8 118,37,41,27,48,12
45739 45308 8 28,30,41,27,51,112,143,63
24026 1640 8 17,21,156
37564 44647 8 101,184
21062 42389 8 39,51,63,20
6822 42239 8 21,63,155,38,119,50,84
30175 5903 8 22,49,112,129,104,37,162
6786 26974 8 194,58,8,87,61,163,24
26201 27439 8 48,85,30,101,33
1218 42763 8 113,33,103
36588 28156 8 39,101,33,136,101,119
31606 22605 8 49,128,40
9046 40797 8 177,112,108,115,210,40,128,30
4477 34691 8 30,120,185,82,40,20
24084 29022 8 216,16,53,111,50,156,60
41316 17375 8 35,24,185
34388 12323 8 43,185,49,116,67,84,66
43486 25936 8 185,184,185,21,162,19
12798 29957 8 81,149,76,129,57,80
27217 7562 8 185,81,16,185
13984 38439 8 119,62,52,53,47,59,102
437 15423 8 162,107
21866 4597 8 28,42,10,120,35,19,16,21
14468 1415 8 7,91,61
13369 35912 8 20,58,61
12026 1986 8 134,130,45,36,133,20
39052 39172 8 177,101,135,64,34
25768 42881 8 69,41
36204 25568 8 22,23,33,140,136,141,152,38
4858 17810 8 47,79,60,17,81,18,19
19768 998 8 16,7,17,46,166,17,48
42321 27728 8 31,18,22,54,107,28,181,119
685 13177 8 59,40,120,85
10132 10546 8 15,66,64,181,136
14736 4404 8 91,179,87
14733 28557 8 118,15,49,48,20,8,42
3618 7871 8 120,130,131,143,63,19,10,48
28972 13749 8 49,31,83,117
27496 33749 8 16,12,54,119,101,38,53
2889 12744 8 51,62,116
19957 39575 8 82,87,18,194,82,91,67
19741 3870 8 178,102,112
30628 22711 8 7,113,10,21,66
44290 23336 8 36,185,140,134
14837 27476 8 31,61,60,27,38,69,80
16990 30772 8 112,30,34,29,63,23,42,135
25240 9784 8 156,62,102,131
28805 19257 8 129,22,48,30,18,119
39858 8501 8 120,146,53,62
28639 42641 8 17,16
29807 10648 8 53,48,28,22,15,119,91
5971 17889 8 101,63,49
15608 39366 8 63,152,49,104,25
7178 26483 8 84,105,138
10647 6348 8 210,37,17,56
39101 9549 8 102,119,113,130,114,23
2068 27860 8 102,34,20,107,140,67,65,58
33294 30244 8 80,81,47,85,181,49,162
37038 32416 8 20,178,129,184,44,69
27590 21102 8 58,66,60
41866 40768 8 21,21,136
4135 38139 8 64,100,118,56
23419 8303 8 116,91,66,56,131,57,156
18563 12885 8 163,106,17,185,63
20571 23903 8 109,84,23,108
30155 24891 8 101,113
5915 43707 8 178,125
1704 17179 8 39,82,152,82,60
10565 17085 8 10,61,84,113,20,33,117
15807 2230 8 146,65,81,45,48
25014 44999 8 64,9,25,17
39810 14262 8 18,103,37,56,116,21
17158 10399 8 66,93,108,179,39,149
20093 4945 8 7,27,114,91
12185 13045 8 104,179,128
26011 25709 8 79,85,16,114,42
3649 6260 8 36,143,115,85,134,126,143
12446 38868 8 83,81,19,179
27463 29752 8 129,15,108,162
40428 11101 8 47,119,10,101,17,63,99
3007 38853 8 38,115,106,99,131
34783 16629 8 104,120,96,36,13,68,24
4761 7689 8 18,8,69,140,182,8,61,12
43442 12483 8 20,115,19,80
2903 11056 8 109,178,37,184,63
13590 38109 8 41,57,102,59,43
41547 15595 8 83,58,81,18,119
9954 6756 8 116,63,130
26276 7776 8 129,184,131,53,43,129,91,84
8736 16296 8 113,53
40207 23072 8 83,58,18,109,163,16,104
44939 31094 8 66,51,83,52,64,81,66,19
22474 43271 8 179,62
18946 32584 8 21,149
39586 17871 8 21,101,115,109,26,23
14292 39561 8 64,15
15516 8549 8 19,185,46,113,163
6603 33276 8 49,16,184,43
14981 16374 8 204,119,84,153
38299 1087 8 20,62,136,34,62,62,63,21
44614 7069 8 132,75,120,163
33652 4475 8 108,185,68,83,8
12619 13633 8 57,128,69,211,156,130,63
884 17986 8 149,21,129,83,130,101,10,48
8774 24110 8 129,165,25,104,81
20572 31647 8 69,63
33511 2973 8 69,155,49,109
33506 28187 8 21,169,129,114,109,69,52,80
30098 42471 8 179,184,143,87,69
41290 2972 8 46,133,67,60,84,51,50,91
44685 7148 8 139,54,23
38031 14363 8 48,44
7933 30374 8 37,184,119,30
45585 7744 8 59,57,103,17,47,112,16,63
10741 36432 8 116,10
25284 44714 8 51,15,195,101,146
22859 45764 8 63,22,8,135,21,129,57
30244 33549 8 185,56,106,61,149,104,66
45347 36307 8 8,16,91,200,12,65
5879 26862 8 130,69,108,128,68,60,131
12866 1002 8 67,87,87,77,146,130,60,69
11273 23895 8 10,111,53,19,38,201,99
30058 33561 8 132,136,63,133,22,63,35
44221 37883 8 107,139,57,18,10,68,83,109
37623 30845 8 183,185,129,134,134,21
42934 3812 8 101,14,185
5601 25103 8 185,83,131
34186 44339 8 21,50,132,49,104,132
36373 24445 8 63,84,60
37365 7456 8 139,10,132,28,31,8
39464 11098 8 156,84,119,25,131,184
26957 37717 8 15,30
42672 10998 8 61,60,23,47,129,96,130
39118 34092 8 58,60,194
42762 28985 8 85,81
10002 39213 8 102,23,108
22105 34517 8 43,144,63,163
31433 44269 8 23,104,59,20,27,201,117
20449 16698 8 179,134,152,66
21206 34190 8 156,119,17,25,82
1249 27277 8 36,49,45,62,49,154,60,22
19637 35276 8 8,163,120,21,80,179
35229 16289 8 67,49,136,83,50,45,66,80
14250 25027 8 182,52,28
40793 31430 8 45,211,10,184,7
23863 29361 8 64,110,163,37,129,133,52
33113 41205 8 55,28,85,31,64,58
40792 3985 8 52,84,68
21705 9056 8 38,63,18,163,87
36304 40752 8 49,82,40,151,53
17602 8765 8 9,185,104,9,149,104,103,183
40760 26862 8 84,68
44625 20312 8 200,34,145,130,53,52
10700 2388 8 63,178,177,20,44,23,55,61
8382 25079 8 65,44,128,119,44,118,106
17927 41370 8 47,97,119,51,179
12485 34881 8 61,58,40,61
17910 11256 8 43,119,181,156,58,131
19645 4315 8 62,159,64,63,119,156
15746 2065 8 110,60,182,106,211,44,29
15445 10075 8 82,43,119,39
17788 36619 8 152,119,21,103,134
24744 27463 8 47,20,136,20,42,8,61,40
3560 33989 8 53,84,127,53,83,67
27666 34877 8 109,7
40602 11015 8 49,119,12,119,21,33,62,48
20046 5304 8 58,49,29,136,48,104,129
30928 5561 8 15,37,52,28,24
21572 45074 8 22,63
14554 31949 8 129,63,49,62,142,64,149,119
23167 13677 8 49,67,20,194,184
42399 6556 8 104,9,58,33,15,103,130,43
7600 15208 8 118,178,130
24329 6569 8 51,10,57,60
37649 26800 8 106,102,40,38,118,49,19,60
37832 4944 8 16,179,14,95,64,46,107
42212 14125 8 103,58,29
16889 3617 8 84,48
43175 5634 8 132,48,66,62,102
42164 38853 8 53,9
42098 25727 8 20,22,28,35,105,43,59
34533 21183 8 87,61,57,20,52
45425 16263 8 112,106
22837 33682 8 182,28,67
31761 10129 8 29,104,120,41
14100 10737 8 184,7,156,64,107
23021 45207 8 49,113,49,58,45
17657 34541 8 41,53,26,20,103,103
11292 38444 8 59,181,63,149,18,102,34,19
3008 23394 8 33,19
22134 3606 8 129,29
6994 36941 8 185,83,53,109,7,83,83
11079 13956 8 21,38,33,79,43,181
40622 39920 8 85,62,119
19149 45217 8 131,107,184,14,85,109,46
14080 13040 8 115,169,106,68,41,91,58,182
4802 17356 8 143,53,156
2100 38251 8 33,110
5734 17856 8 132,108,22,80,155
20562 31471 8 182,69,104,23,118,54,120,50
26584 32881 8 60,136,105,29,100,60,136,84
27215 32595 8 30,131,160,10,14
27022 35068 8 119,19,68,28,18,101,119
7961 5577 8 115,21
23481 40070 8 38,128,169,98
23222 24544 8 22,179,101
27381 3527 8 119,19,107,106,156,117,181
10228 37032 8 21,53,194,116,182,21,8,176
40004 31791 8 117,9,140,63,25,133,19,112
13412 28889 8 102,63,16,62,114
22070 7983 8 95,128,32,184,23,16,37
45649 9524 8 156,194,119,116
11150 28238 8 129,130,61,37,119
2302 5848 8 185,42,65,104,41
39105 23540 8 104,51,139,83,98
23426 13337 8 53,23,20
26022 11328 8 32,119,194,64,45,31
23658 39532 8 48,19,45,37,169,128
7748 23249 8 185,69
12094 42306 8 61,96,130,102,119,181,144
28284 36959 8 103,53
40640 17032 8 82,32,112,82,182,9,92,58
30949 7959 8 128,49,48,84,148
13012 40319 8 112,21,59
8657 31731 8 57,108
43846 4952 8 17,149,119,37,119,89
4759 22476 8 53,102,103,149,50,39
18833 31370 8 9,94,119
40301 6248 8 119,14,136
12820 15674 8 24,184,194
42787 29385 8 49,36,48
41403 14557 8 58,183,63,81,65,20
37890 21863 8 30,184,120,78,115,56,185,19
41555 42928 8 39,40,48,160,54,62
20322 20249 8 156,8,169,21,117,50,119,130
6429 41150 8 50,83,181,30,43
15500 73 8 103,14,41,182
18707 20204 8 61,141,50,165,56
11314 13361 8 38,23
26270 41635 8 19,115,26,113,109,32,61,21
43796 4291 8 119,157,118,34,129,129,169,91
8466 1750 8 63,181,22,65
29727 44234 8 142,146,79
26314 12972 8 104,21,56
32489 25829 8 21,22,87,185,85,69,59
35963 40880 8 181,131,21
1367 24601 8 19,66,30,102,49,65,81
32968 7374 8 66,104
30609 9654 8 109,85,42,105,99,21
9330 17979 8 21,35,85,105
9857 36320 8 185,101,60,62,60,104,130
43199 7168 8 8,70,21,33,50
17273 21138 8 129,146,28,116,110,31,60,120
37904 28919 8 77,129,162,49,58,46,118,104
35062 11598 8 19,68,24
13121 37586 8 80,43,129
18355 23630 8 64,18,21,20
26673 6048 8 62,115,21,108
746 29393 8 105,63,112,45,26,144,184
18727 26498 8 178,64,42,8,115,21,116
21810 11001 8 30,80,120
28838 22677 8 51,163,69,34,115,85,134
10420 23267 8 184,34,117,109
7956 32939 8 84,204,104,145
29569 37963 8 57,83
5724 15221 8 52,101,67,144,113,49,56,113
23661 10535 8 68,61,106,103,145,48,169
17699 17811 8 120,45,21
38716 7936 8 51,21,116,25
45779 23884 8 104,183,104,163,10
12587 37465 8 45,10,58,17
40033 34687 8 81,83,182,46,9
43433 15305 8 177,59,104
33597 26293 8 49,60,48
41112 26446 8 114,35,181,182,36,37,27
17396 34152 8 9,18,34
10889 5646 8 146,96,144,103,129,59,83,84
31271 17544 8 20,58,136,115,39,63,35,35
11584 39488 8 141,10,162,40
9991 7642 8 120,60,35,27,129,20,35,151
40319 22778 8 14,43,56,52
22373 30256 8 119,82,65,120,182,14,184
13570 42125 8 25,49,8,169,46
27755 40760 8 49,44,169,194,16,64
39437 17455 8 84,118,17,128,149,146
3541 43540 8 25,182,85,36,148,63,54,199
4814 36248 8 55,131,129,114,104,39,53,142
42218 24179 8 20,154,37,145,19,37,29
40962 17613 8 67,49,191
21370 44232 8 40,133,50,9,50,36,8,113
40248 34432 8 129,21,87,19,36
39556 33066 8 29,36,48,59,102
12763 44412 8 87,143
7921 22600 8 146,119,194,49,17,17,50,47
40755 33479 8 85,62,43,84,120,81,49
2368 25705 8 110,119,103,19,40,102
38926 26282 8 55,81,30,111
3401 9922 8 58,40,149,68,10,24,20
40782 4479 8 66,63,211
10174 40189 8 66,41
34310 8013 8 40,48,22,30,108,62
24089 14998 8 32,29,159,105,83
17690 40083 8 113,20,110,105
42823 41514 8 48,119,110,21,183,118,132
20669 44522 8 91,117,31
18181 40075 8 65,24,50
19289 45526 8 58,115,87,61,59,162
29096 13226 8 18,31,17,29,91,60,19
2968 37605 8 16,129,67,119
4595 24418 8 74,30,61
22297 12346 8 64,111,34,139,114,58,59
39103 11499 8 40,185,34,14
33469 41267 8 45,82,129,143,104,78,64,46
10367 2269 8 36,117,61,57,169,110
37127 13618 8 84,7,119,84,21,20
11553 40677 8 60,66,32,19,179,163,119,19
5122 12384 8 83,91,169,103,78,134
14191 13885 8 115,28,58,110,26,177,60,103
15279 32379 8 154,91
5915 4096 8 24,65,56,119,130,118
31803 39208 8 49,63,43,68,115
44668 23837 8 185,65,52,96,113,21
26437 42992 8 87,57,152,20,144,49,119,194
9685 45264 8 82,149,63,67,67,179
37794 40056 8 91,54,53,85,119,101,8
3427 35047 8 146,54,48
20677 1514 8 20,10,184,53,49,56,69,67
10239 25297 8 163,51,169
39450 3889 8 83,36
4754 7159 8 85,127,83,104,119,61
44211 36702 8 103,85,24,152,129,20,129
38568 12559 8 129,76,85,55,32,134,40,90
24284 41954 8 18,119,143,47,22
27394 7757 8 129,203,113,111,20,25,91
38779 16868 8 15,56,68,138,83,169
23798 30651 8 127,10,49,81,40,21
39261 30526 8 33,31,185,65,143
5954 34323 8 7,49,48
40318 17875 8 6,48,40,60
18166 19796 8 60,130,15,65,22,150,48
36929 30497 8 57,20,108,85,12
25579 26908 8 106,58,17,63,118,184
10493 12713 8 48,104,65
35869 20344 8 35,136,59
2091 3756 8 128,143
19691 41428 8 119,162,53,112,103,100,156,131
16962 38585 8 48,19,58,67
34966 18885 8 47,49,26
45781 12399 8 65,48,113,71
1476 30029 8 126,55,58
15634 1417 8 25,17,185,18,53,85,64
11662 1529 8 56,44,17,59
39359 16395 8 91,105,35,64,84,113,17
34440 33614 8 33,185,104
41211 20522 8 61,102
17043 15687 8 152,39,45,41
20454 28412 8 42,58,20,67,58,40,132
33769 37960 8 101,63,20,29,182,98,16,9
24802 11588 8 85,95
27707 39023 8 69,118,111,100,106,100,17,183
22433 7135 8 142,109,151,140,135,160,47
28412 18385 8 68,119,161
35876 44473 8 119,56
15002 35999 8 211,37,24
20772 9410 8 85,82,32,21,59,185,91
22419 21815 8 8,104,149
26814 24258 8 30,21,79,200
39608 38526 8 129,103,194,135
26570 17730 8 47,49,45,37,185,68
45639 21967 8 117,132,21,109,99,113,27
38299 36025 8 56,128,103,114,68,184,102
24301 24078 8 169,129
18825 23906 8 134,63
20835 23106 8 12,132
9035 41465 8 44,149,33
42798 12634 8 45,65
5687 35734 8 64,83,61
753 34501 8 22,131,130,113
16737 22650 8 111,25,65,46
24509 15313 8 185,25,61,20,64,110,12,102
11960 5093 8 83,14,39,16,117,63,58
5579 15933 8 178,66,103,63
44597 18841 8 141,185,62,31,149
29040 29635 8 32,194,102,119,53,46,99
26640 13869 8 7,130
24970 8456 8 27,46,61,64
38659 44919 8 117,35
8810 45387 8 32,50,144,109
42087 14136 8 89,39,181
33863 16036 8 8,178,36,114,16,95,182,108
8430 3523 8 181,129,146,19,19
10020 6821 8 109,20
2340 18156 8 49,104
4472 18498 8 185,65,113
19706 22937 8 61,60,66,59,96,37,163,83
44302 26032 8 62,91
25347 30768 8 83,169,61
5593 40765 8 21,67,111,103,145
18001 3362 8 120,118,101,63,14,177
16011 15693 8 34,162,25
34369 29440 8 106,16,67,62,85,184,102,114
30096 17014 8 16,10,18,33
5250 41190 8 62,10,119,185
19563 26343 8 65,111,116
30213 6828 8 185,41,51,17,117
43605 40479 8 17,23,63,145,64
18492 39907 8 64,185,119,13,144
39727 20917 8 82,9,40,149,55,51,56,114
38755 39152 8 51,68,42,132
15982 18496 8 17,104,130,26,112,85,16
8664 13838 8 194,69,67,51,194,136
27880 37166 8 85,49,91
39337 42607 8 162,106,119,49,23,109
41667 18351 8 57,83,20,48,10,129,129,57
35733 15935 8 185,199
10515 20214 8 53,104,83,60
36756 35278 8 181,130,119,119,162,48,101,40
834 6778 8 66,12
6263 15445 8 45,67,102,130,76
11006 20267 8 195,41
42295 44264 8 20,42,26,169,81,102,70
11285 10480 8 185,33,90,63
43819 44308 8 17,34,149,102
22352 2510 8 56,27,66,15
13523 37641 8 41,18
30917 18748 8 58,129,58,84
39560 32672 8 179,83,104
3842 41574 8 68,62,193,102,104
15612 44418 8 139,47
37807 4457 8 96,142
11695 42785 8 120,184,119,144,63
36581 43987 8 87,194
40799 22844 8 119,102,156,9,90,185,146,20
32163 34136 8 156,181,67
41913 9645 8 48,130
40802 668 8 26,185,129,49,120,149,132,109
21302 12494 8 136,62,52,113,143
17788 1705 8 87,36,114,31,152,24,24
14355 12586 8 49,211
22778 16003 8 132,143,103,84,119,149,19
7121 41565 8 46,127,44,131,144,83,80,15
12025 9275 8 162,60,7,108,65
29040 33707 8 24,43,63,56,28,19,14
28507 18076 8 24,50,44
11870 25756 8 19,119,46
3541 27840 8 81,85,62,16,66,130,114
42580 42427 8 59,81
36299 5008 8 48,62,63,120,21,194,16,178
15925 1653 8 169,183,43,45,185,81
39424 29974 8 46,181
40042 42578 8 194,39,16,66,31,101
2997 8824 8 32,41,63,19,21,26,19
15372 2247 8 49,60,27,82,117,117
45347 15253 8 21,63,25
12277 11167 8 132,182,118,28
16152 22056 8 135,18,45,101,69,59,105,117
14464 8187 8 30,129
17030 24856 8 82,19,169,23,61
7723 23830 8 9,178,119,28
22795 25675 8 63,66,41
19161 40095 8 129,129,67,20,60,9,16,58
39811 37390 8 63,61
9037 21431 8 49,35,146,108
15214 41688 8 83,112,103
42535 39875 8 20,111
29106 21315 8 52,103
17771 39146 8 83,152
16675 28143 8 184,85,131,45,119,28,18,44
22137 43714 8 128,83,81
38422 30067 8 108,27,20,146
5098 4084 8 8,133,138,109,30
28972 16696 8 111,112,50,53,104
31958 24373 8 179,84
710 6617 8 182,25,115,95,84,107,59,82
32476 44913 8 90,61,66,184,130,104,84,21
33488 35682 8 133,82,156
17179 22411 8 36,130,10,115,48,136,113
19514 162 8 63,178,42,132,131,50,44,136
12100 17097 8 62,65,68,145,179
8274 22304 8 65,64,67
11136 25121 8 18,100,102,49,115
8268 40628 8 62,15,118,49
32250 7449 8 107,118,58
25411 1515 8 60,48,46
16330 182 8 37,114,83,132,36,110
17901 4231 8 20,51,163,115
6875 39215 8 81,17,59,18
31177 11322 8 34,29,130,18
9531 28092 8 108,30,96,177,152,37,136,106
1686 23348 8 115,50,194,18,87,91
45533 17676 8 59,35,36,105,42,25,35,185
41763 5915 8 57,40,19,51
10059 10148 8 35,63,7,87,146,111,20,61
24761 39079 8 7,21,17
17504 41308 8 19,132,181,184,49,31,107,21
5287 18860 8 104,61,12,21,30,49,37
14319 6924 8 78,15,23,211,10,35,182,105
29095 10022 8 49,51,85,132,15,15,39
2602 7382 8 42,50,192,149,129,52
32712 41601 8 61,102,91,178
38579 38159 8 25,20
32763 17046 8 114,15,194,85
35412 4098 8 66,83,28,50,129
26628 18802 8 58,38,178,68,63,44,114,30
9306 22713 8 39,32
45118 8358 8 111,69
40713 3147 8 31,39
42821 7557 8 129,52,23,184,110
28639 36804 8 135,58,85,25,129
7211 37638 8 115,27,25,111
44118 43214 8 47,60,126,85,130,195
11669 16198 8 111,185,49,84
37088 42925 8 15,63,49
1171 24838 8 129,27
28852 389 8 63,60,42,140,20
36753 32169 8 19,182,21,100,16,60,119
9391 34950 8 178,156
29705 24657 8 23,85,53,103
30874 9661 8 108,58,69,145,104
1210 97 8 65,113,54,169,30,179,23
39701 40845 8 37,139,134,130,142,119,107,116
41663 14823 8 25,33,82,33,103
28050 34386 8 35,61,56,54,84,160,29,129
33657 8473 8 54,118,19,47,18,185,65
18592 2564 8 65,112,22,79
45139 31889 8 40,130,77,179,135,140,45
11745 13296 8 8,117,81
28163 13425 8 74,101
36675 42794 8 17,105,83,39
23415 30968 8 34,28,195,136,58,100
20074 43093 8 22,182,87,62,104,10,55,8
15047 20495 8 103,131
41121 1811 8 117,8,130,48,183,19
187 19523 8 38,165,131,112,211,112,52
33862 10416 8 68,103,81,12,177,49
39855 32519 8 104,49,43,184,64,91
14408 41810 8 24,111,50
25574 1493 8 42,178,85,58,60,20,63
45115 29248 8 28,119,179,114
15085 6834 8 53,119
18394 8184 8 19,106
24697 36407 8 145,62,78
13889 31178 8 7,117,61,62,16,81,177
23625 10698 8 55,185,28,153,85,23,154,129
17242 40823 8 116,52
44015 17488 8 108,179,178,102,49,156
37555 40838 8 34,16,58,10,34,47,63
37882 15645 8 10,169,131,91,185,41,59
15237 23143 8 156,103,101,119
30706 34416 8 62,57,26,14,44
40952 28734 8 28,58,20,152,58,10,163
18737 10924 8 17,59
12235 40109 8 43,184
43322 21504 8 18,91,23,146,78,23,19,44
36883 3492 8 58,28,41,48
1242 20263 8 20,103,58,58,69,119
16650 2792 8 179,18,167
13859 38329 8 55,184
38362 9459 8 128,17
37678 32182 8 129,34,119,103,82,81,61,101
42429 29111 8 118,63,102
43334 35219 8 181,46,80,39
3192 27857 8 118,20,211,104,116
35268 5009 8 119,111,81,48,7,132
30688 21692 8 39,25
14637 17885 8 61,53,28,109,145,144
16685 31463 8 20,184,25,5
29954 35698 8 91,63,129,63,184,117
18992 30042 8 59,119,129,36,131,184
18855 6663 8 81,60,66,39,131,10,163
43273 18459 8 16,104,8,130
39829 28306 8 111,91,31,30,152,179
27843 15673 8 94,45,61,53,60,54,53,41
27440 17561 8 35,146,119,60,30,56,44
42419 2141 8 63,52,118,132,114,112,8,62
13095 23636 8 169,104,112,15,179
31463 6384 8 83,132,179,47,43,20,41
33134 16077 8 21,146,63,53
19690 2136 8 131,129,112,178,15,117,100,47
10416 11369 8 179,61,204,44,19,102,118
28112 23780 8 36,119,152,183,163,87
23353 44315 8 163,126,163,179,119
37068 36232 8 162,61,133,64
45056 15617 8 50,119,46,8,101,62,49,54
11420 1644 8 29,20,91,38,83,37,34,52
23661 23669 8 119,9,130,115,183,159,19
39336 3884 8 185,102,169
4814 40152 8 63,204,22,176,113,113,134,46
26627 38882 8 111,65,42,185,23,19
40751 1733 8 67,179,61,62,91,59
31468 44141 8 73,80,179,83
24173 28100 8 119,64,132,16
34994 19025 8 116,152,34,46,58
34983 37 8 40,181,48,58
33016 15470 8 139,130,84
33401 2347 8 129,103,83,52,106,10,58
41919 28523 8 83,104,184
44388 5653 8 81,35
41048 43290 8 185,179,194,114,133,131
20213 733 8 20,60,22,16,156
20150 26689 8 204,56,15,21,85,40,179
39479 32658 8 17,91,27,54,32,69,194
13890 23857 8 17,195,41,146,132,141
15268 45287 8 15,35,39,31,16,101,146
2359 39780 8 130,129,117,135
26339 20374 8 129,12,54,120,37
25191 14370 8 178,30,119,48
40374 18236 8 21,87,45,182,185
14132 28842 8 61,53,96
34300 874 8 132,7,84,185,55,119,16,65
44546 3491 8 105,42,60,23,37,104,19,21
16915 32520 8 146,83,27
8335 3613 8 53,85,39,41,58,91,156,87
34679 24365 8 17,36,103,179,87
27890 30852 8 19,41,67,185,36,35
30458 13604 8 102,26,27,85,67
39263 43508 8 49,106,41
44845 8042 8 104,118,144,104,113,144
22799 10850 8 85,60
2049 14160 8 22,19,84
39597 34240 8 201,16,130
13783 9767 8 111,63,81,59,129,178,129,83
13684 33038 8 184,41,61,18,83,118,27,63
29982 2169 8 81,184,62,24
37463 45791 8 103,20
1587 2995 8 111,83,39,51,65
10081 610 8 83,79,20,58,39,145
18900 6308 8 119,85,8,19,80,87,67,46
44643 30942 8 103,63
18512 19162 8 156,16,91,21,184,182,104,112
15336 43421 8 56,52,178
9359 622 8 21,58,9,65,103,56,130
26242 41598 8 15,195
13078 35734 8 19,194,53,143,84
27407 12129 8 91,35,100
13617 34169 8 63,101,87,19,169,56,66
42754 37657 8 120,130,58,65,136,18,58,47
22836 42901 8 149,13,62,185,59
4103 36486 8 61,146,49,129,87
20324 42389 8 131,169,26,129
25916 5312 8 163,87,48,185,102,21,104,58
20953 41753 8 61,63,49,14
26764 31722 8 113,126,119,198,115,162
5739 43966 8 56,111,69,185,44
27113 25753 8 38,156,83,120,119
31778 30918 8 20,20,131,113
1289 18437 8 101,55,139,48,106
23059 26357 8 12,19,31
8761 10568 8 106,41,143,21,55,42
35452 34956 8 104,41
20124 15334 8 40,211,36,48,37
741 33421 8 54,96,55,21,112
34329 2263 8 51,84
36939 29524 8 129,143,48,179,48,28
19785 39675 8 64,144
44722 33712 8 49,56,193,7
3946 14478 8 87,120
25168 1660 8 110,87,132,133,63,19
13484 29931 8 61,119
34865 28963 8 66,141,17,67,32,129,100
28802 8378 8 48,7,63,108,119,131,113
10996 45019 8 130,69,60,102
32017 9761 8 62,78
33847 39663 8 185,119,129,129,129,54,181,23
15822 19511 8 111,38,201,149
18995 23250 8 14,48,132,59
28260 34345 8 185,50,55,22,185,61,83
31557 12420 8 183,58,22,81
21110 1414 8 185,194,54,85,128
24031 20491 8 148,90
210 34171 8 37,182,16,8,118,104,163
29945 5135 8 38,17,53
45642 27732 8 40,113,54,63,185,58
32792 30859 8 58,60,49,17,59,59,82,92
31288 10468 8 14,49,83,178,149
33696 21509 8 82,81,142,57,81,62
1973 9903 8 105,68
15981 8604 8 21,49,169,80
35577 16403 8 10,145,32,20
12720 4202 8 26,81,132,9,65
32397 4686 8 163,33,113,42,185,52,105
15229 13186 8 129,108,136,68,24
37138 39115 8 35,51
41795 41943 8 149,85
19576 7005 8 16,20,30,201,184,51
10245 36599 8 83,183,41,61,102
3183 45743 8 91,185,115,7
7151 10306 8 64,25
18393 141 8 91,44
36859 13704 8 136,111,44,114,62,49
1217 19634 8 43,162
13521 20889 8 109,39,136,21,19
23402 224 8 107,134,49,78
32692 42779 8 80,158,21,21,184
1512 38920 8 185,59,36
33176 30996 8 54,69,64
1311 38791 8 156,62
5401 16340 8 51,99,143,61,87,45
20696 31929 8 91,182,48
44349 23960 8 143,62,65,185,144
23325 18497 8 116,83,129,17,59,23
20986 10293 8 162,103,45
4192 6854 8 104,22,27
33420 21774 8 48,182,9
10019 16829 8 43,51
21185 20255 8 78,81
860 42678 8 111,72,105,38,84,85,56,96
16866 10007 8 129,185,40,28,115,113,79,66
31460 15541 8 110,16,64,45,38
2596 41673 8 58,61,102
6395 43035 8 136,81,48
17429 44325 8 185,25,34,37,85,144,21,44
17905 2328 8 111,40,90,162,61
36062 25378 8 48,185,69,135,162,178,10
9902 11836 8 49,46,104,20
28025 12492 8 20,119,50,103,112
36319 4812 8 48,149,46,47,19,169,30,111
42300 15507 8 48,44,75
22522 4293 8 56,21
13451 14206 8 19,14
31795 25480 8 59,62,61,85,39,35,91,114
27929 27823 8 143,60,91
1844 33765 8 181,9
2851 28481 8 143,91
227 27090 8 53,51,27,59,52
13793 17356 8 36,59,18,63,112,49,181
41940 17616 8 96,59,16,78
790 9284 8 63,44,80,108,156,7
38509 3658 8 17,45,20,149
17120 38691 8 94,20,10
13902 32651 8 33,40,195,169,163
19031 25334 8 185,29,161,40,16,163,38
39840 41029 8 183,178,39,20,103,99
22629 37104 8 52,149,10,83,85
39880 42178 8 91,60,65
32761 13715 8 11,132,61,58,24,104,68
23870 24383 8 40,48,49,84,56
26939 25088 8 37,90,116,156,184,63,144
30534 40192 8 49,145
21972 21572 8 25,108,63,25
17570 41091 8 110,103,46,67,7,118,19
32661 35348 8 143,66
34423 7094 8 185,152
15878 26132 8 60,104
16316 25565 8 48,113,48,111
9971 4842 8 7,20,50,113,63
36909 20022 8 148,25,22,140,52,85,136,55
6643 14187 8 132,51,85,87,40
21495 12443 8 48,18,118,154,63
8912 7351 8 201,108,118,113
34092 28740 8 183,28,25,18,83,74
4954 14970 8 129,131,144,60,179,55,40,130
38740 11800 8 104,36,55,31
29104 27459 8 83,66,9,61
8080 24419 8 54,128,119
24960 31374 8 14,44,31
1743 15327 8 58,100,109,28,40,185,33
13727 13376 8 129,75,177,129
5880 8876 8 130,111,27
11569 267 8 25,95,75,83,110,104,82,133
7860 4019 8 106,201
35009 16929 8 58,48,112,103,19,33
37391 2988 8 33,21,185,23,50
8637 30367 8 40,141,21,129,103,48,118,49
29764 45196 8 46,194,83,130,44,130,62
31208 10842 8 27,49,120
38899 39016 8 23,102,53,108,85,61,57
30143 7537 8 48,132,104,20,25,109
42723 40668 8 12,49,57
15993 5518 8 132,131,182,104,102
23387 4433 8 49,185,6,22,64
29841 21086 8 85,49
20364 6969 8 96,163,185,118,107
17153 26579 8 26,54,69,112,43,17
16768 15628 8 81,69,42
32775 41605 8 63,61,109,69,201,112,49
12036 32963 8 129,87
37788 13279 8 15,63,64,104,96,22,22
30355 34220 8 9,46,19,88,132,119
6648 25579 8 84,106,32,141,67
45742 17536 8 18,81,40,19,184,66,7
16118 26029 8 144,80,29,114,45,61,32,87
7276 33620 8 54,44
32204 33599 8 145,58,87,19,30,61,37
35225 39523 8 59,140,143
35867 4659 8 102,136,52,119,69
38077 23828 8 49,106,49,12,119,104,21
39123 33833 8 112,110,109
19908 45550 8 163,141,102,60,84,119
20299 25867 8 117,49,184
11431 35099 8 20,19,101,83,104,116,179
5732 5106 8 103,85,83,19,59,119,34,114
25290 42884 8 169,50,113,56,61,23,118
2828 25948 8 162,182,108,87,20,130,116,16
23474 33506 8 23,116,162,74,36,40,84
17259 33382 8 69,69,108,40,114,110
25585 37329 8 104,162,49,61,64,139
8451 36412 8 152,102,194
30767 41451 8 185,200
12970 6126 8 21,16,105,68
14045 30495 8 116,129,177,49
18361 39045 8 120,60
9398 20955 8 115,56,129,129,58,26,40,129
4911 17084 8 33,81,115,184,59
24527 13269 8 40,68,101
23208 20265 8 144,25
31239 1985 8 53,46
35620 26420 8 103,96
19943 30259 8 63,119,116
40459 5885 8 57,58
31091 27642 8 18,21,18,41,52,20
20155 18596 8 63,19
14379 29506 8 129,70,65,10,132
21202 15590 8 129,45,67,21,200
43922 37453 8 194,21,61,29,111,115,101
24156 1745 8 19,109,39,119,85,65
29915 29740 8 10,169
7736 23018 8 194,17,101,15,91,108,16,43
22375 43424 8 111,146,103,60,69,116,33
10938 39460 8 145,104,18,85,21
19306 15047 8 16,110
28791 11719 8 68,10
3713 40466 8 165,68,118,182,107,83,61,116
20243 2200 8 103,25,17
6535 10271 8 181,155,129,136,128
3393 43254 8 118,52,43,119
18663 27821 8 63,115
904 37667 8 63,101,104,119,82,21,10
19155 29335 8 104,46
11010 13771 8 83,65,115,104,194,15,54,129
25686 40970 8 109,60,30,49,104
1807 11234 8 128,17,28,54
16793 20947 8 145,46,83,35
12753 37786 8 21,65
41133 35393 8 52,37,56,111,63,44,59
28186 4738 8 84,45,23,63,20,181,128,53
16794 17843 8 108,169
7785 26036 8 65,163,42,44,156,129,163
31413 8590 8 60,59,133,101,182,49
29062 23720 8 14,20,28,114
37307 34760 8 179,58,83,117,119,58,64
9501 28897 8 104,46,20,55,45
6868 11976 8 116,182,32
573 21131 8 9,51
30210 37318 8 81,189,58,18,60,181,85
5578 3498 8 22,25,177
20062 4359 8 69,114,49,59,130,54
33694 44110 8 179,161,63,22,83
17149 32098 8 20,157,118,107,156,29
31015 15797 8 45,126,10,109,161,63
16395 16830 8 182,51,140,130,17
37892 43533 8 82,154,8
22345 16008 8 43,20,21,41,99,21,194,49
26279 23634 8 140,46,30,142,79,58
38435 15866 8 40,50,27,160
20083 7707 8 102,129,132,118,185,91
9476 16158 8 116,20,46,78,21,182
11535 5391 8 64,58,200
23091 38040 8 106,104,119,10,81
27356 14237 8 31,119,87,20,140,96,34
12594 19911 8 18,61
13658 23113 8 60,63,85,82,33
25157 8464 8 156,21,20,149,82,84
22921 10507 8 83,20,183
8788 40318 8 128,185,66,64
11161 11546 8 177,53,118,63
31632 1422 8 119,160
14504 36511 8 60,17
31907 12757 8 47,59,85,85,68
24901 29253 8 46,24,21,118,17,84,84
19844 33313 8 146,104,66,69
28215 3057 8 37,104
16409 34839 8 184,131,19
34454 40142 8 181,64
16322 41517 8 177,19,163,53
13284 36233 8 17,53,20,23,80,24,7,63
23109 28043 8 65,128,162,33,84
39951 12031 8 31,59
39907 19315 8 185,50
20075 42853 8 146,113,111,42,128
29448 15422 8 104,114,57,45,153,65
33732 38217 8 119,146,59,49,132,184
9558 19464 8 57,185,35,120,163
17023 19744 8 114,185
20839 29787 8 15,129,41,81,36,20,144
21487 3651 8 91,118,179,29,36,129
23697 4696 8 104,64,181,51,85,104,28
40383 37459 8 30,69,68,40,19,185,49,115
35312 45410 8 113,154,163,179,48
45094 23794 8 87,49,25,41,160
44946 41618 8 138,185,102,65,194,104,93,10
6075 37511 8 69,19,49,87,64,21,130
12444 15078 8 36,45,44,159,65,20
12870 401 8 184,62,58,185,130,120,44,103
27332 31190 8 83,52,83,64,7,83,104
21046 43856 8 110,153,61,20
25694 7202 8 32,29,83,82,42,109,194
3405 35646 8 19,178,47,53,46,39,179
43782 14474 8 62,84
15532 27878 8 106,45
10556 27331 8 18,51,36,22,58,113,135,133
22099 29406 8 83,185,21,12,104
20199 39476 8 146,78,20,81
25737 5771 8 62,83,57,44,107,15,21
16 22270 8 119,17,47
37454 17325 8 80,119,19,130,28,82,118,42
2774 10466 8 45,48,24,68,169,49,83,24
34072 31890 8 169,37,78,149,44,45
1708 14075 8 135,23
17431 28950 8 48,53,41,20,185,45
44985 36592 8 109,145,132,103,55,21,169,53
45543 17290 8 118,108,57,48,22
18697 6190 8 15,60,142,136,18,49
35180 18275 8 78,87,8,68,48,119,111
39498 29053 8 29,65,37,68,77,83,47
40799 19981 8 48,36,29,50
5208 19050 8 119,120,58
19412 12830 8 47,103
14306 43045 8 62,129,113,110,106,12,59
45731 40862 8 43,25,61,53,104,20,15,39
9230 16473 8 69,43
28790 1218 8 68,113,152,63
1428 38439 8 22,85,84,117,9,65,83,93
44235 15896 8 107,63,177
37230 34876 8 61,61,131
39270 22670 8 53,119
19445 11188 8 67,42,23,113
19066 3081 8 185,115,61,104,52,82,34,81
5908 42980 8 129,8,68
13812 40800 8 16,18,104,129,120,101
919 31278 8 169,146,31,39,33,178
6771 6784 8 58,108,129,67,27,179,81
26152 11159 8 101,18
14379 41358 8 63,146,49,14,24,9,103,55
994 44871 8 97,61,61,39,7
38318 34351 8 65,163,50,85,83,53,80
40535 7388 8 139,17,33,44
19530 18972 8 52,49,47,49,25,65,141
13377 40827 8 38,8,113,45
29448 44422 8 105,38
3536 6938 8 185,142
19425 32074 8 118,154,113,149,116,12,24
5144 42805 8 10,52,183
18 5826 8 83,80,20,44,37,179,118,56
30148 12601 8 44,130,156,17,32,104,161,96
20170 27017 8 178,103,165
11761 7779 8 56,143,132,19,8,81
26261 18984 8 115,115,62,85,181,142
45239 16795 8 53,8,85,7
6220 22666 8 91,15
22752 17373 8 44,16,49,27,60,63,32,104
14770 17819 8 184,21,115,112,65,43,64
31831 13732 8 146,18,18
22635 42784 8 61,181,68,130,82
33937 17187 8 21,67,21,82,169,21,104,28
11630 38083 8 48,46,33,47,120
14364 31258 8 119,31,83,60,20,64,38
4666 44476 8 194,44
33793 32511 8 17,22,103,129,120,119,131
13400 3589 8 8,17,31,64,64,83
8556 4868 8 50,56,120,27,9,54,110,132
6098 17116 8 119,102,119,48,38,133
33171 25110 8 141,185,43,104,160,144
5357 31616 8 156,50
36027 25427 8 51,83,32,110,52,49,194
31135 17858 8 129,111,29,105,10,103
35743 27072 8 65,53,155,23,185,42,42,29
37307 24267 8 50,41,20,129,28
33735 32052 8 29,62
15066 10462 8 25,20
44223 41829 8 58,58,20,163
32405 12645 8 36,60,129,43
9430 31960 8 24,33,63,41,129,49
18203 17001 8 146,80,145,152,59,115,104,40
27060 23509 8 44,179,119,185,33,63,61,42
13236 2083 8 85,145,37,15,85,51,60,32
34231 9929 8 60,182,9,129,112
39951 31566 8 119,45
13181 21901 8 159,60
38685 19388 8 107,58,119
25102 43474 8 105,52,104,185,128,58
43361 13491 8 64,155,48,116,55
37982 22684 8 15,144
33805 16738 8 109,8,54,211,91,20
12723 29557 8 75,49
30706 30901 8 61,20,119,49,39,20,30
20422 15556 8 48,56,34,114,81,178,106
9847 20525 8 60,81,129,83,32
31712 41693 8 44,67
15676 45579 8 135,143,68,84
9615 21177 8 194,46,85,156,82
277 9325 8 20,34,92,19,29
34485 19821 8 103,90
26957 26185 8 178,185
3145 43636 8 57,58,120,58,51
41165 8497 8 134,83,82
25493 4294 8 96,18,57,108,21
44245 5181 8 134,57,81,156,26,128,132
8457 24566 8 49,129
40818 18340 8 60,58,117,110,111,153
17761 1774 8 56,142
40645 33234 8 120,178,110
9539 40867 8 54,60,30,82
27683 24258 8 105,178
44199 24365 8 131,46,40
35515 36852 8 133,130,41,19,114,119
41332 1235 8 19,74,53,76
23030 37285 8 184,185,104,41,182,82
42313 9280 8 85,60,110,79,48
19726 35430 8 162,118,177,48,19,52
24604 39742 8 185,58,63
1213 15234 8 17,14,144
6049 2869 8 46,58,17,66,10,58,33,48
32139 37785 8 7,91,35,119,151,130
27102 20110 8 30,77,35,62,100,83,48
39719 16881 8 134,25
19841 3206 8 8,112,63,101,144
15603 21464 8 156,12,37,83,51,48
35752 2198 8 129,182,62,20,52,85
27756 22214 8 39,52,68,20
1362 15062 8 104,145
11706 31444 8 100,109,211,111,51,51,10
5002 24119 8 113,46,63,146,33,58,40,62
14524 21666 8 38,96,59,129,178,22,48
12487 11982 8 22,185,62,179
24054 5004 8 35,56,181,41,129,136,61,69
38564 42343 8 68,83
44741 951 8 104,38,17,36,50
10155 32711 8 169,69,59,21,102
37862 18544 8 91,76,84,184,129,40,83,103
34871 3594 8 149,130
44538 23654 8 53,153,35,45
45180 29476 8 7,33
15956 11562 8 58,60,108
9208 29476 8 60,69,79,129
40518 36297 8 163,47,54,40,119
37685 630 8 157,60,51
11594 17500 8 119,109,110,102
42427 33292 8 61,183,138,163,110,104,178
23525 14172 8 47,53,36,42,194,10
38493 26472 8 104,31,129
492 12689 8 94,162,32,82,75,55,58,34
6801 15424 8 81,10,140,34
31287 2283 8 87,8,104,17,48,59
15635 40911 8 129,149,112,19,142,55,16
7397 34211 8 142,14,119,79,109,67,83,160
37433 31270 8 182,51,111,103,62,163,56,49
5681 27607 8 9,49,96,25,183,129
42381 34729 8 62,47,116
35303 29813 8 51,136,49,28
27044 8854 8 83,58,22,160,192
6696 42700 8 103,179,52
4588 24690 8 119,9,63,18
615 8901 8 119,15,119,106,60,39,53,49
38091 33259 8 119,129,142,84,133
35410 35523 8 111,56,63,42
25825 30733 8 112,54,21,63,118
29575 44245 8 108,82,54,56,185
36603 27413 8 54,131,149,91,62
932 18322 8 131,35,136,40
11046 24898 8 144,10,66,59,37
41534 25515 8 104,17
30163 22562 8 129,65
26697 34758 8 178,36,33,27,12,119,64,182
37209 15108 8 49,7,10,169,37,84,185
25357 32816 8 21,113
38778 26629 8 130,46
36610 44819 8 151,62
31669 36166 8 50,59,101,63,55,129
40296 11004 8 29,113,25,51,194
31569 8669 8 19,45,48,61,21,79,156,130
20538 1419 8 51,139,15,96,118
8385 3974 8 48,82,115
5398 38191 8 18,131,77
13902 9598 8 27,91,98,21,179
27098 31262 8 20,32,65,34,104,81,50,49
19629 30330 8 79,60,62
39096 5464 8 52,115
31653 44646 8 18,113,63,82,119,18,129
19797 1 8 23,48,8,143,91,63,19,63
3793 41366 8 115,105,51,64,20
38512 40339 8 84,103,19,109,46
43328 9627 8 110,143,23
5490 784 8 65,163
41165 16265 8 182,59
13703 42567 8 54,163,64,8,23
29636 32719 8 34,156,54,104,82,19,85
9182 2238 8 64,25,130,113,53,104
26519 25172 8 64,59,34
21182 5141 8 68,115,131,24,46,40,21,54
41286 38366 8 69,104,85,35,129
13708 38431 8 181,90,60,108,112
16134 39096 8 8,184,109
15672 36999 8 54,91,141
41180 34506 8 42,57
42604 35876 8 61,129,130,185,15,185
13173 11532 8 104,107,131,9,30
3314 2708 8 57,163,138,21,64,56,194,79
40119 41235 8 10,29,29,21,195,178,141
34140 37253 8 68,42,17,63,65
36686 25977 8 45,120
17566 39622 8 54,62
31657 29770 8 48,60,61,195
44406 5567 8 149,15,118,146
8109 7794 8 91,29,91,21,146,63,21,182
26356 32799 8 104,25,12
28427 31906 8 18,64,85,25,17,141
23307 45742 8 49,63,52,10
2243 20982 8 20,59,29,87
8596 23843 8 134,61,96,55,119,105,117
7259 19799 8 27,19
18206 23109 8 53,118,62,47,119,54,10
818 1789 8 48,102,53,152
24874 25931 8 7,60,129,64
22043 12877 8 184,60,20,117,110,61
33231 14759 8 83,10,179
42652 44170 8 141,112,69,63,129,36
32342 17754 8 56,129,65
35462 34790 8 128,21,110,36,130,119
10733 31071 8 48,126,30,103,134
11091 25520 8 130,60,67,37,160,37
38215 2302 8 101,62,118,149
45314 11170 8 149,12
11584 42663 8 55,77,109
35139 14884 8 119,59
15097 12827 8 83,114,14
19376 26904 8 184,194,194,48,29
1484 41265 8 195,131
25761 4740 8 185,23,85,64,68,17,119,50
40889 25920 8 18,53
3105 34912 8 32,179,58
20885 4120 8 114,129
32913 45043 8 104,116
21994 41689 8 27,49,48,106,104,23,10
31838 19744 8 109,69,102,129,85,40,128,163
10953 23496 8 51,16
34857 16342 8 80,184,48,149
43242 19482 8 83,49,48,25,128,49,163
9086 4403 8 135,120,145,68,101,83,60,103
3273 14160 8 111,105,100,39,87,18
25988 42952 8 194,16,47,201,136
42223 7196 8 64,61
18159 10351 8 39,104
33336 10899 8 80,135,85,9,145,49,61
11878 35012 8 80,18,81,47
9256 37306 8 32,50,21,17
44576 12143 8 185,36,69,103
867 14498 8 17,49,53,116
18941 42267 8 44,65
6792 9328 8 119,57,87,42,10,56
5603 32030 8 120,102,79,82,141
29036 34897 8 163,53,194,178,52,85
41841 18340 8 38,108,15,102,17,63,85,163
6572 32855 8 42,92,103,24,63
29867 21987 8 41,63,48,83,126
17305 41073 8 29,104,110,49
28191 28508 8 141,85,132,63,177,69,83,80
43838 38075 8 58,69,109,48
24457 15461 8 140,132,108,119,49
15327 43818 8 103,179,23,22,21,22,77,112
13324 10703 8 132,82,151,68,55,153,38
36638 22449 8 156,84
44933 7352 8 25,16,140,115,148,30
5778 40288 8 81,65,44,58,66,61,108,119
25150 21662 8 62,69,119,96,55,102,174,169
10720 13706 8 66,62,83,66,182,20
18176 41568 8 160,114,59,183
35224 42982 8 119,18
8705 21294 8 47,109,9
6391 2762 8 18,63,32,112,85,9
32877 15798 8 48,37,49,138,36
30980 42424 8 35,101,82,156,56
19255 43418 8 10,58,91,115,142,110,62,178
33516 24722 8 49,20,117,51,49
29993 14383 8 91,87
44225 22235 8 104,62,118,55,184
36553 12171 8 149,58
20847 22405 8 58,35,20
20173 32412 8 178,57,104
16868 6208 8 143,38,185
21509 38640 8 39,119
21017 3151 8 29,103,114
32098 5261 8 81,104,169,132,42,102,22
34006 26373 8 118,24,56,156,46,78,30,81
16596 15592 8 185,75,18,18,129,18,10
34756 7923 8 23,83,42,64,34,112,58
25572 34405 8 24,61
17741 21481 8 12,81
35457 44000 8 64,16,110,111,129,35,143
5706 17225 8 141,21,45,48,149
41438 28670 8 37,114,35
36015 37828 8 9,14,42,160,13,106,113,102
7104 241 8 155,35,20,111,114,33,37,18
16178 11686 8 119,102,24,37,209,15,103
35382 39947 8 49,118,65
16405 36902 8 63,185,32,67
2112 17348 8 141,59,81,119
36668 44743 8 87,93,169,85,141
40281 10672 8 81,44,106,40,29,68,39,131
5333 38181 8 82,23,107,29,64,37,185
18146 27330 8 169,79,43
19544 6202 8 153,21,21
15184 28234 8 39,47,117,60,184,81,66
37181 16116 8 129,82,41
29980 815 8 59,26
23885 25726 8 22,52,37,179,51
37475 23725 8 51,185,130
9400 2252 8 68,10,39,7,184,115
44080 19673 8 62,29,152,9,18,31
34702 28385 8 67,43,17,91
31502 34968 8 19,35,47,12
45702 3406 8 16,43,163,63
42361 12801 8 130,48,51,47,46,134,21,91
28479 683 8 56,45,46,47,149,16,20,158
22754 34875 8 21,23
37821 42565 8 143,83,49,54
26014 30119 8 118,69,25
32422 39735 8 178,63,28,48,128,82,55,46
33429 8871 8 41,25,83
32272 28132 8 56,66,75,85,156,18
43720 22193 8 42,111,21,22,38,133
17859 5035 8 66,44,118,69,49
9936 16853 8 38,194,47
16156 13594 8 69,55
12007 22401 8 104,119
2000 20660 8 83,63,113,184
36512 2610 8 9,118,30,61,48,84
27009 24459 8 152,29,59
23555 42602 8 56,48,40,58,43,120,62
27004 10517 8 20,116,185,103,12,81,7
29667 18761 8 44,69,57,19,58,59
13257 34281 8 10,44,146,36,101,113,55,69
42616 10732 8 53,185,15,10,48,45
34185 10413 8 21,119
31147 22033 8 18,48,185,69,60,65,81
2143 40964 8 129,108,37,129
33052 45088 8 14,84,80,21,119,12
28314 31056 8 179,182,182,136
24127 32118 8 59,179,57
41464 40587 8 119,59,146,119,83,28
2539 9314 8 50,87,114,104
21055 10593 8 10,20,30,30,19,69,41
44672 4111 8 62,105,61,40,133,117,85,182
2729 6398 8 72,100,162,49,101
17751 45006 8 162,80,136,55,62
4868 20794 8 34,116,10,34,132,57
3219 3310 8 10,12,22,154,178,66
28155 20152 8 58,185,67,135,103,49,49
30917 43558 8 178,130
20011 31177 8 85,100,142,46,69,162,42,49
13259 15131 8 46,99,61,49,104
39365 32985 8 58,110,63,130,84,10,101
32819 12026 8 51,145,60,120,36,194,105,185
22314 39520 8 41,179,63
13239 35099 8 178,19
34383 18394 8 106,129,136,27
19966 39587 8 101,169,120,80,107,119
2733 9950 8 30,130,149,195,162
3921 44797 8 110,21,182,174,35,57,58,129
6564 23646 8 54,28,21
14513 7394 8 28,149,18,77,85,60
40418 8559 8 56,118,182,48,36,21,154,82
38407 43024 8 141,129,184,38,139,12,53
27903 27103 8 112,83,115
39253 5670 8 204,45,119,52,119,47,156
7052 20602 8 160,91,119,19,64
16051 35693 8 179,31,44,83,61,19
32738 23377 8 85,68,185,62,8,108,36
18189 8786 8 29,76,104,58,128,104,182
34859 626 8 49,24,169,67
32335 3269 8 108,56,129,46,21,29,104,62
3590 32324 8 211,40,49,162,56
35108 7358 8 184,40,62,169,32,110,62,48
30212 20304 8 83,25,110,61,7,91,36,16
23406 20708 8 45,14,65,133,113
29457 16303 8 120,104,181,49,84,156,35
45111 45636 8 10,23,62,52,177,7,148
22216 24599 8 184,169,104,17,100,69,58
2318 4103 8 101,37,25,41,36,57
38884 28414 8 82,78,22,119,50
25155 20482 8 58,37,128
25838 35966 8 119,62,182,104,103
44606 40268 8 63,14
6661 42158 8 64,10,58
3085 5060 8 149,113,106,101,85,130,22,60
5641 41087 8 21,20,33,103,58
16897 4812 8 61,116,21,132,101
41037 11061 8 160,59
43977 12178 8 46,60,40,129,120
10483 737 8 104,63,104,104,81,82
21601 39066 8 178,35,30,82,43,185,152,79
8897 34983 8 211,10
19542 21917 8 111,119
3049 422 8 48,179,170,179,81
40403 20462 8 49,169,40,194,119
39452 26230 8 120,130,136,48
45137 32664 8 115,141,19,74,115
29242 22035 8 118,61,181,43,167,22
16365 16395 8 83,140,185,80,104
17300 13826 8 130,80,114,22,104
13493 35508 8 129,156,27
24933 39766 8 90,60,83,73,37,20
7241 34136 8 21,145,65
19616 32658 8 28,160,136,76,129
19208 360 8 144,194,10,49,113,87,59
18698 4270 8 60,65,34
11211 6912 8 69,21,179,101,76
26277 38155 8 60,15
10089 31197 8 44,48,107,19
2261 3103 8 21,48,116,48,58,60,20,117
32227 36890 8 66,48
28262 34528 8 163,57,120,18,25,113,110
3215 33804 8 37,49,82,10,16
32366 34521 8 46,58,87,45,112,58
42133 35446 8 185,129
41397 32196 8 129,81,40,183,49,128
30784 20094 8 61,10,8,53
44309 1637 8 34,61,63,35,19
2283 29952 8 117,23,109,17,46,49
40393 18623 8 169,81,59,85,19,185,60
17205 18898 8 66,19,34,179,19,49,129
8893 24346 8 182,10,54,131,58,128,182,152
38480 14055 8 16,69,17,149,142,169,58,91
8217 37061 8 30,58,61,36,66,69,113,49
2477 24123 8 52,182,177,85,178,182,62,38
25033 12405 8 41,133,104,45,152,87,99,211
7463 23168 8 69,129
22896 21359 8 55,8
22495 6105 8 30,48,39,28,53
29427 2755 8 44,194,15,12,61,46
13913 36523 8 49,135,48,160,112,117,108
11887 44197 8 83,185,116,118,28,112
39832 29696 8 118,134,63,31,185
30224 15243 8 156,104,83,48,63,20,57
15441 8922 8 33,111,21,143
40398 7219 8 129,12,119,12,145
21997 35329 8 8,136,27
14538 39722 8 19,63,181,63,22
9194 15325 8 59,29,128
9576 33502 8 79,56,163,58,41,131,59
19525 43748 8 35,8,21,7,102,57
20898 5035 8 84,156,16,185,128,102,85,129
7277 5440 8 38,114,39,181,185,117,102
10778 42065 8 82,95,36,47,109,163,184,74
24237 9108 8 90,82,200
30825 26155 8 48,152
29334 4152 8 43,49
10182 45053 8 19,185,141,12,100
2728 40226 8 35,91,32,28,16,27,63,42
6424 6633 8 62,58,30,19
27437 24076 8 115,104,101,111,18,62,108
253 1028 8 46,169
14918 37272 8 181,43,29,111,184,118,144
33778 28394 8 21,103,177
16779 4817 8 104,210,119,182,54,58
4735 42996 8 104,91,177
39708 41211 8 37,87,113,17,83,37
38564 4541 8 52,49,182,48,115,22,82,131
28344 16060 8 40,18,105,45
22456 21108 8 50,81,91,144
37406 29962 8 56,68,7
25755 17969 8 91,50,53
30499 41918 8 9,83,146,132,106,54,83,119
9412 4248 8 50,141,113,43,65,101,17,62
25374 20760 8 102,126,64,102
27120 11317 8 21,130,33,185,163
40756 12807 8 45,112,119,17,14,48,17,30
11693 8842 8 57,146,90,15,23,129
43191 18592 8 19,47,27,62,19,9
9648 10106 8 141,84,211
35862 22390 8 25,40,43,83
36438 6787 8 8,119,66,39,21,18,57
33858 10957 8 15,108,114,107,57,182,57,47
19950 37975 8 49,34,37,16
30714 23717 8 30,53,169,104,52,136,17,17
35513 31219 8 19,61,69,127,19,60,18
15191 42333 8 19,110,59,107,14
41687 33954 8 18,19
34277 42246 8 57,116,43,83,41,20,143
2931 499 8 152,117,69
19469 15782 8 41,142,156,45,73,59,48,102
32789 24841 8 85,41,129,69
17019 37894 8 57,150,63,49,46,104
205 37363 8 84,68,114
36785 1430 8 63,8,19,111,194,53
42836 15318 8 31,105,162,194,6,16
44726 18369 8 28,19,34,158,136,20
4810 42228 8 12,56,143,54,83,39
34898 30888 8 10,60,113,39,54,194,84,85
6802 13468 8 132,53,27,39,116,18
39900 38858 8 185,30,211,49,61
8602 21173 8 10,131,61,47
39478 21745 8 12,144
33476 26347 8 84,87,137,51,24
21756 1518 8 60,48,46,169,59,102
4101 2737 8 21,35
25628 10520 8 28,145,40,120,109,59
17571 45729 8 130,136,91
21058 152 8 103,43
13979 23619 8 65,162,35,104,47,21,28,108
26474 39754 8 64,39,91,118,24,9,49,51
41394 11700 8 104,113,35,62,20,29,142,182
3859 36910 8 83,44,85,61
5769 101 8 49,118,35,51,18,85,68,104
10518 19561 8 83,129
23091 12111 8 105,60,60,129,69,183,104,46
23945 40453 8 89,46
31829 13298 8 129,27
8709 4879 8 10,103,146,87,104,16
32746 1022 8 56,67,12,45,10,109
4135 20040 8 145,75,152,19,129,110
35131 38273 8 110,41
15119 28676 8 85,83,119,130,96,40
41448 31548 8 53,118,62,104,184,103,39,83
39410 29596 8 35,47,29,111,183
33592 36312 8 39,19
33886 19019 8 17,60,156,9,103,59,28
38426 44642 8 62,84,41
37556 12344 8 59,156,136,116
11138 4960 8 68,130,119,142,159,15,51,21
9089 29433 8 105,59,119
30642 21845 8 50,41,96,90
1807 25162 8 9,10,126,29,54,31,68,37
14901 10915 8 18,58,51,178,25,36,32,131
18181 29614 8 49,62
1760 13374 8 91,67,18,136
5713 16893 8 106,104,10,65,104,59,61
9599 532 8 19,102,69,34,56
22030 3433 8 177,113,160,56,53,83
19829 31528 8 35,58,108,103,119
19836 34774 8 39,129,20,63,49
24057 43661 8 102,38,90,33,64
36950 3627 8 40,28,61,10
40936 2332 8 201,201,18,31,59,119,67
14636 29135 8 130,182,81,129
23412 14508 8 106,20,43,185,44,26,36,130
385 41632 8 106,85,65,49,143,30,130,19
45056 14578 8 20,22
14854 42531 8 157,58,85
20304 16760 8 105,87,41,135,129
903 42077 8 204,37,68,136,120,12
22970 42858 8 20,22,109
16104 4088 8 35,30,15,26,185,114
38892 44160 8 52,27,20,39,18,66,49,60
4679 15151 8 145,211,103
30053 24354 8 78,17,29
36512 12623 8 105,129,169,28,118
12862 9140 8 105,59,120,82
35240 17305 8 49,21
20389 9323 8 179,59,69
42186 9632 8 185,29,120,127,41
15756 20191 8 18,19
44817 10805 8 29,185,185,28,184
32533 34744 8 23,42,83
12149 4618 8 51,84,85,12,41,119,25
14986 28158 8 104,37,114,52,82,48,25
29334 10398 8 135,48,160,66,48,62,34,57
44686 18072 8 116,182,34,185,139,64
6451 37934 8 84,102,112,81,194,80,101
15322 14449 8 23,19,62,113
33411 5266 8 83,38,48,128,21,58,29
41775 39535 8 118,55,160
3336 30977 8 96,69,100,40,34,65
1387 7162 8 29,110,83,15,158,21,76
9539 11809 8 182,8,112,51,47,25,53,83
27843 30865 8 61,110,57,19,60,81
13741 953 8 54,58,12,149,51,117
16027 9303 8 22,103,83,49,49,110,183,116
2591 8168 8 142,111
27594 9703 8 163,102,22,179,84,19,68,19
42573 37940 8 100,102,116,149
17271 3375 8 49,143,51,103,8,63,132,185
3919 34112 8 169,32,57,104,30,98,18,55
9336 41989 8 156,104,143,184,65,142,195,10
36536 31167 8 25,37,185,54,19
1403 19326 8 183,120,87
32461 9012 8 91,63,183,34,17,80
45203 41776 8 115,154,64,30
43855 15708 8 62,142,62,132,111,182,169,103
2899 5682 8 57,129,120,106,142,136,149
16818 32305 8 110,101
20166 22987 8 58,14,12,85
42463 7475 8 131,113,51,144,67,47,102,91
43001 22987 8 23,194,115,181,177,163
9783 18160 8 83,194,185,60,119,152,106
4949 12166 8 133,149,27,62,41,87,9
34695 12943 8 83,119,156,30,87
31665 35760 8 62,7,64
11283 1849 8 115,114,32
36550 20546 8 104,25
18847 31449 8 42,65
15713 44233 8 19,113,49,136
24485 41811 8 83,129,28,128,35,120
8748 26232 8 51,114,84,35,177
29663 28553 8 131,130
32061 26540 8 112,67,58,178,65,116,59,94
18767 1891 8 104,60
26335 38211 8 49,104
27220 37622 8 51,146,29
26871 38693 8 108,105
760 38983 8 111,179,56,104,57
23593 40022 8 163,63
28909 3958 8 66,56,184,57,43
19637 7137 8 185,133
39897 9842 8 118,110,194
22708 35732 8 18,104,115,51
14482 31110 8 62,129,80,185
17904 2004 8 21,53,14,35,185,129,25
36957 37664 8 49,128,12,160,82,133,62,48
21870 31802 8 46,49,29
9315 41719 8 65,18,12,117,65,49,22,21
12211 42377 8 41,79,118,38,51
41272 32462 8 91,119,108
35715 34269 8 29,22,41,46,29
33381 32851 8 77,61,83,20,119,80
22788 43746 8 118,145,83,100,82,22
1358 44108 8 120,143,135,81,83,115
15562 40252 8 24,63,144,91,103,83
9828 43901 8 149,165
28568 44898 8 85,58,142,109,115,81,44
25054 18601 8 62,45,58,23,142,66,32,113
42905 43979 8 38,69,144,106,25,66,58
38602 8847 8 21,54,152,45
42071 21254 8 129,15,48
5546 2517 8 18,60,36,129,85,118,59
41585 28333 8 53,10,68,53,105,17,50,9
22742 34642 8 104,146,65,64,49,48,115
44207 34016 8 106,112,37,61,10,22,120,37
21270 41747 8 149,48,129,130,65
18913 18172 8 194,58,118,144,48,146
8974 41293 8 84,108
20076 13301 8 113,53,117
41828 38876 8 16,185,69,156,52,25,51
2406 4343 8 47,25,131,169
12232 9570 8 47,111,20,26,46,49,113,178
15801 42883 8 194,8,61,82,50
24012 8834 8 65,32,53,9,42,157
14755 34149 8 62,22,20,101,21,146,155,49
21229 22427 8 116,110,24,116,130,21
25065 33165 8 6,21,60,36,33
28376 1966 8 185,49,33,20,112
5481 12544 8 108,83,99,114,43
4933 19970 8 6,67,113,8
4586 5762 8 100,30
23249 38405 8 152,177,32,62,16,49
11124 6962 8 66,46,15,67,178,53
2716 4032 8 185,47,33,18,104,54,185,49
34740 23428 8 26,63,185,21,39
851 9091 8 169,149,163,31,120
19580 27598 8 40,20,130,7,18
31152 30466 8 100,77,42,185,19
11505 17974 8 109,104,17,42,117
40279 4238 8 49,63
45075 41223 8 108,27,101,34,120,85
41196 19022 8 7,60,62,17,29,58,37
25382 44495 8 63,84,29,46,118,48,21,44
23184 36293 8 67,110,85
38276 44365 8 14,43,182,132,85,182
30692 9894 8 102,129,50,21
40272 43625 8 104,65,56,65,69
30622 10843 8 10,91,10,46
28470 10210 8 33,67,22,106,64,177
51 37549 8 69,156,119,28,211,120
28342 5585 8 37,18,21,77,209,54,28
22378 41546 8 136,59,169,92,103,28
24889 35714 8 47,33,58,25,21,44
5664 15577 8 12,82,133,21,59
23862 22074 8 78,101,106,57,27,81,62
16355 26192 8 116,132,46,15,28
12574 16731 8 182,136,113,131,49,156
30868 27531 8 19,141,25,82
25638 15163 8 57,49,44
31505 12267 8 83,178
13076 33166 8 45,21,87,63
44577 29799 8 185,57,84,102,104,179,59
10106 37854 8 104,52,146,57,185,36,114
43098 21069 8 101,67,37,107,26,104,58,113
4033 21127 8 141,83,108,144,103,145,12
32384 33204 8 83,39,21,44,179,104
45648 12236 8 16,37,48,118,45,179,59
23804 45084 8 133,48,184,52,107,37
15280 14578 8 38,82
22616 34655 8 49,53,185,182,163,10,91
22368 8295 8 116,28,61,21,25,115,50,61
17521 39130 8 62,120,14
24260 23926 8 83,68,104,104,120,130,65
7504 18692 8 33,27,23,179,22,49,135
17074 4367 8 23,119,109,84,132,66,47,109
6502 33319 8 128,19
34427 7709 8 118,61,14,111,185,75,62
1300 25331 8 9,82
19942 39265 8 61,24,119
20243 33105 8 65,69,41,105,117,119
28375 39202 8 65,83,179,16,194,63,47,32
26702 43733 8 104,65
22080 10472 8 162,57,43,10,185,10
31874 17533 8 19,131,21,50,55,83,18,21
35888 18901 8 184,136,118,91,47
12316 43829 8 194,31,60,61,97
735 25951 8 57,143,195,66,85,110,97
17473 22864 8 60,59,81,140,18,152
39032 38968 8 63,69,35,81,102,49
10349 16032 8 51,34,40,30,119,87,21
19302 36569 8 135,21,109,108,69
146 30013 8 179,135,178,179,10,179,108
6870 11656 8 46,29,21,49,33,129
32599 37143 8 156,53,62,132,78
26958 33354 8 128,46,56,53,96,141
30385 16634 8 53,178,132,134,28,47,60
34608 1986 8 10,106
6290 5505 8 18,62,42,143,183,34
15900 10007 8 47,63,181,52,60,24,49
2689 9002 8 132,21,12,78
33623 43719 8 25,56
1405 25377 8 136,119,24,119,163,160,7
29871 13832 8 69,81,60
24959 32852 8 109,134,146,45,84
19796 30233 8 67,160,26,119,20,67,185,18
21753 20692 8 192,91,91
17399 34582 8 19,81
16536 4434 8 38,104,37,53
18714 38084 8 62,48
30113 11609 8 32,165,38,45,109,146,44,58
19069 30601 8 113,24,58,18,102
16882 8132 8 58,34,136,91,91,64
43138 22420 8 61,40,20,10,52
13194 35061 8 50,58,120,156,58,63,63,21
42370 21205 8 36,91,107,136,65,194,20,53
4598 42781 8 132,18,41,19
1149 11619 8 49,111,114,77,69,102
13612 39462 8 30,63
43544 27152 8 177,9,143,10,110,113
19164 1117 8 104,143,48,109,63,69
12889 16056 8 17,80,71,37
16588 18484 8 155,69,58,177,56
6661 11804 8 184,56,184,63,38,14,33,194
35680 28647 8 58,79,120,58
36883 1198 8 119,58
17283 20557 8 17,185,179
37339 17808 8 144,133,185,28,48,20,58
34770 29130 8 56,103,28,18,57
9835 23929 8 61,94,48,69,83,104,34
13073 10454 8 85,129,65,81,83,81,40,64
20358 3758 8 114,30,106,49,6
42635 38786 8 85,109,82,61,30
28274 25676 8 162,101
19174 37528 8 20,118
27134 3993 8 178,178,28,101
10145 38445 8 53,55,63
642 21954 8 130,45,35,135,130,18,8
30605 15470 8 130,119,61,21,29,149
20982 35524 8 114,48,21,65,161,158
37958 7334 8 15,52,46
171 41111 8 18,184
29608 21079 8 58,61,135,18,130,63,65
43499 33815 8 81,156
34602 413 8 133,102,84,129,36,83
34598 40634 8 57,68,63,91,59,184,177
7249 32462 8 40,120,133,62,68,58,23,83
10872 6455 8 23,142,136,48,185,91,51,50
6810 14283 8 67,49,116
22634 43659 8 106,63,45,28,68
27557 13697 8 68,128,96,106,35,29,194
26442 16901 8 183,87,132,129,49,114
31242 8782 8 36,21,179,91,22,57,117
12019 1305 8 39,81,149,16,110,49,55
5959 2168 8 47,163
30561 38918 8 61,19,62,129,130,63,10,141
9964 4210 8 89,129,25,44,118,61,145
36863 11065 8 115,146
16285 31442 8 23,91,21,48,58,10
11322 43677 8 66,64
35135 42252 8 29,120,106,129,24
28663 14886 8 114,83
34007 10469 8 128,18,103,40,66
39641 17770 8 119,52
1893 10185 8 185,27,21,116,14
18200 18331 8 62,83,128,145
37567 1786 8 84,18,44,83,25
19070 32089 8 143,63
25897 24563 8 90,48,21
10724 7387 8 65,45,81,49
18741 39091 8 50,119,119
26211 38932 8 39,185,200,63,85
42191 4446 8 177,145,144,113,26,63,85
4009 10730 8 39,48,69,79,129,37
41774 42540 8 162,65,104
45149 39057 8 184,132,62
8133 1079 8 146,79,91,185,142,14
27256 42719 8 185,200,185,33,140
24617 44043 8 56,14,149,58,65,48,58
41466 28108 8 142,63,120,21
31303 11477 8 132,115
38802 5923 8 82,27,9
34567 12724 8 85,49,183,138
9734 37272 8 85,185,69,103,118,58,169
32425 10206 8 83,163
39774 21743 8 53,118
7952 26549 8 49,41,30,179,96,162,142,36
16748 40636 8 211,16,35
27674 5001 8 156,46,23,117,79,8,160,43
1568 2355 8 37,85,83,144,14,47,22
42593 43684 8 48,111,45,17
10275 30417 8 19,60
34613 19396 8 146,67,8,115,152,101
15444 27487 8 20,81,39,90
19398 32519 8 204,119,129,143,46,119,10
41810 33985 8 50,131,10,56
9400 11868 8 84,22,104
30410 34532 8 12,49,61,162,129,28
32721 3378 8 178,194,22,117,61,20
36040 30838 8 15,7,92
280 27933 8 21,57
9095 6923 8 49,163,169,22,36,185
31526 27184 8 184,51,17,79,162,83,57
25441 4640 8 57,109,69,104
37329 7311 8 136,52,15,134
3583 32539 8 10,114
5923 36519 8 79,179,24,18
32024 42865 8 8,17,21,184
36552 11929 8 41,69,151,27,53
37813 27212 8 222,48,45,129
44039 62 8 48,85
44039 21764 8 160,71,109,59,45,20
6774 20684 8 185,156,183,63,120,136,92,45
18687 43970 8 42,83,26
21116 22823 8 16,50,96,83,47,84
30578 21214 8 8,56,67,185,104
6930 12381 8 14,49,64,83,63,117,24
32720 2998 8 19,48,60,47,26,182,53
12440 12834 8 156,25,61,67,154,102,135
33451 19811 8 64,48,185,78,115,43
6938 12554 8 19,130,66
40415 45183 8 51,48,165
30393 38980 8 8,36,103
15151 26191 8 68,19,179,152,48
6201 39155 8 28,43
24296 17043 8 68,61,130,109,105,22
41369 20115 8 44,61,17,174,156,73,32,21
6358 33948 8 8,53,7,37,118,183
13188 19960 8 57,28,47,35,47,169,166
25465 44415 8 99,102,179,129,8,79
8139 14479 8 48,29,29,87,101,16,16
44565 4661 8 211,161,103,82
115 24077 8 110,104,181
3642 22882 8 58,104,85,194,81
28875 35282 8 18,136,83
17451 5433 8 105,83,18,166,23,63,41
43908 1323 8 194,185,120,67,136
23216 27428 8 28,162,30
30168 532 8 48,81,102,57,181,129,21,194
31812 6268 8 114,102,96,194,63,30
25294 24464 8 67,16,48,84,102,19
2874 3993 8 136,62,49,65
29831 26778 8 59,99,20,60
23989 13074 8 79,67,110,17
37441 27296 8 114,178
9152 35651 8 58,61
15189 5247 8 119,139,67
4892 40939 8 91,47,103,109,64,47
15447 5051 8 69,62,103,63,118,44
24823 36282 8 119,152,48,19,49
36235 16428 8 129,133,129,58,43,119
27095 15119 8 210,106,60
7895 23030 8 8,66,33
14353 3570 8 119,50
10040 33299 8 43,48,61,60,103,35
9009 5461 8 9,129,143,177,179,104,35
40240 19337 8 19,133,113,61,139,47,131,169
5992 7164 8 30,53,47
22685 2728 8 20,60,128,37,81,57
37939 15980 8 34,101,19,101,50,83,119,104
9024 30153 8 105,35,96,136,43
9088 12144 8 129,68,8,177,183,40
27641 1108 8 60,36,12,47,113,104,76,163
30091 9441 8 103,104,129,85,51,152
30363 3197 8 83,37,211,155,9,49,24
42727 10307 8 12,57,48
33003 35075 8 137,104
12798 41839 8 130,130,55,34
8763 40403 8 114,37,75,40,169
31109 2943 8 14,185,62
7283 35390 8 16,49,67
33146 3203 8 68,83,33,136
10211 36192 8 59,105,84,38,65,18,133,61
30669 8020 8 129,58,53,149,195
12256 28769 8 27,104,83,40,151,9,211,114
31533 19999 8 81,81,20,98,179
15217 41792 8 58,20,87,22,14,51,61,25
28784 966 8 67,185,105,39,19,61
1947 32807 8 15,63,135,37,12,83
22574 28572 8 162,49,160
30768 27911 8 10,44,52,103,63,130,18
38444 16230 8 58,132,26,9,49,59
15865 8436 8 24,53,185,83,100
22812 4466 8 40,104,26,60,184,44,90,138
33757 33744 8 20,10,185,57,19,158,63,178
34297 42462 8 7,18,102,54,60
13412 27720 8 10,15,60,49
37021 44147 8 8,56,183,22,142,62,104,23
33087 14919 8 40,162,14,81,62
874 24246 8 58,103,118,203,144,22,17,9
14514 43678 8 45,33,163,104,110,119,119,60
33071 14632 8 10,162,185,66
35736 34178 8 177,59,20,67,114,36,95,162
42721 19347 8 81,103,53,18,184
43397 2922 8 111,185
4509 31340 8 54,27,75,178,37,42
39980 16941 8 105,128,63,29,31
27196 22878 8 49,136,16,112
3948 33080 8 83,85,20,37,82,101,45,67
10876 34174 8 52,65,113,36,33
19114 34672 8 149,107
2261 42190 8 136,112,36,58
14088 11459 8 143,82,102,59,140,103,19,81
17437 40039 8 58,156,83,44,78,65,185,16
33706 9408 8 58,19,81
32460 16049 8 136,108,10,25,31
26699 33034 8 119,18,179,21
12028 6224 8 156,156
7493 35363 8 29,20
5065 10916 8 40,102,10,68
35197 2589 8 118,20,16,46,62,169,104,184
3836 42109 8 182,32,27,19
16339 8037 8 27,62,58,143,136
39655 42075 8 204,25,84,16,50,139,110
1417 25478 8 131,58,56,117,79
43534 20727 8 63,61,104,194,22,60,55
28706 45081 8 145,151,43,44,20,96,41,67
5948 36239 8 84,62,131,129,21
40775 3246 8 126,114,110,119
15511 37170 8 29,156
16342 15465 8 115,49,43,76,101,53
14301 41467 8 12,21,64,59,129,16,81
30502 7723 8 10,102,7,103,62,21,127,42
19401 3349 8 129,28,128,82,48
28709 31286 8 185,48
39229 45579 8 109,83,16,115,20
42504 8580 8 21,52,67,134,12,163,169
32062 24611 8 169,113,118,115
44532 45243 8 87,47
18988 41693 8 15,21,34,116
17134 7738 8 118,104,102,45,85
40897 21727 8 68,37,131
42061 12977 8 169,49,140,66,163,58,44
30511 37499 8 143,103,132,54,10,103
2790 32684 8 36,185
33308 19348 8 48,21,22,83,132
12799 12333 8 108,102,140,105,105
14590 45466 8 110,105,130,182,58
41751 2373 8 191,64,42
14837 7115 8 154,43,117,58
39420 39909 8 131,102,48,48
8018 22875 8 82,104,60,144,91,48
27087 14053 8 163,59
10741 23759 8 184,15,35
31624 1639 8 185,82,33
1963 29624 8 27,114,52,65,120,45,118,104
15917 35472 8 22,110
2932 32912 8 118,169,57,143,36,37,109
42745 7944 8 53,145,60,120
10235 233 8 116,110,26
34635 7357 8 95,30,90,12,48,36
28919 41907 8 39,7,184,129,58,120,30
39850 32575 8 45,163,194,201,136,66,104
41925 18726 8 92,119,8
19454 35501 8 53,49,22
21624 20302 8 181,185,7,117,102,53
22100 14077 8 119,30,10,64,64
43588 18591 8 34,28,39,141,61,184
32955 39030 8 103,55
25545 24059 8 117,30,163,21
208 694 8 27,141
40127 12169 8 49,184,104,130,43
21131 10646 8 185,65
37107 3165 8 69,10,66,62,35,83
29969 43566 8 46,184,57,30,129
29803 4862 8 10,10
14619 41390 8 64,20,48,83,184,46,81,51
13933 33707 8 42,154,130,22,49,83,115,120
6086 37067 8 129,62,100
3326 43922 8 33,53,15,60
7570 26939 8 35,48,119,96,22,56,194,104
12199 1859 8 138,49
32626 39876 8 169,144
25950 22968 8 59,10
40727 13066 8 119,58,84,195,18,117,28,114
9299 6555 8 84,82
7602 10069 8 136,36,58,18,107,49,53,138
25388 18923 8 20,60,81,21,9,98,133
41162 21526 8 23,34,23,216,209,21
25827 15814 8 60,114
39324 27218 8 104,53,159
12801 19902 8 132,184
11103 31091 8 29,42,41,105,16,10
4991 34453 8 44,126,49,85,53,56
34273 25065 8 130,23
25134 44045 8 102,19,119,101,169
13630 44345 8 42,108
43251 41748 8 104,38,47,42
12740 12812 8 47,119
40252 30467 8 35,146,113,21,157,130,19
1172 43923 8 66,132,66,185,216,18
18405 30585 8 129,154,149
2990 14068 8 185,100
6045 15787 8 115,23,109,194
35683 21903 8 91,105,83,108,184,91
7893 41796 8 134,85,108,169,179,7
8782 27831 8 68,10,118,38,21,29
25127 8489 8 83,179,204,82,83,53,14,146
37581 30342 8 63,136,19,96,41,18,185
17151 5888 8 103,28,143,17,53,20,67,136
26302 23168 8 141,24,67,181,33,140
10068 39236 8 81,211,151,103,15,65,44
14670 41937 8 15,54
44344 28174 8 185,52,12,83,128,26,184
20025 21835 8 52,34,163,61,177
1769 41734 8 28,62,56
16637 31698 8 60,132,85,108,17
13124 36920 8 49,46,53,132,178,101,40,128
6032 34516 8 17,34,63,102,82,65,69
43681 26573 8 182,21,142,15,10,49,183,111
20608 6610 8 93,107,83
7647 19290 8 39,136,133,23,109,53,34
42355 43070 8 65,140,7,38
38428 30663 8 83,114,160,30,102,18,59,114
17080 31274 8 23,46,159,51,178,50
9081 41153 8 132,169,18,181,19,129,42
16495 9441 8 44,151,7,114
20371 10955 8 100,64,184,133,37,51,111,49
26313 8038 8 49,91,53,61
21477 10636 8 129,185,94,47,30
16708 32877 8 204,56,58,34,33,145,146
214 20028 8 39,65,32,57,118,65
18367 12205 8 28,129,41,23,19,185,141,18
2747 42863 8 103,114
3841 39460 8 38,163,28,111,53
33387 31809 8 16,18,130,10,37
34691 25139 8 15,119,69,15
37971 30615 8 28,194,139,85,81,194,38
13451 42251 8 22,60
7833 25209 8 45,19,17,65,49,7,48
1339 21010 8 46,120,120,105,62,59,96
6665 25455 8 21,117,85,93
12185 31106 8 110,36
43183 13572 8 41,41,116,18,113,54,85
43553 6547 8 63,163,30
32576 30842 8 57,65,7,16,27
15652 29237 8 101,107,18,53,117,10,54,21
41742 15160 8 35,44,50,63,10,131,16,82
10524 9135 8 133,169,81,109
40573 36510 8 20,132,129,62,218,66
45433 45671 8 163,59,157,64,10,40,46,83
9183 40168 8 163,64,50
24231 41351 8 10,101,185,21,144,169,129,119
30099 29158 8 9,22,141,204
34213 27040 8 33,33,26
36131 10579 8 35,61,25,54,128,61
14742 13126 8 21,56,10,60,23,40,87
16633 23871 8 10,53,84,9,16,9
43149 18403 8 49,49,10,49,51,181,58,9
15755 6198 8 191,38,65,31,53,69,41,149
1859 33729 8 95,177,81,118,85,41
41231 32243 8 66,145
26725 33620 8 146,60,16,116
17846 4237 8 185,54,101,15,128
19409 38201 8 108,169,45,181,194,25
29374 31496 8 108,108,21,42,194,185
29258 26378 8 58,185,54,104
42984 28888 8 102,20,28,48
24801 24015 8 54,107,17,59,112
23701 37060 8 146,134,185,84
414 8233 8 140,163,63,103,62,162
40271 29883 8 104,194,64,104,102
26497 16196 8 112,178,135,133,152,120,83
24793 45643 8 65,185,67,61,53,20,8,40
31583 37569 8 18,106
30253 27230 8 18,10,59,51,84,58
40508 26984 8 136,128,163,31,110,60
25089 44314 8 184,120,45
23152 34967 8 179,177,58,58,45,18
25242 2873 8 185,22
32847 1054 8 119,114,126,19,85,40,35,26
39706 11905 8 102,111,18
41506 17342 8 184,163,184,60
17373 18901 8 119,113,82,101,57,119
34597 33531 8 82,55,83
37563 37011 8 129,110
43590 28249 8 33,76,163,10,145,182
33220 23678 8 54,25,65
25238 13208 8 53,20,130,19,117,10
32306 30074 8 85,65,30,103,163,83,65
33662 19296 8 17,58,178,58,104,63,119
45652 12576 8 85,69,36,39,96,41,56,65
33028 29666 8 141,19,53,102
10258 26413 8 136,31,52,83
8576 15207 8 24,18,80,20
25594 3788 8 105,10,101,87,68,14,102
42742 32897 8 129,47
20456 36306 8 111,129,9,162,51,132
27491 5476 8 21,58,53,82,93
19013 36548 8 49,145,20
7365 5677 8 20,23,52,104,51,140,117,39
7404 35259 8 36,20,120
6097 29904 8 26,67,84,32,142,53,10,112
1769 3879 8 116,61
43299 20150 8 14,49,117,18,29,111,20
3329 26241 8 82,19,105,49,27,83
23407 26178 8 48,55,53
3187 17363 8 130,59,169,25
23655 12320 8 40,49,35,52,58,85
2422 1593 8 114,109,28,49,69,58,133,130
42707 30123 8 46,63
1917 24386 8 142,12,49
21778 23444 8 140,100,12
17152 9935 8 17,101
39679 16821 8 102,39
7650 28945 8 24,49,118,193,28,103,23
25801 36683 8 58,104,120,53,139,132
9033 30342 8 33,185,16
21112 20412 8 69,145,66,53,105,47
12841 42774 8 63,34,169,120,113,146
33120 8256 8 59,41,149,60,138
13878 26189 8 119,8,49,179,58,61,138,29
4224 3226 8 21,132,10,14,129,46
28596 39966 8 25,119,46
42617 27490 8 106,30,129,37,87,118
23971 30193 8 27,23,185,20,184,63,181,19
7534 13681 8 10,21,60,39,18,60
42026 32897 8 63,67,61,15
36421 2963 8 47,169,55
21777 42436 8 149,54,68
14570 13361 8 163,169,20,65
27696 6873 8 69,41,24,84
32492 29397 8 17,110
42037 12391 8 36,37
35710 22370 8 115,185,129,45,185,57,67
2197 28362 8 59,8,16,104,37
15531 9356 8 101,25,32,143,138,19
31238 26253 8 77,104,35,129,35,163,65,146
9726 13075 8 184,48,182,24,136,18
8467 42372 8 130,66
4331 41566 8 19,142
38193 5715 8 83,22,119,211,10,62
40800 26922 8 49,136,185,28,104
33441 19450 8 85,37
1314 41079 8 85,19,119,81
5554 34169 8 51,41,105,81,66,156
36178 9615 8 65,104,103,140,156
8707 38145 8 137,107,61,9,20,32,49,63
41540 21172 8 116,119,36,146,62,63,63,194
14238 7574 8 83,19,47,10,103,50,65,82
13832 41200 8 42,60,20,112,49
36349 39347 8 34,129,61,69,181
16596 23763 8 38,44
6670 43192 8 141,80,60,79,39,136,21
21773 9264 8 69,17,152,184,49,61,165,194
38563 14856 8 40,20,44,194
29928 30797 8 83,45,48,39,85
37566 43457 8 14,130,12,22,200,20,58,104
7320 21389 8 101,20,66,143,65,25,21,83
27953 23489 8 185,38,129,67
17740 20885 8 55,129,50,28,53,117
16988 14743 8 181,78
35385 35611 8 36,132,30,136
28186 39716 8 54,108,182,143,17
39837 20049 8 12,55,183,149,103
14486 33176 8 120,131
4680 42377 8 21,71,135,91,34
8017 40013 8 20,55,63
4250 29390 8 182,61,135,53,91,110,18
28149 17142 8 111,115,60,99,12,15,83,22
32806 38235 8 23,46,185,25,62,59,18,85
6621 20117 8 84,20,48,19,48,85
15705 41004 8 87,185,136,19,106
2952 9162 8 14,151
43007 10907 8 23,35,105,14,84,136
2885 27528 8 120,105,44,109
36666 37222 8 49,19,50,62,109,65,129,142
9577 10976 8 119,49,10,10,148
44779 8982 8 16,87,130,118,48,151,151,113
32171 28985 8 105,43,20,178,33,194,39
31042 20860 8 143,69,61
2150 404 8 149,30,108
39913 12743 8 46,63,21,48,47,12,144
44710 17925 8 87,112,102,129,159,59,162
14379 17781 8 50,19,114,114,105,185
69 37744 8 119,84,129
17077 35354 8 50,120,177,63,83,120,130
2044 22897 8 107,177,101,104,17,200,30
22717 17297 8 67,57
25353 8331 8 120,34,27
36182 20667 8 28,61,156,184,143,58,182,194
23809 7874 8 80,18,68,61
25357 19505 8 51,51
44889 7343 8 36,146,185,60,80
45500 43613 8 62,169,12,35,119,9
329 5398 8 34,145,118,69,81
108 29922 8 21,103
5657 28733 8 63,194,40,134,16
44658 32022 8 38,56,102,48,19,116
25606 9305 8 119,169
35986 27241 8 27,47,113,191,84,119,12,185
35552 2702 8 103,26,83,111
28340 11259 8 160,15,104,20,53,62,120,58
45580 28899 8 62,64,40,91
45352 41296 8 145,30,87,54,132,169,57
18124 23952 8 15,84
29945 36197 8 49,65
10898 21937 8 82,52,48,20,130,51
10125 1411 8 68,39,53,9,49,17,21
26791 1256 8 69,46,163,49,82,28,184
20854 8939 8 37,101,10,39,162,32
8659 27863 8 46,118
24462 5851 8 194,27,19,10,9
35983 39857 8 133,47,162,103,23,7
32922 37285 8 47,53
23641 15077 8 61,156,40
2944 42940 8 18,48,49,63,67,21
3917 36788 8 119,67,58
26375 35084 8 36,29,69
9511 20377 8 35,143,129,48,119,24,181
31816 24568 8 21,62,20,152,40,184
37726 32241 8 26,120,143,184,22,131
1828 41105 8 119,84,16
26036 37753 8 113,118,144,131
13495 42652 8 68,133,105,109,65,104,60
42638 5673 8 16,19,63,33,28,91,106,179
20336 30936 8 9,116,63,79,116,28
19530 998 8 48,63,59,181
18719 6447 8 143,25,63,119,109
25855 18660 8 100,82,184
19471 31474 8 14,102,101,46
43900 20018 8 12,63,63,64,104,130,63
1662 35879 8 20,104
25135 14791 8 179,108,130,67,23,64,129,49
2437 39053 8 60,149,50,53,119,64
19962 28417 8 114,14,145,66,69
31489 38431 8 51,65,20,66,62,156,61,83
10308 8013 8 36,132,156,60,30,106,80
119 15060 8 185,156,85,37,49,61,46
41261 37135 8 41,135,62,110,40
15121 4048 8 63,53
14186 13044 8 129,22,79
3287 28605 8 53,68,126
38577 27396 8 50,134,41,82,28
14667 43479 8 102,103,28
5470 7423 8 119,39,49
37974 15449 8 113,15,130,49,34
30193 30131 8 184,85,146,119
36344 26123 8 183,23,141,156,185,129,35,64
21233 3601 8 24,51,85
5272 17438 8 64,41,117,143,102,184
21298 35477 8 14,133,66,134,178,60,32
31709 18479 8 7,113,19,59,18,169,60
38885 35438 8 144,199,25,177,156,78,22,24
7030 26662 8 184,60,128,54,19,108,93
44170 13090 8 45,25,130
28867 42251 8 16,57,62,39,14,48
42418 25674 8 29,9,23
37434 36485 8 18,10,120
35644 22253 8 77,118,21,130,83
5763 9017 8 31,37,63
26938 39164 8 81,16,30,119,51
41763 29165 8 16,113,102,48,53,178,10
21556 12756 8 194,144,10
25128 39429 8 162,35,36
18335 15966 8 35,54,128,118,128,131
14198 43160 8 20,87,19,19,49,20
1932 42213 8 15,156,118,58,56,83
24331 15964 8 10,129,98,169,53,83,29,18
21294 39294 8 49,128,63,63,100,118,61
41629 43605 8 146,9,60,29,46,112,18,134
39485 34590 8 53,39,26,146,111,35,87,65
41730 41763 8 61,65,67,65,66,38
33138 14460 8 16,112,8,68,59,27,21
24122 28144 8 18,102,119,134,103,54,184,114
2805 6761 8 35,21,81,145,105
39588 1952 8 144,83,52,156,120,132
24309 29075 8 38,62,157,101
37522 19074 8 85,129,64,194
2984 41795 8 129,64
39250 3892 8 51,185,136
18575 28086 8 81,21,35,129,184,33
31415 4160 8 136,55,105,43,162
10794 7727 8 109,81,92,129,18
27832 44955 8 119,48,10,109,46,17,113
26483 36665 8 146,194,180
4989 10419 8 21,80,120,61,69,112,34,156
40717 512 8 43,12,15,143,129,146
6358 7130 8 117,30,21,54,169,178
41911 23505 8 37,19,46,53,118,20
33192 28284 8 22,105,41,119
14604 9536 8 51,85,111,34,53,40,7
12136 25428 8 23,117,10,153,65
8355 27969 8 149,57,20,52,185,53,160
32378 12358 8 83,43,163,36
40029 39303 8 20,21,162,182,103,83,19
44547 42766 8 19,38,84,83
37734 2257 8 133,160,69,103,83,24
26283 44544 8 10,7,14,30,113,211
6811 37779 8 62,25,119,129
10120 34856 8 10,85,194,160,21
11375 39508 8 22,67,182,133,129,105,182,56
37366 16750 8 183,50
10804 4955 8 114,114,67
2164 45081 8 41,87,118,58
45523 37701 8 33,26,34,91,42,40,54
35006 23755 8 20,25,49
14106 32724 8 20,185,23
11260 40489 8 87,49,12,85
30216 16340 8 60,96
32116 19912 8 87,130
25988 36560 8 78,140
4993 32169 8 111,65,62,85,110,24,91
36720 26331 8 14,104
44177 20 8 32,118,18
12273 36041 8 58,45
12958 7021 8 30,104,84,20
28370 17585 8 195,53,111,103,81,80,63,14
38902 30649 8 49,63,83,36,52,20,64,59
45535 39587 8 30,185,58,140,141,62
40689 4376 8 67,55,181,83,39,103,20,87
18747 244 8 81,63,14,52,50,58,85
13522 34494 8 51,58,20,41,49,63,140,104
44319 34602 8 19,82,185,37,60
4822 19616 8 22,20,12,106,146
2519 20296 8 109,135,84
41809 9360 8 66,31,139,91,10,29,27,130
5839 18337 8 118,59,23,22,15,67,84
3031 43758 8 23,15,65,21,58
45195 19107 8 132,83,61,130
9157 43224 8 101,163,50,172,14,22
24411 19306 8 62,84,169
662 9013 8 36,104,144
38751 27967 8 49,35,58,18
41697 7255 8 45,58,68
27176 15058 8 39,16,106,25,46,133,144
43788 5900 8 47,87
21978 241 8 30,36,96,22,18,132
24490 43149 8 21,185,195,178,50,106,179,36
8526 30828 8 192,47,56
33839 24640 8 182,63,41
5894 40570 8 141,14,108,43,53,21
29546 6906 8 144,47,7,101,194
27138 27163 8 184,12,101,44,85,63
538 27461 8 58,145,58,128,119
29566 25233 8 58,19,84,146,185,67,47,14
37224 1852 8 83,149,8
27832 34406 8 38,112,36,140
11673 44590 8 34,114,83
10894 36215 8 50,179,58
43260 36504 8 27,63,181,119
4549 25054 8 104,108,108
27754 37815 8 120,91,143,19,40,112,41
33674 34018 8 68,61,158,119,44,43
10213 21547 8 120,44,109,56,96
34829 36062 8 10,182,182,112,87
26970 39720 8 61,16,44
634 24915 8 7,25,15,162,194,21
16925 36908 8 57,84,100,100
11044 17265 8 119,75
22578 27256 8 39,67,64,105,60,133
25694 8190 8 41,169,185
31577 11716 8 103,62,112,100,149
39867 28604 8 49,40,10,35,104,9
22593 6001 8 115,44,32
40544 26151 8 136,12
36880 41842 8 146,185,216,47,82,116,24,58
799 4628 8 68,35,81,194,129,104,34,20
28031 36994 8 110,130,156,60,22,81,101
11583 19271 8 81,63
35765 3511 8 69,130,25,130,177,104
8029 4626 8 26,185,104,104,58,33,66,50
37348 12518 8 24,185,102,66,103
14168 7999 8 63,132,68,38,30
8711 30693 8 185,136
37464 17516 8 152,146,57,58,184
18405 37922 8 8,49
35983 37915 8 63,114,65,55
26374 2717 8 108,102,21,16,149,129,56
21075 17576 8 119,181,15
1232 43331 8 83,179,10,53,182,84,15
26620 5982 8 181,55,109
15548 37617 8 21,24
38373 42046 8 132,43,25,54,83,49
25373 41709 8 59,58,169
12158 4430 8 131,32,35,41,16,28
22 23371 8 34,119,104,65,134,23,49,144
22061 14284 8 102,132,69,18,54
26009 18196 8 21,163,47
17720 43938 8 184,211,55,17,118,104,109,120
26323 20200 8 7,130,39,20,37,9,12,113
2930 19284 8 131,46,119,144,63,15,85
14919 9199 8 162,19,129,63,41,136,113
8953 39126 8 48,119,18,100,109,113,25
29829 34859 8 61,59,24,49
24180 29186 8 21,68,48
29440 27025 8 185,46
41671 28942 8 59,102,104,62,34,83,169
2814 37562 8 60,54,156,119,10,39
29699 31549 8 91,181,21,55,38,59
41547 44102 8 102,20,18
24808 14065 8 24,103,69
41837 20764 8 40,38,112,135,29,77
2205 31349 8 129,10,57,35,158
35537 36807 8 129,61,62
38930 8357 8 42,116,29,185,185,136,104,16
7721 13977 8 53,81,101
10474 29354 8 14,135,179,49,177,132
10836 6793 8 69,41,19,21,129,60,83
30010 22300 8 114,118
41931 28573 8 66,104,85,80,95,184
18901 43082 8 34,58,119,53,25,9
35376 38703 8 177,55,62
18080 35303 8 55,46,15,111,12,56
19463 29749 8 131,23,29,47,75,60,102
7929 5762 8 140,111,90,162,181,117,101,75
11114 11774 8 22,135,58,119,45
39030 25720 8 49,146,58,37,48
29981 18167 8 59,63,194,39
39831 13892 8 87,103,119,100,119,118,178,112
7945 19026 8 102,48,64,30,39,39,184
19507 37219 8 61,22
42529 43315 8 22,41,179,131
11297 7939 8 47,19,62,109
19430 29067 8 58,48,52,80,28,129,41,20
34762 37616 8 163,23,184
27263 9782 8 163,60,36,69,130,176
32834 15714 8 15,63,144,135
18597 41663 8 185,19,58
2556 19612 8 7,185
6650 27117 8 63,81,23,41,45,20,10
14384 39187 8 87,103,144,60,60,185,20
20578 37669 8 28,39,200,78,104
31322 40487 8 39,21,77
6688 26098 8 22,104,134,7,136,129,55
6233 3136 8 100,192,20,129,120,104,112
25980 3262 8 81,79,39,12,46,211
35840 30836 8 119,64,101
36361 36823 8 177,9,104,49,178,136,83,62
11273 12706 8 119,194,184,183,17,54,128
36224 18776 8 204,18
42540 38427 8 45,14,38,82,18,58,46,132
32452 17166 8 82,50,49,105,46,49,45
33585 30083 8 129,163,185
137 12151 8 24,184,19,39,63,91
27953 27031 8 182,60,18,53,103,36,30
19500 13645 8 184,169,63
7692 33201 8 54,65,195,87
40347 40595 8 115,103,68,29,119,85,138
8450 36594 8 56,33,37,60,34,145,8
33748 80 8 39,69,85,25,104
13478 12134 8 17,8,156,33
36876 11619 8 184,101,75,28,65,38,31
39182 19296 8 104,37,26,57
44170 17871 8 120,110,91,119,38,143,85
19777 25254 8 132,104,132,87,40,43
28322 22638 8 49,120
24290 45771 8 28,19,66,105,102,20
12383 17651 8 64,30,53,83,163
2402 4243 8 182,69,54,34,59,57,115,37
44701 19631 8 152,110,138
8864 4977 8 111,130,26,50
39451 19519 8 110,142,16
33694 14919 8 182,58,59,83,41,103,128
5701 14763 8 28,14,64
30628 35069 8 32,131,67,146
35786 36585 8 140,18,143,85,14
7451 34481 8 15,59,81,181,119
45522 14822 8 49,68,69,14,33,62,61
31898 18608 8 185,24,91,177,17,179,32,53
35799 44313 8 41,40,185,50
16132 10364 8 52,19,113,19,61,112,129,65
20194 8391 8 17,120,26
15814 11811 8 83,107,42
28369 27392 8 62,160,19,33,83,18,17
6522 36996 8 46,179,117
26826 13560 8 43,49,36,68,9,185
27606 7613 8 132,23
12512 25607 8 34,119,113
875 31307 8 119,120,20,110
40718 16999 8 48,29,25,68,52
38074 16656 8 51,24
2783 24687 8 58,117,44
27428 31672 8 107,102,30
37605 19789 8 20,141,10,22,58
20123 5642 8 91,14,87
21558 26079 8 49,169,53,16,20,119
17785 20746 8 195,129,39,104,60,31,102
15599 4220 8 162,12,40,77,181,162,11
1625 9912 8 60,40,66,119,130,7
44208 22364 8 110,50,119,106
23892 4426 8 87,103,185,60,83,178,24,184
44553 4096 8 42,162,57,49,136,83,81,20
15677 17409 8 46,47,53,160,83,65,10
44563 11789 8 62,102,104,61,61,119
31640 31924 8 162,15,58,42
2800 37324 8 85,10,144,19,52,29,130
37108 24598 8 10,141,81,103,119,58
19990 31343 8 67,39
23633 19874 8 14,129,33,92
18101 36626 8 30,46,193,102,104,62
45012 26298 8 177,116,10,41,129,163
35661 875 8 113,19,119,78,87,185,131,24
31836 10388 8 62,102,135,69,55,130,85,120
35432 29606 8 44,136,119,20,30,138,135,119
45200 41147 8 19,47,65,15,83
40552 33243 8 48,59,15,102,116,169
20157 12571 8 102,37,60,115
39336 10844 8 84,12,65,23,49,17,194
21373 13620 8 20,36,53,135,143,182,29
21124 40556 8 8,8
34907 5228 8 184,179,140,61
29090 40368 8 112,82,42,102,116,185,43
4837 31982 8 20,49,53
13818 6102 8 129,156,57,135
14244 19477 8 58,129,119,49,10,22,127
35602 35821 8 91,37,177,49
8997 37323 8 31,53,60,104,120,135,20
11603 39911 8 129,8,15,118
503 16057 8 139,64
25129 15703 8 48,61,142,9,184,16,109
8032 35064 8 135,106,128
34371 5211 8 62,49,178,51,18
4156 27815 8 41,7
14997 4028 8 66,185,44,10,9
33436 19044 8 64,28,28,185,87,182
31569 11466 8 52,84,159,25,119
16095 36846 8 44,81,179,101,64,63,178,50
24673 8541 8 22,120,85,10
30098 34781 8 18,45,181,129,48
29970 8678 8 7,129,29,18,112,19,65,185
37414 6234 8 62,10
13563 5905 8 18,21,118,184,136,62,102
32911 42537 8 82,33,15
29029 39095 8 28,49,130,49,46
44922 29056 8 15,134,119,22,91,117,61
6085 35434 8 78,19,149
32772 3321 8 53,104,62,117,115,109,61,20
2475 2055 8 185,14,28,65,59,20
34139 18797 8 83,9,128,65,178
15503 21589 8 82,62,56
41460 12325 8 194,60,63
22921 10725 8 58,31,69,20
30091 25973 8 163,35,63,48,129
20256 41412 8 116,80,118,40,120
24986 22592 8 177,47
12470 29764 8 182,141,134,29,48,141
22184 33667 8 9,24,109,153,142
8422 40767 8 7,81
6103 19363 8 53,36,67,85,111,129
27513 43696 8 26,107,131,181,40,184,65
12505 21999 8 40,118,119,50,119,22
28828 21780 8 62,64,50,181
41483 10373 8 169,18,141,76
9742 32069 8 156,137,59,52,43
44995 11538 8 48,142,58,62,42,56,87,42
846 28582 8 29,117,63,20,64,136,107
23558 40697 8 29,17,93,20,104,25
9901 19497 8 46,49,108,83,61
7389 14108 8 91,62,60,32,114,130,87
43049 15319 8 25,17,39,68
12807 40322 8 65,12,177
34545 42202 8 58,19,63
29118 32235 8 128,66,9,129,24,82
35625 11505 8 19,141
2059 35222 8 48,24,17,66,44,112
32202 20708 8 21,115,96,120,15
2191 33216 8 23,41,20,104,116,129,130,19
9974 35311 8 120,46,44,62,60
17176 27364 8 49,62,119,49,101,119,28
29271 37677 8 20,30,108,56,130,97
42011 5105 8 136,66,135,10,61,50,15
3458 15145 8 149,71,136,51,31,57,184,28
18752 11831 8 53,149,42,48,16,81,83,78
5276 20071 8 216,29,81
3426 25098 8 169,61
25113 29887 8 106,30,17,102,19
39075 42223 8 15,33,61
28750 2375 8 29,55
18635 2073 8 194,22,104,31,128
31267 19743 8 33,91,91
19342 10055 8 119,40
23336 41156 8 19,163,93,195
35845 26062 8 14,163,83,33,160,100,119,59
32686 19608 8 117,20,68,183,116,9
23564 40007 8 104,105,152,20,185,119
2191 10500 8 132,50,40,79,119,22
10805 37390 8 158,102,189,19,137,79,52
18021 35237 8 194,23,43,82,38,100,134
10232 19649 8 83,56,131,69,9,119,55
41112 32872 8 94,65,18,102,160,58,53,136
17816 9588 8 44,10,50,129,83
8684 10428 8 19,60,130,19,144
7440 33086 8 146,17,61
29874 38179 8 101,107,49,7,81,14,24
39088 14255 8 82,181,100,105,65,17,18,61
14210 27944 8 51,50,130,131,58,84,91
39030 42628 8 30,85
29046 37869 8 44,10,28,135,30,47
2239 10533 8 21,21,30,68,102,58,18,49
26171 14664 8 57,162
44481 39228 8 17,81,181,139,118,45
22150 25718 8 85,49,21,131
35707 29414 8 48,40,55,51,68,117,156
21126 26357 8 130,103,182,104,21,131,50,8
31378 39587 8 19,10,59,19,61,27,116,27
15279 39535 8 39,119,61,60,8,131
11171 18921 8 61,61,185
24364 211 8 68,50,42
12946 16616 8 104,84
27143 45598 8 100,8,160,37,30,83,130
16837 2023 8 96,50,91,119,49,83
14146 15873 8 84,83,49,12
27339 17756 8 20,46,85,182,80,169
40247 2578 8 19,54,20,80,25,103
45783 2591 8 129,129,120,58,18,56
43657 38532 8 79,52,156,16,83
24961 20177 8 85,109,8,82,81
4123 41820 8 129,20,149,53,30,155,179,29
30536 23666 8 69,78,81,53,12
37165 12431 8 83,58
32082 42571 8 29,58,177,185,169,113,41,62
1481 36993 8 16,20,181,19
21639 7569 8 92,87,185,60
31707 11835 8 113,204,169,61
44469 33530 8 113,105,155,131,56,85,111
7124 40716 8 146,66,64
8900 2569 8 80,64,185,19,114,169,28
6747 7474 8 103,47,18,83
15290 39359 8 9,64,183,85,61
4070 43703 8 19,39,120,42,41,17,132,35
40410 8776 8 62,10,58,42,14,179,28,130
36084 43793 8 156,83,49,52,134,145,60,81
14241 29514 8 24,49,146,136,163
19388 17966 8 63,132,103,114,142,25
26940 11753 8 75,163,81,61
15374 12685 8 84,42,136,25
2093 35626 8 42,19,157
23448 11010 8 143,114,129,23,120,163,47
12480 2712 8 25,25,108,83
6483 10423 8 37,177,47,25,135
10437 23508 8 53,21,145,14,22
17897 26625 8 18,78,45,53,49,68,78,24
28957 39525 8 91,146,107
22877 45308 8 132,118
33457 18828 8 59,82,18,36,85,53
6073 4398 8 184,19
40405 35347 8 83,25,62,18,17,182
28488 21591 8 25,67
40966 7380 8 43,119,91
23910 43475 8 115,49,109,95,119,61,47
19352 12851 8 50,69,184
21366 9987 8 162,15,50,181,129,63
22807 9553 8 58,119,130,66
31785 4269 8 19,63,182,10
6546 40176 8 120,7,0
38694 21448 8 87,19,20,63,114,52
43658 32908 8 46,135,78,40,52,116,64,19
41822 41567 8 38,9,19,39,114,152,20
29346 17432 8 112,133
30318 33321 8 8,119,22,52,51
18587 41032 8 46,97,57
25575 38397 8 126,40,128,40,129,33,15,185
38725 25159 8 105,21,179,181
35999 12450 8 31,127,131
24563 4815 8 130,56,104
29768 11568 8 59,87,113,100,83,118,101
26236 19531 8 58,36,185,142
44756 26145 8 104,54
8844 6597 8 142,25,63
4733 29021 8 83,162,8,211,58
19745 26450 8 119,135,120,111,185
38057 144 8 149,50,52,43
1537 14002 8 34,184,185,26,184,55
1871 45647 8 104,58,184,41,29
36725 6226 8 162,162,162
9921 25915 8 111,115
33314 31946 8 46,130,32,6,10,68,184
12513 21035 8 49,65,54,12,39,12
36466 45281 8 49,110,112
28389 12320 8 112,101,120
13083 22710 8 50,48,9,178
40217 3928 8 181,26,130,131
8602 18641 8 184,129,49,105,44
3078 7874 8 8,58,156,58,20,49,33,103
8303 30165 8 111,194,152,162
7954 20341 8 17,31,91,30
39884 27693 8 65,119,67,149,20,65,46,107
42927 5914 8 149,14,18,103
37520 33918 8 28,25
536 45798 8 177,22,87,24,117,24,111
21029 33769 8 87,178,113,47,163,7
30494 16648 8 211,16,69
17361 12104 8 194,129
42320 38155 8 60,48,57,41
35145 21233 8 20,68
31710 38568 8 108,49,82,52,104,87
5748 30790 8 67,82,149
41108 42082 8 104,119,136,53,156,50
36785 28886 8 129,18,66,111,21,38
27922 45239 8 69,184,100,41,179
29679 25443 8 57,141,129,62,111,109,113
4336 40194 8 30,65,22
14616 13806 8 18,131,102,135,49
40592 24186 8 29,51,10,120,29
32356 33681 8 18,96
4693 19344 8 137,21,48,28
15975 13204 8 169,82,28,91,115
4995 37560 8 77,23,61,83,59,83,42,31
26647 3758 8 141,7,47,31,40
24216 33050 8 87,60,83,102,91,92,119,101
31224 4798 8 105,48
39780 30148 8 48,52,42,49,49
13793 30072 8 103,63,25,40,104,116
30227 2290 8 59,22,129,52,103,60,12
23223 29169 8 82,82,185,114
40303 1334 8 110,87,82,21,80,178,120,60
33279 16735 8 49,117,106,118
40910 1654 8 21,85
7708 483 8 54,109,10
14760 6849 8 65,178,60,53,132,51
33790 34094 8 39,178,112,177,113,114
27292 12336 8 38,149,19,151,48,45,131
27788 32472 8 177,111,138,82,25
44860 2644 8 21,18,27,83,85
16906 1186 8 17,95,52,51,56,106
18046 10544 8 156,52,85,110,120
24297 11285 8 104,39,11,50
37407 7743 8 194,31,8,17
16889 13444 8 24,60
3948 8300 8 17,20
45603 21587 8 152,160,66,63,179
30456 1184 8 45,119
27269 22936 8 49,184,34,18
21495 27568 8 84,162,136,23,33,63,18
45509 42685 8 65,48,59,25,83,101,178
293 28360 8 136,18,104,185,110,50
8542 30118 8 184,21,130,87,78
40900 13362 8 10,44,51,63,183
26933 27723 8 31,184,49,62,46,129,152,57
20345 9589 8 113,107,68,117,59,185,136
11150 21807 8 138,69,103,188,185,17,53,25
9055 4641 8 12,140,104,135,48,112
34688 39797 8 35,106,63,34
42249 18005 8 184,53,62
31569 13778 8 41,83,7,65,21,102
28616 20265 8 25,133,178,50
45095 12530 8 118,102,119,83
27984 21252 8 49,48,108
40980 13469 8 50,58,47,50,36,120
38126 25006 8 195,117,39,8,62,113,182,20
11120 14957 8 178,128,79,82,7
30245 26317 8 130,82,62,66,103,129,7
14416 28690 8 81,59,39,163
8012 6522 8 119,119,129,119,16,59,60
443 43570 8 142,109,91
38151 33482 8 37,50,95,73,62
23547 21329 8 119,107,132
26385 23160 8 18,10,185,85,194,128,130
24614 19652 8 58,114,85,132,46
31672 17586 8 41,30,179,120,138,103,23,108
13372 3116 8 58,63,185
42039 37235 8 105,62,44,17,55,44
43795 36185 8 48,60,46,109,140,66,130,45
41072 2506 8 115,39,17,112,47,14,107,129
20252 37426 8 132,49,19,91,49,67,178,18
24317 38071 8 61,112,24,82,83,18
29327 735 8 37,85
13265 2351 8 184,31
30447 13593 8 57,85,38,130,156,185,119
8167 38215 8 169,100,102,8,178,136,69,14
4803 27307 8 48,63,110,22,82,156,50,58
20779 8545 8 58,84,120,185,48,12,52
17310 25460 8 59,60,20,85,48,58,158,53
37340 6207 8 132,44,66,65,20
43835 31779 8 152,43,141,18,73,162,68
6688 37603 8 55,130,106,119,57,106,46
13421 42177 8 58,104,76,42,100,185,131
33656 40882 8 59,23
17855 16408 8 82,48
18068 36490 8 44,54,48,184,20,87,42
19636 32993 8 22,30,162,131,48,143,118,66
42739 16538 8 39,44,110,131,211,49
41287 20991 8 62,83
12601 36466 8 114,57,185,48,104,141,61
14273 34971 8 53,7,36,7
42952 28187 8 24,62
19466 40208 8 185,152,18,29,176,75
11434 1488 8 120,15,185,37,17,83,129
31224 20262 8 67,156,62,117,25,91,101,98
11653 42039 8 19,136,59,119,101,109
36306 2666 8 91,29,129,44,130,41
39262 15207 8 120,63,68,65,49,120,184
8814 37491 8 76,139,61,113,67,55
35365 16595 8 185,84,112,64,61,21,116,34
43341 43634 8 112,23,58
20915 7558 8 113,103,109,38,34,9,46,102
11986 20798 8 30,178,128
17869 22575 8 58,8,37,23,20,184,134,182
25322 27088 8 120,78,62,128
40430 19255 8 40,183,60,114,211,32
34325 33383 8 163,194
35498 44833 8 61,129,58,194
16779 26541 8 178,129,131,12,47
19802 40401 8 22,81,85,24,10
21640 26271 8 194,102,119,25
41765 27132 8 47,185,110,30,48,44,17,178
27379 325 8 119,60,146,81,12,61,53
1328 43180 8 105,48,81,90,119,68,52
38195 13154 8 100,18,21,62,51,136
5207 39838 8 46,29,149,131,185,130,17,179
39951 36625 8 58,178
35598 4764 8 91,118,24,30,63
30494 4192 8 152,84,9,63,22,39,19
5073 14039 8 19,145,61
33478 7802 8 20,182,21
1184 41799 8 39,63,34
11079 6400 8 62,60,81,28
28723 19781 8 91,9,29
40319 34635 8 109,87,25,48,185,14,45
3202 37751 8 104,40,106,61,104
27982 14514 8 19,62,14
33060 21005 8 133,116,55,58,42,162,143,130
27493 16627 8 36,129,129,42,116,118
13357 11325 8 48,118,129,185,30,21,49,178
40235 8414 8 110,63,17,61,57
29980 5129 8 109,21
27134 35865 8 47,61,19,9
32026 44627 8 136,83,102,184,104,56,43,146
24338 3656 8 143,129,68,101,129,48,19,132
18204 18983 8 105,69,36,91,58,185
4464 12070 8 41,182,60
35091 19492 8 40,49,128,119,43,78,18
5857 12651 8 102,18,61,141,183,60
36890 13855 8 104,69,58
14256 17846 8 20,97,83,81,17,141,116,27
28583 37452 8 103,114,21,103,54
23674 12836 8 103,66,49,103,163,65
37818 694 8 45,81,103
35998 41505 8 106,46,20,34,20,129,178,20
16635 30612 8 84,83,128,57
38013 18399 8 103,163,132
44782 12735 8 47,16,177,102,110
36210 39638 8 119,45,194,101,61,84,132
26901 27262 8 129,19
5396 43690 8 132,63,64
40689 21026 8 44,21,63
12240 14729 8 140,143,53,65,130
30164 37294 8 119,68
9470 8995 8 53,61,7,143,46,15,49,169
23013 26437 8 17,104,119,136,60
32314 13644 8 152,189,115,65,55
18907 4346 8 84,48,24
25130 44205 8 40,114,9,185,85,59
4380 31293 8 45,31,84,185,129
32511 38188 8 20,110,194,101,83,128,23
18011 42755 8 139,63
3863 3542 8 10,128,83
5096 13995 8 15,69,134,117,59,192,52
44753 35294 8 53,20,36,32,184,60,20
10306 35451 8 36,56,32,36,7,55,105,87
5920 27103 8 48,87,16,21,146,144
23666 40237 8 118,33,184,37,44,40,113,66
19157 379 8 61,118,102,110,79,103,110,47
7503 4558 8 116,145,42,115,69,34
8898 17270 8 113,194,104,162,35,138
13076 45233 8 27,101,58,51,104,68,102,19
2880 44686 8 119,52,107,163,109,36,21
9353 37634 8 84,47,73,84,179,104,63,21
44869 24746 8 134,83,131,85,15,40
8092 43613 8 184,65,104,131,19,114,114,69
35585 13923 8 64,27,183
19506 11501 8 19,34,104,22,47
11859 32504 8 116,52,111,118
33885 30054 8 96,48
39431 37646 8 144,85,37,93,82,60,128
7031 34757 8 63,29
5123 9568 8 181,64,34,15,182,57,19
7198 7624 8 61,100
29598 962 8 46,49
7015 15535 8 10,101,116,184
4921 12016 8 12,20,9,200,65,130
5175 41331 8 102,48,200
20091 31261 8 84,119
26430 6390 8 119,111
35943 9843 8 116,78,58,102,111,120
11648 41857 8 156,62,65,177,9,119,47
42140 14744 8 106,26,136,49,58,32
44697 22083 8 37,156,67,69,119,21,84,58
34501 17852 8 58,111,179,15,17,64
5257 30325 8 18,184,130,185,66,54,163,67
3935 6063 8 49,66
10094 3773 8 142,65,56
30224 40603 8 15,36,182,107,182,87,51,48
21356 27339 8 17,81,72,64,130,38,49,81
7362 33961 8 104,128,18,58,48,30
40932 38336 8 60,62,182,43,178,211
31288 45712 8 60,26,63,113,28
16697 39937 8 143,67,87,111,130,48
41172 11154 8 63,81,17
11852 11872 8 91,50,63,69,17,7,24
1991 7836 8 17,28,59
43356 8455 8 67,64,149,211,51
21578 6977 8 111,67,131
17222 17567 8 61,104,28
37304 26146 8 183,17,178,83,83,113
3826 18292 8 58,105,20,59,82,54,17
16554 25037 8 130,85
3118 39411 8 135,141,45,49
37997 5952 8 50,42,63,49
19896 23210 8 128,102,36,25,19,80,48
11655 25559 8 61,40,32,10,58
5455 15265 8 111,58,113,112,211
32268 42254 8 178,8
33887 43222 8 81,43,80
101 2941 8 181,111,57,194,108
4666 24048 8 57,105,113,58,83,14,15
17351 4528 8 8,54,93,55,68,25,54
4568 20607 8 7,149,54,126
10762 13961 8 67,81,120,40
35704 34707 8 128,110,7,10
37610 2588 8 137,17,61,59,62,66
18126 14130 8 27,40,34,48,59,140
31587 9793 8 128,59,134,129,46,48,194,146
43651 7358 8 141,19,185
40697 26279 8 52,31,80,67
21911 43690 8 54,118,32,27,104,9
15755 16167 8 51,24,120
11332 27264 8 149,134,59
10052 17331 8 96,108,20,119,106,19,58,80
11004 30085 8 45,14
29972 21844 8 162,33
2166 13694 8 62,100,156,84
12582 26473 8 132,84,87,178,54,34
26368 31844 8 130,51,156,101,60,29,40,201
9097 35377 8 139,128
39717 11341 8 62,66,64,47,87,58,108,83
17729 15243 8 14,156
8689 31689 8 118,80
6237 34414 8 163,20,57,24,67,64,104,138
45078 19121 8 20,149,42,60,61,47,58
29174 23201 8 36,178,7,83,102
44473 26630 8 41,18,38,28,145,45,83,56
43170 41648 8 58,36,23,109
36541 14702 8 111,141
38267 13405 8 56,119,119,169
32615 12306 8 99,130
20008 44254 8 31,63,120,65,18
11694 16502 8 102,45
14700 2852 8 61,130,102,95,145
3790 37713 8 19,22,110,101,24,129,7,83
4862 9240 8 9,18,60,64,51,20
20758 42917 8 115,61,149,55
12779 16402 8 54,112,47,87
5255 1593 8 21,41
172 10700 8 15,41,136,35,119,83,31
16136 4085 8 62,52,25,25,43,116,47
33322 14958 8 104,57,102,54,104,101,36
45288 19491 8 130,49,48,132,129,107,51,17
4657 27293 8 48,12,63,60,129,129
3585 39747 8 163,12,106,82,105,120,96
8893 35493 8 105,40,21
36529 11370 8 66,67,45
38501 33653 8 53,103
24870 26971 8 66,104
35751 9772 8 36,8,85,119,129,16,22
9726 28314 8 119,82,109,104,83
8899 11080 8 81,63,61,58
5409 42343 8 32,140,211
36693 41718 8 25,85,25,102,23,116
23580 29040 8 110,24,91,21
35585 32745 8 92,28,67
12076 35032 8 91,49,100,119,60,135
15958 17956 8 182,30
14560 13168 8 56,119,67,56,81,62,102
45067 41872 8 28,136,180,68,65
42925 8247 8 113,28,30,49
44896 23343 8 81,51,49,8,112,129,24
8757 45648 8 56,20,135
44711 28861 8 57,30,41,67,66,20,83
39937 43326 8 51,100,10,128,83,118
34308 7951 8 23,61,30,105,179,106,61,36
12479 9613 8 81,10,62,179,118,68,145
38633 14216 8 10,22,25,104
6072 30992 8 21,155,184,52,129,159,20
27773 44451 8 14,109,178,58,162,185
11004 5461 8 185,53,146
24786 4387 8 178,52,146,120,58
14169 20388 8 18,104,7,10,19
7363 16428 8 182,66,135,29,36
19673 16106 8 178,65,16,114,15,35,27
32716 1950 8 36,46,46,117,21,40,14,83
26506 21127 8 36,144,24,16
7051 45390 8 91,25,18,113,179
22001 16342 8 25,111,104
5310 40827 8 102,47,27,91,82,32
25736 44407 8 113,30,129,62,64,47
35238 36879 8 81,15,21
19456 29607 8 63,104,9
37032 19150 8 30,112,30,34
24124 42467 8 162,59,79,67,45,16
6666 2439 8 50,19
33554 11649 8 38,179,73,78
13462 40906 8 102,181,144,81,182,185
28870 38337 8 45,178,53,81,120,56,185,114
2313 10199 8 14,117,19,169,61
26354 42603 8 48,53
15022 7402 8 169,68
7014 2780 8 58,20,20,48
7177 38324 8 41,104
44574 1249 8 129,83,58,13,112
3342 35746 8 129,48,7
21966 21515 8 44,48,140,8,114,15
16952 9451 8 82,113,21,60,156,49
22309 14237 8 39,130,33,87
24737 25124 8 20,179,146,60
42805 11057 8 146,116,185,129
42430 37129 8 33,117,141,54,109,119,49
8226 24847 8 115,80,49,43
43906 18840 8 24,66,162,119,69,45,21,61
19290 1989 8 117,163,128,112
44110 24017 8 59,129,116,130
8959 22336 8 159,62,109
3638 35546 8 84,20,103,101,129,62,194
7963 33568 8 60,119,42,27,115,179,35,83
23798 45725 8 111,100,104
37587 3501 8 169,58,63,59,49,65,12,53
6775 16911 8 117,130,49,66,140,84,63
23358 38280 8 59,178,51,38,184,119,66,102
18365 35925 8 68,59,104,143,24,81,162,144
3431 26247 8 104,28,91,84,49,152,52,8
33156 31091 8 45,61,64,47,12,156,119
37198 9871 8 20,115,40,144,23,18
809 9970 8 104,195,30,36,54,101,132
16806 18573 8 20,48,20,113,83,60,181,58
20458 926 8 196,139,130,62,20
3144 21762 8 143,80
29960 11727 8 12,116,143
26096 17340 8 24,29,181,52,113
32670 23234 8 30,156,48,47
11525 40954 8 149,117
11705 37896 8 149,181
42740 8438 8 91,181,65
11144 40765 8 114,59,130,63,185,151
37579 30766 8 40,17
19168 21380 8 27,39,52,25,67,21
44513 20581 8 181,119,163,12,101,82,103,64
25252 27638 8 104,87,118,84,136,109
14124 4127 8 45,120,142,178,111,109
32113 34889 8 103,130,19,39,48,102,144,82
30400 10030 8 60,19,105,118,109
20144 34425 8 136,163,108,59,18,131,117
4203 8569 8 18,119,185
4369 6196 8 119,52,116,109,10,47,163
36506 16510 8 96,19
31515 33666 8 182,49,169,117,53
2799 17488 8 25,141,63,138,63,46,132
19540 12836 8 19,112,18
11670 17206 8 54,49,10,21,61
28864 8193 8 49,129,182,24,19,142,19,82
7203 3080 8 65,100,21
28014 11461 8 104,111,29,31
38560 24199 8 185,60,45,83,50,39
45072 20892 8 111,23,53,49
42762 713 8 104,54,103,90
40312 44648 8 28,83,48,134,131
28947 5393 8 69,42,48,136
44929 3455 8 31,160,67,53,83,146,41,49
6585 36848 8 16,44
23403 29034 8 179,46,160,63,36,51,201
7753 22009 8 135,185,67
24130 28167 8 52,58
6307 27678 8 62,84,69,166,154
44469 43456 8 65,32,141,63,21
10320 29072 8 118,58
28906 42056 8 146,28,61,114
17307 14368 8 38,24,64,110,9,118,66,162
11537 25151 8 8,129,182,104,20,39,46
11332 42895 8 156,50,120
39696 11509 8 33,110
15870 4355 8 66,48,40,79,22,119,22
6805 37548 8 58,65,179,18,24,105,20
41401 3204 8 76,54,104,104,48,63,65
19055 32586 8 83,51,101
7185 12494 8 140,104,104,9,133,55
3030 19364 8 68,179,85,111,53,185
4046 43730 8 12,45,104,67,26,22,35
24457 69 8 49,91,185
40675 34985 8 21,138,130,132,61
38747 16391 8 135,69,82,103,10
12533 30239 8 183,64,28,40,44,91,184
5130 17999 8 20,45,53,84,185,21,21,195
10899 31942 8 19,91,169,82,30,103,17
8057 17388 8 185,63
40787 20289 8 31,182,58,68
42817 6043 8 114,114,143,185,102
10246 33771 8 182,144,178,169,25,114,49,39
941 365 8 135,156,47,178,184,114,82
18145 8912 8 162,83,21,21
43813 33818 8 105,127,10,114
36211 11989 8 39,22
43277 39793 8 101,46,129,120
37847 42403 8 179,29,55,27,52
10265 39894 8 55,23,119
8096 12070 8 185,104,69,92,63,95,28,87
274 9485 8 101,51,102,132
43995 23964 8 19,114,115,105,129
2142 25923 8 8,132,20,118,152,36
29685 13597 8 103,104,36,67
37079 35127 8 100,119,83
32491 35899 8 15,85,116,18,130,47
28286 10740 8 118,62
42968 10289 8 68,185,194,128,62
32557 1917 8 130,44,163
10948 18243 8 49,179,81
38017 33134 8 83,53,162,156,129,129,25,130
37888 28141 8 41,96,185,177
30283 24957 8 112,106,126,35,25,10,16,9
42936 29924 8 185,181,49,46,131,18
31119 9945 8 68,24,57,27
34954 29263 8 99,56,104,58,107,52
7834 30451 8 194,141
34670 40800 8 163,120,62,47
44506 18841 8 119,87,29,182,18
12086 37229 8 116,81
45092 5824 8 53,130,131,7
23924 44691 8 211,209,44,142,132,182,49
3296 21396 8 169,66,142,131
40664 31966 8 37,58,53,9,41,17
11201 40570 8 35,116,146,16,52,60
30235 6032 8 141,185,65,49,127,49,30,28
18213 4936 8 135,103,60,57,84,130
22735 8065 8 85,185,111,78
22745 36384 8 85,42,50,132,32,40,48
35829 15543 8 45,83,120
20428 6158 8 53,67
1423 19744 8 216,113
44011 24972 8 193,104,14,58
20742 26732 8 18,169,163,135,119,179
10866 19043 8 105,16
18345 41670 8 108,9,59,27
1102 28120 8 49,19,10,91,179
10914 21480 8 48,60,107,64,102,26,83
19908 30010 8 179,58,48,102,63,141,143
10387 37436 8 178,8,91,49,118
44862 19731 8 61,114,62,63,43,178
19131 5425 8 132,105,129,160,129,87
15445 19932 8 32,107,162,85,29
42882 26460 8 169,28,133,163,58,50,63
25037 8327 8 128,143,61,113,185,162,41,58
22875 12781 8 21,68,157,102,83,181
27609 26862 8 131,83,178,84
22245 23857 8 103,24,102,28,21,156,43
38944 41758 8 18,119,136,48
29260 9860 8 109,108,81,44
1157 37715 8 51,82,82,102,110,15,119,40
31152 38509 8 52,104,185
8648 41238 8 109,85,96,85,65,9,116
19108 40118 8 85,133,25,116,146,156,211,104
36716 12197 8 62,48,58,101,6,143
32531 21416 8 194,63,131,55
13431 26140 8 129,113,39,111
24314 6583 8 48,19,114,106,60,63
27193 17487 8 61,46,64,47,46
45035 27244 8 104,55,132,66,82,18,52
42820 14662 8 49,79,130,178,63,51
36567 41829 8 52,163,156,49
20788 14312 8 113,101,56,83,130,120,118
19049 4686 8 98,24,119
11273 35858 8 85,117,87,104,65
5562 6249 8 17,119,120,130,106,24
6343 32073 8 60,44,59,24,20
38149 17100 8 58,110,103,112,31,45,83
212 45038 8 49,63,51,12,87,119,185,112
35713 4349 8 106,40,58,18,47
10777 45163 8 21,40,63
10562 15900 8 79,39,10,102,85,63
32863 40295 8 48,81,57,110,54
32978 25010 8 103,81,61,156,100,23
25701 31126 8 39,37,63,105,58,36,149
33372 35457 8 156,112,117
19044 42864 8 177,49
7242 34388 8 119,119,100,22,29,64,169
11569 19253 8 63,48,24,80
25916 11664 8 45,132,56,69,110,41
41550 39698 8 50,97,185,20,112,169,60
26 40637 8 61,178,52,35,43
31541 13092 8 38,184
41768 41600 8 103,62
16195 2730 8 31,20,179,61,60,68,48
11775 36933 8 67,80,185,116,17,195,35,27
36295 32907 8 142,49,195,98
15918 21284 8 9,55,49,17
40576 2916 8 55,55,194,22
22458 26061 8 30,63,63,35,18,179
9068 26805 8 19,42,135,104,117,35,48,56
44812 5963 8 131,24,65,91
9404 30540 8 8,46,20
14167 2027 8 56,24,145,24,163
24019 9264 8 56,56,118,163,162,195,96,25
22563 38209 8 184,16,10,118
8768 30549 8 119,105
37460 35083 8 30,185,20,49
39302 15839 8 129,10,31,194
7600 21154 8 119,185,47,54
37821 39456 8 7,19,17,130,135,19
35858 3354 8 51,56
7165 4908 8 109,14
37241 23046 8 58,216,132,46,66
528 10185 8 21,132,66,64,21
36367 8634 8 42,15
35813 16752 8 104,115,57,28,8,53,48,58
44962 36877 8 9,65,119,62,60,29,67
33752 42929 8 146,48,63,185,83
40769 8009 8 185,149,17,23,104,181,65
4655 6353 8 28,83,50,111,178
32883 28216 8 32,49,24,60,211
10262 3721 8 113,25,31,81
18280 41249 8 81,94,132,68,111,146
5954 10037 8 46,22,129,113,120,140
28974 39128 8 47,45,120,62,53,111,144,104
37465 35650 8 120,185,29,52,31,38,130
45273 26771 8 28,68,49,10,82,129,63,45
15806 17085 8 50,48,60,52,56,63
27299 34266 8 10,131,178,51,58,129,129,25
25413 32505 8 34,10,83
22504 27464 8 21,178
11077 27139 8 20,101,21,21
24166 30385 8 136,53,43,114,118,136,15
11222 14985 8 17,130,163,6,63,181,84,183
36468 36896 8 116,178,31,81,119,63,49
32712 7759 8 63,54,102,69,51,61,42
14154 4205 8 156,64,110
38604 18504 8 60,82,33,185,130,58,195,27
28622 33101 8 61,69,139,119,30,114,50
44459 11 8 162,57,16,153,14,8,103
43430 32659 8 32,4,52,12,48,40,28,107
40193 8090 8 181,53,44,128,103,130
13547 2689 8 28,129,130,7,82
33235 44155 8 39,184,62,15,51,43
41720 5563 8 58,53
5598 1030 8 20,27
3455 2361 8 129,83,65,21
10937 21780 8 131,110,14,23,12,163
32723 29692 8 112,83,185
23379 41031 8 60,177,119,58,178,16,85
4592 10609 8 106,43
10850 45269 8 185,6,25,20,34,103,136,25
44195 15570 8 26,24,41
28414 7282 8 129,32,211
13883 45221 8 10,48,211,50,169,111,21
24857 8865 8 15,178,118
8764 17560 8 112,38
20553 28511 8 24,48,73
9939 24281 8 63,36,182,156
20780 4539 8 66,54,100,179,84,128,52,194
36159 41664 8 112,142,60,111,107,169,141,18
37680 13878 8 81,107,18,51,179,65,103,21
19446 39455 8 138,195,100,40,20,83,44
27416 6497 8 14,20,81,33,56,104,116
32293 16213 8 8,184,49,62,118,61,60
12749 22018 8 46,59,21,156,58,63,53,111
6059 7488 8 15,37,136,36,59
35848 14831 8 58,120,119
1461 27830 8 65,185
5088 5227 8 178,57,111
11431 37234 8 10,169,81,58,69,43,60,130
19198 20735 8 21,20,113
33762 23859 8 19,130,9,146,177,66,185
14161 13350 8 19,69,98,131,83
24321 27191 8 103,68,138,62
5724 12982 8 119,23,119,129,85,65
5622 7722 8 62,62,117
20516 32729 8 37,83,44,181,83,113,58,110
42888 28708 8 178,183,44,53
3775 41462 8 167,49,129,21,23,59
5822 28624 8 23,22,19,60,136,22,53
38485 39068 8 101,42,44
1111 10236 8 83,116,14,113
35181 5849 8 119,31,156,44,146
17648 4283 8 18,91,129,79,48,104,182
39003 26900 8 10,68,162,14
13647 20569 8 21,18,104,46,58,49,91
14183 7843 8 67,119,118
32752 42799 8 101,23,30
12578 38513 8 53,40,15,15,178
41834 649 8 113,56,14,136,12,119,59,162
41261 39760 8 39,108,16,60
20193 19487 8 49,185,119,185,49,29,83,85
39525 33394 8 60,58,133,105
16774 40248 8 9,52,64,48,60,57,34,110
12911 39660 8 42,185,76,18
14332 35497 8 83,19,111
20506 370 8 57,103,37,87,58,62,111,53
42754 38360 8 152,97,165,194,78,59,87,27
7868 36853 8 119,18,69,104,178,136,108
4045 4319 8 95,82,62,15,204
10111 12287 8 21,144,184,83,41,162
17070 35917 8 46,49,50,144,83
11906 3403 8 146,36,84,83,131,185,101
19528 31617 8 14,20,65
33075 7776 8 99,55,46,78
10873 8581 8 114,87
5553 7612 8 139,45,83,58,60,36,119
23321 26164 8 12,183,99,18,105,53
13151 6353 8 20,185,136,63,52,29
9018 10344 8 55,85,19,109,184,53,76,119
12919 7839 8 43,132,59,104
2200 457 8 67,21,21
11361 13266 8 22,33,119,65,169
11503 6060 8 30,48,14,50
41016 23845 8 25,80,129,43
45428 32314 8 129,181,163,106,45,117,55
39495 993 8 23,60,39,82,53,24,33,184
19940 17205 8 10,38,47,100,111
4229 32328 8 118,111,17,64,117
44255 31239 8 25,63,62,68
8609 15013 8 36,58
13056 20583 8 55,163,41,51,118,185,51
12270 32459 8 104,12,149,63,61
18759 10970 8 102,130,65,15,17
8664 3562 8 7,130,8,30,63,139
12192 20358 8 104,63,28,49,35,10
44223 12031 8 185,12,48,54,102
22266 35053 8 49,49,135,129,104
45247 33540 8 37,48,58,118,52
5291 30319 8 45,169,146,42
10279 26783 8 16,113,58,12,156,143,163
34475 7052 8 67,47,110,81,129,177,103,82
43037 42639 8 136,53,179,66
31439 214 8 65,83,136,161,36,16,108,23
44605 33095 8 91,85,35,100,46
41858 27357 8 182,51,7,55,104,159
20366 27137 8 179,112,44,101,15
26316 41606 8 133,36,28,19,18,128
37324 527 8 64,36,49,65,134,62
36119 25339 8 30,61
14320 20586 8 21,106,44,104,83,116,81
7043 22233 8 8,20,34,119,87
41537 6272 8 63,42,51,111,15,28,87
27828 5889 8 62,46,119,160,40,85,21
32611 31057 8 119,40,160
7936 20920 8 101,166,63,38,143,10,20,58
16557 7431 8 136,84,49
32363 32639 8 130,101,115,50
42269 2513 8 109,115,53,62,113,194
31488 15513 8 46,167,30,104,104,33,61
10014 9991 8 169,82,9
1913 31867 8 20,104,83,69,83,62,87,49
45387 12274 8 40,23,62,181,161
32530 26724 8 49,28,53,48,22,24
44007 23115 8 103,54
19551 36393 8 16,129
23640 29930 8 210,19,182,47,129,130,82
21356 35072 8 155,35,85,41,185,63,10,37
11215 30916 8 35,39,113
32725 18469 8 48,38,102,63
39188 9744 8 47,49,149
39489 6118 8 57,81,59,136,62,129
19951 24167 8 16,35,106
32402 6353 8 61,119,8
21609 19681 8 104,169
36981 7126 8 141,22,20,20,111
32137 42374 8 184,136
9237 9787 8 111,23,183,131,102,83
39870 31955 8 29,27,58,81,61,210,139
163 45640 8 21,59,83,24,19
8510 27458 8 63,38
11308 23776 8 43,142,103,118,66,35,160
31734 13108 8 22,185
41081 32678 8 21,30
12534 11764 8 66,178,103,112,87,63
7668 28983 8 130,142,85,44
30551 23903 8 119,108
12801 5815 8 16,16,68,179,33,181,29,117
45047 45777 8 142,103,154,53
9524 1259 8 19,119,113,163,60,42
39208 7485 8 44,47,19,194,184,64,62,65
14597 14321 8 84,68,41,18,94,81,104,134
27980 26483 8 153,16,182,21,39,119,48
30326 37350 8 111,84,61,10
39126 22189 8 184,52,68,120,130,185,81
44819 15099 8 108,28,7,129,79,30,41
22542 18354 8 104,130,62,10,15,17
5001 18214 8 8,69,54,62,129,103
8809 39265 8 111,49,57,115,139,83
29903 24593 8 67,104,114,12,60
40313 29544 8 101,53,114,87
29089 20612 8 25,81,14,46
33062 22953 8 19,194,169
35539 36249 8 79,68,16,52,23
24926 37977 8 191,22,63,20
38087 28562 8 145,49,129
41931 23525 8 117,19
5292 23477 8 34,46,145,65,53,103
39665 12673 8 169,163,100,119,14,49,27,61
44556 25665 8 119,44,126,51,116
34893 38937 8 127,80,179,50
15806 30693 8 103,85
13738 11124 8 63,120,42,30
30344 14211 8 19,81
39119 38326 8 82,152,34,34,21,62,118,56
14781 31518 8 109,34,96,110,30
32672 5660 8 120,116,43,63,184,84,107
35763 25706 8 30,129,58
41131 21408 8 160,145,30,66,16
37809 13209 8 185,45,129
15855 7857 8 83,18,62,75,116
31262 42496 8 78,21,65,15,16,9,106,20
30091 30533 8 49,161,59,142,120,68
16072 12409 8 38,177,119,60
23733 12990 8 20,33,54
1293 29037 8 69,83,109,50,8,83
9409 1227 8 144,108,195,63,156,115,69
38078 45212 8 26,69,63,51
43823 19290 8 40,163,69,21,85,37,129,178
336 5721 8 28,44,181,44,10,10,210,111
15204 26782 8 18,91,33
23139 28467 8 54,52,107
10157 29028 8 129,61,181,152
36056 7867 8 103,48,60,83,29,110
41474 35586 8 169,9,25
4850 39469 8 37,143,18,67,128,102
43380 30263 8 52,8,25,56,10
7939 25955 8 185,178,60
35824 45776 8 129,29
19266 21006 8 115,63
19692 20576 8 39,66,189,50
14214 22445 8 58,185,130,191,56,82
41031 32005 8 106,53
22259 9734 8 22,41,128,83,19,82
27023 44074 8 55,91
37659 41578 8 178,49,112,60
24955 39155 8 112,50,52,41,136,63,84
40180 15568 8 14,25,62,37,101,49,54,177
6810 27533 8 114,39,97,82
13927 31492 8 87,114
21029 8751 8 29,63,131,162,24,39,49,69
29455 40902 8 48,59,22,169,48
20334 21446 8 54,103,116,103,104,68,130
27279 36882 8 185,91,126,17,16,47,49
28204 37079 8 28,60,160
29544 23109 8 153,112,130
3149 7601 8 113,19,66,24,169
28588 29979 8 47,10,7,38,113,43,162
5161 1036 8 82,156,69,129,28
27782 38857 8 60,67,103,21,28,20,7
27294 2247 8 16,185,101,48
42482 43314 8 107,15
18982 44845 8 83,9,91,112,49,143,24,16
25776 39305 8 23,162,21,19,37,154,103,63
15241 25071 8 130,129
4563 42313 8 103,56,129,19,33,53,59
25937 45103 8 52,129,58,118,41
469 11498 8 104,7,19,146,41,166
13898 41789 8 85,184,66,132,48,62,48,57
28877 33394 8 91,83,141
43808 44543 8 105,8,36,130,181,87,45,194
25502 55 8 104,152,131,26,37,115,47,58
42928 15854 8 30,131,54,28,129,58
30153 39646 8 82,132,103,106,40
5731 36537 8 40,118,60
26862 5994 8 188,102,160,15
5720 45498 8 185,185,129,52,84,39,60,95
16348 41817 8 146,22,43,178,85,107
15381 38803 8 54,112,100,40,112,111,21,25
33784 4009 8 69,102
24898 12237 8 130,185,162,140,156,39
31168 41584 8 110,154,58
41114 18140 8 101,58
16131 18096 8 194,104,134,184
28139 20326 8 48,105,55
19424 25220 8 104,119
1450 31165 8 41,41,159,42,12,91
43442 9377 8 115,34,25
38785 16631 8 109,114,104,63,33,10
30853 28410 8 44,111,59,84
16247 1206 8 83,15,19
7125 18695 8 10,115,21,14,116,65
38233 41884 8 62,129,59,179,49,53
42432 8622 8 69,109,37
9428 43082 8 90,82,53,37
10948 713 8 19,67
6101 7204 8 20,62,58,103,20,140,185
17811 36130 8 55,132
24556 5307 8 102,130,16,177
396 44781 8 61,34,178,162,135
4735 36708 8 104,63,30,58,66,115,59,151
16952 45445 8 48,185,16,48,73,81,102,49
7958 21929 8 61,41,144,40,18,19,66
20419 9853 8 103,36,62,64,102,67
39924 8245 8 141,106,58,101,169,33,51,152
27301 9864 8 43,108,50,142,16,38,57,136
38528 43122 8 39,58,65,155,35
18338 22591 8 7,87,104,129,181,33,185
45465 16931 8 39,63,39,185,55,14,65,20
415 13375 8 84,103,119
28456 33941 8 27,38,145,19,104,39
41976 31787 8 119,30,130
11937 33150 8 19,51,40,53,63,104,27
18580 45104 8 48,177
31520 6797 8 48,61
44068 28439 8 41,132,59,128,129,109,83,30
29947 19061 8 59,43,41,67,63,52
22399 41465 8 20,67,53,21,143
29413 38015 8 59,18,83,43
15447 42994 8 102,53
17868 7658 8 18,113,53,85,53,134,185,102
20564 31370 8 65,60,16
22125 9047 8 39,24,17,119,30,20,50
28828 12828 8 50,12,45,184,78
39782 33710 8 134,68
30263 15091 8 185,63,67,85,178,194,8,55
12217 35731 8 51,39,58,22,109
45800 38923 8 14,20,53,18,35,67,20
33711 32872 8 163,25,21,28
27304 20290 8 36,136,21,58,59,30,134
8918 26702 8 37,63,68,79,59,84,17,51
8614 12432 8 91,182,106
29325 28972 8 106,179
36922 13158 8 129,49,81,111,48,16,10,184
12244 38846 8 53,104,59,91,91,55,116
32160 37631 8 81,12,185,182,87
42200 12374 8 44,55
24992 21834 8 49,34,178
42130 5287 8 52,10,169,118,185,169
23294 45151 8 129,65
34783 19940 8 33,31
37344 30634 8 105,50
43389 25499 8 100,18
8690 15260 8 58,136,83
5214 16239 8 132,55,146,29,61,12
11512 36919 8 28,9,76,32,21,119,146,66
11742 33388 8 115,120,179,64,185,65,38,156
31765 42924 8 181,98,40,87,101,100,169
43148 12848 8 83,25,18,105
37516 43161 8 132,25,63,84,38,39,83
27003 22923 8 10,129,22,9,18,129,34,160
28208 28201 8 106,132
16038 35902 8 96,84,28,50,119,102,48
10036 14359 8 119,67,65,27,62,184,91,169
19525 6922 8 81,18
31477 35974 8 119,80,83,61,60,20,56
42494 35738 8 130,112
6009 23821 8 49,16,115
34599 22988 8 18,33,119,83,119
8363 42479 8 185,42,17
27192 25327 8 103,152,25,141
7457 41681 8 169,48,102,37,36,36,49,57
10430 42897 8 49,103,87,30,103,87,56
37686 16167 8 168,43,47,136
24195 13694 8 63,19,58,69,112,61
5943 29807 8 117,104,55,44,32,22,83
19436 25661 8 79,184,23,61
13414 45034 8 49,80,34,139,65
10126 2992 8 95,151,23
8393 11131 8 64,211,49,101,146,28,16
25221 31373 8 17,113
20707 15566 8 75,56
43657 8691 8 24,31,162,64,37,67,102,156
24403 45141 8 22,49,21,130,30
19002 6243 8 112,45,102,60,21,140,21
2084 12219 8 80,35,81
37839 9787 8 91,68,104,84,53,45,132
45766 7898 8 45,42,36,62
30988 27645 8 53,62
37810 29542 8 111,79,105,68,48,100,62
13087 37099 8 129,120
17463 18116 8 61,142,40
18252 44309 8 40,146,53,36
19124 43747 8 81,114,24,35,132,111
19972 3210 8 10,89,19,19,118
7358 34250 8 163,129,66,112,91,49,63
38069 14703 8 54,133,36,132,83,156,12,102
9505 30422 8 58,54,113
40092 14828 8 103,119,10,35,63,60
39786 3384 8 21,35
38103 39051 8 107,57,177,37,162
15252 4827 8 52,112,38,104,44
41363 41112 8 81,65,194,43,159,21,204,21
16036 30499 8 116,30,102,110
8490 43251 8 43,28,103,156,49
36366 28171 8 15,49
28072 19085 8 149,102,116,130
25959 25669 8 37,17,48,101
21253 20760 8 162,69,132,104,81,65,41,66
27228 22826 8 82,54,44
41210 5363 8 49,9,60,25,20,62
40203 34008 8 142,15,146,75,152,30,120,49
27524 14584 8 169,59,66,128,110
3092 34832 8 119,9,129
32122 32183 8 48,54
31076 45150 8 41,169,139,45,39,21
37804 5647 8 179,179,66,59
43507 19090 8 136,103,111
25629 23135 8 135,17
29776 33760 8 18,61,59,91,69,45
38971 29150 8 128,80,183,50,163
18079 1176 8 17,80,119
41055 38057 8 29,129
35792 29123 8 49,17,32,163,16,82
32435 30981 8 177,87,34,7
2366 30826 8 154,112,51,21,181,130,45,131
43906 39984 8 28,105,185,29
29285 33494 8 119,119,128,113,145,47
9532 3138 8 49,19,60,149,68
13514 40001 8 48,81,84,85,65,65,181,132
26148 28409 8 144,84,181,38,116,146,127
15529 43465 8 19,68,178,18,143
27226 32899 8 134,117,112,58,184,44,34,181
7620 6748 8 55,61,58,50,120,51,184,65
44599 7298 8 9,66,87,160
28156 32840 8 63,83
29813 16803 8 184,42,10,91,54,51,22
34137 9629 8 179,9,66,23,23,82
3265 15120 8 48,61,10,169
33061 28244 8 39,64,118,157,39,61
30464 2759 8 184,90,16,45,104,14,16
9204 22094 8 132,104,49,25,118,17,145
6926 44439 8 46,61,48,55,102,96,84
44857 42022 8 26,16,82,106,20,200,98,113
13210 37378 8 85,185,28
23908 32024 8 91,129,57,51,80,69,40
9224 24935 8 146,135
37438 84 8 146,113,12
237 14941 8 179,29,47,18,111
21007 18376 8 133,102,104,104,52
27803 14016 8 129,117,67,58,51,87
16104 32232 8 16,67,181,66,23
32151 19200 8 102,134,66,163,128
32261 19748 8 50,141,185,176,48,127,81
16245 17725 8 102,62
37034 6813 8 57,61
21322 19744 8 39,54,53,10,49,81,129
32676 33702 8 80,46,31
16765 42250 8 141,69
37082 45434 8 117,69,49,82,113,40,35
3121 10758 8 128,48,20,179,15,65,83,68
16477 35814 8 18,49,118,9,22
1905 29231 8 119,68,36
25391 22483 8 49,185,79,115,63,118,112,68
14699 5627 8 109,104,131,84,57,109,8,115
12263 12939 8 118,103,18,144,130,135,78,63
15306 38129 8 33,46,77
33353 35007 8 48,194
38632 11195 8 136,50,45,104,113,115,46,81
38797 38196 8 57,23,59,185
17924 22278 8 40,110
14557 24413 8 51,85,85,132,184,14
32660 6918 8 177,47,110,28,49,128
25238 41447 8 38,128,184,96
2392 18114 8 48,101,9,146,145,162,87
32376 31370 8 133,46,28,183
37000 8100 8 18,14,47
36071 16787 8 63,57,54,79,33,169,185
28968 21883 8 49,20,163,119,31
13420 42094 8 156,60,19,39,53,66,39
27788 26804 8 45,115,103,66,111,109,63
25647 26043 8 194,14,157,39,185,62
38738 33338 8 64,58,43,115,63,91,55,156
25726 31667 8 7,129,185,58
26585 8411 8 64,10,48,79,44
21489 38761 8 119,62,143,24,57,129
26576 20754 8 184,28,33,118,25,21,128
22223 21002 8 46,107,83,84,178,111,119
16085 28335 8 185,40,120,53,79
36809 3367 8 142,44
2050 34293 8 63,156,119,112
41848 17179 8 85,39,53,10,19,109
28923 10449 8 21,194,211,21,55,117,102
12535 24617 8 41,116,48,130,129,141,12,27
18250 857 8 184,119,80,55,119,14,110,40
9833 10978 8 140,142,145,52,119,177
31426 9956 8 52,129,130,143,68,69,111,19
12106 26690 8 131,33,46,169,62,53
31302 35569 8 62,32,129,49,67,83,43,44
11376 33908 8 156,58,21,25,65,17,142,41
8946 27494 8 18,47,47,131,12
15507 18904 8 10,38,79
33847 42849 8 127,71,60
29414 3259 8 130,141,49,67,68
34712 40876 8 179,127,102,182
39831 41409 8 116,114
17624 42847 8 129,163
35043 763 8 51,140,18,40,49
18627 10159 8 28,118,93
6754 40665 8 24,49,20,54,169,67,169,109
15062 8602 8 120,49
22049 24706 8 48,28
38828 19099 8 19,128
41063 13989 8 130,185,78,103
45265 8686 8 129,119,21,58
37100 45087 8 132,19,136,87,211,62
30296 19496 8 183,104,68,118,31,145,47
44134 40778 8 60,117,130,118,185
4879 33451 8 82,146
33358 17533 8 82,58
12684 26804 8 59,109,49,63
39864 44627 8 116,178,129,20,62
28488 6241 8 136,129,62
10496 11939 8 98,111,135
34241 30460 8 185,57,78,18,160,182,48
10779 26093 8 145,21,102
6978 7396 8 149,44,41,120,129,141,38
19045 30662 8 66,79,48,137,10
41737 8620 8 102,15,182,20,142,116,53
11736 10155 8 50,49,185,66,108,112,119
22487 33003 8 129,185,12,44,84,97,81,129
17624 18565 8 66,182,54,35,30
30914 18119 8 15,64,114,19,142,48
15723 33278 8 59,182,52,36,85,113
4833 16730 8 38,51,136,63
17991 8654 8 6,91,108,130,113
44710 13259 8 59,144
27699 42831 8 104,61,83,78
35833 44177 8 156,156,10,58,185
31022 40725 8 105,87,57,79
31656 30339 8 149,106,12,143
15866 11948 8 111,50,117,113
45019 39935 8 96,96,104,19,60,144,18,106
26664 26136 8 22,102,68,32,41
17795 42434 8 144,143,79
10401 23608 8 21,65,53,44,178
27444 20876 8 95,110,40,62,18
31566 45016 8 83,106,163
26967 29985 8 184,46,36,19,118,82,130
8348 32535 8 83,17,43,131,17,185
15941 16423 8 112,35,42,66,49,30,179,29
29703 45077 8 119,179,136,134,140,130
35486 11084 8 75,60,129,45,149,152
44763 43719 8 28,118,25,85,63,118
19384 18462 8 42,129,12,55,160,82
38397 19297 8 83,56,198,169
32228 23083 8 84,204,42,113,40,62
26822 14650 8 114,149,104,18,120
517 20041 8 66,84,194,143
19126 23403 8 46,49,104,83,58,45
26346 26938 8 14,184,30
4026 39145 8 120,105,10,82,49,53,42,107
21425 39597 8 80,33,84,19,109,34
10735 24855 8 130,184
37206 30899 8 50,104,185,61,21,162
39877 44408 8 77,49,159,7,47,183,19,43
2865 5211 8 17,128,185,114,43,106,52,128
10335 14440 8 119,10,24
18506 6077 8 44,27,119
20598 39174 8 102,103,83
22954 42660 8 63,62,60,27,53,26
36063 35080 8 61,34,83,135,131,38,38,83
41163 23305 8 25,60,163,144,129
12097 40155 8 100,104,102,14,101,130
8995 7098 8 129,44
5919 44453 8 83,136
4549 12778 8 132,48,69,107,62,120,134,181
18322 39970 8 69,83,34,18
27798 881 8 85,111
20933 7826 8 7,64,31,56
21693 22370 8 142,87,62,56,44,65,169,83
14593 45231 8 119,109
20136 27165 8 211,119,156,7,47,169,54
18515 26742 8 36,194,69,66,63,19,156,182
43755 20727 8 106,128
5821 20652 8 60,25,19,19,63,29,127,67
20458 24653 8 21,39
44030 336 8 46,144,61,40,84,118,81,23
3422 40308 8 130,153,181,39,104,59,169
25262 42944 8 136,84,131,20,109,23,152,158
18194 32385 8 40,194,85,41,18
25833 40876 8 127,118,130,58,156,17,53,194
41441 14063 8 104,30,58,63,47,119,25,63
42040 31786 8 118,184,130,42,119
38566 10895 8 83,67,84,185,133,132,47,130
45295 30501 8 50,58,179,67
23465 19566 8 20,178,58,83,149
30332 8275 8 30,104,152,104,140,119,103
1186 3242 8 69,58,39,9,51,119
11555 37569 8 83,178,16,152
42791 12131 8 16,49,130,107,58
31177 20310 8 48,64,91,83,38,44
4 21319 8 66,169,91
3692 45167 8 15,80
2940 34935 8 61,85,59,58,60
14794 15555 8 119,95,9
23740 14539 8 9,117,82,185,63,102,63
38257 45138 8 101,26,139,35,184,120,104,59
23176 618 8 132,38,58,119
28069 41863 8 83,67,87,156,21,46,65,130
2773 7743 8 156,85,107,19,87
9845 12015 8 48,211,45,69,87
30455 30419 8 39,58,10,52,43,47,16
35188 22485 8 181,17,25,30,22,29,117
16478 7120 8 87,65
36147 45123 8 136,61
27660 35660 8 19,62
13378 23111 8 106,195
37053 18442 8 58,24,37,21
15310 8740 8 15,119,119,114,80,28,104,54
39735 37806 8 87,56,83,46
30308 22975 8 38,129,104,10,84,90,65,21
2838 31737 8 10,177,119
42553 4019 8 14,145,110,60,35,29,135
13836 21950 8 79,12
38334 20411 8 49,41,119,49,119,19,128
7014 22592 8 9,49,12,18,39,38
44387 24583 8 131,194,42,141,65
26298 36147 8 110,119,53
7141 40853 8 83,156,179,182,36
41610 16446 8 132,85,21,34
38000 12987 8 12,29,25
38726 17333 8 57,182,34,110
42364 31716 8 185,169,163
19415 40594 8 131,185,66,177,81,62,37,60
35677 15060 8 108,19,20,148,107,34,83
33053 9341 8 115,49,61,49
34572 11417 8 28,44,129,60
32360 11764 8 79,89,47,40,38,58
20878 27605 8 7,131,61
31984 5176 8 61,140,109,67,129,28,45,113
15107 40371 8 10,82,182,32,85,93
11538 4332 8 119,119,163,51,61,102,49
21532 7029 8 91,75,73,21,107
13341 38859 8 134,77,120,107,182,53,64,16
27927 109 8 119,152
41851 42370 8 182,18,48
13324 32223 8 163,54,34
24633 23406 8 182,194,81,111,40,140,24,141
20133 19640 8 216,115,33,48,68,85,18
11639 33368 8 42,102,79,17,91,42,156,111
25825 22493 8 68,109
35240 36326 8 32,50,154,17,107,21,62,36
43422 16085 8 131,100,44,117,120,7
43457 27117 8 101,16,15,63,83
4966 21989 8 110,18,40,157,181,85,82,104
23279 16103 8 185,61,101,81,42,17,21,185
13654 16751 8 88,38,56,115,41,54
45474 14791 8 45,114,131,106,37
7003 41903 8 160,91,58,43,23,63,33,85
33538 17928 8 60,12,183,58
34306 31767 8 111,58,41
21755 38660 8 135,134,178,91,61
22722 11750 8 61,66
27210 21735 8 85,162,50
2781 26854 8 113,36,183
21731 33484 8 135,183,35,129,40,129,102
44998 1286 8 63,52,85,57
15062 32459 8 182,111,26,46
36746 43300 8 8,112,40,138,64,129,55
36164 1594 8 85,163,68,104,141
4002 9961 8 53,84,194,26,10,10
21140 20253 8 47,169,163,49,181
30410 16983 8 119,16,30,194,48,18
7487 44160 8 163,113,81,108,49,100
20209 6825 8 103,51,104,60,144
314 12633 8 21,134,128,115,145
40062 11826 8 55,103,29,54,17,41,119,64
160 37213 8 29,9
30858 39620 8 136,30,129
14403 19596 8 22,31,185
9828 307 8 95,50,53,104
45661 7880 8 132,29,118,35,130,45,69,136
37939 15755 8 163,49,37
25369 40613 8 133,36,24,194,83
40173 38932 8 129,58,75,43,60,21,104,53
14204 11200 8 131,91,58,36,8,91,185
25083 5796 8 119,63,52,131,14,120,141,21
41023 97 8 144,58,135,58,50,181,104,185
5260 26939 8 34,181,48,135,57,110
32577 8529 8 26,48,61,23,38
30217 8325 8 66,156,49,19,162,9,52,99
31984 27952 8 46,91,19,103,146,114
43376 9600 8 185,109,144,47,27,47,117
24166 5535 8 56,43,48,116
10956 7263 8 136,49,46,20,211,128,101,91
9943 25157 8 45,184,104,64,131
37141 20405 8 24,136,18,39
29450 26392 8 45,118,20,49
40874 6548 8 129,30
43527 25772 8 181,53,133,112
3574 13753 8 48,128,16,48
22646 25536 8 101,62,140
8658 18400 8 108,51,37,8,132,61,33,14
22395 20040 8 49,163,106,131,30,116,129,85
24943 14193 8 136,107,91
8428 5641 8 104,141,63,108,120,41,136,109
13301 8159 8 62,105,109,18,10,37
45653 34346 8 61,48,49,48,160
5768 19282 8 67,114,101,167,149
12036 38988 8 44,48
28818 38686 8 185,194,66,25,23,156,79
41759 27138 8 68,48,58,115
2793 12103 8 130,35,130,30
24739 2965 8 182,68,29,58,20,10
24377 10484 8 103,63,67,58,58,142,78
28481 13451 8 18,53,45,112,130
11110 17712 8 49,134,45
37842 886 8 29,194
45516 40613 8 17,103,91,145,51,18
4533 31626 8 169,66,104,120,103,96,32
44605 6029 8 10,113,163
5332 23338 8 33,87,42,185,141
32096 12720 8 68,194,58
36920 38408 8 112,58,80
21744 32805 8 14,43,155,49,67,119
41006 34207 8 62,51,163,40,104,104,28,24
4351 6390 8 34,16,142,158,78,104
21594 39329 8 104,52,14,16,67,110,51,149
36636 28793 8 48,60,14,162
28478 39803 8 79,66,48,64
9520 16322 8 128,32,21,85,181
40799 16146 8 163,106,103,47,111,129
10838 43842 8 108,113,50,132,156,24,101,152
23778 28500 8 112,59,85,136,17,49,84
13537 13641 8 185,195,49,117,53,32,91,81
20146 35985 8 131,129,32
19181 23344 8 80,67,109
28388 33783 8 119,62
20440 26055 8 49,108,62,81,45,104,30
26372 11540 8 139,39,179,75,45,217
32137 25666 8 58,29,107
28885 37593 8 49,136,55,60,49
18299 3340 8 65,34,83
45436 37857 8 143,114,36
17041 33 8 30,7,9,102
19546 36103 8 29,22,55,116,21,112
43679 24102 8 49,25
33763 34283 8 66,39,49,65,118,120,60,91
8826 31455 8 81,82,46,182,133
12342 7726 8 49,114,131,85,23,8
11104 2132 8 10,66,53,146
38511 41201 8 115,30,181,82
1539 41269 8 20,8,37,118,49,48,42
25036 146 8 144,53
15539 28050 8 178,195,63,58,68,129,183,96
41789 13213 8 41,40,50,22,146
3720 18221 8 50,26,130,109,102,8,68
11415 17234 8 63,85,81
21214 31643 8 67,48,119,156,45,39,194
33712 2385 8 104,182,31,36,25,111,128
8386 14408 8 47,29,11,134,52,22,107
20939 17239 8 60,83,194,129,102
9512 44274 8 17,35,81,136,30,10,111,183
24808 28215 8 163,23,65,184,65
41710 26530 8 51,44,85,117
7828 6830 8 109,18,15,58,58,129,101,84
8971 17083 8 62,132,182,119,63,64,54
17260 15603 8 34,62,139
588 29022 8 19,55,28,119,14,152,131
6050 18545 8 119,41
38899 9205 8 29,120
26125 38072 8 103,119,57,133,111,179
17323 38755 8 135,58,57,29,217,169,61,60
223 13608 8 48,163,149,179,83
37872 40544 8 47,129,62,9,129
37924 5701 8 58,120,12,91,194,25,108,184
32183 11411 8 28,60,185,61,103,61
28616 18581 8 85,28,129
19256 39540 8 62,24,141,21,115,57,63
38823 29504 8 22,19
30816 32046 8 37,18,79,119,60
44704 45461 8 59,169,184,18,53
4708 8472 8 91,10,111
37480 43670 8 49,22,10,184,20,29,19,15
42432 39757 8 115,62,44,46,142
16513 22269 8 50,117
2275 28394 8 59,104,83,33,116,83
21216 34559 8 114,128
39621 2632 8 49,116,56,85,84,19,133,60
43686 11023 8 15,130,29,120,37
11879 36297 8 131,184,43,48,101
40092 3539 8 52,53,133,67,104,58
36649 7212 8 58,15,113,109,10,61
22648 34078 8 160,21,211,169
44866 3895 8 48,130,26,14,37,39,44,54
22435 34223 8 7,82,129
7023 40592 8 179,179,114,64,85
15548 39738 8 85,130,105,109,58,62
14261 10099 8 34,60,216,115,49,83,27
36363 2748 8 15,65,80,194,82,42
1060 16522 8 81,91,104,40,9,65,39
12740 24946 8 116,134
14256 16355 8 119,76,110,44,130,104,128,106
4216 32654 8 84,87,114,19,19
12581 13758 8 132,85,35,185,119
22056 41422 8 9,59,85,151
13916 38676 8 85,179,18,44
17401 15626 8 146,134,84
7141 5811 8 85,48,194,34,41,37,63
4192 16489 8 141,185,103,57,119
18726 19439 8 33,25,41,58,134
35880 9529 8 63,129,195,132,47
29130 26421 8 49,15
1344 43512 8 83,91,163,63,95
21640 39298 8 117,54,38,65,66
42214 42395 8 101,120
9315 17767 8 18,82,145,42,42,117,51,181
13047 11699 8 118,115,54,83,91,17,28,104
2835 42804 8 49,181,156
26070 14189 8 130,48,119
9562 3818 8 109,35,114,65
25311 26541 8 63,49,63,128,15
6096 34523 8 57,58,9,61,119,46
26403 16694 8 83,83,35,114,139,216,142,116
18628 15813 8 100,27
29519 32943 8 177,58,85
32301 44385 8 19,9,49,10,98,149,67
4136 19111 8 179,61,185,36,91,68,129,19
38835 39598 8 66,19,15,82,8,62,146,163
43717 22228 8 69,42,20,9,57,134,96
28539 9751 8 10,60
17448 28997 8 58,143,67
24871 24742 8 117,55,23,156,50,65,113
14788 30150 8 32,156
30620 38868 8 81,149,67,20,10,48,49,47
5211 3770 8 108,162,152,182,169,83
20595 16187 8 38,143,129,131,60,65,10,112
44046 38182 8 14,91,34,96,85,16,114
28852 22173 8 65,23,58,103,119,30,178
23327 30353 8 49,10,101
31985 41034 8 184,81,111,66,62,58
32280 42268 8 115,100
30314 39672 8 21,43,48,156,61,23,62,163
32385 1758 8 181,49,64,30,20,129
6735 35600 8 83,129,109,10,216,83,115,142
21673 17484 8 12,52
35704 17741 8 16,91,49,8,62,49
6990 23050 8 25,145,29,65,39,56,120
146 43391 8 7,40,49,25,101,19
13704 14285 8 29,45,111,36,129,49
43788 6120 8 44,53,25,75
33750 2243 8 209,32,17
12028 27462 8 16,9
25228 37636 8 23,159,104,105,60,41,117,178
38583 13516 8 103,78,14,178,178,179
10645 28918 8 58,84,65,53,42
43878 18621 8 19,142,29,51,20,182,81,47
43392 3142 8 102,51,128,144,132,64,104,28
5375 14137 8 129,132,136,53,36,19,128,113
23343 11424 8 142,33,65,16,130,16,34,178
38002 40759 8 136,61,21,131,34,129,50
674 21034 8 61,119,58,101,66,136,39,34
17556 17842 8 130,32,46,142,28,129
42709 30966 8 104,31,163
20854 4916 8 104,44,69,18,62,185,23
34581 8676 8 99,46,47,156,41
38289 32878 8 185,118
33405 18902 8 135,25
20146 9989 8 129,51,128,177,87,65
37425 31294 8 53,61
20510 21554 8 115,48,21,104,43
3555 34067 8 81,49,10,181
1662 43043 8 64,59,29,20,22,131,117,108
13111 17419 8 102,81,51,12
38830 4652 8 23,53,44,194,184,50,10
17856 14768 8 60,33,82
16327 406 8 67,79,60,35
37712 7437 8 132,21,129,41
26755 36090 8 58,61,24,58,194,15
11754 11160 8 17,48,85
25096 31813 8 88,61,117,185,58,132,114,83
30133 32449 8 153,8,48,85,119,90,162
14203 17476 8 45,19,25,48,21
33501 33088 8 29,185,39,109
1738 7628 8 185,100,48,162,109,68,19
10096 38754 8 110,57
39381 34757 8 112,101,194
32133 18133 8 45,184,81,50,195,22
32349 10937 8 120,117
35113 7251 8 185,20,91
3124 22115 8 12,169,53,40,82
34906 7856 8 211,22,67,130,72
26923 3161 8 55,48,8,12,65,46
28181 14564 8 66,104,107,55
36727 38166 8 91,53,104
29826 21556 8 12,129,85,170,49,83,85,107
30200 29777 8 181,63,162,20
16218 2131 8 35,185,180,10
23053 16469 8 100,179,19,20,81
34787 28937 8 179,21,42,61,58,69,103
23322 30694 8 56,85,143,7,140,129,43,50
42840 40806 8 108,51
42731 18332 8 130,16,114,110
33298 23960 8 129,44,54,185,15,112,21
3159 11842 8 16,103,108,82
25859 26756 8 66,32,8,20,66
7687 26831 8 85,91,51,10,103,85,14,37
31100 41643 8 47,57,63
22671 23701 8 149,106,20
38317 20935 8 179,65,21,63,142,118,104,44
13530 39553 8 58,118,19,37,68
32610 17023 8 184,181,102,21,22,18
180 38954 8 49,67,81
30974 13161 8 169,61
11613 12531 8 53,102,169,18,127,178,66,20
26523 32011 8 66,18,129,65,51,115,40,69
42502 20286 8 54,72,149,111,40,63
39975 23664 8 58,9
28722 963 8 101,54,62
34340 31115 8 129,142,177,19,64,21,53,56
13986 7797 8 181,20,61,54,104,149,182
17389 24485 8 48,126,7,162,84,44,104,62
32375 29409 8 101,103,22,119,110,18,44,48
25003 312 8 18,62
547 20228 8 8,8,21,102,44,17,162
38914 45565 8 45,119,119,63
9934 14632 8 87,182,77,10,65,108,49
34818 34757 8 12,108
13669 36334 8 67,7,102,32,96
30758 155 8 104,84,18,35,20,54,59
39677 30211 8 9,59,44,182,83
4580 26292 8 48,96,63,101,83,37,10
19891 3786 8 118,154,10,161
27573 24120 8 63,60,185,65
30054 29871 8 12,37,120,157,12,184,115,47
38986 29215 8 15,59,60,104,184
3260 33856 8 118,96,104,82
11690 14092 8 185,34,19,57,115,33,49,25
35004 40081 8 67,10,110
23828 4113 8 68,69
35729 37207 8 183,67
33605 28564 8 50,20
19406 12405 8 12,81
7396 43972 8 104,104,104,159,129,181
22054 13259 8 21,83,119,85
27957 829 8 185,119
3638 8275 8 10,184,184,16,16
13494 24510 8 22,114
30792 44591 8 83,33,65,68
11930 28004 8 181,146,83,160,59,112,58
39211 17208 8 64,129,144,117,102,149,110,83
4956 17142 8 61,18,119
4587 12356 8 22,19,60,48,95,58
14128 35155 8 120,119,49,33,25,55,179
6329 43948 8 42,85,39,50
8872 15236 8 78,22
11707 39821 8 185,48,54,60
40626 10390 8 18,132,52,131,96,23
13300 24927 8 53,104,151,20,129,184
23437 17445 8 108,78,178,10
38858 42360 8 24,194,109,62,24,43
1451 8434 8 15,120,141,100,14,49,27
30107 5488 8 81,20,24,117,119
18153 21144 8 21,21,116,83,63,58
842 34326 8 130,60,135,53,65,178,112,102
6389 41123 8 59,106,79
4963 18690 8 115,178
7715 37680 8 81,21,61
30214 13301 8 179,39,83,185,64,51
31590 40539 8 129,59,178,111
44190 2621 8 82,104,68,54,116,58,145,39
28265 16718 8 58,61,141,43
36282 7730 8 163,162,85,49,19,18
45644 3356 8 64,64,69
43814 42992 8 113,20,120,49,106,62
37617 26934 8 10,65,101,129,182,69,109,142
38707 25752 8 185,49,169,61,44,156
43386 22007 8 58,14,119,163
23700 35291 8 117,53,17,33,12,111
9129 26757 8 19,63
5695 7836 8 135,59,83,20,61,23
30894 18897 8 85,117
9127 41836 8 40,107,103,20,84,48
36161 794 8 119,16
34521 28800 8 57,119,109,12,65,163,139
35687 4696 8 54,112,113
22764 27897 8 90,100,115,63,62,47,41,61
12722 10293 8 46,87,55,47,9,111,184
28370 17969 8 109,61,22,149,65,41,61,84
4098 15971 8 63,156,118
12065 4334 8 29,110
12364 21022 8 111,83
3826 16389 8 60,15
11121 35405 8 85,67,60,46,83,22,115,85
9382 35634 8 119,12,29,19,36,110
10687 8520 8 32,26,91,131,140,35,131
29032 20456 8 116,50,140,103,10,140
43490 21366 8 80,48,34,80,130
2406 45676 8 106,19,36,185,20,19,53,91
8895 2684 8 8,87,120,21,47
35942 22247 8 16,9,117,59,16,64,51
4732 31725 8 107,84,136,44,58,49,135
25829 6597 8 109,104,61,48,62
42922 45479 8 20,179,76,57
45772 44951 8 28,132,129,18,85,49,182
12091 7628 8 83,65,58,184,21
25436 9282 8 163,62,103,169,9,76,80
38522 4046 8 84,17,102,63
36768 4202 8 48,29,8,51,64
38429 23322 8 68,179,118,55
18923 30239 8 55,53
17120 4880 8 28,17,38,163
45667 5296 8 63,58,32,27
5460 5226 8 49,159,18,69
31494 36397 8 141,104,41,53,136,50
4989 10549 8 55,19,9,52
43759 8287 8 129,102,35,46,62,10,81,49
43878 5068 8 110,129,131,83,130,64
40996 16790 8 68,91,58,47,8,85
22974 17574 8 49,7,201,181,194,63,22
33964 2894 8 84,155,104
35680 42200 8 87,9,65
12531 8620 8 163,129,178,14
44060 11083 8 81,49,42,178,23,120,41,30
14249 27549 8 64,36
19930 9289 8 36,87,103,149,78,23,43,140
3570 24155 8 110,37,139,17,49,36,118
8625 21370 8 69,179,102,119,120
31731 42023 8 112,58,58
33593 41673 8 53,166,132
9505 26132 8 69,110,133,108
393 25362 8 21,33,30,119,102,179
24831 44872 8 98,49,29,107,178,63
22852 17301 8 18,19,58
22035 39914 8 44,82,141
25996 16442 8 132,9,185,129,60
31879 34704 8 119,53,49,29,8,38,24,36
26982 2331 8 69,111,152,43
16732 5306 8 149,112,129,146
13803 24468 8 39,109,112
27901 2092 8 146,114,119,104,44
23719 1529 8 65,130,85,152,59,84,53,29
34059 28499 8 27,31,81,50
10804 43799 8 25,104,83,45,162,50,23
19916 22046 8 185,100,31,163,85,84,61,151
10847 14860 8 185,178,129,27,7
9856 14837 8 182,10,129,47,181,59
7049 14449 8 99,85,60,156,119
20575 34325 8 84,101,80,113,181,60
582 28424 8 118,83,66,129,112
35909 34497 8 59,134,62,182,83,52,23
29840 668 8 83,21,144,19,61
23093 28115 8 101,19,110
37179 12474 8 56,27,62,6,54,46,34,149
42457 44778 8 142,37,169,32,185,194,43,63
19104 28081 8 163,23,51,163,54,15,12
21046 14299 8 51,104,104,91,119
20970 22000 8 24,53
8027 23832 8 91,58,115,18,53,79
30004 14045 8 155,85,120,83,68
36084 45044 8 162,38,184,142,63,40,142
14391 5562 8 50,19
40195 41313 8 82,59,101,60,67,64,110,54
41965 8900 8 7,20,42,49,129,14,100,69
8813 38914 8 63,178,22,45,156,18
21899 16171 8 50,16,193
8906 32387 8 10,185,50,118
40854 6863 8 63,142,117,21,61,32
18766 9398 8 149,104
43579 335 8 19,140,118,130,34,119
41032 26665 8 49,55,63
1153 2267 8 128,46,61,129
9854 7772 8 129,16,120,47,69,104,84,58
37333 12226 8 18,178
33177 14361 8 140,36
34154 27124 8 56,48,146,129,30,20
15483 34480 8 96,138,107,108,12,129,135
32784 39506 8 119,8,60,58,119,140,103,91
21892 10999 8 49,142,133,112,149,84,52
7884 39725 8 204,194,51,58,176,61
18913 31691 8 104,58,32,143,22
45569 39321 8 159,35,119,114,185
22492 21009 8 25,114,37,83,85,113,10
40151 22561 8 20,39,18,21,104,58,44
22742 2586 8 18,134,63,194,10
34294 44742 8 83,81
1240 18591 8 60,184,116,61,128,13,55,8
26969 30703 8 38,36,156
3272 14367 8 24,66,82,101
25709 11282 8 7,129
21261 29119 8 119,61,27,128,185,21,178
31445 19760 8 59,46
42550 28914 8 61,82,100,13,47,156
38440 8060 8 117,53,38,112,45,104,102
28776 21879 8 48,163,114,17
9646 20216 8 184,87,10,106,60,142,59,63
24761 1832 8 62,60,44,144
42159 38662 8 49,53
42334 13790 8 94,143,65
27852 7528 8 182,63,64,185
8610 31232 8 98,104,132,82,95,120,49,116
12771 36039 8 53,18,9,81,116,152,29,185
31736 44478 8 10,52,120,158,138,102,50,14
30422 12721 8 69,68,118,48,87,58
17367 6877 8 101,58,182,28,134,18,126,18
187 21077 8 35,20,9,104,61,150
2701 13060 8 19,24,119,131
195 32253 8 62,25,26,30,87,106
26223 26500 8 55,22,116
30628 28766 8 210,87,116
25745 2290 8 68,131,36,35,120,46,36,109
13354 39376 8 45,47
38985 29143 8 21,49
27128 1105 8 105,26,17
5165 8471 8 112,58,78,83,104,65,39,69
41143 31085 8 169,184,49,44
14852 45457 8 102,110,29,37,38
10283 43556 8 8,87,48
42204 26979 8 51,24,61,59,83,181,10
7834 37615 8 49,133,136
20554 26914 8 194,23,19,83,16,104,30
6714 22544 8 83,92,129,62
14943 20133 8 64,35,156,7
13308 1752 8 7,115,25,104,84,82,178,83
18531 36385 8 31,12,132,163,102,26
40024 42816 8 185,168
30479 19934 8 46,195
26917 10070 8 17,49,9,91,55,42
27521 39398 8 154,59,14,41,152,185,169,112
16348 25921 8 136,83,112,146
31192 23221 8 185,109,83
18926 12230 8 115,107
3176 43166 8 7,48,83,179
16237 15796 8 9,163,204,87,69,66
40838 33345 8 21,156,49,134,133
3529 36773 8 48,18,87,53,130,181
34140 381 8 120,30
43984 39258 8 185,61,16,20,67,65,66
14700 33948 8 130,49
39154 835 8 67,62,80,62
14527 38864 8 25,58,129
13861 26778 8 185,179,40,34,67,109
19164 544 8 58,12,182,182,178,83,105
24133 4908 8 128,120,49,62,169,45,63
32168 41340 8 185,64,56,29,85
35745 24680 8 83,49,104,50
6497 5675 8 179,39,57,104,185
44954 32462 8 101,105,24
14855 15483 8 64,114,20
40556 6334 8 20,54,99
15385 9964 8 7,103,58,129,191
27919 37801 8 36,9,64
28952 5106 8 58,28,58
15429 14851 8 45,69,63
2120 30582 8 59,9,59,119
36837 35063 8 144,63,134,53,47,194,53,25
26373 36535 8 44,56,194
37519 13232 8 55,63
33080 26933 8 66,162,63,49,163,51,65,62
6829 34814 8 216,163,32,69,169
37428 32132 8 129,83,160,81,112,87,65
20528 20702 8 115,101,83,118,185,104,159
44031 30772 8 58,19,105,87
36732 24779 8 32,134,152
578 28638 8 80,179
43458 3038 8 53,106,104,88,84,53,120
18061 13963 8 57,142,81,48,149,184,108
37702 37004 8 42,110,83
25492 15463 8 48,67,185
3828 44252 8 130,59,58,120,55,136,185
511 1629 8 20,19,76,44,156,179,47,169
38659 43122 8 118,18,28,28,91,50
33380 40327 8 23,194,20,22,79,114,83,195
30467 11972 8 62,49,52
35627 939 8 65,85,15,64,8,117
29353 22802 8 45,19,179
9662 7800 8 85,105,152,104,10,48
33086 21719 8 83,127
21197 29141 8 43,131,108,110,112,185
44204 30904 8 26,51,88,23,118
38422 7244 8 131,54,16,109,62,38,38
41179 35021 8 27,29,37,113
42915 25309 8 210,213,129
13574 32387 8 116,105
18387 43906 8 82,87
40305 24269 8 145,119,130,91,41
37634 30997 8 162,119
32024 32150 8 25,178
40122 43912 8 29,10,104,158,24,120,179,130
3855 7274 8 63,169
43427 21542 8 113,20,63,163
30293 13867 8 39,49,101,85
40312 38059 8 104,49,59,183,61,177
13455 27940 8 104,104,129,57,68,169,20
16214 10064 8 29,60,39,129,37,129
26436 20421 8 23,106,110,101
27772 11583 8 156,33,105,8,33,104,136
2606 41530 8 56,39,135,35,111,65
14541 6748 8 194,9,60,129,103,82,45
30686 20495 8 108,54,165,83,181
10814 29303 8 104,61,36
14206 27433 8 57,48,46
35007 9202 8 102,156,45,110
29344 14797 8 105,19,104,84
5041 14614 8 9,87,135,30,103,130,103,119
4769 43586 8 132,65,81,130,21,31,43,63
8620 30045 8 14,45
12720 25586 8 210,143,85,63
17400 21598 8 7,91,80,58,32,40
36219 15762 8 50,58
20769 19278 8 108,49
20540 6472 8 163,129
8984 10911 8 48,91,22,43,102
41982 38904 8 62,129,57,81,62,185,117,20
41707 17879 8 163,136,10,24,113,44
20080 30432 8 61,19,63,200,163,47
34678 44171 8 132,21,108,129,91
10365 36544 8 16,69
25683 40084 8 104,65,77
34362 13900 8 25,58,58,41
40835 7441 8 29,106
201 11458 8 110,59,144,163,27,120,81
22710 14582 8 61,146,102,129,63,105,184
22150 31497 8 191,19,115,10,156,30,9
29343 530 8 194,111
9590 18853 8 120,58,117,30,141,132,83,102
39043 11521 8 44,20
23486 2161 8 67,25,109,85,143,87,91,58
27034 21816 8 131,106,105
18515 12599 8 115,149,10,27,85,63
9596 44213 8 45,134,7,61,63,91,113
21516 11422 8 38,54,146
36040 15377 8 25,130
2789 41528 8 47,62
18256 35658 8 104,119,8,63,192,130,156,41
39026 37597 8 83,30,120,159,81,146,118,190
38099 44187 8 119,62
26243 43315 8 10,135,83,57,62,85,81,68
7326 12566 8 184,101,34,69,48,144,65,14
25226 19534 8 112,35,38,63,179,83,184
24295 15816 8 9,17,68,12,68,132,43
22750 17974 8 132,37,149,45,139,7,112,185
7530 14001 8 110,120,87,103
41583 8575 8 45,91,131,119,78,103,129,46
29008 10719 8 102,15
40770 15206 8 20,16,68,111
40639 43294 8 24,51,194,78,118
4527 18958 8 111,185,17,85,182,53,62
4869 2227 8 83,27,58,41,110,85,27
15176 16140 8 21,83,51,18,15,54
41547 39488 8 116,56,51,146,35,79,58
21207 24776 8 61,44
16261 31902 8 35,45,104,112,76,134,23,222
34275 37359 8 169,49,52,157,87,105,118,117
14700 39969 8 24,96,55
16647 17412 8 178,49,128
21398 13430 8 103,83,104,108,14,184,111
16344 26270 8 59,91,52
16098 33132 8 54,61
32242 40425 8 76,44,178,61,149,60
29721 42017 8 57,35
40556 32287 8 9,10,51,113,48
6763 6967 8 119,63
19607 15169 8 83,81,56,14,131,44,129,35
14630 79 8 19,39,10,68
31173 8682 8 43,30,46,146,84,66,120,27
28993 12347 8 41,114,142,100
4174 17302 8 54,41,14,29,132
19295 43268 8 19,119,67,58,81
30432 13111 8 85,21,182,64,45
29381 21109 8 143,58,18,163,129,7,180
40051 43302 8 136,149,120,25,129
34976 3932 8 68,119,102,22
42454 5053 8 104,64,7,83
42605 30060 8 36,140,169
26388 23715 8 82,194,69,68,102
34887 43472 8 65,38,83,135,51,149,93
18312 2543 8 105,104,49,19,106,131,83,192
3201 15841 8 83,17,134,179,30,53
22454 19474 8 50,63,110,31,49,34,116,50
29738 32304 8 100,17,134,156,62,85,151,20
44922 42210 8 104,85
34124 16241 8 48,50,185,81,63
16822 31904 8 20,44,85,90,16,57,145
9042 15605 8 131,131
21889 35865 8 20,33,104,21,101,146
8248 36668 8 115,107
29165 22102 8 84,108,53,55,136,182
39977 5009 8 110,83,61,136,41,128,182
38013 1027 8 83,41,55,85
27353 7246 8 130,48,185,16,119
21601 31415 8 53,119,48,181
8568 19497 8 163,103,41,10,33,16,152,78
37454 19392 8 50,62,46,163,116
6985 43259 8 194,178,179,20,30,22
19118 28985 8 156,102,183
5882 25229 8 117,56,129,83,52,50,30,106
40730 35840 8 44,18,118,146,136,212
11964 15670 8 194,109,129,116,112,114
659 33914 8 65,9,82,112,64,69
27184 36049 8 141,67,211,19,179,83,211
37991 20835 8 18,12,57,162,48,14
4380 24548 8 182,117,20,140,120,112,61
35073 38318 8 183,104,104,103,216,185,156,112
28992 17464 8 12,18
33219 15791 8 96,85,19,19,116
4722 37411 8 22,156,36,17,60,7,10,56
36720 23627 8 22,20,157
1277 33883 8 25,65
12352 17753 8 112,60,110,16,65,184,119,179
23015 22160 8 162,185,111,104,144,75
20263 1299 8 17,35,63,152,10
21920 688 8 81,156,58,129,63
45468 1728 8 94,6,58,52,59,40
15909 8337 8 103,18,49,118,183,56
3880 32909 8 91,85,10
38169 38340 8 44,106,14,22,104,135,37
8857 44421 8 26,184
11970 9845 8 8,103,52
43788 17614 8 59,63,152,60,38,37,65,48
18700 22459 8 58,117,152,194,104,58,51,115
27305 9453 8 64,109,152,56,91,63,81
36700 31437 8 103,91,30,83,20
42993 8129 8 7,24,82,83,65,102,156,120
10826 8300 8 110,96
30200 25220 8 9,107,60,101,130,21
11506 45445 8 141,91,30,37,62,162,58,181
3522 21027 8 17,49,132
41178 19084 8 103,112,109,108
30061 17146 8 48,104,118,63,132,38
27584 22264 8 135,33
11597 38610 8 60,50,48,41,39,116,119
27233 31518 8 112,162,9,17
13375 1029 8 184,194,184,20,129
36750 43672 8 25,182,15
13652 15108 8 119,136,194,22,45
9656 45216 8 24,129,53
298 3151 8 52,68,106,51
13790 27325 8 58,108,111,43,129
6457 28718 8 114,57,66
27232 9404 8 9,37,146,158,21,56,22
44783 22607 8 61,100,127,136,129
7085 6899 8 36,118,53,39,87,17
13779 29781 8 83,107,103,29,185,81
39028 4579 8 48,87,35,104,40,44,19,129
9595 2170 8 49,7,59,53,80,129,53
34639 17712 8 183,83,100,15,184
45001 21301 8 47,60,136,185,17,119,89
40926 17229 8 53,82,45,104,20,49
22646 8985 8 16,59,42,58,34
40294 27371 8 108,105,35,129,67,62,39,103
5908 3329 8 104,120,38,184,67,52
17452 13381 8 17,132
8883 20229 8 100,46
33307 34051 8 34,78,106,96,63,109
20779 21345 8 27,101
37532 13360 8 83,185,142,42,54,9
38791 45602 8 36,84,184,120,113,51
27175 14485 8 83,163,85,20,129,45
10403 44944 8 108,201
4321 32382 8 115,34,130,33,108,60
16866 15946 8 32,136,142,21,85,56
39532 1620 8 12,61,176,49,57,21
31404 1919 8 47,119
41130 10515 8 85,103
8759 38794 8 129,83,108
35932 24984 8 17,110,53,38,52,61,144,140
18214 2226 8 47,85,91,45
23998 1532 8 156,64,110,81,120,90,15,18
2617 17975 8 48,19,85,63,49,106,145
34986 10005 8 115,129,117,94
2781 22995 8 146,49,115,153,8,29,116,132
9611 12084 8 63,61,44,81,68
33022 7998 8 45,28,93
1277 39015 8 36,39,10,7,59,106,9
25825 5847 8 127,79,20,118,119,59,195,66
26787 17371 8 59,22,104,55,43
13690 8784 8 19,21,136,58,54,25,62
24714 16386 8 142,115,114,27,41,181,178
43878 9050 8 39,104,145,169
18419 5943 8 28,85,79,17
29 6141 8 210,102,113
6057 45625 8 104,131,105,177,66
11753 42317 8 83,20,102,194,57
36865 25535 8 20,194,59,116
33895 13693 8 41,131,49,38,68
798 5178 8 35,179,129
14536 23077 8 85,35,32,69,20
19619 25344 8 40,178,104,26
16233 22374 8 63,129,129,49,101,83,143,129
10937 22617 8 106,104,91,130,51,151
43802 18572 8 10,50
26081 21780 8 68,67,22,48,156,15,93
3974 13094 8 185,146,87,129,62,25,120
5372 9949 8 60,67,106,19,177,135,14,83
3669 7781 8 49,43,65,116
699 30234 8 204,184,43,31,25,40
14210 14218 8 169,109,185,194,44
19185 33418 8 91,65,49,37,194
43439 28505 8 7,81
34166 3279 8 53,101,131,146,87,18,29
43080 17789 8 81,17,29,113,45
42797 6262 8 163,91,111
2000 41126 8 47,185,21,20,68
2118 10058 8 35,81
26812 7503 8 102,118,130,49,16,49,81
14708 4910 8 31,32,14
33521 2475 8 9,40,48,169,119,178
18586 16777 8 45,103,83,17
23064 20823 8 146,132,84,18,28,45
14485 6032 8 21,85,60,113,103,41
36237 35366 8 135,184,48,39,184,60,210
38331 23621 8 21,51
12599 4920 8 26,132,80
3455 10750 8 119,12
8238 27316 8 15,32,20,216,62,141,67
12765 2454 8 108,57,183,184
7690 43503 8 49,38,48,131,108
22809 36548 8 33,152,58,52,110,16,95
35137 17551 8 49,15,185,78
35081 43207 8 104,95,132,44
17078 9430 8 85,51,133,162
45277 15692 8 77,29,21,51
11367 21668 8 114,19,64,194,178
10117 1841 8 81,129,182
26109 30913 8 17,76,64,49,79,185,59,85
11143 40787 8 30,136,59,22,185
39016 32695 8 118,62
28850 29190 8 120,106,96,119,160
4923 1337 8 119,145
28704 38631 8 146,54,83,146,64,24
42079 2058 8 60,62,47,81,65,26
20259 30325 8 117,9,109,108,185
28629 8967 8 182,103,42
13999 332 8 126,61
25848 18921 8 104,44,49,179,67,17,37
44953 34343 8 163,12,53,28,120,67,15,61
23651 32394 8 60,54,68,103,185,48
17494 34259 8 163,62,189,66,82,48,58,18
14151 17106 8 39,63,211,181,67,30
26895 27651 8 37,104,104,112
17668 6035 8 30,33,19,182,144,48
15666 25070 8 152,99,31,19,149
45055 36451 8 156,110
16691 21615 8 83,185,25,20,61,32,162,163
33665 18264 8 149,49,40,21
41567 34741 8 84,47
33052 42142 8 46,55,194,12
15937 23614 8 62,118,177,102,83
10337 26200 8 53,10,136,49,109,178,45
35761 37630 8 129,66,84,20,17,53
20086 2511 8 55,62,104,40
31843 41898 8 51,185,81,177,193
28418 24483 8 25,20,40,169,20,109,85
25496 6130 8 118,160,51,46,27,129
24847 521 8 14,63,42,152,78,47,9
30993 16709 8 14,49,163
11250 10003 8 183,46,128
24989 21212 8 81,113,48,33,113,60
8296 12909 8 135,63,24,65,108
26391 1333 8 130,109,47,32,53,181
9990 19729 8 26,17,83,68
2838 17954 8 38,129,113,36,102,143
45511 38393 8 179,48,27,179,52,23,68
4363 17057 8 128,101,129,93,85
42501 40973 8 110,52,103
16980 36981 8 114,184,60,17,185,157
14093 10311 8 56,112
5865 10643 8 109,19,58,35,45,17,42
18055 7712 8 144,133,210,101,65,58,49
5328 15293 8 104,144,106,68,132,58,91
16178 18710 8 185,9,129,58,83,83,18,22
3899 15991 8 90,10,38,84,146,19,20,58
36428 41063 8 87,62,64,58,58,47
36337 38590 8 42,21,157,108
12427 39739 8 104,18
38117 28348 8 24,52,60,8
42691 12025 8 64,115,91,109,91,184,39
26177 41725 8 21,145,19
3223 34106 8 57,58,83,151,22
1189 22512 8 65,110,179,138
43138 38723 8 50,149,62,31
43962 8195 8 40,46,100,19,19,52
38649 21714 8 46,26,25,107,43,55
29792 42553 8 42,107,131
41400 5019 8 107,117,25,49
29885 33959 8 24,10,62,64,28
13579 31812 8 144,58,91,67,179,43
24798 10196 8 78,45,22,163,169,34,30,49
1277 31128 8 119,48,68,58,61,129,194,47
13397 42746 8 41,104,104,23,110,118,169,178
38680 30824 8 129,49,111,62,20,89,44,104
42760 29644 8 29,129,9,46,83,84,51,23
14169 6836 8 85,84,119,130,81,104,117,48
3467 38039 8 162,21,66,135,14,60,104,179
29816 16762 8 68,120,46
32924 22738 8 135,129,64,60,48,39,17
1661 23363 8 129,35
23626 18686 8 144,84,194,185,10
35025 39169 8 103,40,185
21575 21789 8 151,13,58,64,19,83
39528 41634 8 194,18,41,185
30613 11252 8 149,68,139,55,26,31,35
42868 9490 8 64,39,195,55,15,154,109
15882 25969 8 131,49,68,111,62,105
12946 40572 8 117,48,56,116,46,184,58
27942 28427 8 21,113,49,112,33
10231 800 8 120,131,82,47,149,116,184,9
35399 526 8 40,47,49,102,134,144,62,25
32812 30217 8 61,102
33835 26911 8 136,117,46,185,83
7131 4607 8 20,129,21,48,35,49,8,44
1097 8623 8 19,10,144,107,64
11461 32486 8 111,104,85,109,30,46,184
4126 7064 8 62,68,118,143,12
8069 44672 8 87,48,47,41,48
7163 7272 8 36,179,46,116
36576 13071 8 131,16,179,20,9,83,107
25780 18983 8 62,179,185
35472 37609 8 8,178
2495 33390 8 185,45,64,51,132,83,7
6152 35914 8 38,66,18,103,35,104,21,38
12082 24384 8 139,93,38,48,18,49,21
9251 30384 8 103,30
39351 13581 8 20,47,48,7
32657 12699 8 81,65,46
4519 5272 8 163,132,194,83,85
27060 11239 8 129,90
20348 45071 8 59,141,179
18971 32863 8 181,102,119,22,21
33396 16574 8 18,119,44,48,39,178,8,116
27254 37213 8 61,52,19,48,195,41
9916 37537 8 9,40,49,185,58
9030 22853 8 185,24,103
26136 12938 8 129,169,181,118,57,100
41628 6039 8 185,12,19,65
11371 30161 8 113,104,194,141
32600 25688 8 51,113,144,13
36032 31615 8 113,65
11396 7593 8 25,114,14,144
26167 23842 8 48,42,91
31527 30392 8 25,102,140,83,48
37305 14327 8 18,100,83,128,40,63,10,140
6290 17590 8 8,59,179,14,28,160
26612 20413 8 16,29
36705 39372 8 30,60,129,112,128,63,84,53
43299 4240 8 17,63,52,7,61,106
9131 15800 8 18,58,104,63,48
20645 45738 8 185,144
7595 30380 8 152,194,53,59,9,115
14082 43667 8 17,24,107,50,59,81
18626 11196 8 104,62,200,211,82,112
26208 5000 8 45,63,35
6200 40666 8 83,103,41,96,53
3729 10377 8 33,55,146,110,58,31
35564 22557 8 48,140,111,18,81
30632 19540 8 162,63,73,102
17245 5143 8 102,83,103,83,120,56
14424 43599 8 162,18,119,117,40,90,26
8758 10304 8 185,9,60,29,29,200,83,140
36792 19996 8 18,184
2391 41677 8 111,79,8,30,69,16,185
41904 44796 8 27,111,41,177,113,194,87,194
40549 16268 8 58,80,107,21,114
26322 10741 8 61,107,141,111,128,80,64
13286 14237 8 136,103,56,69
6005 39956 8 29,162
14407 45327 8 55,31,91,40
37095 45242 8 113,119,47,119
28853 41867 8 58,179,146,22,146,18,141,111
45358 4196 8 9,36
29672 25714 8 156,52,128,184,39,144,67,44
34793 4417 8 38,151,63
7755 26331 8 134,185
8887 43984 8 23,58,195,28,16,108,53,55
1407 2827 8 46,53,53,93
23793 2677 8 28,49,130
34330 42403 8 43,66,144,110,129,65,53,38
37507 26898 8 119,40,169,119,114
20769 29910 8 59,10,101,14,18
30841 12735 8 22,184,182,22,20,100,83
39450 1153 8 106,130,21,66,81
12530 35035 8 20,99,22,163,104
5774 43093 8 28,23,120,58,45,47,68,183
37142 42634 8 87,17,185,42
13087 18756 8 115,216,81,17,128,44,119,112
23573 24977 8 56,54,144,10,156,129,14
42673 33720 8 129,53
7003 45238 8 169,62,58,85,58,20
9856 3246 8 129,104
30115 21961 8 8,113,120,116
38048 29048 8 91,53,119
18480 38415 8 53,119,105
24911 17288 8 46,14,40,113,120,159,19
35336 1882 8 102,27
26702 17662 8 56,49,81,129,115
35614 1965 8 20,24
9923 27095 8 185,34,29,134,130
29823 6930 8 104,116,80
13469 5725 8 9,34,38
10229 37486 8 21,146,156
13801 39172 8 24,120,63,104,12,95
26047 35333 8 51,23
45398 1996 8 47,95,21,117,194,204,10
38546 7325 8 132,118,47,16,29,62,51,46
33844 38092 8 9,130,7,130,194,58
17704 29731 8 103,9,141
28179 10416 8 96,26,108,100,68
41067 40705 8 211,194,48,49,163
25855 8370 8 16,130
33973 29203 8 115,9,17,46,81,62,128
13671 14581 8 57,35,58,64
43228 23978 8 178,145,68,115
17541 20519 8 65,156
19265 42625 8 181,24,129,42,85,42,83,182
21876 25073 8 194,23,31,56,63,130,109,59
34026 41387 8 64,136,144,132,162
32604 39021 8 60,23,129,21,58,67,69,102
23418 40429 8 141,143,20,49
11511 12281 8 28,59
13332 19513 8 129,42,104
30018 37494 8 40,177,54,151,18,185,149,21
18177 44014 8 48,143,185,20,130,129,36,85
7870 43319 8 185,106,118,141,15,76,21
11728 20278 8 107,52,30,52
21704 11227 8 194,28
14057 2574 8 144,69,50,108,53,63,61,20
35151 34453 8 48,24,130,44,64,120,178
8146 5418 8 64,108,69,22,60
889 41951 8 83,68,36,62,85,15,56,47
15630 35248 8 117,93
28148 23206 8 37,157,30,129
24360 2611 8 67,53,67,49,39,37
732 4255 8 135,47
24555 22275 8 51,185,95,21
21294 29037 8 41,63
12412 7007 8 101,21,163,69,67,56,41,133
1801 42310 8 136,156,81,102,106,57,46
27818 6572 8 81,20,63,47,162
37206 18718 8 145,67,53,83,50,53
15586 25939 8 38,185,60,12
27527 10652 8 103,34,23,169,82,44,60,47
12205 28957 8 177,21,24,111
32837 40703 8 54,58
28679 17366 8 132,65
24625 38053 8 20,21,66,51,48,120
23235 32284 8 61,83,21,17,49,30
42364 11793 8 83,63,35,142,44,59,20,32
24086 33094 8 83,151,18,49,118,129,83
42785 9011 8 136,19,185
38254 34099 8 114,46,19,69,65,67,129
37759 35085 8 162,10,30,39
12889 18082 8 7,169,108,163
34352 31726 8 184,184,39,106,189
2567 35931 8 108,169,60,108,116,116,24,65
1755 24459 8 37,60,163,38,156
18183 40356 8 163,113,185
3588 21137 8 65,101,184,118
24864 29531 8 128,30,51
35300 30604 8 64,20,53
5015 36423 8 81,80,105,50,53,20
22921 35266 8 194,65,35,142,64,119,61,59
26841 12376 8 60,58,91
43966 16438 8 62,104,146,100,17,85
11627 25896 8 129,51,64,58
654 45361 8 60,55,59,24,34,107,113,44
3437 18587 8 107,129,41,83,108,21
9304 21671 8 55,129,65,9
7920 10618 8 37,47,68,57
40148 8971 8 49,22,85,140,49
41868 1956 8 28,37,60,91,19,142,108,189
39258 969 8 81,62,142,114
26187 34194 8 48,52,68,40,179
2673 3042 8 25,184,50,21,34,53,177
11873 17498 8 24,85,136,20
12587 17924 8 144,181,59,118,22
20735 20346 8 162,82
27890 21319 8 84,80,57,185
43581 16116 8 41,64
11335 40008 8 119,85,114,57,195
17642 6357 8 19,68,53,49
30656 44748 8 60,30,118,185,87,111,69
31579 6219 8 184,36
11708 29222 8 51,101,60,85,141
2644 13804 8 182,39
31515 2177 8 50,110
7546 16870 8 62,185,18,183,140,103,61
33805 37037 8 162,81
11864 640 8 130,36,39,21,64,83,22
16482 17323 8 25,49,51,62,111
406 1892 8 65,74,194,118,64,17,104,9
34367 25463 8 117,106,49,34
18719 530 8 103,105,29,115
36377 8249 8 102,45,185,18,10
27166 43707 8 110,48
44385 21593 8 66,104
31177 5293 8 114,164
2560 41454 8 184,55,49,45
14970 25771 8 167,66
41416 12133 8 21,109,50,148
29434 31835 8 36,40,61,63,118,47,50
9460 11902 8 154,38,54,18,101
3491 44616 8 141,113,120,54,44,49
44778 41031 8 138,65
20079 30118 8 105,149
25375 30185 8 92,139
25924 23114 8 87,84,112,49,195,108,185,32
28692 23530 8 40,218,194,21,178,141,23
2846 40253 8 52,146,53,108,68,9,162
25900 23746 8 130,84,145,51,17,149,21,55
41796 3420 8 61,195,143,133,37,149
1182 27779 8 62,87,112,65,181
22131 19456 8 116,87,26
17339 12261 8 37,182,101,10,152,129,119
34156 10390 8 53,85,17,149,146,20,28
24773 93 8 29,12,49,158
10242 29242 8 64,161,60,28,118,146
3563 39596 8 29,28,63,84,34,17,76
27015 25247 8 69,63,130
30036 30745 8 77,23,169,181,108
30930 4206 8 36,110,182
34830 43936 8 60,34,48,57,169
37973 19579 8 130,185,33,33
26275 37798 8 178,145,49,59,49,59
10470 36365 8 18,119,17,82
6075 44510 8 10,114,58,84,31,125,132,156
32278 23833 8 129,183,116,146,6,140,185,85
23028 4467 8 119,47,136,65,154,61
28017 32302 8 106,19,61,102,178,49
25726 11491 8 66,156,58,7,16,131
15813 14458 8 85,185,138,100,7,130
33916 45321 8 52,104,106,113,42
24632 7349 8 42,104,7
4074 9370 8 24,23,49,41,10
7003 37011 8 16,51,63
30328 32803 8 32,115,182,136,101,25
587 24847 8 113,81,60,83,61,112
11034 6999 8 21,107,41,119,112,83,39
41774 39800 8 27,163,91,21,104
34518 11879 8 117,75,65,54,91,104
9893 9061 8 130,25
36456 35430 8 61,38,74,83
22763 44471 8 10,179
44961 10952 8 77,83,178,101,10,136,143,29
5464 30667 8 65,39
17996 39067 8 26,184,211,24,194
3173 31642 8 85,102,46,119,104,52
5250 31166 8 145,48,104,160,20
38915 15767 8 16,21
22421 25708 8 178,103,128,67,48,95,58
26773 9549 8 82,129,204,58,34,134,154,131
32815 16751 8 151,41
13448 1747 8 178,40,115,179,104
19212 9872 8 104,23,48,21,40,83,63
33447 40803 8 58,69,152,83,26,58,199
5964 40110 8 96,194,12,178,85,103
33248 10822 8 20,84,62,32,51
2458 39675 8 179,62,104,55,8,29
419 42176 8 8,62,74,55
42412 26414 8 8,102,85,119,130,64,61,52
2855 8663 8 39,64,55,63
33822 41179 8 110,56,8,112,83,24,155,87
34569 35432 8 162,79,71,44,114,94,43,27
5726 33486 8 45,21,66,87,114
6053 41472 8 194,63,18,108,81,120,15,169
44900 18929 8 47,216,109,59,68,109,185,185
12847 42348 8 21,12
35455 44453 8 34,106,12
6503 17263 8 20,60,46,178,178
13545 43925 8 83,162,69,119
7041 42253 8 20,19,179,39
28249 7388 8 100,136,81,18
38141 22441 8 19,103,104,107
24641 17101 8 53,129,81,48,19,131,65
16070 43783 8 27,49,179,63,184
16807 53 8 169,141,20,59,35,177,49,178
37735 26985 8 14,15,58,29,65
13744 23519 8 48,141,36,149,33
11856 26044 8 155,136,48,185
45807 28644 8 63,104,163,129
11916 8803 8 91,44,82,129,156,185
16195 5439 8 27,38,143,49,49,156
435 38133 8 104,101
25567 43378 8 48,38,179,44,132
30224 39133 8 103,116,49,163,20,67,156
4902 6899 8 19,18,201,117,21,7,184
37313 28012 8 31,114,40,107,69,15,60,102
15184 12184 8 83,24,7
21766 36041 8 112,38,136,11,129,111,59
42142 43687 8 114,53,100,96,116
1967 3188 8 108,134,91,63
34606 32501 8 47,129,179,23,18,14,162
44386 22726 8 111,55,162,12,103,50,47
18691 32169 8 103,194,179
17318 45024 8 145,183,178,184
13435 26657 8 46,61,152,182,19,30
27028 34401 8 83,194,21,7
32014 20064 8 161,116,16,64,60,109,63,12
15676 38158 8 78,117,87,33,82,49
25229 11515 8 83,109,182,111
947 44794 8 68,64,21,109,49,47
8848 17735 8 9,30,140,45,9
13477 15495 8 67,178,91,60,48,18,18
29681 35355 8 39,69
31324 34849 8 30,63,110,53,132,37,34,44
41520 30520 8 162,58,185,87,113
24950 19990 8 84,80,87,30,62,40,50,132
13900 34795 8 104,39
11862 430 8 52,29,20,102,83,62,20
1919 43822 8 53,62,32,81
18536 1223 8 12,156,50,110
25218 25698 8 103,28,120,66,130,107,114
2844 1125 8 20,17
36488 709 8 50,146
23386 16706 8 49,106
19830 15181 8 104,20,54,120,48,58,46
9319 44687 8 67,40,66
32670 9448 8 184,50,9,67,131,142,20,41
789 36196 8 129,12,135,109
132 27782 8 85,185,18
25627 10483 8 26,23,68,34
15133 26056 8 120,135,80,61,119,81
32053 1526 8 132,36,118,63,61,102
13356 40453 8 104,58
26730 39600 8 53,80,103,67
26267 17742 8 144,132
37704 35963 8 69,132,78,39,161,69,146
27149 36059 8 66,118,65,17,110,85
25972 9655 8 34,91,54,64,48,61
18888 33241 8 169,80,149,16,28,25
17941 42680 8 36,10,130,47,200
13078 29521 8 132,62,99,84,81,58
25601 32651 8 8,54,14,184,40,139,48
15293 41443 8 182,179,15,178,50,53,19,41
3583 11011 8 63,16,181,83,20,79
43754 45028 8 19,18,68,82,162
2891 20670 8 55,33,58,135,9,66,51,67
44135 40607 8 14,129,50,14,28,49
1586 30145 8 194,48,128,130
40557 11495 8 43,181,31
741 2986 8 25,44,108,116
11712 23166 8 185,152,49
34444 40873 8 9,61,8,68
34424 26966 8 54,85,19,14,169,23
6850 29307 8 80,69,119,47,180
19493 10921 8 114,34
40235 39645 8 128,40,67
13525 30396 8 54,101,162,62,120,159
44509 23835 8 79,185,149,30,110
44926 4572 8 99,25
29101 37649 8 65,45,24,114
16012 39622 8 129,152,134,32,61,58
29048 33693 8 57,30,20,40
19503 30415 8 129,32,120,109,115,49
8787 28756 8 77,54,181,26
37108 20635 8 81,24,58,46,95,62,12,46
36860 40124 8 52,129,41,128,160,99
25205 10468 8 81,83,16,118,131,132
7785 13674 8 45,40
6729 9229 8 51,18,104,23,177,91,80,19
39589 24019 8 120,53,15,113,129,178,82
12385 23105 8 119,129,59,8,48
32030 30703 8 120,67,51,64
5654 7939 8 40,41,78,19,119
45443 22188 8 184,16,29,19,93,53,84,129
34512 1920 8 119,24,102,61,81,179,106
21322 14090 8 179,20,184,116,194,10,114
13468 24241 8 152,48,49,41,22
28893 24170 8 54,58,55,152,12,62,7
17627 37642 8 50,128,63,112,31,19,130
42591 34945 8 118,69
28375 43409 8 34,83,112,91,49
19113 45560 8 102,83,22,145
4292 36139 8 18,94,83,59,119,119
16740 40045 8 49,84,25,59,141
33367 13940 8 194,48,69
6269 29279 8 104,111
25230 13899 8 185,61,40,91,56
23606 32376 8 43,81,138,83
8230 12364 8 104,83,52,101,108,41,115
2974 2600 8 185,134,65,149,104
35462 12929 8 65,32,61,62
29149 805 8 63,102,63,58
11809 42628 8 61,29,105,7,152
19680 2580 8 87,81
40743 4220 8 62,25,32,83,155,10
17867 20888 8 159,61,107
42637 6692 8 24,184,81
16117 12655 8 56,49,48,117,91,49,184,105
1317 30249 8 120,68,103
36926 44707 8 62,24,65,140,48
22689 34874 8 10,156,103,16,109,63,42
30735 45646 8 49,62,154
38080 19263 8 91,38
39548 20831 8 104,49,59,144,7,119,117,83
7816 20223 8 82,48,99
27455 20235 8 37,78,61,129,20
11928 13994 8 64,156,40,129,163,69,33
29856 3122 8 118,131
33720 41916 8 67,22,128
8421 31847 8 61,65,131,10
25126 15715 8 136,57,181,111,149,132,136
34770 28976 8 49,63,142,47
32118 25442 8 67,87,79,104,10
11522 19368 8 58,184,118,62,46,59
4333 10260 8 51,58,53,36,68,18,103,67
22239 22866 8 62,21
10105 28386 8 185,115,33,102,49,63,23,84
3278 36500 8 81,14,185
4160 15474 8 119,162,84,149,104,149,8,91
9773 35615 8 84,46
36140 21289 8 90,80,56
34271 8549 8 20,51,143,10,9,31,22,10
1564 27190 8 30,50,149,194,49,54,82,129
18620 14713 8 169,83,41,12,19,62
15195 39776 8 62,22
41030 6114 8 169,58,133,24,143,169
5839 25853 8 65,102,141,102,28,19,53
1290 31942 8 104,145,179,55,33,69
7296 36927 8 84,34,18,61,200,156,162,163
32638 19685 8 30,49,87,179,118,130,40,23
45101 24471 8 35,131,95,179,135,110
18041 37867 8 10,94,167,103
22794 4751 8 105,59
31860 22384 8 108,185,139,119,7
13830 12346 8 21,16
17022 27195 8 116,41,52,17,181,29,46
20444 25706 8 84,20,62,195,17,64
39465 37397 8 20,129,59,50,25
24775 26200 8 18,194,67
35131 2778 8 119,66,30,105,65,49
24299 25606 8 119,62,56,132,56,181
16262 23625 8 184,103,8,17
1373 13554 8 20,44,54,62,8,50,99
28662 37435 8 145,65,67,37,130,101,83,113
1529 20791 8 103,84,83,182,31
25623 34807 8 103,49,65,62,119,160
5642 16447 8 104,82,72
7715 927 8 194,119,114,83,8
22016 7551 8 63,48,163,100
1014 15021 8 28,47
22128 13792 8 149,140,129
5264 43469 8 24,57,109,101,185
17031 42207 8 40,118
45668 12493 8 136,52,51
45324 1176 8 33,104,119,10,18,19,66,103
29896 44381 8 130,62,47,177
44647 34586 8 119,9,53,129,53,21
510 6197 8 10,103,120,38
13790 26857 8 8,185
45692 1762 8 55,57,129,82,62,40
32023 25608 8 60,44,61,85,59
17686 40230 8 17,48,20,59,62,41,58,182
17524 12692 8 65,65
4581 33173 8 16,87,54,48,35,40,49,83
9807 40775 8 81,136,16
15724 4422 8 104,33,66,20,115,82,136,19
640 36369 8 32,114,146,131,59,91,17
42973 12655 8 10,119,145
18925 30450 8 45,63,182,105,102,80,66
4330 28699 8 15,129,102,38,61,69,83
32900 17888 8 194,15,48,65,22,102,58,166
41129 17653 8 109,91,53
13576 22211 8 185,117,56,169,131,52
11122 17292 8 109,81,83,61,110,21,49,106
24646 1048 8 7,143,23
10403 41857 8 7,25,34,113,104,103
41141 11268 8 48,49,50,59,104
663 40726 8 8,181
22954 41960 8 49,163
7834 3383 8 103,146,9,51,118,23,16
17907 32934 8 204,113,129,105
13816 31237 8 19,36,65,33,53,83
18653 22505 8 63,119,119,182,19
2590 28032 8 69,178,20,56,48,39,159
31344 9244 8 105,42,57,108
14552 21982 8 84,85,84,179
11440 3571 8 83,60
43197 34881 8 96,104,85,66,184,47,129,40
28648 1494 8 120,119,10,113,120,81,131
1991 12790 8 128,111,55,69,21
19630 6214 8 208,95,20,95,136
6432 25475 8 16,21,18
5611 26678 8 135,116
34945 21159 8 29,67,179,102,44
44542 26589 8 85,60
21704 11811 8 159,62,41,21,30,9
26824 14290 8 30,143,68,91,181,47
28538 29207 8 40,21,65
17644 5727 8 181,185,83,129
35403 43299 8 75,49,40,30,67
21258 28074 8 163,60,169,136
22539 5023 8 62,42,7
32249 17397 8 114,24
2200 20334 8 10,84
2002 9978 8 83,84,18
45018 22475 8 81,10
12996 3001 8 49,9,16,185
39552 9742 8 17,142,94,132,163,87,24
3266 4826 8 110,63,57,131,53,49,82,57
35562 14925 8 109,194,18,39,108,24,119
33979 30741 8 56,83,106,61
7071 34542 8 29,46,56,129,157,142,132
19037 27193 8 83,28,60,29,8,116
32614 14900 8 53,101,26,129,27,38,183,34
2587 16298 8 104,32,58,66,58,34
23625 42165 8 181,18,194,201,106,58,141
8587 13041 8 91,53,118,21,133,115,66
11476 29834 8 60,149,15,141,7,43,65
41297 848 8 115,152,55
14570 14230 8 84,39
2369 34608 8 14,35,49,90
27628 10765 8 65,20,61,102,62,163,146,85
45640 32636 8 40,91,43,47,22
28693 794 8 58,141,41,68,87,25,118
42249 43875 8 146,48
39270 20865 8 100,58,75,181,84,162,61
14861 32098 8 46,18,29,112,36,179
4144 41183 8 18,156,109,102,58,119,45,19
25784 34142 8 61,84,85,49
26686 10997 8 44,67,104,119,58
14181 31521 8 110,22,163,178
36668 31907 8 85,49
39246 28631 8 55,44
1875 23258 8 120,120,184,58
532 17364 8 53,67,55,119,149
32138 7754 8 41,140,116
5595 35750 8 117,60,103,52
43549 27032 8 48,20
2941 23339 8 19,63,29,26,7
21 20240 8 102,89,82,8
45428 16640 8 34,142,50,7,28,46,163,48
41948 43270 8 60,87
12179 24197 8 49,89,62,43,162
4933 41774 8 103,45,38,37,21
17970 39267 8 145,64,128,42,83
15865 27929 8 57,62,116,100,62
37281 5229 8 129,194,143,134,19
12649 18204 8 29,113,119
31657 36948 8 58,17,62,129,185,159,146,112
3518 38529 8 163,113,78,46,65,136,49,23
17875 15215 8 18,17
15857 9845 8 69,111,82,129,9,33,98,18
17733 43386 8 26,55,21,118,30
39200 3011 8 36,55,91,69,76,83
39962 42459 8 8,36,179,82,52,20
27104 5417 8 9,184,20
28424 35830 8 136,17,83,54,22,101,104,184
11891 40181 8 49,179,83,144
34124 12575 8 62,42
4136 1560 8 156,120,44,14,59,156,57,94
9215 30450 8 53,100,27,56,63,9,102
37670 40292 8 102,40,184,195,20
4468 38112 8 22,49
8982 39843 8 41,16,63,58
3231 30931 8 51,53,114,149,87
38340 16629 8 107,105,104,69,96,42,184
31312 3760 8 60,91
10032 5763 8 37,49
10407 12557 8 116,55,144,30,116,15,128,47
34449 5096 8 182,20,49,26,19,40,25
26429 23822 8 29,182,85,103,38,185,15,143
38915 22533 8 146,115,130,50,21,118,44
34428 35361 8 30,115,19,135
11920 18608 8 102,117,8,162
38634 22242 8 59,104,61,85,119
41946 11481 8 100,104,67,34,27,104,102
31318 29114 8 60,61,47,27,60,18,19,120
23981 15135 8 55,115,41,83,119,178,48
14473 1327 8 47,87,41,61,34,110,119,16
6078 9892 8 35,118,82,160,120,118,24,61
44027 1011 8 20,17,179,118,37,128
10966 45777 8 48,68,47,59
37610 43986 8 64,179,40,119,29
13595 43148 8 20,129,85,49,49
7427 40679 8 49,7,119,63,115
17879 2397 8 146,100,21,31
37236 40847 8 110,106,16,84,67,51,110
44199 13742 8 84,83,136
39326 33456 8 113,15,152,91,115,7
40317 43463 8 30,162
12237 30947 8 83,102,129,49,37,31
17698 4908 8 60,82,198,107
15031 12697 8 48,62,38,7,101,19,53
39821 28861 8 143,14,100,85,63,78
32865 40793 8 128,169,118,36,87
17946 31702 8 103,59,179,20,108,45
304 44474 8 45,51,69,178,82,58
40761 12379 8 131,48,15,169,84,59
2945 19484 8 43,183,63,21,49,56
28208 10010 8 52,104,23,18
17369 9436 8 145,182,61
36724 7062 8 135,18,113,69,166,36,33
31719 28382 8 20,49,103,117,65,91
20468 39224 8 49,146,52,100,54,91,35
24064 764 8 18,95,82
40639 43875 8 35,33,62,63
19973 13925 8 45,62,143,109,110,10,104
20109 7578 8 27,136,143,119,169,65,83
18367 22860 8 136,79,10,87,163,61
28355 20642 8 98,132,119,58,31,132,152
38871 45181 8 16,169
28943 15355 8 100,112
45540 3319 8 69,143,37,102
11747 8548 8 51,85,63,136,65,74
21232 37470 8 18,94,184,103,129,53
44255 21923 8 47,120,46
37328 2870 8 69,62,177,104,130,130,103
33736 39860 8 49,10
35824 14594 8 10,68,45,21,107,18,39
13176 34199 8 48,85,63,119,177,136,9
41037 35211 8 63,184,47,177,194,179
10411 37210 8 44,47
21101 28243 8 23,179,130
39215 4936 8 28,36
5922 7200 8 111,136,18
40985 31709 8 34,20,14,40
41177 17010 8 162,156,145,46
22168 17536 8 127,41,59
12587 23353 8 184,119
40566 1202 8 23,18,104,102,32
24325 31181 8 62,104,57,27
20648 10000 8 15,110,41,105,21
43095 13067 8 104,20,48
28123 24366 8 87,55,16,47,30,21
1794 37668 8 128,61,21,23
38104 8028 8 61,84,36,131,62,55
27820 23491 8 128,52,15,30,30
28153 38170 8 7,24,119,20,216,140
3346 43202 8 64,58,169,156
9041 16539 8 83,8,41,80,30
32478 118 8 145,20,41,118,21,79
3696 12186 8 49,129,21,49,119,62,12
6413 43702 8 42,185,126,142,144,17
5742 29802 8 53,36,42,40,49,120
26881 528 8 81,146,47,66,178,109,118,8
5851 30198 8 116,107
22245 4619 8 53,85,49,145,10,60
31302 15742 8 63,131
20199 42900 8 55,38,177,57,149,7,18
29588 13109 8 156,60,24,68
2047 37745 8 145,156,67
6488 40627 8 108,35
5844 3922 8 49,181,29,63,119
34710 45700 8 57,194
33185 20856 8 67,184,81,8,169,136
35227 14075 8 194,185,7
16065 41021 8 83,83
33572 33246 8 24,60,54,23,163
14670 7986 8 178,105
26071 29347 8 136,79,59,163,53,103
38334 8267 8 112,62,101
7696 1746 8 211,20,104,21,49,23
41222 18016 8 65,131,119,53,40,22
24963 13206 8 10,68,60
30762 32411 8 7,136,195,177,143,69
35450 31780 8 83,155
36506 14018 8 19,102,83,117
5808 540 8 119,53,8,18,64,101,104,139
16940 37104 8 128,156,51,60
18110 748 8 25,101,115,182,50,59
9973 9196 8 19,10,132,130,41,51
1939 43987 8 48,50,156,167,80,129
21648 33166 8 37,7,24,182,62,62,32,49
31407 2064 8 130,63,139
40005 40448 8 87,184,49
27268 18887 8 9,8,111,178,48,63,19,41
4092 38456 8 46,120,185,104,184,178,149,103
16063 7215 8 30,143,119,21,87
23933 38271 8 18,58,103,69,10
24783 42308 8 41,63,178
33485 3750 8 59,49,102,192,24,39,18,114
11339 19335 8 40,131,105
11826 4269 8 102,101,179,23,103,149,57,83
31163 3919 8 10,16,107
1546 14189 8 169,211,58,10
45100 32746 8 140,119,8,104
5493 15427 8 49,35,58,103,119,179
24042 15382 8 54,104,19,87
42826 29543 8 136,9,47,40,10
7522 31908 8 8,65,131,114,45,21,84
39542 15019 8 7,20
33919 12573 8 27,10,59,63,104
42584 40959 8 106,194,87,12,30,129,181
4609 11292 8 46,52
19194 9704 8 42,61,110,85
33645 42617 8 50,184,54,17,48,49,211
10742 7304 8 129,34,102,7
10060 13654 8 79,21,67,36,23,81,112
41176 25293 8 39,169,169,91,50,62,53
37280 19561 8 104,119,182,211,20,181,112
33413 33369 8 143,185
27597 23941 8 104,63,159,184,61,146,85,46
28716 14260 8 50,62,119,129,109
18519 313 8 163,176,53,10,49
3607 7860 8 7,49,83,143,83
43744 21069 8 83,131,21,105
19285 673 8 16,114,44,55
9451 41285 8 185,104,25
1241 30794 8 39,31,104
19786 11028 8 106,24,163,57,56,128,39,182
11580 43515 8 74,52,20,144,53,35,83
5429 32538 8 85,52,68,169,52,182,128
45230 29129 8 114,20
39509 24381 8 104,136,60
38665 38326 8 33,42,163,48
22862 24254 8 48,41,59,14
27170 2662 8 119,84,49,58
3171 29532 8 16,102,149,104
30060 36048 8 114,39
39644 24885 8 49,44,61,53
17344 28141 8 85,48,24
17778 37305 8 185,29,46
32434 37082 8 152,64,20
19572 40300 8 63,53
34890 42351 8 20,142,91,166,18,35,103
17873 38834 8 120,67,136,48,156
1299 23619 8 156,58
42070 43416 8 185,18,130,26,58,104
37055 20680 8 84,60
5152 10088 8 44,132,40,105,108,149
12093 9373 8 104,57,130,8,103,18
29130 16279 8 55,185,41,24,108
28297 33065 8 53,27,21,114
35400 31548 8 81,63,179,104
26306 26717 8 108,158,107,129,184
29719 5474 8 58,40,58,111,104,162,154
40828 4414 8 82,20,84,119,62,34,184,39
32798 21013 8 163,91,10,101,145,28,132,105
7792 45377 8 69,49,177,21,48,81,18,10
30945 43586 8 29,66,136,31
8940 45755 8 52,48,7,7,44
9805 24900 8 48,33,62,33,99,87,141
23628 35372 8 169,61,97,61,145
27430 7069 8 129,118,81,96,46,130
25996 10829 8 91,137,56,20,135,105
23878 12468 8 58,17,106,46,49,160,49,37
21076 355 8 15,184,29,19,49,102,84
1324 39969 8 82,143,51,30,18,16
38120 17247 8 83,194,119,18,63,135,140,23
41624 33302 8 62,63,113,20,35,62
33551 43783 8 40,48,35,131,58,136
32025 9574 8 185,39,107,154,84,33
32951 29270 8 104,39,66,128,17
38215 32827 8 96,10
21071 39643 8 60,81,58,182,160,34,184
18065 3567 8 18,149
40982 41003 8 49,21,53
42873 40063 8 113,52,129,48,120,163
1160 8383 8 67,104,104,101,194,15
9208 30969 8 104,74
2452 9625 8 49,48,143,112,25
26188 27875 8 184,45,67,60,46
14282 26186 8 131,10,16
34063 28447 8 59,38,113
11587 29262 8 39,17,85,20,19,25,56,10
34196 19660 8 47,92,119,184,10,63,44,8
3221 24038 8 61,55,37
701 9510 8 114,7,57
25703 21855 8 182,44,106
45043 41258 8 113,18,119,111
7618 10338 8 112,10,100,112,176
4946 30924 8 142,114,38,27,58,114,103,12
7378 44092 8 179,15,16,33,44,103,44
33269 17138 8 22,163,143,185
9014 44760 8 62,94,149,53,165,7,156,61
38435 32675 8 105,46,22,194,169
41170 21067 8 28,115,35,82,28,17
7345 18016 8 45,129,10,145,47,84,53,103
5002 3781 8 181,40,53,112,100,91,64,56
38069 42317 8 10,113,35,44
30647 40936 8 23,115,71,136,20,194,146
20430 19060 8 19,38,32,17
42367 38749 8 112,87,30,68,57,34
10904 2911 8 67,15,114,194,58
4871 27065 8 119,129
17775 45105 8 9,104,110,104,21,91
40374 38005 8 36,120,20,82,59
45060 14169 8 24,85,91,51,135,56
44384 3834 8 118,113,116,49,46,52
43401 25352 8 119,194,116,64,104,43,17,39
35123 29759 8 111,38,53,103,55
12299 20964 8 57,114,91,104,142
2298 13918 8 20,140,58,68,58,45,50,12
743 2746 8 52,109,85,34,39,54,21
30925 19169 8 65,108,139,83,49,33
44031 27440 8 182,83,47
37801 7290 8 7,14,45,24
12098 16748 8 144,46,132
17130 25140 8 184,49
39800 32294 8 128,94,16,55,102,21,181,112
16185 38197 8 145,48,179,77,133
14796 6772 8 163,114
31857 26680 8 104,14,40,9
17337 36124 8 34,49,37,60
19167 25291 8 18,47,84
16295 15756 8 63,48,101,81,24,149,185
16747 6495 8 20,117
34030 28073 8 10,69
13067 15702 8 115,83,129,56,128,105
22158 43979 8 192,113,16,83,185,23,61,21
10199 37247 8 83,182,129,144
18425 42874 8 63,84,8,129,161,181,111
12244 5421 8 21,60,47,49,33,149,55,167
1205 11333 8 104,49,103,101,129,48
16372 38073 8 146,135,144,54,128,41,108,31
13072 41825 8 60,120,10,109,184,129,96
40550 21304 8 57,211
14478 41285 8 114,185,59,49,184,48,49,48
42232 31047 8 62,18
30830 43256 8 39,82,39,132,37
10374 31794 8 60,80,91,63,37,61,16,53
7077 1211 8 22,51,182,49,98,44,19
37293 40032 8 62,132,19,184,65
24842 31165 8 63,29,182,107,82,60
44677 10386 8 21,80,37,113
31929 34261 8 81,63,23,81
30565 24729 8 149,87
29493 34577 8 63,38,16,10,33,56,136,87
26963 43817 8 116,145,156,114,10,20,58
36203 44726 8 194,146,113,133,19
42058 5594 8 130,29,47,80,50,20,10
28987 17691 8 114,109,14,49,181
3201 34801 8 107,179,41,56
42064 19956 8 12,27,66,179,19,143,53,133
37920 42448 8 185,43,45,49,15,49
19745 2963 8 100,25,16
22865 32605 8 42,55,163
41953 43110 8 32,120,141,118,104,62,110
27335 4628 8 54,117,28,12,20,18,135,162
1769 12439 8 119,41
3251 29308 8 17,49,18,185,55,25,20,85
45211 1993 8 85,129,91,120,85,40
11376 17144 8 84,74,62,185,62,37,63,63
28527 14208 8 43,41,57,24,185
15320 3073 8 169,139,185,27
25487 27352 8 27,119,59,45,21
25995 36030 8 25,179,6
25110 21776 8 60,197
34166 12719 8 177,46
13561 21396 8 38,34,91,39
42750 19941 8 91,33
3550 7597 8 58,22,84,118,30
32757 39026 8 194,82,144,21,8
39930 18638 8 82,42,62,100,81,120
15410 37852 8 156,57,114,65
16603 15235 8 20,21,102,64,67
13426 24147 8 60,116
22829 9263 8 69,54,129
675 42707 8 145,182,117,65,28,85
15399 1163 8 162,7,30
15426 30452 8 138,60,21
31622 30709 8 160,102,64,184,135,183
14624 35674 8 47,35,102,184,112,162
17723 33081 8 19,80,58,17,67,24,14
17736 14614 8 23,10,21,55
31138 41746 8 60,49,142,140,127,113,100
10800 2734 8 53,22,40,63
44940 16981 8 104,105,85
37700 696 8 19,90,48,185,105,129
25941 32773 8 178,62,68,100,163,67
19725 40070 8 91,49,24,83,61
21077 32912 8 194,179,106,81
35099 42188 8 50,177,117
13450 34102 8 64,49,59
25456 28812 8 146,51,83,132,104,49
44298 19837 8 10,58
15793 40077 8 130,104,23,185,104,108
13904 17937 8 36,41,34,102
33882 41777 8 104,19,28,10,115,101,116,39
21214 31970 8 109,14,144,23,109
34257 22477 8 9,17,177,41
4044 34979 8 25,16,43,119,102
37949 6607 8 48,9,54,110,117,25,87
28662 18252 8 179,10,7,184,91,104,20,169
41336 19562 8 33,104,182,21
1227 1418 8 144,160,28,83,45,81,83
8733 28426 8 17,56,44,10,119,66,105
6048 36338 8 48,22,35,177,12,45,143
30644 30072 8 49,130,19,159,141,7
3870 21532 8 61,84,182,104,119,105
43867 8655 8 169,181,182,87,28,58,143,29
16391 4915 8 59,18,83,79,23,152
29324 17360 8 104,82,50,110,129
26012 42169 8 87,44,79,18,66
37991 13486 8 85,26,144,163,62
18333 31014 8 184,34,91,43,162
23571 23639 8 142,56,25,105,58,108,100
32061 6765 8 119,107,21,108,195,25,51
40559 45284 8 25,42,49,49,24,83,16
32523 12390 8 142,185,181,17,62
29428 16008 8 129,58,82,106,106,58,47
3624 2611 8 59,61,27,37,113
17542 40175 8 115,61,56
26466 29326 8 64,138,19,101,20
9337 10730 8 20,62,39,61
21634 4336 8 43,41,79,69,8,84
32029 31342 8 101,181,111,37,38
2638 8105 8 136,84
19880 1779 8 130,67,156
17658 9809 8 49,194,66,182,30,51,42,135
3743 8561 8 22,129,56,52,20,83,20,82
25497 21850 8 19,8,65,115
2485 22089 8 118,109,60
44295 45178 8 162,63,65,51,80,110
42846 33606 8 8,57,103,113,52
3275 31972 8 9,56,83
9740 37088 8 115,115,58
32038 18724 8 45,35,146,178,104
44722 20272 8 47,83,132,44,83
38295 25851 8 104,118,177,62,60,17,40
6378 9922 8 45,143,136,16,18,36,181
31695 8087 8 185,92
42994 31861 8 20,30,143,17,80,38,120
19649 35576 8 181,58
30497 26827 8 79,37,194,80,50
8488 11746 8 58,103,9
10827 19579 8 61,69
5609 23765 8 53,85,181
31719 39394 8 47,19,131
21032 15494 8 12,136,130
24191 12426 8 180,49,53
1949 958 8 112,91
29359 42878 8 21,44,181,20,39,90,18
27242 40069 8 10,102,20,21,67,178,136
8443 28328 8 102,49,21,49,129,58,119
11786 43503 8 23,30,60,156,87,83
31467 29809 8 20,20,85,15,61,51
29825 22686 8 14,133,109
18335 29903 8 23,107,130,49,20,7,60,104
36127 36417 8 28,142,14,84,63,85,38
43570 34727 8 47,18,49,101
8502 37769 8 31,61,48
36783 9527 8 61,132,104,25,40
1446 10795 8 22,44,48,195,21
4702 38413 8 102,14,58,28,55
25051 31491 8 36,21,20,185
7616 16577 8 135,103,40,83,66
21983 17581 8 21,140,104,19,53
3271 36578 8 16,41,47
17707 25389 8 179,183,38,78,35
43207 33256 8 60,66,156,60
27341 7540 8 43,108,69
40541 20853 8 60,35
25179 20424 8 29,23,41
22568 35774 8 56,36,68,119
42872 9441 8 162,57,49,142,213
32122 7048 8 58,83,56,7
31712 32561 8 42,62,58,82,63,34,144
18212 5636 8 84,117,63,129,156,119,9
42717 26522 8 117,59,129,58,48,134,8
22773 29877 8 19,49,204,185,179
34434 22543 8 64,16,93,136,134,119,118
30840 26491 8 36,49,66,62,63,129,19,19
37783 41468 8 36,51,35,47,18,34,16
424 29886 8 158,179,54
41962 4093 8 49,57,45,30,40,152
10350 4615 8 24,184,194
797 44186 8 67,58,83,67,67
43095 39864 8 113,148,146,163
32863 180 8 17,48,51
184 36429 8 149,14,103,83,116
36664 11756 8 57,104,17,83,110
15254 16308 8 119,136
32582 21461 8 41,10,129,16,49,66,84,15
26406 3560 8 60,19,135,61,52
13232 34923 8 119,120,81,17,9,23,139
23322 17013 8 38,44
26572 20248 8 115,130,120,117,42,194,53
2095 4143 8 16,120,110,89,114,59,52,79
11800 20553 8 20,115,106
2401 25014 8 41,58,194,58,65,146,8
44857 40045 8 104,85,10
25079 5076 8 16,21,98,102,49
24810 25729 8 58,24,68,63
27071 9444 8 25,25,120,184,195,48
40710 6215 8 49,21,41,63
24996 41857 8 178,85,61,91,46,50
40492 8539 8 181,104,48,78
44630 2656 8 57,87,104,60,104,14
16093 31442 8 49,131
45429 20104 8 36,128,105
6909 6093 8 120,58,145,102,21,146
30749 15985 8 32,51,51,119,20
41000 14181 8 34,58,101,82,139
13293 31257 8 30,59,82,159,102,113,21
25906 22653 8 163,185,27,9,103,116,110,77
21091 12045 8 132,17,115,39,50,118,55,184
5525 41193 8 140,152,26,133,91
42107 24435 8 169,53,117,53,20,109
15006 5716 8 182,89
4203 15459 8 102,42,17,81,24,7,35,69
41187 44183 8 36,160,15,33,42,50,29,58
729 34919 8 65,66,153,21
6502 5262 8 63,63,84,48,58
18795 1642 8 10,194,48,56,115,20
33206 8001 8 85,23,33,19
37338 12866 8 79,103,145,61,37,163
41876 29760 8 25,83,44
7450 9573 8 178,35,6,34,41,19,91,185
26815 13187 8 102,9,53
27765 27806 8 42,104,46
10886 8407 8 136,10,19
18876 26520 8 95,179,58,144,182
7581 24603 8 185,112,177,9,108,54,58,83
18191 6778 8 20,61,79,106,40
14463 39051 8 103,135,85,136,64
10103 11728 8 184,10,83,54,120,36,58
33835 28121 8 18,59,184,104,110,68,85,45
28625 2088 8 18,9,63,120,64,21
11632 44749 8 7,63,63,81,16,14,59,63
17237 34815 8 67,22,59,119,18,83,179,18
17301 32105 8 142,23,185
35489 25859 8 52,55,49,20,38
42063 29047 8 160,91
21016 26522 8 131,47,54,60,10,45,87
2508 11151 8 58,27,114
7165 10864 8 38,53,37
36884 30319 8 25,19,115,191,45,7
6184 36773 8 103,178,104
8619 11647 8 58,52,91
30758 24977 8 19,82,59,91,163,18
44886 25100 8 14,54,129,33,30
25797 18691 8 45,111
29619 2186 8 177,83,58,34,113
22623 28655 8 45,66,58,82,10,64,85,184
9356 32981 8 65,179,34,29,83,63,177,16
10713 23934 8 185,23
43025 45736 8 156,63,49,185,80,57,108,134
14098 36090 8 25,64,102,85,184,194
33056 15973 8 178,41
10390 12213 8 19,91,130
30976 6985 8 43,104,28,57,68
12083 810 8 113,106,44,36,105,69,49
4923 29934 8 117,117,21,8,110
21165 39759 8 156,143
19891 12091 8 184,61
3587 404 8 10,45,117,22,91,64
15341 8404 8 58,32,179,18
35458 45150 8 82,64,57,42,144,162
19378 35754 8 58,108,185,24
8907 4684 8 85,119,20,73,106,49,62,82
35597 11274 8 59,23,12,83,169,18
17695 27833 8 106,184
21576 35553 8 58,43,143,48,113,16,129,21
24023 36787 8 82,130,117,52,38,82
3944 35768 8 60,146,58,53,24
901 34203 8 25,119,135,193
15940 26392 8 102,56
20380 28699 8 61,82,104,169,144,53,69,104
16040 18953 8 119,20,65,131,25,58
10914 12159 8 109,63,59,62
33100 8679 8 102,10,146,165,194
37531 24859 8 85,116,68
34566 34818 8 69,194
3133 5900 8 64,49,42,179,16,103
1352 5028 8 14,19,143,153,84,181,50,7
28499 6379 8 60,33,108,113
9979 31536 8 115,69
22976 22606 8 131,60,111,105,195
1284 20027 8 203,61,47,48,81,60,40,22
29548 29900 8 65,119,84,30,85,115
11175 23168 8 51,54,50,25,9,83,44,45
13552 32973 8 83,120,81,63,101
14967 23407 8 10,31,114,108,20,49
39932 35469 8 52,131,110,61,134,102
1285 14402 8 84,42,61,36
9215 15122 8 131,41,51,24
35771 22882 8 28,36,119,102,104,19
14342 33112 8 129,34,28,84,184
16243 9985 8 48,103,134,129,52
43802 38663 8 38,129,46,52,113,53
28995 37044 8 9,39,9,61,115,119,129
5688 15300 8 128,24,105,136,60
18305 16399 8 48,102
496 19375 8 46,106
44456 2978 8 81,18,163
43643 5837 8 104,58,46,134,87,83
17479 18664 8 52,83,83
40470 42257 8 9,42,32,61,67,27,178
21538 27433 8 195,44,182,102,7,85,160,58
37816 20012 8 7,61,53
6333 4369 8 8,44,54,19
19514 9336 8 49,163,129,41,201,104,59
2926 18625 8 25,100,128,23,182,131,59
6829 13667 8 32,18
33332 39353 8 83,55,181,41
9966 23265 8 160,114,32,100,60
29344 42620 8 54,111,119,156
20744 10469 8 185,24,85,134
44730 37098 8 10,49,10
40788 25495 8 129,143,21,47
19195 14563 8 100,194,15,61,129,59,58,19
39379 32853 8 129,60,81,26
15236 44014 8 41,132,21,25,40,53
9937 24394 8 32,41,10,194,30,48,66
40577 27388 8 50,104,144,95
33904 32634 8 29,156,102,30,63,63
10487 45164 8 152,181,145
43370 11525 8 50,49,49,38,84
34003 5720 8 59,104,102
43957 23742 8 85,53,139,156,53,185,91,19
5151 10190 8 27,35,19,15,60,40
20814 44759 8 60,24
35828 28157 8 85,85,62,106
8527 20125 8 22,20,37
42596 10415 8 156,48,115
25997 26877 8 185,182,104,20,17,10
8038 41213 8 27,79,102
115 31209 8 61,44
6703 802 8 179,144,129,34
9254 25798 8 84,14,27,53,18,8
3199 6165 8 184,34,24,52,116
36776 8414 8 84,104,105,54,182,38
2861 1502 8 22,56,20,129,185,51,178,119
39770 25786 8 38,7,21
6139 11617 8 30,49,15,116,130,100,134
32872 986 8 20,132,80,141,53,181
36858 35298 8 104,130,144,32
20046 24747 8 130,58,30,78
554 39107 8 84,45,103,119,38,61
13514 41968 8 100,136,47,22,14
45496 18366 8 65,21,160,83,104,34,56
36315 26072 8 51,63,129
40667 14527 8 45,169,169,178,119,162,44,35
10358 15228 8 119,19,132,38,131,108,87
15044 7381 8 16,179,130,87
28724 15344 8 48,104,119,100,129,120,18
4032 31718 8 114,169,44,156,100,178,130
7205 3113 8 103,18,193,37,149,194,59
16356 1301 8 21,85
43639 11724 8 80,63,58,46
16194 13289 8 91,91,179,204,53,65,53,119
23161 20709 8 156,37,20,50
31367 7671 8 56,111,8,143,42,140
7396 13742 8 105,12
7724 42237 8 116,82,61,29,185,120,110,64
39905 2513 8 8,135,90,135,91,87
41766 19531 8 65,104,107,12,63,63,67,119
39486 39076 8 85,55,185,27,49,22
19687 4670 8 85,68,24,60,60,47
35385 27124 8 104,101,82
7985 2744 8 75,62,69,140
39136 30956 8 185,129,30,10,18,115,39,45
35793 1369 8 119,20,40,101
17445 29449 8 81,104
5586 41113 8 185,42,59,101
25795 14039 8 107,23,119
13649 9681 8 120,14,48,93
8348 14678 8 43,69
24683 41474 8 14,152,50,49,91,119
37642 18474 8 17,18
1218 33989 8 85,149,114,185
5793 10650 8 49,42,48,65,53
29722 37113 8 7,55,90,141,68
22351 45297 8 87,139,58,116,185,58
19716 11566 8 136,18,177,20,64
33754 29154 8 211,52,149,103
21802 23278 8 20,30,45,105,51,27
21728 19714 8 16,35,15,14,20,181,124
903 21556 8 7,34,80,163,82,129
36528 44325 8 164,75,16,142
21528 12175 8 66,19
15647 533 8 87,81,28,179,10,60,78,184
32443 37139 8 6,149,24,87
34302 27119 8 184,104,83
13901 35016 8 106,49,44,42,58,63,15
30049 34605 8 49,58,103,63,18
4984 6008 8 18,46,45
26053 33199 8 59,178,99,59
13502 8684 8 17,83,118
34624 13081 8 38,12,20,109,28,22,49
45493 20220 8 113,102
30816 32523 8 85,182
5170 8256 8 119,185,58,8
27899 23040 8 83,21,45,58,18,132,83
25676 13419 8 185,184
24823 26958 8 113,62,119
4594 13020 8 87,46,10,113,41,83,182,126
24195 12888 8 23,112,21,41,104
11254 21201 8 129,44,116,119,68,62,41,40
552 1341 8 56,67,109,129,30,50,54,42
13917 18525 8 115,210,49,185,114,159
12877 25224 8 49,118,46,131,20,194
33905 42156 8 49,50,51,119
11577 28641 8 61,83,10,36,82,102
14953 44126 8 120,93,67,52,78,195,87
15165 40230 8 181,119,152
11561 19605 8 119,63,182,31
43351 21607 8 143,45,99,59,103,134
13800 5097 8 53,116,62,184,103,23,140,10
44216 42436 8 62,135,48
16984 25132 8 51,60,48,178,156,8,117,47
7403 26456 8 61,135
674 7924 8 67,102,87
33140 19705 8 18,59,44,18,49,26
44544 23231 8 20,104,139,60
11997 33272 8 200,114,6,85
42202 30372 8 9,59,30
29841 19194 8 135,64,201,114,19,9,63,64
10324 16526 8 48,65,119,48,179
17529 39197 8 39,185,20
36153 41912 8 104,57,83,30,43,45,71,42
10096 16265 8 116,21
1042 6054 8 30,24,85,115
29996 29491 8 149,37,30
38608 21591 8 159,116,24,118,39,129
17770 25369 8 115,53,15,34
5657 15631 8 179,39,40,149,56,179
40913 35872 8 134,130,102,135,146
34529 30307 8 29,29,47,54,129,45,10,136
3521 2040 8 20,137,44
32823 25719 8 30,49,9
12400 14876 8 91,58,21
30241 18882 8 18,162,64
18323 27506 8 119,19
15966 8953 8 44,34,102
6484 32068 8 41,25
31589 5781 8 48,21,39,50,182,163,104
16094 26517 8 182,25,48,64,103,163
9666 31095 8 85,67,104,185,108,117
24098 6407 8 53,85,194,108,10
34981 35101 8 117,65,179,181,49
861 27299 8 17,111,140,15,66,83,109
40194 5841 8 81,39,21,10,8,8,47
33648 29002 8 12,60,53,118
21531 26908 8 119,82,38,77,130,177
2546 5193 8 133,59,58,128,85,130
17154 34351 8 65,20
7665 3490 8 129,15,85,65
21917 35418 8 48,17,23,142,136
37401 2165 8 169,182
21271 34334 8 61,8,129,18,30,136
25361 39991 8 12,111,131,19,22
43891 23670 8 58,49,140,61,116
19009 11007 8 42,34,19
21301 38511 8 106,60
38628 4724 8 20,82,129,49,194,120,135
4630 34605 8 65,64,9
25474 26476 8 189,132,25,47,194,26,106,36
6616 31934 8 142,53
21417 2407 8 17,43,141,38,102,102
12470 40522 8 102,52,119,83,54,67,41,36
15500 4431 8 91,84,7,156,76
11829 13373 8 75,64,129
44430 26913 8 179,41,163,65,114
45743 30766 8 111,161,63,141,37,136,112
34017 5529 8 92,62,128,56,109,68
41076 2296 8 54,82,104
35411 27645 8 39,117,101,42,132,107,102,40
44781 27135 8 138,103
3647 20118 8 114,45,112,194,119,41,37,33
12981 22504 8 30,83
22836 18445 8 85,129,58,109
1268 26662 8 61,101,38,14
19950 30452 8 106,91,64,21,105,120
27841 43681 8 142,81,7,35,48
26546 8121 8 112,145
14536 27620 8 34,103,142,37,110,16
27921 24414 8 30,63,181,27,43
44629 21390 8 182,118,151,194,50
12237 4849 8 14,140,136,66,139
26271 23396 8 39,82,85,49,104,44,59,21
15218 3332 8 184,64,103,103
7964 33727 8 185,49,38,41,64,24,83,95
35033 36785 8 133,103
22023 13557 8 113,169,10,39,79
3557 43401 8 160,136,21
21475 10274 8 146,21,54,68,159,81,50
15215 39417 8 105,102,178,169,59,101,21
23182 17941 8 58,184,15,42,12,185,30
34059 36872 8 79,51,46,19,60
27390 34366 8 20,194,52,185,48,9,85
22736 10056 8 185,8,31,10,91
36294 19877 8 85,27,18
34299 20465 8 131,85,33,15,112
24854 8935 8 162,60,111,143,62,101,58
33416 41187 8 58,194
26160 15824 8 113,101,60,111,132,195,105,37
26312 28908 8 30,42,66
33069 38125 8 44,146,113,185
16420 35847 8 71,19,68,178,83,119,144
37041 39071 8 156,128,182
3894 34791 8 118,24
26932 21958 8 49,156,58,24,120,54
39337 17401 8 63,130,10,20,143,60
37900 13947 8 62,58,53,61
16057 4054 8 56,87,181,65,55,80
32729 12039 8 110,15,60,133,104,22,106,21
27896 39211 8 94,84,43,69,54
27887 41791 8 195,100,49,7,63,104,118
23644 20120 8 169,58,10,21,135,129
45747 31864 8 59,104,95,163,111
38743 41290 8 143,120,66
39529 7913 8 140,138,49
14840 37224 8 14,194,179
26067 34608 8 132,19
20450 21714 8 91,51,37,21
218 24645 8 91,163,68,41,182
32684 24526 8 14,26,48
11452 28698 8 142,179
41830 10646 8 115,69,81,118,131,105,118
24902 17638 8 14,21,104,58,61,35
8201 9579 8 60,105,181
22488 40778 8 130,119,60,21,24,130
44401 15628 8 104,144,185,85,149
33044 28947 8 61,129,128,105,178
21321 41831 8 110,32,20
33199 29957 8 64,101
22140 8121 8 131,59
22170 27418 8 69,57
9647 42977 8 179,63,20,129,33,82,67,58
45073 34256 8 65,116,115
25088 4940 8 179,141,12,16
20305 44221 8 146,129,129,69,58,63,163
37590 40171 8 77,155,131,29,35,87
36300 1040 8 53,178,102,28,62,56,49,144
26870 41826 8 19,60,18,79,33,18
5662 23248 8 129,61,112
43318 15593 8 48,117,115,81,129
14072 4967 8 10,131,70,102
11549 9617 8 39,120,161
26684 13085 8 136,102
11214 33099 8 130,68,181,69
32583 25305 8 143,132,51
29737 11846 8 29,60,82,36,136,131,19
14347 33948 8 141,85,129,48,107,61,20,57
32216 28668 8 179,102,130,119
1271 29420 8 143,33,118,14,136
13792 33431 8 21,185
5834 20938 8 20,49,83
35211 27031 8 28,59,129,181,80,53,31
35620 14852 8 67,63,10
42152 19472 8 109,23,62,120,109,22,114
26942 42814 8 64,44,22
38479 8718 8 84,129,118
3270 27608 8 69,40
39399 31155 8 60,129,113
10239 13305 8 8,62,162
44908 9042 8 41,14
37440 34186 8 9,59,62,50,53,54,43,119
8576 31976 8 185,143,57,104
35637 30630 8 30,21,39,27,7
31556 20434 8 26,163,60,35,7,24
17185 35621 8 46,119,62,149,21,119
43758 37582 8 9,19,62,60
7452 35518 8 69,24,82,104,41,38
29185 35961 8 58,46,24,102,61,64
37583 30455 8 81,53,85,131,169,46,7
6805 21496 8 39,181,110
36442 14426 8 55,7,7,48,182,10,67
12370 17435 8 146,61
30274 4829 8 106,132,40,26
37640 22419 8 149,113
20363 45007 8 132,49,19,63
21969 42788 8 58,49,62
15378 35905 8 23,87,63,62,45,158
6237 27970 8 129,114,85,24,59,178,135,119
14027 26917 8 83,66,103,60
37113 15522 8 51,10,185,57
26371 42311 8 67,104
4571 44515 8 82,117,43,117,35,18
42462 15119 8 14,106,153,115,110
23731 43826 8 129,154,103,48,79,114,41,19
14430 36609 8 141,56
2120 23926 8 49,33,33,59,63
41225 39399 8 143,12,24
13534 5828 8 106,178,8,53,15,62,19
28109 10486 8 58,129,130,113
13083 33250 8 80,19
12253 21012 8 61,100
8771 33518 8 119,19,129,69,58,65
22473 44490 8 25,111
20905 23265 8 9,119,136,117,60,129
17573 13270 8 40,58,127,109,37,64
12758 22239 8 24,36,156
27317 5928 8 30,58,179,87,66,47,64,153
29756 26039 8 52,106,48,163,142
7953 40221 8 27,49,131,110,47,85,19
26482 30395 8 66,185,41,30,179
33760 39317 8 19,160,103,58,49,35,85
21860 28524 8 63,85,185
2729 4111 8 58,21,91
11716 12137 8 28,60,81,50,91,120,47,129
22886 18331 8 21,112,17,184,211,103
17023 11773 8 61,103,62,149,69,10,134
33906 30973 8 82,16,81,34,116,15,216,56
44098 14245 8 19,146,181,177,184,162
30212 33371 8 20,19,22,30,82,69,119,138
1782 10444 8 53,19,182,27
5578 18580 8 145,104,85,39,53
1599 38955 8 118,101,27,54,135
919 7752 8 57,109,25
17567 5778 8 132,177,22,43,83,152,94
43235 33758 8 19,26,87,62
11773 10139 8 141,10,49
42260 31055 8 119,177,43,58,136,128,49,43
4929 10148 8 64,111,67,43,110
29822 41996 8 156,82,63,142,115,112
31829 21665 8 132,194,67,104,103,136,41
33647 30687 8 179,184,120,49,53
8232 22461 8 58,162,48,49,29
40673 24805 8 49,178
36692 33377 8 120,133,15
37189 6862 8 104,22,8,146
14567 36838 8 54,162,21
7086 35361 8 53,127,20,129
19569 14133 8 59,18,85
38166 1479 8 25,96,50,194
20029 9803 8 53,30
17622 34500 8 69,54
41464 25192 8 44,81,49,12,61
32916 10650 8 61,44,85,61,9,24,28,47
15660 34755 8 108,83,80
3414 29843 8 50,104,131,57,119,120
36792 6919 8 105,105,152,143,30,120,30
31809 14986 8 37,62,61,83,118,114
36526 20586 8 57,49,79,48,129,112
5820 31776 8 185,18,18
27806 44350 8 130,55,49,15,44
37546 16857 8 119,140,146,64
41737 2766 8 24,29,60,16,63,52,35,83
21788 34845 8 151,100
39924 38832 8 21,106,28,101,83
2599 49 8 20,16,28
41594 2117 8 119,115,33,23,24,18,10
18630 45023 8 38,63,83
18507 15788 8 129,159,166,82,49,37
25588 29764 8 102,21
29603 44399 8 82,29,109,102,22,17,83,52
3473 35608 8 118,56,134,107
28020 19553 8 16,47,65,21,64,82
44497 4562 8 185,91,25,32,135
14067 614 8 42,41,9,59,27,169,134
1014 17786 8 104,44,128
31370 26147 8 62,19,105,194
29533 33750 8 140,103,179,21,119,58
25732 34396 8 29,156,83,120,111,30
562 32603 8 117,67,129,19,84,21,104,42
26593 23708 8 56,58,94,53
28198 34771 8 12,45,54,63,21,194,66,59
34757 32277 8 78,149
2240 12620 8 140,54,29,213,119,21
35799 12527 8 41,204,51,38,179
19927 13291 8 119,119,28,153
39761 12595 8 82,54,87,128
27910 7949 8 114,59,108,25,136
2130 1896 8 21,89,110,63,69
5509 37189 8 109,32,42,49,91
31280 5005 8 87,40,21,117,61
314 28959 8 41,82,106,91,185
24517 35708 8 85,63,43,157,81
36729 31584 8 24,38,108
37062 42511 8 20,54
29356 43147 8 63,81,106
6527 8932 8 42,185,56,63
30915 6203 8 59,185,41,146,129,60,107,141
11650 4447 8 110,112
21355 25098 8 117,120,21,107,68,181,19,63
24124 35668 8 32,100,194,103,81
40022 3561 8 63,12,35,194,61,184
17067 24863 8 21,156,53,102,50,136
15218 8133 8 181,80,91,135,7
12681 19255 8 58,105,83,60,66,12
42206 823 8 101,183,25,113,128
19150 11492 8 145,82,160,37,63,7,48
1795 25574 8 8,130,91,132,129,27,19,85
36982 20018 8 21,21,109,53,136,10,63
9551 14779 8 21,156,17
25799 213 8 63,19,48,9,64,22,119
11763 12374 8 9,132
20993 6590 8 61,27,17,116
7356 43359 8 106,129,183,131
29485 19500 8 25,135,101,156,52
35254 8634 8 46,82,84,182,104,129,91
45238 2106 8 45,8,64,185,48,77,84,41
20513 29663 8 39,25
38481 45011 8 104,58
15388 35914 8 43,102
39811 16168 8 58,83,104,136,112
14557 27725 8 63,149,35,10
29266 28848 8 39,211,126,119
629 9039 8 115,80,185,106
42624 12151 8 37,60,117
33017 8981 8 96,141,33,57,68
23738 4938 8 17,10,64
42323 38672 8 45,83
45343 17677 8 143,132,69,66
15256 34916 8 62,13,83,65,136,62
14758 17046 8 59,91,9,63,41,16,134
39729 23272 8 58,53
24194 45571 8 66,18,83,38,17,118,41,39
32400 24397 8 50,20,145,103,163
16217 33350 8 83,156,106,113,115
1477 11048 8 53,17,41,60,114
12681 37169 8 68,28,60,102,103,8,157
24395 25923 8 26,194
28409 33119 8 177,61,104
26447 37518 8 119,57,23,128,101
33722 15613 8 18,46,18
16964 7836 8 85,119,14,119,87
44829 38023 8 108,141,109,63,48,169
24792 32756 8 63,57,120,9,182,80,99,59
45109 9694 8 142,10,91,46,209,14,33
8867 2579 8 19,104
38048 32942 8 101,160,41,60,85,54
35843 20048 8 183,48,60,21,48,195,20
11886 31958 8 178,113,6,32
44130 39415 8 58,75,33
4059 11702 8 39,106,136,152,54,33,22,18
14121 6504 8 160,178,209,103,91,169
25849 36552 8 185,130,41,106,45,58,84,39
40959 45344 8 41,163,52
25889 16351 8 119,104,15,39,83
8279 17097 8 48,111
10994 6553 8 24,162
42668 15712 8 67,55
27669 0 8 183,103,56,49,36,109
20518 43998 8 96,51,120,79
19156 3406 8 178,55,45,106,26,52,130,54
1263 12401 8 112,54,102,132
41087 21350 8 49,131,96,49,46,49,51,25
33115 38525 8 109,132,40
16662 11647 8 185,30,61,81,58
29895 38789 8 91,116,36,41,113,34
37762 3646 8 59,16,109
1965 10331 8 61,49,21,106,36,149,63
1123 1044 8 146,42,22,18
33277 34908 8 63,18,91
24641 27359 8 169,109,63
10796 16961 8 119,143,162,87,36,140
35845 7237 8 93,104,39,22,104,156,47
1511 9096 8 102,31,44,179,64,106,37,49
15503 20680 8 64,16
12078 33402 8 83,51
26717 4907 8 85,91,155,38,104,39,100,65
18018 28943 8 143,91,102,53,112,100,26
4687 5468 8 57,49,62
2092 9636 8 119,25
30541 28256 8 60,145,12,55,59,80,44,135
25441 19408 8 108,10,156,47,101,34
35113 15377 8 68,63,62,128,26,155,10,82
12468 4219 8 108,10,132,129
39161 39666 8 36,30,53,61,10
7510 35977 8 181,185,178,45,111,19,68,179
18935 44068 8 58,118,34,129,53,18,40
8013 1859 8 169,23,105,63,151,144
10702 9598 8 27,91
16180 25276 8 62,119,67,19,169,103
271 29354 8 85,107,211,130
36340 40679 8 194,48,83,29,37
18494 7186 8 46,18,21,30,163,28,44,66
11301 6391 8 149,152,83,211
1100 41822 8 194,108,21,56,33
29088 29708 8 48,59,103
3709 28663 8 81,48,18,119
18079 4917 8 119,8,67,73,115,61,19,185
10629 40013 8 34,45,142,35,58,85,38
15706 11732 8 10,31,110,136,50,36,157
6369 23967 8 83,184,109,35
39350 11508 8 42,96,8,109,56,45,21,59
39555 6624 8 15,115,194
25045 14481 8 24,113,68,65
33970 25299 8 102,45,104,87,99,133
33420 33771 8 105,108,109,22
29526 4635 8 14,112,30,48,184,96,67,91
24866 33037 8 59,119,6,54,7,103,84
31260 11411 8 163,83,45,10,8
28292 15456 8 20,91,41,37,185,178,58
36706 17071 8 119,185,185
32275 1517 8 19,10
26367 24872 8 119,10,162,17,120,114,68
43437 4818 8 179,23,12
1694 39044 8 21,106,194,58,32,143,36,61
25784 978 8 169,41,38
25031 20469 8 119,67,83,156,136,7,178
19146 39621 8 132,184,10,104,177,54,37,117
43900 45113 8 61,83,25,120,19,69
34678 40464 8 110,65,52,35
14761 45260 8 17,67,65,31,101,15,36
34332 36797 8 49,104,87
20689 849 8 100,89,36
3705 6961 8 120,48,18,23
2278 38939 8 17,133
17114 42533 8 36,105,90,15
6128 26859 8 109,103,85,10,132,152
43035 25132 8 39,111,60,10,78,62,63,45
29364 41438 8 56,28
23507 4312 8 69,87,130
8183 27186 8 43,83,9,87,109
26942 29293 8 66,194
29042 41859 8 67,55,65,49,107,211,85,145
18486 34000 8 44,38,64,20,81,132
32194 29196 8 40,61,59
39066 39070 8 58,48,37,84,87,61,49
22874 35949 8 58,104,136,61,40,62,130,16
14654 5742 8 116,19
12275 20956 8 41,104,35
6605 19855 8 136,68
39381 1757 8 131,111,191,85,145
44900 14133 8 48,103,49
32485 45566 8 23,156,62
41639 4216 8 18,24,140,53,35
38163 7477 8 103,93,101,67
21301 24843 8 67,28,163,185,109,57
36426 36032 8 35,58,44,129,135,129,19
2033 35235 8 58,179,33,103,27,185
28874 15082 8 169,57,8,82,56,24
33709 32647 8 49,116,85,54,58,62,68,152
23398 21575 8 61,58,183,78
19299 9252 8 117,18,181,10,19,133,64,104
34145 24699 8 55,45
1485 27278 8 149,17,7,194,67,54,49
18616 28862 8 113,133
8795 14733 8 132,34,63,60,29
4089 24923 8 161,40,132
41518 4670 8 60,112,34,119,9,162,107,144
23011 4111 8 59,108,114,149,62,40,18
24045 20873 8 146,82,136,10
26851 28300 8 181,57,58,159,101,64
19828 39127 8 10,100,108
25284 41530 8 61,57,31,104,22,115,67,128
13634 20242 8 19,49
13865 30334 8 12,53,114,103,97,26
10472 34164 8 130,185,96,112,25
13821 1944 8 91,16,41,132
32332 27584 8 185,14,69,111
34808 29215 8 84,149,65,184,20
35342 5229 8 96,59,112,75,104,181
19512 31603 8 16,119,135,108,66,182,145
19576 44926 8 44,119,81
9323 10839 8 138,104,59
42985 23191 8 34,120
7415 26989 8 182,131,63,117,112
24295 28954 8 156,136,195,55,182,185,163,49
14988 34022 8 6,162
27987 2696 8 49,20,126,54,9,140
37269 15717 8 162,131,41,185,48,114,120,49
44376 37963 8 80,20,120,131,144,99
14931 3756 8 44,37,36
18884 4572 8 19,36,144,61,49,81,21,129
39647 4945 8 58,112,41
24642 15224 8 136,34,182,49,111
37374 3825 8 59,69,17
6837 4047 8 102,83,42,19
13252 32318 8 142,44,65,40
29651 23829 8 55,61,85,116,58,103,156,103
14036 25683 8 59,44,25
9569 30772 8 20,44,45,24,105,119
37073 38679 8 51,18,28,67,58,130,58,49
43687 19933 8 48,115,37
4005 23339 8 40,103,114,15,53,84,20,130
15814 26229 8 37,60,35,117,58,10,103,80
25702 35051 8 87,129,14,131,104,58,43,39
17606 7106 8 44,20
38962 41327 8 69,21
15043 33414 8 109,45,24,103
39793 25110 8 113,129
36508 23073 8 67,39,63,129,29,140,83,113
22980 18803 8 182,16,149
921 18342 8 49,169,112,42
22349 27918 8 129,48,178,201,128,129,96,84
36211 5805 8 102,84
21806 21222 8 119,51,109
40710 493 8 91,104,146,25,99
21002 26377 8 12,48,132,41,68
35878 32846 8 185,69,118
41465 18144 8 25,58,117
42457 16613 8 59,53,43,51,144
44385 14455 8 30,18,134,28,40,138,119,62
14577 26135 8 67,102,68,185,132,185,181,51
6503 23110 8 78,185,69,128,61,51
27731 27762 8 129,42,194,84,20,19
20499 12609 8 81,17,48,18,118,45,62,144
13003 34669 8 119,104,21,60,59,83
17046 21356 8 57,61,79,67,140
39415 30618 8 118,63,52,54,65,133,146
44958 1350 8 131,67,15,83,63,159
31567 16289 8 21,25,40,64,21,119,62,52
3803 39758 8 15,12,30
42435 35061 8 15,115,28,33,18,158
29168 45332 8 48,119,85
14385 10238 8 131,52,110,61,68,100,101
15065 42167 8 111,194,36,63,49
27256 13634 8 178,40,34,58,63,185,185,49
18135 28290 8 45,65,20,65,163,36,120
16930 32191 8 83,155,41,130,76,63,114
32504 41378 8 85,104,120
22056 34171 8 59,104,99,42,25,80,49
29096 278 8 118,101,105,39,38
45574 13857 8 105,119,48,61
33157 31483 8 53,146,83,49,31
33362 10206 8 56,43
25835 8825 8 50,50,91,15
30951 20032 8 63,184,83,184,128,83
13101 5844 8 49,20,48,85,141,131
36526 7018 8 8,58,144,81
33733 2396 8 58,119,21,194,41,63,19,129
31335 9634 8 78,20,110,38
23785 19544 8 104,28,59,133,178,59
19976 1660 8 113,163
10887 19576 8 67,83,119,26,111,25,115,184
6274 31127 8 103,48,82,48,63,12,178,61
36150 2924 8 61,10,182,30,58
12691 30186 8 62,43,30,66,21,112,81,46
23400 2791 8 51,18,17
14632 26722 8 62,116,62,107,49,18,91
42159 37862 8 139,61
3478 25746 8 32,23,31,194,27
4400 43768 8 48,136,19,194,106
15675 37015 8 104,18,10,116,117,39,14,104
26524 9995 8 52,110,119,61
26790 4489 8 102,31,10,23,54,31,82,119
906 1131 8 8,104,105,58,47,20,29,111
4053 20167 8 19,92,103,49,6
102 22758 8 109,178,19,57,130,49,87
6823 7167 8 63,107,40,113,68
25139 6165 8 84,185,17,156
4610 12412 8 35,113,14
9621 43544 8 81,29,57,145,17,53,48,82
15970 31533 8 68,115,117
3583 3925 8 21,56
7963 19609 8 116,130,54,129,49
43019 2027 8 62,194,60,15
10288 42112 8 53,99,68,15,64,104,69
43419 37268 8 23,10,42,23,39,61
28387 35337 8 132,179,120,181,24,141
42636 79 8 17,178
44701 43840 8 66,58,184,47,53,129,103,51
33255 43852 8 41,83,60
25023 13366 8 146,51,185
40892 27225 8 10,78
40729 43912 8 56,57,56,108,31,81
10425 1513 8 60,49,60,83,113,44
18178 25274 8 51,156
28540 8137 8 17,156,66
1459 12235 8 57,127,118,102
18163 9386 8 69,18,119
43377 12640 8 52,58,119,104,54,117
2520 39762 8 112,14,169,130,12
28022 13425 8 84,37,163,44,149,184
38689 4790 8 27,41,105,184,36,101
27161 44880 8 179,113,21,102,81
45564 11608 8 119,163,81,194,47,118,83,91
36638 28996 8 65,194,46,61,91,44,52
31499 4169 8 25,39,27,29,27,36,109
41557 4709 8 30,48,48,20,129,62,49,116
28849 15667 8 141,177,83,132,19,100
26188 11510 8 19,15,179,17,194,79
8044 2571 8 46,115,138
12024 32675 8 52,40,28,117,178,119
21162 39572 8 146,102,83,135,79
725 9710 8 18,19,104,84,104,179
44237 28020 8 83,10
12510 43404 8 51,37,30,107,49,59,119
14903 44346 8 163,49,194
39009 7218 8 104,65,156,37,63,35,161,110
34186 40263 8 8,60
2897 31465 8 106,17,41,21
3384 15223 8 81,127,69,10,141,132,58
16922 38647 8 163,25,142,14,48
33624 16932 8 120,204,64
6981 44710 8 18,108,68
26141 25949 8 42,54,53,102,112,119,111,146
9125 28724 8 128,162
33170 31225 8 18,113,65
8070 13187 8 169,133
31832 5941 8 54,111,184,146,146,82,25,129
3738 26261 8 64,115,54,109,185
42884 35148 8 151,45,40,44
45292 21453 8 140,130
16608 40443 8 20,17,37,85,24,48,104,16
42911 30872 8 59,120,103,24
3634 34439 8 185,54,25,15,82
40665 35619 8 134,120,33,66,145,33,146,44
34411 42403 8 169,103,177
28002 26992 8 66,95,28,195,83
19640 15207 8 64,129,103,80
38238 1962 8 87,114,83
18290 6159 8 58,58,80,101
25715 38561 8 145,9,183,117,185,38
13873 35445 8 36,7,45
28087 33532 8 148,83
32442 29114 8 130,51,120,109,185,102,185,34
2525 10874 8 21,60,178,53,61,42,116,58
20351 35201 8 25,20,108
20621 42258 8 55,58,35,48,106,29,110
12398 14236 8 19,49
36071 2246 8 21,36,9
35049 5375 8 114,131,53,87,116
34739 38007 8 44,60,65,66,61,37,10
22387 37858 8 143,130,136
21538 44576 8 216,22,83
24504 31494 8 36,184,80,79,182,33
23757 37694 8 63,35,22,96,210
26727 21658 8 195,118,30,163,47
20725 947 8 58,35,46,48
13813 18377 8 61,47,57,59,82,104,134
5376 10661 8 101,132,14,83,149,29,143
41245 25667 8 106,10,55,184,185,58,23
26025 7920 8 66,60,83,84,29,104,83
37891 16110 8 62,58,10,49,162,83,10,19
7516 36609 8 52,30,25
27798 23953 8 61,63,120,113
6059 32763 8 28,98,52,35,129
7943 37920 8 185,179,19,9,65
19070 30850 8 119,129,163
30706 38145 8 60,44,48,16,55,129
36815 3951 8 17,85,44,23,111
31250 16045 8 18,132,115,87,161
2889 14372 8 178,135,132,204,51
44873 44952 8 19,48
43120 22888 8 114,114,146,62,24,119
32017 40835 8 119,109
44927 7661 8 109,103,58,48
34926 1404 8 49,87,163,9,110
40699 3655 8 100,19,20
32831 44470 8 45,129,87,49
24431 9589 8 133,103,53,53,20,25
88 24479 8 61,16,177,58,17,59,19
33106 2456 8 10,116,7,31,15,163,87
29675 33033 8 90,80,102,65,48,37
23072 12284 8 20,20,58,21,8
12147 4494 8 16,48,54
8446 18848 8 16,179,185,51,48
25275 8379 8 83,115,66
2952 22046 8 12,65,141
23488 12422 8 66,130,106,65,83,58
35808 10933 8 119,37,87,118,129
6274 20496 8 182,35,120,118,181
12043 11708 8 61,42,63,48,65,116
29891 38042 8 128,130,138,12,105,45,53
29601 23611 8 84,19,136,44,101
7863 41421 8 28,98,21,36,87,25,69
19241 33861 8 82,83,91
25519 35740 8 149,130,135,35,27
11596 13776 8 51,55,18,180,21,104,131,105
42883 14345 8 8,67,55,131
26707 44640 8 8,85,163
8194 25369 8 41,61,149,181
43617 25689 8 23,38,14,107,83
8933 13418 8 113,136
40667 21167 8 83,78,54,61,154,58,157,143
14558 7474 8 65,91,29,49,16,130
18832 18977 8 211,84
42992 8756 8 59,52,129
31971 41437 8 157,56,100
39395 39125 8 152,193,49,53,177
24574 2566 8 140,74,34,111
39925 21702 8 119,130,126
390 9483 8 21,63,49,82,58,69,20,185
1238 35494 8 39,58
41745 10080 8 50,114,57
26514 19765 8 17,131,103
30278 10568 8 62,85,8
42334 22315 8 53,15,105
44679 8536 8 18,60,58,10,163,194
6547 44103 8 62,129,110,42,154,185,45,69
21144 35296 8 35,37
29124 12271 8 169,53,21,58
599 45111 8 129,163,69,118,56,179
39229 35858 8 59,87
26667 33300 8 24,131,130,129,20,61,118
40234 25495 8 179,53,141,195
23122 41301 8 82,140
17947 44324 8 157,58,63,83,84
42475 6835 8 37,65,14,31,115,46
10695 43301 8 47,83
25104 4088 8 20,119,144
40839 23127 8 45,137,47,177,216,18,130
29358 30461 8 12,58,182,113
11658 8242 8 78,65,50,48,50
37466 43232 8 8,84,185
13949 26233 8 185,47,18,16,101,136
25946 35459 8 163,38,14,52,169
34088 32404 8 138,108,84,179,62,62,178
35682 34543 8 143,115,37,84,61
21693 39607 8 162,63,159,48,59,49,96
42650 32578 8 104,84,53,55,56,63
27465 13361 8 35,20
1633 13194 8 142,182
35657 21836 8 101,17,9,22,177
31242 7522 8 19,110,55,182,62,17,107,50
5420 41014 8 103,105,101,130,180,85,103
23277 39601 8 118,19,69,120,58,47,194
3450 23181 8 22,66,41,49
22203 9056 8 28,77
17621 44212 8 76,40,132,58,8
14910 13392 8 52,58,106,19,119,65,85,145
35910 7091 8 27,68,119,119,83,9,41,53
33104 16703 8 177,19,139,132,132,10,184
35360 20244 8 179,113,49,63,35,49,120
2 34256 8 191,84,140,134,20
35893 6436 8 65,153,36,17,103,113,135
7319 25597 8 110,57,55,118,57,194
18056 39605 8 79,114,165,14,42,179,14,17
1886 11122 8 156,194,22,59,112,103,62,185
27024 10278 8 64,128,159
25732 27807 8 58,54,130,62,55,83,15
28352 8989 8 12,18,132,67,64,30,210,68
19211 12698 8 63,111,23,40,98,10,67,24
23560 19672 8 18,110,129,27,51,111,53,169
28449 4673 8 141,148,105,116,142,99
42860 29121 8 77,23
43667 905 8 185,46,10,58,129,195,136,161
38383 4621 8 104,140,83,129,130,83
30944 28442 8 10,32
24465 12860 8 21,109,59,29,178
6179 60 8 33,47,184
10208 39846 8 21,54,162
423 44453 8 37,133,48,63,63
36932 25368 8 59,62,18
27066 11981 8 57,21,152,176
3429 11212 8 45,128,111,47,45,131
27062 36277 8 104,130
31886 34932 8 20,32,63,104,169,10
10798 39212 8 169,119,64,115,68
22285 24428 8 31,49
24406 31582 8 66,181
35634 2013 8 85,179,116,44,162,51,120
28964 26195 8 114,84,178,67,48,104
21418 10903 8 183,185,113,29,108,181,195,118
34475 9591 8 63,14,85,128,177,113,30
96 16470 8 184,105,82,101
20139 11281 8 182,21,163,53,82,112
34588 29779 8 28,178,37,110,65,22
27437 33624 8 33,177,22,43,130,87,188
44343 12497 8 25,58,163
168 27454 8 19,59,28,185,193,69,61,83
43824 45624 8 59,64,66,109,130,58,36
42020 3449 8 65,49,85,136
2438 38996 8 52,36,143,38,20,194,40
36130 39097 8 162,182,115,18,60,179
15284 12010 8 185,64,61,30
42571 19189 8 15,83,42,178,153,28,29
30572 11589 8 109,119,49
41141 24628 8 41,63
3104 42956 8 85,56,35
36953 22549 8 38,129,83,32
28451 41063 8 140,14
20059 4532 8 130,16,61,112,101
14561 6081 8 142,54,14,131
30508 33386 8 20,10,34,20,65,185,32
15314 25068 8 18,22,182,45,64
24753 17964 8 102,62,130,17,31
41358 21248 8 35,113,36,62
42853 36230 8 24,61,116,28
11498 23392 8 87,23,23,30,59,108
24043 35021 8 9,177,56,20,31,82
13817 27312 8 156,185
27884 9768 8 53,59,176,52,110,39
34258 34819 8 113,26,55,129,146,129,210
12029 26446 8 49,128,61
8 32385 8 109,64
45416 31702 8 116,17,129,21,33,163,18,130
34258 45142 8 128,69,102,105,114
15189 29366 8 49,81,87,18
15802 28103 8 184,163
12119 33396 8 112,36,37,184,12,64,21
15513 16556 8 20,42,119,148,142,50,43
11490 2909 8 162,35,104,63,34,110,58
6357 16079 8 129,29,83,37,113,12,25,55
7715 17417 8 114,80
4723 21745 8 19,18,83,162,28,65,17
45575 30372 8 116,67,49,19
44978 10591 8 120,10,53,100,61,104,58,67
21864 40700 8 65,20,161,66
41218 5477 8 18,19
40131 10140 8 80,33,16,84,113,76,36,36
3925 44374 8 130,81,169,68,58,14,83
43322 32388 8 14,119,50,128,194,68
26019 33933 8 177,103,178,83
9621 24052 8 33,21
11404 35938 8 24,128,51,51,141,39,21
15925 7308 8 45,10,142,113,102,146,29
26160 39120 8 119,49,169,85,115,138,48,46
36999 2414 8 21,19
20274 20372 8 103,185,30,85,58,50,39,19
39081 14420 8 55,44,92,136,136,82,169
14831 43169 8 83,53,82,85,41,44
4387 39344 8 111,36,80,46,119,129,146,16
40661 45255 8 17,19,132,65,184,36,49
5840 21331 8 38,20,48,68,81,48
10637 7130 8 31,41,20,117,181
5637 6871 8 139,85,19
19767 30653 8 17,20,127,30
41759 22680 8 64,48,65,45
15667 31110 8 119,83
6634 26979 8 194,20,33
11175 5175 8 181,39,36
7205 42067 8 58,44,12
41854 34485 8 15,9,27,91,81
17258 43734 8 62,34,69
5972 24717 8 35,49
29763 10893 8 33,115,104,21
39358 6440 8 29,108,54,182,114,143,101,59
31729 8949 8 128,104,119,33,130,10,108,60
26891 17675 8 63,127
21460 45066 8 184,119,102,113,51,49
36605 39910 8 137,56,163,181,33,181,60,129
45789 2253 8 66,194,65,140,100,18
12623 9155 8 104,39,102,93,25,101
36573 27111 8 105,128
22714 1373 8 64,83,83,67,32,64,120,111
29375 29386 8 20,18,34,83
5147 23069 8 29,28,102,177,101,158
6203 19972 8 37,31,178,60,91,24,10,34
5592 26671 8 26,162,52,185,183
16952 22175 8 83,65,177,178,61
10686 24063 8 20,12
40020 43073 8 91,119,109,41,61,132,58
21383 28106 8 53,61,184,33,18,40,62,85
22639 5129 8 83,111,55,110,53,69
9003 41249 8 48,19,62,37,35,119,146,16
14572 36470 8 43,194
25849 4502 8 184,185,112,185,36
10680 30994 8 67,129
40693 42925 8 126,21,40,178,19,37
7099 22747 8 64,61,53,139,108
11385 35443 8 34,136,21,36,184
42508 26610 8 83,120
35216 16935 8 57,113,181,21,29
22471 24323 8 116,28,66,53
28612 44183 8 47,94,43,107,56,184
31 7360 8 105,111,79,31,61
32054 25627 8 72,182,165,119,132,24,64
199 12615 8 18,191
21557 5396 8 111,30
43770 35589 8 16,93,10,143
37873 13942 8 69,25,61,39
34246 25151 8 68,20,52
33009 25371 8 18,192,62,119,89,12
1348 6601 8 145,59,118,27,34
35956 3217 8 178,10
6326 6321 8 20,83,184
31462 25254 8 63,103,169,31,58,28
183 16882 8 83,12
41850 40964 8 18,9,43,103,22,108
17333 40109 8 45,83,144,184,7
10028 4513 8 83,83,108,28,64,158,17,43
29882 4602 8 104,48,49,69,53,65
21785 16732 8 28,135,35,104,65
7930 39289 8 63,8
24416 17313 8 113,59,25,21,22
18324 5511 8 56,113,20,82,81,36,129,179
30300 34062 8 116,185,91
14171 9716 8 100,45
19235 29306 8 19,48,9,161,49,57,58,47
25483 29775 8 25,184,36
7126 31340 8 28,181,113,103,184,58,185
26620 22833 8 62,60
37711 30913 8 139,177,30
22080 37900 8 17,31,55,132,49,36,20
15069 39861 8 10,59,19
14400 2207 8 10,110,19,116,19,47,61,113
37091 36590 8 183,35,58,113,38,138
3945 40384 8 127,8,120,61
38589 30482 8 131,19,53,131,115
32885 16501 8 58,117,119,48,156
27584 27101 8 12,26,45,163,80,18
45461 23025 8 119,164,45,67,61,182
23148 30775 8 146,129,211,117
26016 35670 8 163,109,58,14,32
1029 10267 8 67,18,54,133,33,49
33551 1509 8 143,200,52,119,80
8024 18005 8 62,57,120,109,82,105,28,21
40733 15424 8 10,145,65,159,134,169
3567 372 8 53,52,38,47,91,24,129
45540 17450 8 129,63
34333 21474 8 102,60
34684 32344 8 105,118,82,63,22,59,49,184
8134 43417 8 120,26,40,22
15455 27713 8 45,15
11372 29685 8 26,18,18,139,49,133
20737 35778 8 57,129,182,7
33341 10299 8 152,20,28,87
39132 1059 8 60,48,56,114,185,12
36071 25020 8 30,116,118
40223 24752 8 10,49,181,185,53,48,111,63
34647 740 8 79,152,103
42100 1825 8 46,19,149,83,8,64
34540 1964 8 10,49,65,66,12,185,85
10113 34373 8 110,60,16
3853 43849 8 39,115,21,37,182
28596 125 8 21,194,64,139,129,182
39330 17849 8 55,182,19,167,128,119
35393 44093 8 27,94
28782 35025 8 23,21,69,53,51
42873 35038 8 56,79,83,60,105
53 13783 8 24,119
33090 15790 8 44,16,83,102,20,117
30754 19053 8 169,31,25,42,63
31070 43134 8 63,83,84,103
42816 3298 8 64,140,136
35743 23904 8 216,140
40351 14024 8 82,102,50,109,42,59,38
16718 39804 8 78,30,48,55
27842 7224 8 119,9,81,105,113,182,30,104
14956 34679 8 179,33,114,31,28
1291 1444 8 104,64,85
16676 44006 8 22,101,25,23,77
21953 7276 8 143,54,67,185
43594 23707 8 10,82,85,18,152,133,55,65
34333 21093 8 79,132,63,91,36,129,179,119
38556 1773 8 65,20,15,111,95,109,104,33
37631 10420 8 58,194,59,169,61
19064 10260 8 26,139,68,30,178,111
9004 9374 8 131,163,103,60,75
32912 7187 8 39,49
24686 31128 8 129,81,118,68,83,10,156
21666 38900 8 48,112,181,59,136,119
20480 34024 8 80,182,194,182,14,7
3929 44965 8 53,103,20,102,44,83
40805 486 8 119,111,118,19,104,20,79
23276 36766 8 194,63
8502 24178 8 19,84,111,179,56,109
32850 25621 8 51,102,53,52
12080 38881 8 61,140,129,47
27908 13842 8 149,81,22,49
18945 8785 8 69,131,25,7,61
16910 33088 8 62,163
11271 7496 8 118,39,184,64,179
265 22056 8 136,84,50,54,36
34214 8149 8 156,62,117,19,44
44576 32614 8 91,182,156,194,162,82,185
15870 14325 8 14,169,39,19,119,65,209,156
27772 40080 8 63,83,59,120,58,14
7998 16653 8 112,58,45,47,10,44,42,138
19056 13709 8 58,117
16406 34609 8 65,108,136,120,119,133
5956 11429 8 58,59,65,52,60,104
5936 7697 8 193,26
19803 5804 8 36,149,19,17
5765 39143 8 64,185,61,52,182,104,116,40
43863 4951 8 45,56,183,182,24,62
31687 208 8 156,104,182
6582 4363 8 16,132,20
9589 44703 8 85,54
5330 21027 8 59,17,20,130,58,50,93
42311 29822 8 61,105,42,55,119,83,49
24842 17421 8 116,42,63,42
30359 40036 8 120,107,53,108,136,62
33739 3667 8 23,132,102
26216 23625 8 24,108,49,37,129,23
11950 39588 8 8,84
41780 15746 8 182,66,49,59,30,185
38648 14847 8 38,18,33,20
14659 29054 8 108,64,12
14769 33370 8 91,177,112,129
45535 5595 8 66,54
30963 26700 8 69,23,61,185,84
31043 26388 8 25,87
5708 2830 8 51,10,51
7263 39081 8 185,62,160,181,44,48
251 29656 8 14,85,136,182
1783 40866 8 83,37
7059 35881 8 75,140,18,107,104
6478 35419 8 7,60,29,182,179,34,113
9454 28819 8 36,41,145,35,54
335 29946 8 112,58,59,179,10,62,49,19
30226 41864 8 103,87,67,111
16670 29785 8 60,59,184,60,56,84
24968 37877 8 95,49
29842 224 8 61,85,169
8725 32947 8 8,138,109,84
43851 36228 8 50,47,128
8183 29004 8 22,59
20337 26791 8 112,63,53,185,30,85
27026 29281 8 10,44,36
34274 17820 8 102,60,42
19379 39454 8 104,20,51,8,104
43160 6525 8 50,82,62
31677 29479 8 108,136,38,109,163,104,179,79
43124 6336 8 24,65,18,40,14
38960 35750 8 113,63,46,34,83,85
25719 24068 8 84,15,66,104,49,141
22270 17134 8 23,82,67
79 7690 8 184,129,114
44193 26789 8 53,85,115,49,10,106,43
766 31978 8 69,47,58,102,107,119
40603 20662 8 81,17,162,27,185,20,27,21
12021 11661 8 43,102,163,83,129,84
25765 11117 8 104,211,40
27220 10565 8 24,61,102,149,117,60,39,178
15414 13964 8 104,114,19,18,169,178,101,12
43038 37512 8 129,52,163,9,49
27501 41825 8 128,200
18404 16712 8 87,178,18,68,131
10927 1806 8 23,55,54,36,23,13
20163 21125 8 40,7,104
11253 42938 8 53,85
45124 44754 8 116,78,169,156,29,132,109,128
32804 31539 8 51,61,130
14763 13605 8 56,91,20,163,16
28997 41474 8 28,24,69,115,18
38500 20151 8 194,83,43
19622 5843 8 137,43,83,49,31,160
29480 10963 8 58,79,59,29,142,120,91
28766 12273 8 104,82,61,23,39,185,140,83
5472 27202 8 104,25,66,41,84,35,184
16826 44549 8 100,119,38
26130 12762 8 85,29
640 1071 8 49,59,53,63,61,178
19261 2522 8 61,179,53,52
16910 33327 8 85,32,58,21,69
38965 25850 8 19,183,28,49,127
19241 17536 8 143,114
4553 44168 8 145,102,49,21,39,146
8727 40403 8 49,14,46,115,21
35241 4989 8 83,131
38814 7493 8 35,53
23668 9107 8 9,83,15,129,98,181,42,98
15440 8335 8 38,10,65,49
3292 8294 8 27,116,65,19,116,104
5737 28612 8 12,56,20,20,101,85,37
27919 25865 8 185,106,104,83,85,67,163,84
11243 44143 8 33,10,27,185,85,10
34901 40153 8 37,30,104
25417 30730 8 34,64,145,22
25193 26573 8 136,138,28,45
8017 9939 8 61,80,102,52,19,91
13372 3046 8 41,119,18,85,81,112
11710 28964 8 104,182,101
6184 15421 8 184,62
26582 29964 8 58,58,35
9385 3703 8 84,48,30,23,118,38,85
5200 39825 8 100,114
20026 18718 8 56,43
15374 13948 8 61,49,45,145
13652 7397 8 35,129,69,129,17,85
35529 14797 8 69,49,21,49,17,65,20
1988 43703 8 135,120,134,79,181,37,12,91
35801 3118 8 119,111
11860 45738 8 20,109,60,117
25518 23931 8 14,156,65,43,51,53,40
14955 40374 8 61,37,113,39,185,113,129
15980 32070 8 113,23,44,102
8312 11109 8 65,63,16
8857 16123 8 29,156,132,49
16894 34531 8 133,185,106
40981 36335 8 32,139,120,91,131
43120 1771 8 115,131,77,12,101,62
7838 21754 8 25,111,183,48,61,84
44370 24413 8 49,65
40893 28140 8 64,146,56,169,68,58,184,83
21925 14041 8 15,18,50,26
40266 42758 8 87,58,85,22,13,44,46
18670 27454 8 144,18,45,51,49,162
25466 1415 8 100,84
32845 26736 8 12,29,119,108
5182 25650 8 56,16
1196 16667 8 101,149,179,146,185,22
41378 31395 8 14,115,16,216,74,103
44570 24483 8 143,130,87,13,149,83,18
1711 34119 8 91,140,101,61,139
13235 9749 8 58,106,35,35,181,114,154
27309 12006 8 89,27,134,131,64,54,58,63
45388 30850 8 10,60
33657 44873 8 23,112,53,83,129,140,119
6198 26748 8 66,109,51
37579 15523 8 163,185,134,84,156,36,132
22258 38095 8 41,25,135,163
1754 8604 8 136,108
11640 3086 8 103,100,178,38
4681 14052 8 129,129
20314 17256 8 55,194,53,35,45
4251 35224 8 68,83,49,35
13822 7708 8 149,36,53,55,63
41687 965 8 55,60,84,53,119,176,129,69
33529 31513 8 130,184,21,82,132,53
31437 26864 8 133,65,47,91,116
2766 5573 8 44,59,19,135,48,10
2716 12358 8 109,120,58,30,143
27933 41197 8 23,22,83,12,100,63
43716 39199 8 51,60,62,61,112,131
13466 29313 8 49,82,139,45,20,7,185
39335 37610 8 66,84
2613 5595 8 59,18,84
36225 3944 8 109,129,49,117
25367 36632 8 154,128,91,14
36254 1210 8 184,116,8,130,36,41,63
4183 4141 8 163,160,30,59,113,141,43,60
34450 32638 8 169,45,61,59
37080 28662 8 118,56,169,83,7
21925 9535 8 129,55
34491 30814 8 104,44,103,84,44
45114 41441 8 130,62,59,128,44,79
22280 28685 8 20,117,129,156,45,56
26920 28915 8 44,37,20,21,84,48,119
29707 15150 8 128,44,64,154,163
1190 35040 8 169,119
39011 44156 8 63,185,26,111,185,60,65
7776 36581 8 63,40,18
20568 17142 8 117,85,49,104
44225 15703 8 17,184,82,55,129
20626 14875 8 56,104,19,7
21749 28227 8 84,133,48,114
3537 17053 8 47,16,54,60,9,30,7,53
30358 17820 8 179,179,84,80
7937 5650 8 185,194,103
15394 40005 8 135,27
132 9892 8 128,114,65,10,65,49
12794 11120 8 17,62,104
40185 35009 8 114,160
32193 26701 8 60,54,184,112,101,102,37
37032 31135 8 114,44,7,87,55
22510 8323 8 118,169,27,35,44
2613 35656 8 130,44,82,10,93,101,62
1483 16927 8 211,83,100
17670 8826 8 43,14,60
13160 11187 8 135,49,41,81
32257 27029 8 104,132,169,118,108,169
28159 23897 8 112,117,38,184,41
40323 15918 8 141,210,30,102,119
26833 37552 8 90,120,116
31940 16459 8 50,112,54,36,54,51,129
17549 24267 8 21,155,16,129,30,37
10642 14239 8 81,81,104,108,29,19,50,62
11133 12769 8 52,117
32022 140 8 142,83,82,34
20783 3774 8 40,100,18,28,104,103,41
5815 40434 8 48,32,194,91,185,102,103
43806 2262 8 130,36,115,20,59,98,185
7956 25423 8 143,81,185
25886 43757 8 136,15,56
25780 11550 8 16,102,102
32146 4125 8 108,17,83,149,7,62,181,129
20859 45459 8 120,119,183,62,49,185,83
19889 31582 8 37,129,48,65,194,129,80
7859 43871 8 210,54
42848 14988 8 14,103,94,20,7,119,59,15
15387 6704 8 19,83,83,22
20088 25899 8 63,67,29,21,35,59
25144 1321 8 110,78,20,7,20,130,156,8
39553 37904 8 69,131,63,85,9,53
25779 7772 8 55,63,119,179,108,58,34,16
37529 5603 8 30,36,34,163,109,129,193,46
15135 21643 8 35,185,104,146,119,49
42971 17135 8 163,112,23,132,51,58,120,16
44919 33637 8 15,85,34
8254 23227 8 101,104
10755 9422 8 49,103
18577 45796 8 17,132,156
27828 23427 8 68,120
42592 45635 8 58,180,79,163
6995 39285 8 71,49,12,27,67,17,163,43
44695 44604 8 80,9,65,39,30,120,66
19825 27916 8 177,184,160,108
320 24255 8 85,146
34001 15590 8 10,179,78,63,103,59,53,129
16626 11688 8 184,58,59,57,58,83,185
43824 25647 8 28,185,178,48,81,61,177
32804 22904 8 62,38,145,117,58,160,80
40383 28015 8 137,128,178,80,195,85,131
20210 14220 8 47,146,48,80
9462 13634 8 128,61,58,21
31057 31021 8 66,32,120,178,129
33967 41742 8 47,83,64,184,61,132
36332 22280 8 14,16,109,156,67,163,16
1943 14614 8 169,83,32
21412 11018 8 102,51,24,104
12747 12257 8 39,65,181,133
39316 22221 8 149,103,107,49,58
21738 18083 8 149,163,179,136,56,53,49
31550 25056 8 16,135,53,178
26117 4006 8 57,14,65,14
29330 31307 8 59,82,113,119
24583 11521 8 110,181,31,10,50,119
12371 42855 8 119,62
26136 26871 8 28,30
13495 3324 8 178,156,185,7,136,139,24,117
29971 26304 8 44,85,36,20,117,32,104
20059 26761 8 46,37,37
20111 19640 8 104,185,36
28869 24390 8 163,83,30
21930 19944 8 209,14,53,10,130,163,129
18548 30732 8 95,20,58,51,34,29
29477 25388 8 47,136,179,9,26,185,65,62
14257 188 8 119,57,63,19,63,63,78
17767 23147 8 141,68,146,118,59,108,156,18
23721 43012 8 8,182,115,18,128,63,162
18028 2042 8 104,104,102,64,118,15,85
15232 7742 8 28,27,119,119
19694 42805 8 40,151
4630 15258 8 67,118,15,61
18915 19154 8 83,48,65,29,45,185
13172 11245 8 83,15,130,104
35397 34653 8 65,85,60,111,20,26,18,28
38769 15259 8 48,83,41,82,83
25540 41354 8 25,37,67,65,66,64,114,182
31370 25583 8 178,44,10,159,149
27700 23077 8 48,34,90,28,46,48,14,20
11950 20016 8 29,23
19500 5930 8 8,119,30,66,15,7,45,119
8070 36975 8 29,131,134
38444 40545 8 18,110,85,28,9,61,83,87
37122 34103 8 7,53,59
3227 13883 8 87,156,48
23476 30791 8 139,185
30540 41849 8 179,64,36,21,131,57,48
26131 39079 8 19,7,142,209,15,63
25369 16499 8 47,55
5780 33605 8 16,10,134,35
32707 28767 8 59,179,56,185,62,130,61,181
2175 23379 8 182,61,82,116,163
3557 13231 8 133,69,57,69,113,149
17009 44093 8 21,216
8857 15768 8 110,49,179,21,140
40668 26893 8 64,85,48,129
3951 14528 8 132,21,62
23237 34900 8 53,104,178
43964 15789 8 20,166,69,19,194
39008 9267 8 83,111
37611 34981 8 84,185,136,75,58
2916 15271 8 117,184,81,169
8214 12044 8 162,83,65,120,130,20,201
5146 27745 8 112,52,45
29030 27064 8 141,61
15954 24799 8 50,22
41257 20711 8 182,39,63,18
3083 17499 8 151,49,58,83,107,9,149
14258 19551 8 156,101,37,68
8155 23316 8 65,22,49,131,83,37,104,216
40874 26551 8 185,18,25,67,28,130,82
20551 45609 8 104,49,216,141,8,59,178,81
44977 31529 8 119,35,66,58,91,91
35790 7612 8 103,24,65,119
45534 7956 8 129,58,44,36
16458 24311 8 26,136,59,64,185,182,57,126
43385 18197 8 145,103,21,81,131,19
34387 30089 8 17,51,96,34,134,149
35658 31237 8 80,105,28,45,113,84
31869 35333 8 27,83,93,30
35195 11467 8 119,30,8
8091 5533 8 54,117,83,13,161
20903 23358 8 16,136,28
29040 24200 8 79,27,38,183,21,130
8356 25994 8 136,128,129,68,119,33
43906 17516 8 66,36,143
27032 43996 8 35,84,205,21,40,16
24602 43488 8 113,194,106,7
26677 2825 8 185,20,16,49,113,141,157
16114 33494 8 60,179
18738 10995 8 87,42
13789 32127 8 120,104,30,103,27,68,62
11915 12164 8 181,104,17,106,84,178,104
43379 1673 8 129,108,184,131,163,108,21,119
35688 17028 8 43,141,116,21,59
38751 26951 8 109,46,21,169,102
9456 45675 8 184,90,58,53
1481 13614 8 120,28
32606 32761 8 129,47,113
42461 38818 8 66,44,153,59
34008 45206 8 104,185,129,20,120
38397 14831 8 59,15,61,163,115
14996 949 8 109,39,39,101,119,184,194
42622 30169 8 146,21,194,7,16
34078 25721 8 104,185,68,49,9
33350 36069 8 135,10,19,65
14911 28849 8 36,63
3197 43922 8 130,145
33279 254 8 183,64,131,110
2095 10766 8 64,185
22695 15409 8 66,184
8732 18659 8 27,9,185
39343 9575 8 130,58,162,111
13840 25458 8 69,115,36,58,60,58,49
10591 29482 8 149,78,101,81
21396 33001 8 50,23,110,103,104,83,41,21
42559 2567 8 182,96,43
44483 29963 8 54,108,32,58,83,120,130
20327 36282 8 36,44,22,16
22402 6515 8 112,136
26922 12850 8 44,20,53,58,83,58
18313 20302 8 41,12,85,59,119,118,185,195
8426 2414 8 49,130
39873 40694 8 62,103
22772 14606 8 10,65,162
44223 6903 8 55,116
19851 31433 8 119,104
32516 16183 8 52,146,20
11738 7213 8 114,102,185,26,184,85,20
6503 11952 8 54,183,119,58,182,21,53
33889 18083 8 62,30,44,61
18729 23060 8 22,21,39,166
42123 25846 8 62,30,81
28114 19317 8 133,19,112,81,42,52,62
28682 41893 8 31,132,56,20,42
25754 27615 8 129,81,81,49
32944 13139 8 28,24,21
27481 43289 8 131,25,149,64,91,113,135
12158 37938 8 77,136
28782 22473 8 162,18,102,20,103,109
13669 29426 8 63,115,52,102,61,62,87,26
16404 13149 8 37,23,49,14
25698 39245 8 29,63,20,63,54
6615 10084 8 102,83,49,48
10821 11638 8 61,135,163,183
3671 31095 8 160,116,111,53,33
18597 2786 8 163,63,49,105,58,60
24713 42349 8 115,178,47,179,60,185
14448 28970 8 36,7,84,43,46,80,64,69
29631 44259 8 38,45,62,140
43026 40165 8 82,59,37,19,130,184
36692 6565 8 29,119,21,60,60,21,87
6422 42334 8 16,134,10,132,83,130,29
9858 9829 8 132,105,58,200,58,21
26444 7760 8 143,103,183,9,112,21
23508 27682 8 185,70,60,129,152,179,10
10762 14780 8 49,120,82
15885 36148 8 83,68,131,41,169
38156 16112 8 115,9,58,30,36,49,103
8840 4935 8 62,29,23,104
28287 40832 8 19,146,45,83,101,119
37104 38585 8 57,82,12,107,58,25
36778 25098 8 83,82
19730 24213 8 102,64,142
15381 33463 8 181,23,87,50,27
13575 15162 8 111,83,21,105,111,30,20,83
10168 31988 8 15,62,178,185
16365 21878 8 83,211,49,16
29565 45523 8 83,19
1511 33093 8 114,10,15,14
43961 14227 8 50,53,149
37760 38865 8 136,19,80,100,37,67,136
35721 22768 8 151,58,113
41021 1150 8 169,49,19,119,61,75
19316 13862 8 109,20,62,103
29336 22647 8 40,83,194,30,59,49
27587 21854 8 169,91,143
44507 31829 8 64,20,152,19,43,139,48
31541 33979 8 25,141,66,82,119,26,48,117
14291 44585 8 104,63,83
11020 5813 8 63,104,27,40,15,134
31706 41603 8 64,59,40,51,178,58
39613 25130 8 116,179,118,103,68,189,59
5582 13684 8 9,37,58,115,55,185
8724 11244 8 115,20
9379 33735 8 48,179,133,28,52,130
17282 15624 8 152,18,104,18,20,10
19103 9469 8 146,12,65,178,104,49
18272 39392 8 63,104,83,82,91,50
21374 16757 8 64,169,47
39388 3937 8 52,130,44,81
6952 8471 8 83,144,103,10,103,47,65
17022 7555 8 96,118,7
37652 2580 8 163,98,83
889 3874 8 9,136
21492 30507 8 23,25,79,15,22,40,8,64
23651 8552 8 53,40
31273 1785 8 109,104,64,104,102
38287 44507 8 126,103
18237 34881 8 182,34,24,66,22,65,129
24049 13466 8 118,64,40,61
28985 4039 8 66,120,103
10313 34872 8 34,58,104
9441 504 8 63,22,105,169,104,18,104
40292 3511 8 50,131,57,37,82,40,103
26507 3348 8 59,90,142,20,46,23,116,65
30317 39582 8 63,113,136
39531 35 8 40,45,25,60,182
32487 32086 8 76,119,129,116,103
29074 32337 8 52,18,64,104
320 28213 8 60,102,63,59,53,81,38,18
6217 22739 8 162,65,53,61
39891 7595 8 40,9
43919 39410 8 85,16,68,143
39885 4402 8 85,83,61,161
1963 11013 8 83,129,27,181,142
35988 43535 8 106,60,104,119
42458 25201 8 42,83,119,47,64,20,105
7062 25933 8 64,48
33012 20576 8 87,49,61,82
40106 34432 8 163,141
10377 6378 8 185,63
11352 43200 8 64,59,80,44
41493 31645 8 177,185
33634 43174 8 90,25,47
27513 17562 8 81,7,178,18,49,18
32256 11204 8 185,54,15,85,21,20,113
18846 33120 8 12,8
22088 24694 8 76,33,58,135,132,118
25629 28882 8 116,58,83
30471 12780 8 106,194,110
10494 36854 8 85,28,33,103,109,49,29
19729 40202 8 84,146,18,24,142,104,91
37730 28623 8 40,61,135,85
8580 3818 8 79,185,60,52,129
38950 31407 8 115,44,111,82,65,22,119
35003 16967 8 57,7,51
24732 29299 8 23,62,38,54,34,44,63,64
20964 10978 8 103,9,21,59,29
40179 19322 8 7,49,154,111,21,114
43739 17192 8 104,63,35,179
20291 34061 8 77,49,43,82,101
13751 17883 8 60,106,84,33,49
1036 1152 8 115,61
11054 8811 8 83,47,65,27
10075 38817 8 60,23,182,59
44464 26505 8 61,130,99,34
15353 8851 8 169,114,20,82,49
40408 12546 8 97,62,10,44,146
41040 22025 8 185,92,14,91,64,62
41103 39300 8 118,129,131,52,20,21
1889 40926 8 50,119,131,103,48,45,120
10900 31654 8 68,47,195,91,54,43
24920 40610 8 16,84,22,130,63
25491 3952 8 69,53,185,119,82,117
44431 42371 8 114,22
15255 37833 8 104,81,28,47,24
12063 5004 8 50,82,62,129
15348 1582 8 98,52,159
20690 9556 8 191,34,155,44,59,41,42,21
29473 42524 8 177,91,85,184,22
24061 44424 8 12,43,58,195,104,34,24
40486 12350 8 134,177,16,29,134,112,51
7426 27410 8 34,81,25
542 37904 8 83,169,131,128,83
18153 28181 8 60,118
13234 24440 8 104,179
20286 442 8 163,41,139
34027 5103 8 60,181,44,37,50,120
6377 31490 8 64,9,15
21155 21019 8 65,42,181,185,35,182
43858 24692 8 119,57,60,85
23866 11533 8 14,67,18,80,45,135
15476 30849 8 149,179,63
5788 9958 8 142,145,120,43,66,61
14515 26008 8 119,91,49,119,22,104,145
41909 10813 8 58,142,111,131,33,107
27655 3740 8 185,157
3426 28499 8 162,113
6419 26867 8 47,102,60
21522 25653 8 91,82,58,108,152,179,141,19
21286 30247 8 62,62,61,132
12718 18099 8 61,83,62,185,103,25,83
13194 5599 8 54,57
4949 16794 8 61,46,24,184,51,39
21980 36679 8 54,18,24,49,58,23,85
7172 34540 8 140,41,52
22970 30167 8 156,40,30,112
20052 45407 8 44,61
39140 7721 8 17,145,40,184,57,59
5865 39363 8 118,182,204,19
8590 35128 8 9,110
43878 6903 8 53,36,20,46,14,47,49
37036 27368 8 104,51,63,29,43,84,27
37609 5664 8 101,67,7,23,96
31026 1960 8 83,82,8,9,24,59,48,149
17905 26490 8 102,176,84
38507 9174 8 185,30,145,63,114,39,37
21166 6607 8 140,62,67,185,38,49
12841 45372 8 51,53,20,62,169,142
29628 1025 8 110,43,58,46,17,110,131,25
11217 677 8 119,99
37480 35989 8 49,129,103,119
14243 16848 8 10,185,106,135
3329 27468 8 34,105,184,82,45,54
37082 24889 8 134,83,97,163,81,156,115
14194 17725 8 163,66,104,69
14333 36109 8 104,49,25,105,21,104,57,21
16041 36056 8 39,104
41389 33888 8 185,34
25916 28377 8 63,57
7227 2745 8 163,29,48,132,118,58,48
42928 11806 8 64,49,45,84,65,119,53
39824 19157 8 110,8,10,146,53,14,179,81
22351 44757 8 30,109,101,129
6496 42221 8 38,132,162
36753 18714 8 84,85
24002 16173 8 40,136,101,136,84,9,108
19509 11424 8 179,21,185,55,138,17,81
18502 19346 8 47,80,141,29,91,51,146,85
11886 7306 8 108,131,24,83,51
37715 9367 8 9,107,101,129,107
31333 34235 8 64,41,21,68,65
42040 25107 8 57,66,105
9488 14516 8 33,118
27657 21352 8 111,185,16
31025 31415 8 160,15,109
41848 41949 8 45,141,148,18
26684 44768 8 48,132,178,45,19,85,146
8461 19256 8 68,17,35,49,41,50,184,96
14542 21239 8 110,21,31
27689 21142 8 117,63,185
16428 9753 8 30,51,178,29,56
35632 35054 8 185,18,63,61,141
15305 1984 8 113,149,109,45,135,49
28534 14476 8 59,53,102
30890 8505 8 41,18,136,22,81,81,103,108
19777 20957 8 185,35,143,46,179,30
42715 17093 8 82,119,20,119,85,211,19,98
40827 36760 8 34,15
42168 17678 8 47,113,84,58
14671 36053 8 105,18,78,20
30325 39465 8 10,28,143,30
40598 36576 8 62,45,102,14,102,27,10
33246 31903 8 47,45,68,81,37
9614 36366 8 48,23,14,46,113,53,44,111
42235 1252 8 101,19,19,48,60
477 37991 8 48,60
37235 9849 8 144,136
22600 31804 8 38,61,50,48,21,68,109
20397 34317 8 37,44,103,24,48,184,18,119
13871 39970 8 64,133,182,40,29,22
39523 24016 8 119,36
31067 21627 8 109,44,119,85
42307 32470 8 132,140
22890 28373 8 10,156,23
27441 19056 8 177,91
22175 5367 8 149,135,91,53,110,37,60,48
42265 12348 8 52,30,56,37,149,116
18065 21278 8 57,69,194,39,62,54,63,87
23519 3170 8 41,47,27,139,103,47
14118 32147 8 128,64,10,24,66,156,63,185
41450 29345 8 105,49,46
29272 3964 8 185,59,33
12368 45210 8 19,12,119,30
20167 42215 8 44,109,35,178,63,50
25570 21044 8 130,119,8,129,8
22249 17063 8 83,111,48,42,83
12695 2152 8 113,18,59,116,53
27102 5101 8 191,34
43020 29059 8 185,162,37
3234 5486 8 184,109,52,181,61,118
33940 36398 8 131,182,115,53,45,107,63
24911 8984 8 49,48,59,103,43,80,20,47
35806 37785 8 20,62,94,82,12,102,18
15135 2095 8 48,120,67
11714 1012 8 143,55,211,103,40
18594 23741 8 59,183,64
11516 23792 8 135,185,144
26342 21840 8 146,117,84,65,9,42,114
137 7915 8 66,176,28,178,178,103,185
38834 5679 8 182,50,119,20,133,82,22
4933 24667 8 26,29,53,120,111,87,69,146
29856 19608 8 46,85,169,157,103,41,49
30915 39740 8 119,91,181,36,56,22,216,82
17244 12938 8 56,67,68,149,100
45477 23804 8 56,102,21
19935 963 8 106,129,119,65,53,109
21360 17315 8 64,28,91,101
16213 43189 8 119,24,105,85,80,100
5773 25390 8 159,61,131,44,49,159
13196 31470 8 83,103
18601 10818 8 81,46,117,48
43592 14487 8 179,35,116,130
791 35828 8 117,47,105,135,91
20401 30671 8 21,116,40,114
24225 27824 8 182,48
36902 36414 8 146,52,63,25,39,109,145,40
35002 4542 8 21,53,21,62
357 11348 8 8,91,90,59,149,178,149
37054 32725 8 68,120,84,58,49
7391 39082 8 85,8,102,39,194
23145 13178 8 55,132,57,136,100,18,20,101
32682 27846 8 179,102,39,110,119,65,40,61
22907 12753 8 68,104,54,57,109
14766 33681 8 194,66,27
45382 6922 8 46,25,55,59
39475 34285 8 100,181
27674 37407 8 22,23
42668 32556 8 136,120,48,25,20,109,141,104
25765 18758 8 132,27,45,49,119
4958 18313 8 24,129
37204 36351 8 47,113,139,103
42146 15724 8 84,81,17,163,21
6989 6162 8 177,144,119,102
12372 10042 8 60,10,59,194
39023 7356 8 48,183,49,48,65,37,43,14
43822 37583 8 57,117,48,91,85
3909 28518 8 58,36
12188 45539 8 184,50,67,84,17,39,128
33091 44587 8 21,118,78,110,131
15101 19237 8 65,30
38833 23479 8 42,15,45,33,29
4596 16939 8 53,52,26,144,136,123,184
44362 42066 8 129,12,49,82,195,62
36052 11058 8 25,21,15,48,55,104,42,185
21424 44042 8 67,53,56,128,62
28067 38201 8 43,102,67,23
44265 33296 8 49,131,36,63,129,110
15297 32949 8 58,27,120,19,44
16589 20661 8 15,177,179,156,32,24,185
28897 34902 8 83,185
29622 28560 8 104,48,57,106,21,16,44,91
13614 22549 8 83,149
45244 39902 8 27,182,81,111,156
11940 9706 8 185,110,169,129,79,54
22767 40621 8 39,117,39,102,69,185,114
22319 27966 8 48,169
14434 37960 8 83,38,39
35083 33358 8 44,160,63,136,102,33,61,10
42819 24381 8 61,102,64,83,185,56,18,136
2774 33630 8 185,14,14
10658 1023 8 96,15,114,79,53,91,211
14196 26960 8 81,106,85,114,53,134,102,64
13838 35734 8 36,119,115,43,49
24655 25142 8 69,183,106,119,129,46,65,49
38699 34028 8 30,160,61
2703 1911 8 18,182
14999 38699 8 83,142,60,22
22474 5510 8 146,63
24089 38257 8 145,36
9868 20934 8 47,62
42817 11784 8 38,34,84,105,47,30,46,119
33478 28260 8 57,20
401 4230 8 62,27,129,58,16,120,85,114
18449 15290 8 63,114,81
15154 12091 8 47,185,201
41473 30281 8 62,34,101,33,185,37,35
26663 16471 8 64,49,19,64
43063 12039 8 211,146,65
25294 26868 8 107,104,20,61,61,162,119
19814 13145 8 62,44,119,53,18,131,53,182
43042 40200 8 182,91,141,10,119,50,81,59
38057 19741 8 53,134,7
41703 33015 8 55,62,84
38023 963 8 195,76,178,55
42062 6568 8 31,52,58,21,33,54,84
36577 31311 8 195,91,62,102,103,33,60
29728 5784 8 15,141,84,201,50,9
236 36026 8 20,19,10,59,129
17823 19357 8 178,51,8,59
21992 26617 8 66,45
375 7620 8 146,44
37978 36300 8 84,65,58,56,49
14110 40806 8 51,178,178,93
639 34960 8 169,183,130,34,41,96,43,10
6165 18675 8 22,10,62,50,53,22
9605 13239 8 87,194,85,185
2835 19513 8 169,59,53,129,65,102
29610 42671 8 53,185,29,143,129,65,18,14
14087 74 8 62,53
27499 7612 8 120,181,33,45,183,152,65
8038 42183 8 65,62,81,78,65,129,144
36643 9740 8 10,63,140,129,104
41701 11653 8 194,128,69,10,50,142
28476 38410 8 131,83,211,177,194
38268 188 8 142,8,178,23,93,129,104,21
44957 29446 8 61,82,16
8639 37397 8 46,19
23353 14967 8 19,16,33,53
24927 42148 8 83,49,103
38500 16569 8 21,34,20
12229 16711 8 15,98,49,21
25780 16046 8 28,129,60,47
4710 39089 8 61,53,63,62,42,19
25523 12876 8 66,83,51,39
1407 13428 8 9,63
12714 37887 8 44,129,109,83
28563 3475 8 37,20,109,59,21,48
24982 1609 8 39,49,112,131,185,22,178
18691 21436 8 61,24,35,80,63
4626 10998 8 63,79,116
8198 30066 8 104,51,19,50,120,19
19125 21578 8 81,47,18,21,85,33,96,29
