15230 7924 6 104,119,106,109,22,65
23703 45248 6 41,129
651 25748 6 58,128,55,118,14,183,48,129
45270 30482 6 16,110,77,109,94,9,12
11366 40192 6 183,145,83,83,28,118,222,81
9289 15584 6 163,146,69,36,120
13169 43109 7 36,56,129,85,87,61,66
43067 35005 6 82,138,69,33
6750 21016 7 18,80,45,35,87
36684 35137 5 111,132,107,47
31697 45094 5 15,163,104,83,33,25,119
12293 6967 7 58,108,58,130,82
24432 16110 5 110,143,114,152
23308 15416 6 25,140,130
20123 2478 6 118,52,141,149,130,49,81,67
14360 37016 6 29,64,105
1688 11135 5 65,14,39,160,62,61
17693 8277 6 145,93,35,34,59
35882 20314 5 80,65,87
2027 27726 5 85,32
37043 14262 7 48,63,156,56,131
24574 19530 5 18,77,163,22,65,118,51
19841 56 7 80,40,103,103,19,103,19
38315 39389 6 169,182,19,49,83,100
3443 7604 7 9,62,62,103
26101 7085 6 61,50,20,29,63,211
12539 7778 7 51,104,185,54,52
44616 2931 7 59,182,18
18760 26103 6 131,20,22,182,28
20859 23647 5 28,101
16814 39751 6 18,69,26,20,146,17,69
32605 45368 6 126,9,56
42223 14431 7 144,45,185,24,132,30
45171 36702 7 63,22,111,64,36
11983 25171 5 68,119,85,58,128,58,117
5263 4089 7 106,59,59
22209 9643 5 129,59,63,82,163,106,160
38090 39440 7 61,142,113,104,84,15,184
34298 1018 7 36,50,119,51,194,62,49,133
602 7199 7 132,185,8
18111 33891 6 130,35,129,32,87,14,52
19696 42058 7 83,149,29,63,56,119
41738 20689 6 60,25,15,111,19,23,27,41
26931 36435 5 60,64,117,24,160,83,59
7202 41936 5 158,58,185,103
14047 21444 6 129,69,129,63,181,49,185
8294 17496 7 128,22,20,109,61,79,149
45511 8723 5 18,10,69,182,18,45
10919 37705 7 46,101,68
24588 10177 6 169,9,21,83,146
43989 5007 5 56,200,8,69,53
16662 27735 5 46,91,41
16157 25782 5 19,40,129,48,42,65,195
20106 31358 6 57,46,162,9,129,162,85
41800 31152 5 48,149,58,35,129,72,200
7077 3820 5 20,104,26,107,115
7313 23724 7 25,97,20,96,63,195,44,178
36612 34994 7 169,81,129,10,22,82,21
10651 42205 7 194,102,179,132,60
38681 7612 6 167,185
8153 24013 5 53,82,114,69,53,93
17144 37432 7 47,194,40
6395 16166 5 185,104,52,194,58
45359 29382 7 49,63,45,102
4177 16659 5 110,10,179,56,32,15
3015 14401 6 142,40,84,146,83
41862 34702 6 109,214,141
4384 42533 6 201,62,110,48
11730 26702 7 85,120,185,48,119,34
41702 517 6 143,37,53,22
27390 44049 6 116,119,117,110,41,83
14590 3575 7 129,46,9,63,194,116
18620 28029 7 181,16,19,117,119,65
34755 43990 6 179,85,84,46
24162 2383 6 145,110,48,53,25,59,136
45025 41181 7 144,83,162,25,81,83,51,87
40222 17271 6 19,129,104,116,119,162,104
29721 40362 6 60,169
40413 15406 7 9,104,53,183,10,29,91
22319 576 7 43,163,65,119,51,45,12
4287 1314 5 19,56,163,195,48
33723 7360 7 19,66,59,181
26218 28416 6 31,104,80,56,7,20
22889 4463 6 21,31,132,179,41,118
20190 38758 5 185,58,42,204
11556 37916 5 120,16,129,46,50,83,52,149
45476 35247 7 58,19,103
27580 33426 7 60,194,87,137,22,128
35420 35394 5 118,115,12,110
21621 30267 5 184,129,182,96,182,101
17740 40670 6 128,23,38,163,116,28,45,22
21071 4644 5 20,132
9930 43883 7 12,115,162
31918 11572 7 9,59,53
33523 41696 6 114,10,58,45
659 20342 6 24,58,50
1095 5934 5 114,34,103,156,66,23,184,29
37030 9397 5 61,17
28452 33772 6 84,163,135
8935 32580 6 55,40,20,80,128,49,51,201
35135 13899 5 50,194,50,130,52
21405 25300 7 65,104,45
11058 19543 5 30,113
19931 17608 5 12,112
3752 5371 7 104,182,163,43
16066 10638 5 25,142,58
33373 12061 6 20,83
38632 21936 6 12,156,29,18,46,145
20665 36378 7 51,52,128,49,64,10,19,82
27536 3532 5 130,184
25384 7988 5 128,46,49,54,21,194,61,7
24749 23246 5 23,59,185,83
35696 29804 5 129,114,61
11910 19339 6 69,19,59,57,21,131,116,69
9705 18108 6 120,108,118
3226 7482 5 184,130
3082 3036 6 144,20,91
34368 26129 7 61,120,108,91,24,119,91
30378 43703 7 142,56,34,34
11139 35982 7 48,20,50,130
4621 34644 6 81,58
16234 39272 7 113,184,120,116,34
24023 2531 6 136,47,16,69
13930 10330 6 19,113,96,103,104,64,30,24
20135 41665 6 62,118,114,54
2532 42574 5 45,114,21,49,59,39,28
33224 32505 5 49,50
35003 12800 5 106,185,145,17
8895 39730 7 49,149,65,82,81
23750 33625 7 10,61,46,58,108,160
6927 20736 6 91,83,30
13972 8648 5 12,40,23,63,21
22421 20320 7 20,35,19,132,63,10,119
13941 20222 6 49,27,40,61
39102 44706 5 30,48,83
38628 993 7 22,58,16,119,185,19,48
40775 41743 5 32,54,50,46,181,83,39,50
38870 34217 6 107,119,119,133
3611 35862 6 78,142,57,18,129,22,65,181
4565 31655 6 21,119
33790 30712 5 48,129,18
4701 5223 5 83,14,182,64,157,20
28174 44715 5 107,33
32744 1261 5 80,50,35
24474 8293 5 49,10,35,19,28
19221 10510 6 20,9,143
18657 34883 6 29,83,185,18,34,55
24502 30815 5 18,146,114,169,81,104,31,42
8700 8833 5 58,84,34,19,80,62,45
36303 40136 6 159,51,185,192,59,15
42139 5114 5 80,50,119
45140 29707 6 30,66,52,51,27,182,85
39381 21277 7 87,37
36296 44572 6 129,53,32
26571 3458 6 66,115,37,104,140,105
18616 3246 5 56,21,69,134,185,81,39,109
34559 35880 6 32,26,102
37423 3561 6 62,156,9
25138 40616 7 179,152,216,59,163,194
45211 632 5 177,51,39,181,129,43
27883 40255 6 42,81,66,78,18
30555 11167 5 119,57,184
8350 42066 7 48,67,83,21
25625 7237 5 60,167,55,19,136,33
18085 35265 5 149,185,83,49
2523 6034 7 146,119,40
17566 23171 5 130,47,118
12553 37184 6 178,58,102,32,21,113,100,130
5183 26541 7 111,112,62,194,120,87
32168 16472 5 216,19,83,107,85,61,64
35434 31810 6 28,83,33,29,142,179,134,83
42828 3616 7 114,179
45441 27800 6 111,129,181,58,62,61
19029 30224 6 65,50,15,82,20,27,209
3805 24411 6 58,162,110,110,163,149,52
31560 32495 6 126,29,48,130,118,9
10664 26764 6 109,54,15,118,65,51
42745 44218 7 43,52,41,23,62,20
5371 18270 6 42,16,101,85,131,185,10,60
6063 5833 7 132,62,91,138,116,87
22924 13893 5 185,68
30001 43110 6 40,46,103,33,31
31936 45740 5 49,135,18,178
44647 9049 6 39,10,56,15,8,116,34
19341 10987 5 185,63,185,22
23558 23815 7 75,118,45,108,58,22
11875 39597 5 68,118,9,40,18
41573 19398 6 181,181,154,96,87,80,17,55
26173 40575 6 65,54,21,37,60
28230 2659 7 62,61,102,65
41518 1349 5 67,84,8,40,54
27573 43512 5 51,162,128,59,211,113,67
41575 21792 6 9,57,115,185
8662 10747 6 60,116,132,41
30958 13118 7 30,144,52
6293 6596 6 27,51,185,101,69
41586 9698 5 20,20
42328 14400 6 144,110
14644 1103 5 35,115,119,29,129
29463 31298 7 178,40,10,59,146,63,55,48
19985 42401 5 66,182,57,53,27,131,51,114
24588 30082 6 179,40,61
30694 44130 5 47,106,53,134,9,104,43,58
20975 827 6 42,47,83
24317 43827 6 19,34,62,59
31387 23951 6 116,184,79,47,62,128,109
18974 7401 6 130,101
40699 30082 5 45,91,14,49,47,19,80
39306 29756 6 119,105,41,49,69,181
1836 3467 6 130,18,10
8998 8846 7 56,185
37206 43130 7 91,112,49,54,113,51,145
37553 38477 7 106,23,108
3165 29660 7 62,163,64,142
14827 2655 7 156,20,194,139,26,57
3022 40747 5 129,104,47,104,104,61,56,61
27834 20314 6 18,61,156
4165 29347 6 179,106,105
32482 28207 5 110,8,162,62
37650 16158 5 21,40,99,177
21004 16054 5 146,79,56
23825 22599 7 21,44
6263 36606 5 46,44,91,30
37509 38782 6 20,118,105,28,182,128
15439 9159 5 66,149,51,49
30646 12942 7 62,68,19,43,52
2537 15552 7 24,58,146,82,156,30,116
40183 27169 6 91,10,79,136,59,35,12,19
16320 45018 7 7,34,33,12,119,63,63
39642 30976 7 129,103,15,103,120,132,33
27355 34574 6 101,129,58,81,91,131,119
22136 12222 7 56,33,135,44,185,128,83
21592 22247 6 135,185,105,50,200
20541 4465 7 7,36,14,65
4974 38239 7 113,83,119,129,37,101
41726 15327 6 62,178
14115 3873 5 47,41,20,120,50
37314 2408 6 133,83,113,30,53
44001 6918 5 131,7,162,66,76,145
29497 41286 7 66,50,87,204,60,131,120,63
6203 31313 6 87,114,106,128,50
37693 27508 6 33,41,120,63,15
22922 17788 6 24,58,37
998 18720 6 111,109,104,35,58,112,65,49
28 20796 7 109,34,113
9283 4106 6 51,108,140,81,112,22,50
31681 42615 7 35,18,55,97
22798 25688 7 144,49,65
17553 25071 5 113,36,107,137,14,37,63
25681 44117 5 119,83
22720 9798 6 112,63,49,184,47
6977 10067 5 18,179,119,53,103,23,149
14381 34853 6 135,35,149
16308 3587 5 185,81,33,83,182,60
28602 21150 6 18,17,112,119
995 32138 6 120,156,60
16869 8046 7 83,46
11772 2004 6 62,119
14222 13229 7 113,61,120
27354 10362 6 64,83,159
18224 36136 7 82,47,194,60,169
24021 17187 7 82,23,27
29354 22641 6 19,21
40036 38075 7 45,94,128,39,163,20,136,145
556 16904 6 118,12,14
43322 11620 5 19,14,62,49
23532 19610 7 144,104,94,178,9,53,51
23422 835 6 182,25,144,49,53,17,49
5099 18708 5 49,48,48,24
16275 39428 7 129,185,134,43,20,17,19
27075 19430 6 56,84,135,119
11621 5479 5 82,34,24,48,113,58,200
3248 8780 7 48,60,99,18
5717 31208 5 20,15,68,20
45265 32921 7 37,161,43,40,169,178,47
22902 1489 7 90,25,45,29,55
11072 32307 5 56,102,120,19,83
20033 6209 6 119,200,119
40720 40248 5 18,119,24
27877 3245 7 83,181,7,83,34,44,22
16936 44256 5 130,18,83,64,63
9949 17162 6 20,47,58,67,61,103,19
41843 5540 7 25,114
1708 34026 5 14,7,106
26104 1611 5 104,38,23
11635 41298 6 21,16
33405 19201 6 119,48,119,119,45,19,119
29869 1930 6 62,22
28112 20731 6 85,44,43
27668 25733 5 144,45,21,21,50
16763 2784 7 185,63,61,117,9,43,8,8
17303 1682 6 104,204,23,30
13137 26665 6 27,96,62
32763 38099 7 58,63,87,185,58,48
9634 38967 7 169,143,48,28,135,52
17882 36842 6 134,152,140
42295 18452 5 179,85
23196 44414 5 119,119,185,63,61,118,53
29585 34184 5 132,51
19450 21185 6 27,25,48,33,17,66,141,110
4568 35612 6 198,18,66,118,65,87,194
35476 12515 7 21,162,62,36,56,48
36321 31501 6 19,104
28627 33251 7 110,114,21,32,160,106
18677 26944 7 83,81,81,85,17
18481 1750 5 82,194,87,84,10,68,16
3456 22432 7 64,102,83,177,69,162,53,104
26165 31781 7 62,69,41,48
18391 11186 6 32,129
10632 14470 7 15,65,129,26,45,43
43956 2156 5 81,17,42
3514 7997 7 29,178,37,39
34860 4713 5 130,113,142,110,63,55
7940 40843 7 84,8,114,118,64
43420 1258 6 51,105,24,143
6696 31069 5 43,10,25,178,19
34523 45234 7 102,103,15,68,114,82
4799 13962 6 113,21
34676 7591 6 110,130,57,84,104
6243 11257 6 178,25,48,136,169
30279 8774 7 25,19,78,29
41327 4664 6 79,129,62,114,84,68,51,55
34813 36010 7 38,78,17,59,8,27,10
22536 14586 6 58,20,14,25,59,107
26422 17921 7 21,84,44,38,59
41317 24381 5 130,59,33,85
16135 38358 6 47,169,28,30
16174 11388 5 104,47
27885 38396 6 82,46,37,184,79,25,64
44749 28608 5 54,103,30
31132 31026 6 106,24,15,24,83
22997 45683 6 49,91,28,20,34,19
25479 39250 7 103,110,26,65,49,41
30498 3880 6 59,57,35,52,104,62
23144 21767 6 81,8,194,24,185,109,136
12793 42984 6 134,105,119,28,17
22623 37498 7 39,162,83
22230 25727 6 59,33
16222 29657 7 95,62
13753 31231 5 108,24,104,103,58,102,48,119
42975 12889 5 20,91,143,41
42780 18801 6 91,15,9,10,32,181
26497 43453 6 139,156,63,129,68,68
31828 37665 7 45,63,194,25,115,79,23
3614 25359 6 143,67,22,163,119,41,53,108
36656 12489 5 83,109,119
35557 878 5 59,36,181
23766 4807 7 63,44,35,107,143
17612 28731 6 81,119,115
29734 10669 5 55,120
23394 13857 5 37,20,59,22,103,51,177,16
44497 29930 6 28,26,61,42,109,104,46
35839 15859 5 103,12,42,7,68,63,18
22275 10610 7 36,49,84
34402 36756 7 185,105,35,119
6205 38412 7 182,58
10738 35660 6 119,83,37,81,9,45
41128 23514 7 132,156,50,107,49
41199 4206 7 21,32,119,10,22,15
39780 38784 5 152,58,52,15,10,184,7
15525 45387 7 48,25,61,23,28,37,19
10747 37678 6 118,19
38808 5053 6 109,60,18,19,146,87,103
40123 44126 7 63,107,62
5588 34091 7 116,185,58,107,62,26,43
24329 15432 5 12,21,61,24,28,18,9,113
4352 40657 6 37,64,51,50,20
15325 24564 6 146,40,23,146,132,9
18381 4636 7 194,35,104,90
38405 13656 6 20,10,17,41,103,105,51,25
32746 24159 7 110,63
8670 17809 7 39,81,106,106,38
3486 1621 5 103,37,23,113
9076 28087 6 31,65,182,52,81
25480 20719 7 106,140,82,20,119,50,45,83
31946 6708 6 15,53,19,49,140,58
2422 25597 5 106,85
22495 38002 6 82,57,20,52,58
41665 37157 7 130,149,82
24156 21802 5 149,54
29520 565 7 58,119,109,118,60,132,84
25688 13428 6 65,106
30964 37658 5 10,118,53,47,63,105,82,129
35130 19328 5 103,195,146,156,53
35460 41472 7 42,134,56,103,61
9033 13204 6 153,59,129,18,182,209
21371 45588 7 103,211,49,30,140
39351 38164 6 52,112,87,49,106
9920 37057 6 181,178,23,107,103,111
6306 40424 6 115,183,103,46
36360 13495 7 110,152,10,110
14084 15205 6 130,62,149,81,119,130,45
36180 45594 6 7,141,160,129,49
5333 15193 5 96,63,81,63
14344 3734 5 91,37
9961 21056 5 67,16,22,112
31939 16113 5 104,66
27373 29474 5 103,40,28,64,185,120,30,83
40515 24005 6 145,21,60,84,65,40,20
41604 15519 6 109,185,108
33675 10835 6 114,59
22148 980 5 131,142,119
34781 7385 6 36,10
23589 13446 5 182,19,83,63
16620 5738 6 139,44,21,16
23788 5093 5 105,117
30132 18313 5 119,132,136,44,63,35
32768 13480 7 119,143,100
11247 5274 6 33,90,56
16557 14152 7 211,8,81,194,110
8221 15257 6 105,112,41,12,50,112,91,184
27637 43943 5 178,69,201,56
8881 2545 7 58,61,134,93,41
3473 25426 5 177,107,105,145
26334 44641 7 23,25,51,109,136,19,51
30851 12809 5 37,178
21009 28922 5 169,130
5695 39999 6 33,69,82,211,181,35,82
23174 18475 6 48,48,103,75
45618 11513 5 177,49,119
19946 5744 5 41,15,26,87
38570 40604 6 182,12,10,110,52,115,114
10608 226 5 67,35,52,135,59
3638 44708 5 135,178,146,156
19199 24819 5 111,58,142,49,51
24959 32119 7 114,113,141,169,36,19
42658 1752 7 64,85,136
45648 27563 5 17,61
37878 7286 7 91,87,47,40,7
45450 27073 5 183,84,101
45502 20188 5 102,32,10
25522 37725 5 131,20,20,60,56,49,127
15736 16215 6 50,169
8697 24931 7 141,85,146
40563 6623 6 87,129,18,87,194
14661 12922 7 131,31
12929 30603 7 40,46
7077 36956 5 21,84,12,29,65,91,53,57
19358 2455 7 35,66,34,85,177,116,63
16248 26032 6 28,50,112,48,40
39055 5324 6 61,20,131,83
6528 43299 6 64,60,178,119,108,136,82
36555 5592 5 66,20,36,114,178,83,133
31214 35785 5 62,132,129
4331 32167 6 194,31,83,116,28
4053 18348 5 49,56,57,69,77,7,48,82
23712 43271 6 50,118,19,56
44368 25792 7 184,103,34,104,185,91
15128 30727 7 14,51
25424 16002 6 115,32,105,19
30033 9825 6 14,16
25367 35107 6 104,130,55,51
37878 22326 6 115,114,129,185,184
2460 45575 5 48,142,114,50,48
38734 16235 5 49,129,66
33114 28707 7 162,45,130,65,104
10846 28268 6 30,61,160
38937 38237 5 30,185,119,39,179,14,41
42897 30530 7 47,129,143,56
38512 31975 5 21,185,81,104,38,185
33357 20976 7 154,185
39637 37735 7 59,63,10,60,129
9802 30544 7 20,49,61,130
6419 34404 6 68,145,104,132
14286 800 5 31,134,23,178,29,21
34218 13829 7 48,84,109,142
32495 40189 6 27,39,34,129,21,59
7301 2971 7 113,141,163,21
37973 12309 5 81,19,58,120,61,85,14
20768 25997 5 103,91
16264 13490 7 83,185,49,119,16,79,153,10
35791 2223 6 20,65,129,49,59,14
20890 17959 5 181,79,181,83
987 13492 5 85,47,9,178,158,119,112,23
24579 35674 6 184,115,82
31673 36334 7 185,21,82
6302 3139 6 60,52,51,63
39399 32580 6 63,15,52,110,52
2389 43140 7 44,47,107,21,10,201
41408 6235 5 204,182,119,21,26,83
29493 37216 7 185,33,108,18,58,49
36382 3915 6 54,100,104
18653 10500 6 130,59,47,62,126,20
23400 7343 6 18,10,129,21,129,104,108
365 16056 5 184,42,130,83,34,10
34824 5571 6 84,140,44,16,111
40084 26415 7 25,17,9,47,182
510 12220 5 146,52,18,103,9,50,40
28210 31386 5 58,80,60,48,107,40,129
45612 10669 7 15,98,85,85,110,62,7,61
13097 6499 5 43,44,61,20,129,61,30,182
31034 31559 6 94,184,119,103,9,132,14,18
23137 22432 6 119,116,81,25,113,153,111,194
32157 24176 6 136,47,41,18,29
9017 23913 6 131,179,91
9665 14040 5 66,109,64,39,52,107,61
6280 38066 7 184,112,60,66,44
44531 40521 5 62,50,83,69
22524 634 5 169,62,52,66,149,40,56,119
22955 43520 7 45,68,10,58,21,131,81,61
40011 42282 6 45,185,144
44502 6113 7 91,48,108
24044 20795 5 18,82,120,113,20
1198 6629 5 103,43,102,96,63,179
30654 6952 5 10,142,132,85
32876 1025 7 68,59,112,48,39
15202 13187 7 51,146,19,130
4107 921 7 10,156,41,57,83,44,40,169
9896 19452 5 131,49,7,8,120
14996 19730 5 135,31,120,181
28426 6773 5 69,39,119,11
21039 30345 6 132,57,36,178,185,78
519 5458 7 7,21,41,104
34877 218 5 25,178,63,134,104,13,131
28412 35202 5 113,129,135
19653 23698 5 177,104,47,115,67,58,195
1622 32248 7 96,25,85,59,10,48
32201 19886 5 149,42,116,10,40
19336 32863 7 85,51
7150 32322 6 118,85
45210 18759 5 65,118
28949 43982 7 14,62,14,104
41092 14128 5 103,182
28338 323 5 163,195
19775 12504 7 103,19
42242 7787 5 56,91,117,36,61
27477 9749 7 100,130
17177 13609 6 18,19,105,62,47,44,185,29
24988 36784 5 63,17,40
6459 22189 7 43,31,178
32633 41086 6 81,23,112,181
39115 15584 7 65,119,55,110,33
10214 17709 5 112,119,181,46,50,58
40045 38991 5 18,24,35,52,53,64
40540 27710 7 64,104,119,37,110,47,83
20650 1778 7 118,19,29,48,119,106
15951 7402 5 100,128,52,10,110,49,69,155
1685 44402 7 109,83,53,179,119
44282 30845 6 185,132,31,120,8
27371 28788 6 77,53,144,185,14,59,163,24
29061 8433 7 103,162,58,82,62,36,58,14
22094 7985 7 185,120,51,24
39642 31667 6 142,48,129,15,60,54
6983 37514 7 169,156,185,16,112
36659 36132 7 62,25,111,42,157,87
31685 24418 5 163,20,178,68,120,40
16612 22264 6 58,143,133
42686 8280 6 142,36,85,17,129
22614 24166 5 101,20,130
32260 35337 6 91,141,20,136,59,69,62,33
2931 27141 6 109,19,21,51,18,48,21,62
34241 42735 7 83,61,12,59,23,25,51,131
11790 2391 7 55,78
16974 42094 6 21,79,66,102
17618 31552 5 55,129,185,85,103,129,30
2944 8082 7 87,152,15,91,21
9154 9043 7 194,112
42125 25412 6 56,49,60,63,18,28,47,63
10843 24979 6 57,114,10,144,36
37863 20278 6 156,163
32352 26882 6 115,18,37
41011 18215 7 66,131,129
16303 17569 6 178,9,104,83,104
22710 19955 7 69,120
4956 7582 5 85,14,47,48
4117 44366 6 109,104,178,113,169
23270 3659 7 48,112,23,69
32007 18396 5 103,53,184
41821 31839 7 169,7,149,21,87
5115 12738 6 84,118,48,25,91,84,16
8233 20554 7 24,60,183,56
16205 26531 6 22,53
17319 43546 5 48,64,25
5106 5379 7 119,25,15,119,81
19695 38850 5 44,44,28,59,117,129,163,198
24866 40224 6 43,114,33,104,25,112,104
24135 8031 6 19,104,113
40977 22380 7 111,68,62,100,85,19,81,216
41453 36826 6 182,62,116,143,19
36402 30795 7 25,82
21297 24159 6 140,20
38676 3086 5 105,55,116
36921 36361 5 36,110,117
34881 23358 7 185,47,113,19,53,83,110
43525 28967 6 184,16
16418 5118 7 25,49
12630 34449 7 62,36,58
29961 38839 7 91,50,160,194,162,63
7421 31895 5 95,12,67,48,28,21
17803 28768 7 30,49,83,104
17581 13849 6 41,162,21,41,179,82,112
29723 19644 6 79,146,47
18985 2311 6 46,49,101,63,108,129
38604 29313 5 51,49,22,60
27568 17414 5 136,110,44,28
12381 37849 7 96,82,119
39686 34764 7 58,36,16,128,15,65,37
12756 28406 7 117,48,37,57
15264 29842 7 18,104,53
15807 10507 5 67,44,103,160
35591 39872 7 47,83,136,110,67,119,64,111
35232 10179 6 109,48,85,68,29,53
17955 25155 5 129,48,119,90,128,76
8955 24231 6 50,87,120,45
25820 34148 6 144,60,41,134,58
28047 20163 5 91,156,18,169,53,120,57,91
25919 39318 7 77,119,83,109,48
24996 45434 6 119,21,160,131,105
34479 19838 6 120,163,12,35,12,182,51
44159 38693 5 36,211
29578 27647 7 128,30,49
43598 20505 6 34,104
14220 28192 6 134,96,113,83,102,129,131,110
2035 35770 6 83,101
19319 5231 6 49,10
33112 6014 5 63,15,46,204,41
4104 40237 5 18,51,48,130,117,119,19
34885 37650 5 15,55
34302 10455 5 200,49
21866 2374 7 65,77,194,177,145,178
44538 29827 6 116,82,19,17,32,104
34980 27963 6 38,83
37977 8307 5 9,59,68
38171 8405 7 128,53,85,53,130,105,109
37974 7281 5 144,38,167,48
14404 15441 5 31,85,41,181,69
21913 3097 5 64,145,63,129,60,43,182
34409 14312 6 60,18,181
18709 41010 6 119,169,83,49,62,129,64
1864 16793 6 44,52,114,83,113,19
14572 25929 6 37,136,42
35821 42030 7 66,119
36192 2561 6 17,83
346 19229 7 185,163,109,146,204
21452 24229 6 14,48,52,55,129,66,19,185
368 20171 5 62,60,50,195,100,46
30281 12872 7 142,69,66,102,163
20565 3350 6 35,63
40175 38162 6 59,24,43
3466 31262 7 163,81,103,143
25482 18842 5 62,20,53,32,58,12,68
38457 39476 7 8,102,17,106,115
34032 637 5 85,193,52,22,45,154,131
41985 34466 6 20,60,79,48,78
40644 12134 5 62,18,22,68,181,21,83,119
39421 26202 5 52,163,60,60,178,15,128
19073 5463 7 29,101,19,40,113
45373 24689 6 49,104
24410 42963 6 85,185,153,53,115,44
13259 36997 5 49,10,96,19,100,16,184,146
28754 7443 6 52,129,40,130,106,178,82,10
15941 15126 6 10,112,20,119
2013 33454 6 46,67,29
25565 14119 5 14,112
35057 16402 6 160,103,32,104,15,160,21,181
24425 13115 5 28,60
31216 7059 7 7,163,119
564 39714 6 119,106,158,49,19
44307 32232 5 120,113
10881 35648 6 60,31,178,63,115
8998 37651 6 101,21
130 30150 6 156,25,18,113,58,37,184
16671 3258 5 83,49,131,49,17,23,37
25514 15101 6 52,8,63
41308 11842 7 136,49,108,119,105,24,82
39981 29018 6 61,36,63,58,39
27829 9572 5 59,57,96,63,49,40
3087 2658 6 113,33,184,8,19,82,119
25269 19873 7 102,63,160,24,29,21,181
35982 4665 7 178,91,50,40,131,79
9168 19533 5 134,85
43436 1715 6 82,120,143,104,59,62
43936 14465 6 45,142,146,60
16735 6418 5 109,63,30,58,85,28,21,21
34863 23182 7 65,20,179,114
37703 29843 5 183,194,63,185,34,49
33651 36611 7 42,18,81,24,18,211,28
36749 42307 6 34,49,55,43,118
21896 32177 6 19,104,25,87,43
2740 18952 7 20,8,49,14,185,62,30,19
2680 44239 5 38,63,132,142,185,87,30
44229 5790 7 67,49,47
31975 44643 6 21,17,24,58,104,185
25714 7442 5 18,60,194,14
13721 24001 6 58,61,185,142,132,129,67
34653 918 5 83,128,53
1538 2651 6 16,41,29,104,145,96
32417 5198 5 64,9,19,119,16
5 10580 7 76,108,47,80,111
36405 964 6 154,48
8199 29081 7 18,182,194,103,195,21
9923 29733 6 120,104,52,69,111
31288 13739 5 28,81,69,178,111,20,22
14910 30376 6 14,16,81,130,10,177,79,143
25838 5660 6 110,48,104,81,39,104,66,179
33637 33751 6 177,12,111,20
18796 17347 6 149,43
15487 41118 6 182,65
43961 13341 5 110,185,156,63,14
40841 10586 6 44,58,57,69
6805 36515 5 83,22
11892 44339 7 48,68,114,53,20
1129 14447 6 58,35
1509 16104 5 16,87,57,16,111
34047 14934 7 24,181,18,36
26858 31436 6 129,126,63,185,52,64,146
26698 6693 7 33,145,22,119,146,43
31999 4894 7 81,146
23177 31323 7 112,182,20,18,106,60,84
29873 12593 7 105,136,85,184
931 42816 6 9,119
15115 31141 6 102,59
42921 12187 6 83,105,146,119,28
33517 37277 5 30,144,29,113,81,136
1452 32902 5 160,81,216,119,141,80
17053 45530 7 21,129,16,118,182,12
11126 17991 6 100,22,145,78,44
4733 26185 6 43,179
35821 23072 7 116,104,33,116,39,81
37540 11682 7 63,16,131,44
25359 6231 7 56,107,81,114,157,107,19
7885 12768 5 43,24,87,16,108
763 26771 6 37,108,14,110,145,10,31,81
22461 17886 7 49,58
8115 32952 5 24,131
7521 42487 5 179,185,104,87,18
36213 6197 7 58,63,26,112,129,63
13202 9195 5 33,163,69,54,15
34983 39959 5 8,30,115,91,141,16
28344 41337 6 142,53
27965 21434 6 184,129
17307 5639 7 144,10,141,69,38
29476 34019 6 83,104,68,83,17,20,63,115
43031 31289 7 39,49,82,15,149,49,120
32602 29780 7 96,132,136,21,19,46,58
37046 42777 5 61,16,19
34520 20722 7 163,177
33094 6207 7 55,58
23297 45090 7 81,183,82
31620 5646 6 18,44,100,141,100,63,24
32421 36635 6 48,54,129,47,149,26,177
4759 43037 7 136,62,22
27885 35101 5 185,21,104,85
5563 15742 7 195,119,11,109
28524 28826 7 26,16,56,87,83,142,46
18709 34297 5 129,33,91,129
19510 32081 6 156,184,104,119,165
19201 29753 6 37,185,110,116,141,139,16,83
12212 29484 7 104,119,45
8403 44374 6 185,7,114,106,185,184
26371 8525 7 85,60,162,39,81
13403 2238 7 130,41
24956 21810 7 149,17,20
72 38888 5 41,148,8,54,87,67
5536 11710 6 22,22,29,108,169,104,101
16475 25964 6 82,81,7
30247 23142 7 129,169,20
38902 17498 5 163,111,100,24
34356 26466 5 144,19,115,185,201,50,74,107
24336 16656 5 185,52
30154 31082 7 132,63,69,145,47,12
16093 4071 7 120,106,119,21,8,103,200
29137 20923 5 60,162,46,119,24,107,108
33488 737 7 130,118,116,36,31
22368 20738 7 29,182,34,129
4636 33915 5 18,177,61,176
2536 31008 5 103,107,19,20,30
28013 35439 7 131,127
20182 44295 6 87,49,119,65,145,141,128,179
42719 33203 7 53,131,119,21,25,63,159,35
3841 12354 7 10,116,43,185,12,120,58,146
6711 42234 6 33,67,104,65
5785 10844 7 102,131,4,59,48,39,28,165
22459 25648 5 109,61,45,63
10855 3186 5 90,102,14,83
17466 1162 7 83,23,182,37,8,106,138
35164 6019 5 78,58,95,47,106,16,18,59
38463 15377 6 62,125,22,82,25,95,19,12
29911 29618 5 163,65
35587 16123 5 111,52,58,30
36564 45550 5 204,96,10,105,85
45758 40521 6 44,20,119,113,154,49
17395 25773 6 131,112,119,146,101,81
6135 15792 6 179,194
10835 32251 5 48,156,25,48
32282 40818 7 79,59,102,14
2095 40714 6 63,163,49
45645 27418 7 149,145,178,135
39379 12748 7 23,120
11343 32699 5 119,111,181,112
28915 1505 5 60,130,119,64,7,119
45271 25415 6 59,146,43,85,42
37807 6662 7 65,65
23769 40430 7 7,119,53,49,194
13236 41772 6 56,84,91,76
39116 9736 7 113,7
19593 33180 6 21,130
38285 31292 7 27,129,10,61,23,64,12,25
13099 38740 6 49,114,141,30,36,20,120,12
37302 9740 5 102,103,46,47,120,163
23662 13700 6 12,87,149,103
15480 36775 6 27,103,15,183,32,68
16883 10519 5 37,113,18,64
23576 30641 5 91,63,8,129
24970 21655 5 145,181,49,109,59
18867 45421 7 41,29,44,104,43,63
31870 10562 7 129,83,58
34676 22824 5 59,110,55,20
10485 34047 6 47,29,15,128,19,59
23794 21363 7 66,62,163,184,185,49,185,60
40189 9877 5 111,46,87,116,85,14,9,61
15471 20696 7 59,65,48
15986 26155 7 15,101,136,96,62,50
18621 21177 6 185,119,216,40,130,28
32014 41882 5 119,49,48,166,49,87,149,39
36374 15 5 96,35,14,18,156,144,84
6574 29828 6 41,133,54,169,37,179
8442 5925 5 10,119,18,29,56
16838 37125 6 131,102,201,105,80,61,63
36147 7681 5 156,114,58,105,63,68,50,17
17542 44962 6 28,131,141,18
9094 189 6 69,30,59,54,25,135,102,41
9592 25468 6 56,62,104,53,36,136,130
20716 42958 6 60,185,82,59
18265 44005 7 59,104,16,49,132,18,43
21089 9734 6 27,44,115,102,19,22
33127 42471 5 60,45
33779 13683 7 136,149
20506 4295 7 140,179,162
202 35173 7 96,91,128,62,19,59,41,87
958 3453 7 59,103,19,48,216
11696 29472 7 77,90,18,46,119,57
3572 45157 5 10,119,58
39192 40079 6 69,36,20,106
5792 27496 6 30,52,112,116
13435 6565 6 129,156,56,62,8,111,23
29463 12549 5 85,118,37,10,46,134,24
38479 27175 6 211,108,63,181,83,178
6489 20513 5 27,104,115,33,35,129
20656 18233 5 162,34,85,22,42,85,20,105
16440 19424 6 38,120,85,15,49,63
26995 10755 6 40,28,62,105,120
27684 18492 5 55,194,9,67,40,184
8183 23908 6 129,131,105
14025 39386 5 48,34
16517 2639 6 35,106,103,163,85,132,114,65
30233 41041 5 98,132,54,18,91,31
24942 34721 7 102,54,104,80,38,102,104
22981 23486 7 68,79,42,129,179
35508 28335 5 8,53,92,116,106
21888 7866 5 19,40,43,12,35,67,34
41087 17781 5 7,146,56,152,53,16,55,46
36858 10115 7 116,141,63,103,51,128,50,161
30912 37178 7 35,8
36638 19729 6 44,84,18,102,115,58,104,182
22497 9274 6 163,40,120,51
44080 16781 6 56,66,55,132,200
7969 4959 7 49,166
29406 31344 5 119,87,57
17614 33563 7 58,8,156,179
39710 31368 6 160,68,56,60,105,10,50
2259 14039 7 35,59,14,49,23,59,109,56
18938 28185 5 28,40,185,37,58,36,59,30
23069 30348 5 154,54
12181 23031 5 83,182
37464 27440 6 57,24,21,133,211,162,29
20007 27594 7 106,44,179,183,16
18508 6179 5 116,184,130,33,51
3820 24600 6 14,12,8,53,129
28146 22759 6 152,119,63,132
34438 38380 6 63,114,194,63,99,67,20
19754 2236 6 59,60,134
29480 22476 5 37,16,46
33502 43652 7 152,77,57,59,113,14,120
2724 24753 7 120,9,61,83,185,49
42275 20240 6 20,32,10,81,28,25,18
41800 28289 5 20,109
4133 1168 7 103,30,81
18640 17680 5 49,35,19,160,119
38238 22902 5 157,51,105,169
16456 9272 6 53,103,96,60,35,83,82,106
23693 11509 5 63,109,47,33,61
18109 34591 6 46,136,60,80,32,185
16849 36233 6 65,10,115,91,22
31195 7103 7 73,17,46,160,113,44
10044 45006 5 19,130,177,101
24861 36100 6 63,181,110,21
1897 11214 7 156,30,58,184,119,20,26
15743 37611 5 108,35,58,69,181
30274 3912 6 163,32,96
8719 17768 7 48,65,108,110
10285 23564 5 39,115
40870 23366 7 15,43,117,85,100,6
773 5110 6 48,103,24,58,61,154
30750 30398 5 129,141
24527 28347 6 102,119,119,59
26578 4148 6 48,11,35,48
27439 7946 5 108,114,40,57,58,35,85,63
15791 27182 6 176,60,91,38,178,61
5845 43001 5 35,84,51,120,27,163,58
23992 12976 7 59,67
38039 14465 5 46,112,143,20,63,34,101
9185 30251 5 21,91,104,162,22,59,17,113
16196 12368 6 10,169,136,112,53,179,154,9
28612 5395 6 130,129,65,65
34638 11876 6 48,179,141,37,183
39160 37274 7 119,28,41,101,57
22625 5601 6 56,22
34192 43164 5 10,8,108,96,109,15,23
12254 5901 6 43,131,61,160,25,62,37
36873 20413 7 58,65,20,119,45,104,47
19891 23575 6 103,53
14191 39794 5 14,58,116,130,50,30,181
293 29220 7 16,19
493 30425 5 182,9
45680 37164 5 102,185,92,179,47,88,8
40928 30732 7 83,81,119
32975 43467 5 178,118,112,10,42
30033 13717 6 49,18
2047 21725 5 49,62,61,41,37,20,77,105
45580 1870 6 58,130,21
35581 40743 6 109,40,116,120,129,117,45,82
22423 23832 5 42,21,55
22917 42160 5 90,60,132,84
45794 18463 5 131,50,83,38
2850 2708 7 18,18,64,177
21506 14268 6 162,91,103,24,55,10,61,183
25734 38673 5 60,16,152
32374 3354 6 28,129
34464 30023 7 81,60,20,103,119,24,64,133
40666 28054 5 10,20,32,104,17,14,68
43623 19169 6 119,7,89
8777 43331 5 103,118
21888 41789 5 84,106,118,80,49,65,60,193
1698 32816 7 15,156,45,25,21,184,61
40779 21119 5 129,185,179,216
42869 32540 6 49,102,114,32,151,116,48,38
21508 18349 5 22,178,8,101,181
37755 38086 7 45,129,22,189,64,73,104
1425 1121 7 204,30,7
35557 4306 7 185,144,60,37,22
22708 823 6 13,158,52,130,136,87,169,140
40885 16252 5 104,128,42,82,42
26285 17958 6 107,12,31
33839 38782 5 63,58,10,17,36,40,34,185
38360 33488 6 48,59,58,178,116,156
8992 28111 6 108,35,20,130,105,33,20,44
32929 16293 6 185,39,40,131,185,113,102,10
32541 14393 5 21,129,53,87,60
24940 25557 7 7,144,156
31359 37028 7 29,29,136
7955 41120 5 58,118,184,52,41
36376 32783 5 33,57,19,62,83,59
29593 13835 7 100,49,157,103,115,36,68
17930 15629 5 62,130,119,87,20
36381 1066 6 12,49
579 23153 5 179,63
21594 10497 6 120,23,182,134,61,81,28,63
32226 9398 7 67,15,129,129
7491 34931 5 29,103,83,56,24,53
9162 8278 7 185,39,87,178,61,104,112
29920 10509 6 64,58,69,25,52
42732 23209 5 103,83,53,103,27,16,58,9
9102 26011 6 61,33,68,40,20,104,38
15172 961 7 20,16,61,105,94,47,43,69
24342 28816 7 136,30,118,105,104,118,83,10
2922 39177 6 20,45,58,64,109,130,65
24389 34823 5 132,14,82,69,53,65,45
4975 23400 5 19,126,120,104,194
5758 8914 7 16,129,130,177,19
21107 7458 5 14,19,17,83
20585 16535 5 104,131,58
38963 3412 7 130,37,102
27982 45081 5 56,169,12,114
37040 17626 5 112,82,49,48,67
6599 7450 5 60,103
42446 34654 6 129,113,118,34,130
22952 7864 6 68,49,33,114,143,103
10744 15153 6 53,22,28,83,83,21,113,38
2121 1862 5 194,103,185
9527 17585 5 143,53,41,18,103,149
24375 34168 6 53,61,118,54,179,132
18887 2665 6 63,144
15997 5898 5 29,35,91,15,57,48,42,184
41784 21925 5 71,28,201,85,48,21,144
17461 30045 5 100,113,56,185
27310 40395 6 136,81,63
35196 20351 7 132,144,216,48,119,20,163
21304 4266 5 48,104
26026 34389 6 144,185,84,63,163
35129 33561 5 58,60,25,21,53,100
13987 23010 6 21,23,55
9655 36563 5 52,29,67,40,53
28204 4163 7 36,61,185,105,48,155,21
17588 17544 5 49,104,136,181,114,40
16181 28496 6 136,18
18752 10060 7 10,182,17,27
23581 42315 7 16,130,17,17,179
19660 10464 6 63,113,49,120,56
42097 28606 7 119,131,22,68,58,84,144,116
18974 24362 5 116,19,177,111,20
30387 32313 5 169,42,81
31567 35736 5 116,7,119,33,83,21,28,82
32962 13377 6 118,119,163
5055 31661 7 30,60,211,130,130,83,129,64
26944 32572 5 64,56,110,110,140,129,114
26334 16477 6 93,161
38034 42079 6 59,58,160,113,141,184,38
37375 20901 5 108,83,33,53,114,84
5615 32494 5 19,179,182,114
39569 25347 5 19,149,142,22,35
39243 26023 7 152,152,169,128,69,163,26,17
15588 37779 7 19,112
25724 36601 5 66,68,97,24
27407 18017 5 40,91,18,45,105,58,50
30332 15183 6 10,61,132,55,9,38
36401 26479 7 19,29
41820 43881 6 61,66,16,21,58
27415 18430 6 53,103,132,69,31,19
9580 9909 6 69,104,152,100,60,81
22949 1225 6 53,83,132,65,184
42416 19113 7 54,22
5230 12170 5 47,80,83
30517 35089 7 38,21,35,61,127,114,37
22607 5687 6 182,60,116,53
42460 32537 6 54,57,25,36,85,55,35,129
9474 17849 6 82,31,21
42706 20620 5 179,12,111,112,53,10,84,129
12970 11729 7 81,108,48,100,45
888 40324 5 53,103,118,112,83,51
37830 21975 7 181,194
24785 30008 5 35,32,119,129
13457 12093 7 63,129,49
17382 16458 6 49,10,152,118,120,115
5557 13010 6 184,35,66,104
34383 5539 6 117,49
40354 2152 6 59,9,84
6205 10844 7 162,65,62
18640 19776 6 62,91,118,19,57,27,135
3825 14714 5 84,119,87,185
16892 15440 5 65,108,130,60
41978 40895 6 25,48,103,32,62,152,132,82
40481 34365 5 20,43,58,19,84,133,130,83
34809 22453 5 14,135,83,113,117,188
1339 17883 7 14,68,59
36057 29559 5 25,68,52,47,79
30039 20675 7 185,54,130,49,69,110
26805 32398 7 82,45,192
29732 24921 5 63,44,67,43
23959 39882 5 16,104,139,85,9,62,118
28344 18759 6 91,110,194,53,82,138,18
2358 16393 5 177,115,28,40,182
25482 22977 5 69,179,216
37275 35216 7 59,35
25135 42222 7 49,132,51
31816 24193 7 24,91,104,144,77,82,10
7482 18290 7 184,129,10,49,136,162,108,103
34918 31360 6 111,182,185,6,21,49,96,58
17025 6555 6 83,17,61,39,129,162,169,81
45378 17441 7 177,82,30
22778 11210 6 108,126,200,67,19,37,84,35
28635 35985 5 20,83,136,134,24,23,60
24392 9365 5 156,65,169
8135 41524 5 9,65,185,102,33,111,185,182
25621 18366 6 66,129,7
30460 24864 5 54,103,182,151,69,142,48,60
18121 31552 6 53,105,60,62,211,119,145,179
27724 19630 6 40,59,130,21,129
7922 22570 7 138,68,110,68,38,117,78
21194 43641 6 21,112,120
13824 38819 5 50,101,194,146
19927 26868 6 108,83,19,65,135
34288 18467 5 113,34,52,48,15
208 45509 6 30,107
21520 17582 6 83,182,18
16596 40626 5 152,119,23,104,48
39548 24294 7 61,115,31
13150 42865 7 79,21,21
18528 16813 6 27,101,159,79,81,36,135
32265 28878 6 33,169,181,104,30,119
831 36756 7 50,129,58,103,114,79
42078 24287 5 134,51,30
14753 11323 5 9,114,49,162,20
30750 41651 5 28,54
16169 12284 5 49,194,40,194,53,184,132,69
31504 38582 7 85,83,84,8,36,194,21
42574 20942 7 101,21
37976 13109 5 131,17,62,9,103,34,34,163
31309 12664 7 31,91,49,103,19,129
43783 35722 7 129,194,15,181,20,62,169
17933 40468 5 66,40,39,37,63,49
16780 6163 6 19,27,108,20,65,62,120
27021 20814 7 141,92,6
42489 525 6 58,53,53,60,82,23,44,102
5345 18001 6 65,26,21,84,57,113,55
23892 18864 5 184,18,76,106,129,47
42271 20603 6 12,118,79,27,90,83,146
42827 43869 6 45,130,20,136,39,53,66,143
3014 38770 6 107,178,21,91
24591 42166 7 71,23,18,131,27,118
26403 1966 5 43,159,19
4587 2966 5 179,15,141,203,159,54,102,50
10954 3646 6 29,119,31,81
21220 31041 7 119,130,102,120,53
15543 39560 6 68,49,178,20,18,60
2243 13668 6 38,91,65,19,65,9,178,33
5573 19747 6 106,84,119,24,50,29,61,194
28178 27584 7 39,113,85,104
37658 1595 7 144,36
1502 12198 6 120,53,118,58,46,43,65,42
2991 32882 6 58,211,62,162,49,134
7566 42870 7 42,194,48,50,128,108,114,39
26825 11340 5 65,49,80,182,53,54,19
5291 12311 7 132,133,116,56,179,137,81
9615 19860 6 185,36,37
23686 45170 7 83,54,69,181,65,72
25453 6165 5 21,19,23,58,101,185,51
11676 29462 5 14,19,104,53
29006 35147 6 104,149,63,134,23,67
500 12925 7 179,131,51,163,16
41321 45499 5 64,85,53
45808 111 6 33,67,109,25
9385 8257 7 120,49,46,29,65,57,136
19113 1148 5 65,28,32,63,130,156,20,85
9939 21309 7 114,48,61,47
4891 21660 5 21,31,10,144,68,194
27602 30206 6 130,131,43
45400 21908 7 42,81,47
23698 33759 6 67,104,163,36,69
36454 7114 5 21,82,105,68,156,84
31858 24 7 63,62,68,32,37,20,8
727 22422 6 149,83,130,131
38335 32690 5 47,194,129
17829 8475 7 32,184,81,48,47,21
7567 26683 5 57,74,104,60,179
15152 23277 7 128,163,69,58,102,57,10,48
44789 37038 7 21,184,30,159,49,119,14,136
15561 35832 7 127,48,21,76,34
42884 324 5 24,102,130
9158 2474 6 64,68,131,69,112,64,136
40480 30983 5 84,118,81,58,31,23,49,185
21085 18062 6 32,64,61
4896 41255 5 103,54,116,28,48,53,83
19734 2403 5 163,91,93,117
34481 26491 5 64,9,81,113,37,62,27
38691 40711 7 10,60,102,34,57
43900 36383 6 111,69,53,149,118,58,129
25724 39723 7 103,16,116,29
29120 33564 5 130,15,26
29383 31104 5 51,44,39,119,120,49,163,154
37364 35687 5 21,20
44498 23637 5 16,177,53,18,16,136
1887 15823 5 163,69
28992 32327 7 162,130,153
3731 40993 5 131,31,18
39527 20678 5 195,59,182,131,132,144
33228 5112 6 30,113,185,145,48,39
23996 24765 6 85,102,58,29,178,81,48,20
16308 19634 7 10,50
29575 2189 6 103,33,27,57,65,146
21460 43258 6 182,81,19,119,7,40,43
6795 33899 7 17,53
39036 29802 7 44,10,85,149,57,35,184,48
38965 12692 6 120,185,118
12585 1942 7 83,104,9
19411 28042 6 60,66,47,21,49,112,23
9277 44872 7 101,64,114
30742 28037 5 118,60,65
30754 5975 5 103,152,9,129
28459 34072 7 104,146,63,101,104
30935 16703 6 104,87,149,66
24889 14220 5 113,50,22,114,38,98,169
33561 1814 7 10,141,10
26386 15086 6 110,135,184,69,163,179
28652 13117 6 83,162,17,101,87,177,37
15415 35044 6 47,210,51
30530 37607 7 54,59,74,140,189,119,23,179
10623 2697 7 102,118,7,179,43
36121 14198 6 156,118,65,28,185,40,24,7
11971 23299 6 119,134,44
17648 22207 7 116,119
7012 24513 7 162,118,35,9,62,48,106
43892 28717 5 93,21,103,24,113
14195 9003 6 84,19,84,20,143,19,141,129
9264 13328 6 84,78,163,21,136
24682 6748 6 149,163
12538 39660 7 58,48,87
39365 12304 5 37,10,50,129,25,30,100
7917 288 7 101,210,152,49,185,48
18333 28909 6 48,113,169,48,43
2339 5462 5 29,136,113,33,80,83,19
11861 11968 6 62,119,104,10,52,85
12545 983 6 30,18
22117 30757 7 63,57,120,42,44
12 13800 5 21,64,179,8,43,154,32,30
2216 21583 7 119,37,84,15,178,67
33940 3993 7 66,85,189,61
39644 43926 6 18,87,118,10,49
16406 5292 6 20,182,15
39862 43451 6 53,40
29131 33218 7 60,28,117
44032 41002 7 36,41,44
6237 9130 6 106,119,66,161,33,160,131
29788 30664 5 20,10
13210 7773 7 142,53,42
24773 26223 7 83,19,209,40,10,109
20854 33660 5 182,142,91,33,115
24338 37056 5 113,19,105,62,119
26866 5898 6 81,84,114,57,132,16,185,32
39454 30957 6 100,48,115,45,47,58,47
2433 3814 5 12,25,149,169,111,194
17561 44674 5 81,44,129,21,20,55
31736 37507 7 78,63,47,25,90,163
3662 30172 6 34,149,113,41,99,16
20618 31869 7 61,103,129,83,98,211,160
35954 45145 5 62,113,31,185,19,16
45436 44116 5 19,169,34,91
17522 13726 5 84,179
7323 11480 7 46,63,36,49,142,119,48,53
45063 19274 7 68,130,48
44721 22246 6 30,82,50,52,132
21288 36160 6 104,194,115,29,82,83,136,163
25671 18942 6 106,65,9,57,126,162,85,83
18703 22677 6 42,118,28,54
90 14637 7 141,54,128,115,80,115,96
24192 23159 5 21,162,184,68,38
11361 28571 7 129,20,15,23,48
33713 38673 6 156,49,62,14,20,17,83
2154 37873 6 91,22,55,22
14464 40168 7 80,17,114,60
39704 42206 6 136,19,182,58,50,19,117,81
30420 8323 7 57,25,184,60,45,177,53,16
38855 12853 7 178,51,10,65,10,104,52,20
4622 24091 6 61,38,12,59,56,20,10
9476 39490 7 108,17,115,33,23,31,104
19672 8528 7 48,10,82,59,56,129,82,49
1006 40779 6 47,12
23585 27190 6 40,29,42,79,65
5998 22348 7 81,28,129,114
39580 13208 7 59,83,118,61
35343 12955 7 178,120,14
19144 32736 7 69,156
23464 14859 6 184,102,44,106,110,162,61,26
9919 43362 5 67,129,79,129
40161 44027 7 110,117
23373 27547 5 129,119,87,119,129,58
19146 33349 6 82,63,184,128
26315 41813 7 182,144,37,25,136
14398 37361 7 119,37,41
36360 9897 7 31,24,58,12,102,178,113,104
6441 41599 5 40,56,47,194,47,131,104
17515 5656 7 10,33,23,14,82,209,106,28
13280 25137 7 210,48,18,83,100
5270 16316 6 129,53,117
10469 44879 6 65,17,37
15650 16917 7 118,140
38152 28231 5 118,68,36
12684 6505 6 47,39
6995 19946 6 184,28,19,181
18926 13037 6 109,169,48
19758 38208 5 185,152,163,44
45537 24699 7 10,85
36584 5022 6 146,146,129,181,81,48
477 25429 6 47,58,82,10
27572 37100 6 60,58,45,185,103,8,145
30929 6848 6 131,25,110,129,103
35424 27591 6 19,34,41,23,51,64,58
19742 29849 6 7,83,163,46,9,36
42032 1544 5 110,83,58
39523 16232 7 27,181,117,50,184
14602 424 7 63,36,81,201
21063 6907 6 113,28
19903 25790 5 19,102
45470 27543 6 169,58,64,71,83,32,20
38429 41613 6 9,185,12,118,58,62,140
29080 20259 5 128,62,102,106,114,83,178,18
2345 1678 7 17,102,28,178,60,22,143
5602 18607 7 115,129,107
13103 40443 5 16,20,35,159,185,25,59,181
1139 32912 6 24,185,177,22,18,85,177,65
24562 10822 6 84,26,65,10,91,47,136,22
5523 17335 5 33,33
14152 33644 7 14,17,18,163,118,118,50
14588 13523 7 87,60,181,112,23,52,178
27826 18757 6 33,21,60
29323 35896 6 61,134,103,131,109,28
34274 4613 6 68,68,95,169
45575 14633 6 32,104,51
36085 7380 5 20,67,104,134,58,100,89
43277 31781 5 10,17
11473 33170 6 185,52,167,116,9,118
10666 38750 7 106,56,114,163,185,52,185
6256 32492 7 85,24,64,112
42727 36527 7 20,108,20,58,46
10950 36117 5 21,27,53,120,33,53,26,28
35033 16451 5 7,27,57,131,17,112
34810 42634 6 84,83,119
39086 19057 5 19,31
3238 6520 7 23,51
7484 22295 7 149,76,29,101,69,143,120
1580 15988 5 44,146,12,25,104
17726 9398 7 118,53,129
1768 14666 5 118,83,110
18452 30334 5 130,15,62
6741 34552 5 29,185,47,31,151,120,49,55
19118 4004 5 8,181,113,40,184,57,29
2538 402 7 119,129,26,146
7665 15960 7 129,91
27004 42594 5 49,62,194,169,69,61,54
42957 7206 5 83,15,115,58,38,117
17511 17438 5 64,181,24,87,156,21,65,18
19416 18399 6 61,21,82,39,141
36286 26923 5 61,23,169,18
35024 2598 5 80,130,111,55,14,85,10,129
4697 23363 7 60,7,154,41,20,48
37823 21225 6 44,17,112
44376 26623 7 104,103,118,103
16369 44651 5 79,56,102,53,28,119,38
620 26584 7 179,52,63,184,69
45324 18579 5 136,82,83,177,12
12686 24431 7 185,36,132
3086 1289 6 107,114,58,104
16290 4937 5 129,19,64,178,85,83
28237 22488 5 113,178,60,30,18,195,15,191
38258 21462 7 49,177,48,51,52,49,12
18320 14842 7 49,108,85
26940 43931 7 48,82,91,129,20,48
29993 1526 6 50,62,41,10,82,169
8622 25739 7 42,65,39
23376 27484 6 130,141,20,110,169
43392 33617 6 48,58,61,25,53
27852 5685 5 82,58
2898 1084 7 84,19,101
23623 40258 6 185,57,119,83,160,68
41262 28974 7 178,111,27,49,115
16667 39226 5 91,129
36889 28161 7 58,179,25,92,21,83,58
38090 29553 7 24,132,49,49,119,116,120
27455 35681 7 128,94,49,80,156,105
12893 21448 7 49,46,48
41059 17088 6 81,36,110,50,56,81
1849 45751 7 120,67,43,181,69,59,6
38443 29449 5 12,128,130,16,35,185,152
30315 34447 6 64,22,22,91
16211 17111 7 181,139,102,82,112,105
38592 43224 7 40,46,83,110,145
26025 15822 5 80,152
32525 24947 5 121,128,131,179,133,144
27722 35677 6 28,16,50
38536 41727 5 34,84,57,24,10
36908 1938 7 42,115
2804 39870 5 132,46,61,32,119,48,163,26
14915 23052 6 12,63,62,117,106,103
25187 324 7 51,34,67,102,18,10,66
9708 28286 7 131,82,48,35,18,57,22
37740 8737 6 182,120,51,49,15,163
33158 7781 6 78,54
26349 29652 6 104,182,17,51,25,53,129
43126 43293 5 79,112,185,160,35
29092 31294 6 10,18,31,48
27088 40816 5 63,25,129,179,62,41
24413 24317 6 138,23,181,27,106
4308 11680 5 48,49,162
6548 38315 7 115,66,177
216 1427 5 106,49,82,26,25,80,12
39534 1200 6 128,81,65,19
16650 34137 6 136,17,135,93
23600 33992 5 85,101,104,22,20
26604 44442 7 10,149,143,30
33720 35760 7 178,24,48,31
4881 19074 6 33,178,68,120,82,114,132
24188 7458 6 34,14,149,104,24,181,87
44003 18443 7 19,115,19
33158 38555 5 7,167,216
40402 36142 6 132,163,54,104,87,49,47,82
21793 42635 6 91,39,66,179,102,114
31146 20270 5 103,120,46,59,82,106
20191 3032 5 156,25,136,101,21,42,59
25548 5342 5 160,58,19
35747 36670 7 19,191,8
6517 22772 5 79,92
21012 13233 5 107,108
20801 7621 5 27,129,131,10,41,101
17938 43895 6 43,120
34537 32374 6 132,83,160,103,50,34
42623 29010 7 84,81,12,15,112,23,103
6456 41941 5 52,152,48,22
28361 29690 6 143,81,44,53,49,25
4008 8100 5 20,103,31,10
28924 22342 5 14,91,128,111,179,42,115,60
39645 38804 5 114,182,85
12152 29863 5 194,185,21
4700 38174 5 33,12,85
3962 6633 7 100,185,49,58,61,59,58,119
38327 41408 7 9,50,50,114
39223 635 6 132,30,60
7533 9353 5 143,41,20,185
36664 28452 5 58,45,23,21,103,62
16720 2367 5 18,57,26,184,40,42,142
34795 32856 6 101,56,109,194,20,136,83
45068 2702 5 18,85,19,56,16,184,184
39936 40063 7 14,120,65,104,62,106
41435 41542 5 50,84,146,14,136,65,145
19355 13407 5 185,49,178,50,106,118,83,30
30405 42955 7 141,129,47,35,62
45476 18646 6 82,20,163,39,63
12675 23924 6 129,117,9,41,21
22375 44358 6 109,130,34,110,47
20606 36730 5 34,129,69,14,169,54,81,14
7936 42478 5 46,57,56,58,136,34,53,58
23725 35452 7 49,42,131,129,178,104
3216 3191 5 82,112,81,149,66,62,48,185
24740 26417 5 119,169,37,87,177,136,136
37247 21595 5 62,85,104
21109 35326 5 130,182,111
32316 29293 5 83,64
22682 945 7 49,21
21701 44784 5 130,36,22,129,58,93,52
38751 17872 5 45,8,39,133,63,113
29669 36569 5 83,113,9,69
6409 1991 5 185,119,14,183
14501 3267 5 113,53,87,52,48
35659 4306 6 21,49,69,109,107,162,39,36
15124 41302 6 82,130,19,102,68,61,108,103
12987 41107 7 141,84,130,57,43
29319 38540 7 25,18,10,66,47,45,27
35277 31193 7 179,61,17,22,132,67,184,80
13634 869 5 103,85,68
9089 38024 5 102,32,104,23,104
14693 35622 7 182,63,152,179,163,43,194,181
29317 40591 7 109,62,49,87,96
6105 10074 6 53,110,144,58,59,31,182
9089 31096 6 62,23,182,145
17358 24177 5 179,39,104,118,8
31412 40569 5 107,181,39,53,90
30012 12457 7 20,55,118,105,7,10,56
31665 19269 6 69,80,61,16,40,41,59
1233 16934 6 8,101,116,118,7,63,23,24
26339 26293 6 179,104,194,104,18,55,81
5756 3602 5 40,136,65,103
27292 20328 7 45,60,183,119,49,65
17216 41328 6 140,128
10920 38593 5 103,104,142,83,87,15,23
42005 32388 6 109,133,117,30
20439 8927 7 156,47,119
9838 37812 7 57,30
24533 7972 7 183,102,30,129
31031 36569 7 85,49,129,184,63
3283 39753 6 58,82,130,65,87,25,48,42
17188 37613 5 22,103
22451 43815 6 62,36,106,129,67,51,21
14002 43596 7 140,87,178,107,20,85,103
8727 43505 6 184,10,29,109
41858 32822 6 34,145,56
34545 15736 6 181,119
31597 6699 5 135,49
42269 3490 6 35,102,110,129,83,16,8,96
23237 41193 7 117,35,130,112,100,29,54
26361 9962 7 69,116,43,112,59
32242 4510 5 18,47,10,135,101,17,48
23451 41072 7 61,58,21,25,116
13473 32378 6 62,110,117,66,15,21
3484 43181 5 110,140
38662 34575 6 14,65,45,35,62,59,154,57
1051 17928 7 36,27
16422 4765 7 102,9,57,54,130
10610 38044 5 54,185,10,53
22564 39206 6 120,118,51,185,178
18175 33667 7 102,39,83,81,130,23,113,116
24788 33888 6 68,149,57,9
40709 24616 6 40,34
20138 29174 6 14,106
8814 20723 6 20,102,169,32,119,113
12458 812 6 103,7
37263 20401 7 58,163,21,54,145,177
43155 40024 5 17,130,177,14,21
42123 28560 5 49,20,103
18570 3285 6 185,169,143,65,87,48,21,109
4296 38181 5 54,8
1730 20834 7 141,29,18,119,58
26584 30918 6 115,54,141,19
42622 37884 7 49,162,119,78,32,145,80,41
19846 34347 7 77,139,85
4253 13718 5 36,66,107,91,195
1871 26242 7 61,43,62,38
24322 21499 5 51,17
34173 26318 6 139,129,25,40,104,84,46,111
38493 25669 6 24,58,41
8533 35691 5 21,20,117,108,53,118,43,63
6453 9771 7 22,53,65
32976 505 6 30,129,51
9130 3929 6 156,201,112,54,47,29,23,37
45651 21165 7 119,53,53,8,181,35
20976 13020 7 35,81,84,14,35,119
9156 28527 5 58,104
18794 3505 6 105,69,10,60,178,154,26
34234 39670 5 119,152
552 35510 7 117,21,22,20,78,113,185,44
21903 16571 6 52,193,18,15,20,16
42774 10666 6 179,182,108,10,21,19
17270 29870 7 44,32
12815 21415 6 21,110
40043 21009 7 60,131
20112 14842 7 65,9,58
12092 37855 7 114,146,82,142,30,102,53
19043 40492 6 179,185,10,35,58,25,29,182
35636 1287 6 78,21
21711 33532 7 83,182,25
15110 11950 5 185,22
20953 14639 5 83,42,110,103
34207 24170 6 64,126,60,63,28,35
42570 7488 5 65,48
35376 29146 5 19,22,119,16,21,48,65,33
19031 43097 6 110,79,119,68,12,149,149,110
29023 17665 5 30,63,185,68,50,38,120
19709 32176 5 61,131,20,10
19621 11330 6 130,129,104,18,58,16,21
11687 38456 6 130,132,41,18,104
25709 9237 6 145,109,18,27,60,62,8
10987 4767 5 36,29,69,25,113,105,61
580 27621 5 82,12,60
45277 39401 5 28,136,177,106
30069 16845 7 119,116,20,17,85,84
3497 5344 7 67,81,22,105,82,9,183,116
1877 33367 6 169,18,21,83,113,48
20021 4160 5 62,163,129,181,111,83,104
16679 39213 5 49,51,84,85,163,8,140
8570 26036 5 185,65
14847 41327 7 105,59,16,84
989 26028 7 47,91,19,60
10448 45313 6 77,143,105,37,54,43,128,119
9101 13117 7 83,56,63,37
43778 4531 7 130,130,16,185
38893 17182 5 129,132,152,98,115,163,132,21
9208 13906 7 21,52,144,22
30837 36747 7 7,96,130,143
44768 19565 5 114,87,91,50,178
42933 38522 6 112,69,103,8
7977 843 5 181,25,41,59,36,45
27590 14114 7 62,82,160
40051 29440 6 38,19
36218 29255 6 36,83,179,115
6530 32799 5 33,133,55,194,76,37
40124 9528 6 119,136,36,183,194,102,91,102
4580 20185 5 85,35
28344 36453 5 119,55,47,12,49,179,56
29690 1112 6 67,32,49
29700 11245 5 48,85,61,194,48,48,14
38034 39315 5 120,21
24230 34191 7 51,143,20,40,149,82
36163 40062 5 30,185,113,20
26872 14008 6 104,130,12,30,48,103,114,145
9750 20346 6 182,131
37529 31434 6 179,49
21265 7562 5 179,83
15637 3055 7 38,181,29,50,33,59,14
43884 2609 7 185,45,46,130
39126 11566 6 117,87,33,185
32940 3110 7 16,76,82,14,84
31833 19924 5 28,69
22132 12609 6 20,182,60,91,7,184,107
20166 29723 7 19,7,20
5664 32703 6 69,54,199,81,19
19877 13129 6 63,49,103,41,141,154,57,38
12027 9895 6 62,19,140,41,58,83,129
9232 16698 7 134,50,108,179,63,182,60,184
27854 1937 7 24,83,32,184,112,104,134
43053 37387 7 7,131,109,18,146,132
9132 30865 7 7,36,10,15,58,104,113
28179 20549 5 14,100,63,96,184,66
28103 8461 6 184,85
18840 33860 7 26,18,120,82,51,65
12321 41402 7 62,48,17,149,59,55,119,143
21926 4381 7 19,184
14320 43198 6 101,184
22172 13050 5 36,18,156,37
38465 25178 7 129,87,16,66,61,61,60
27529 16612 5 77,9,66,79,134,104
2675 33166 5 163,30,62,54,44,20,177,130
41110 44579 5 87,45,58,103,209,178
34840 30115 6 35,10,143,136,50
4643 710 6 112,36,53,132,162
20202 9568 6 146,17,61,81
12120 10363 5 178,37,9,7,20,62,10
37277 33659 6 39,20,29,56,31,184
39399 21472 7 104,40,35,82,145,69,118
40650 32819 6 45,107,81,151,23,87,130
36017 37627 7 62,19,110,25,42,101,130,133
23622 38682 6 84,57,84,143
33505 16313 6 59,36,111,41,128,63,129
43308 17993 6 83,67,87
3048 32068 7 162,81,36,20
1231 40373 6 108,63,8,84,104,59,103
28158 6903 7 76,67,50,130,85,57,98
20957 40300 5 59,63,44,27,104
21808 34458 5 45,139,47,106,106,104,22
6833 27997 5 61,41,53,43
2297 14773 5 101,25,14,65,116
3657 24441 7 83,21,185,131
40054 26519 7 85,26,82
31681 26493 5 83,91,53,10,101,169,83,109
132 10477 5 83,113,85,50,10,162
5081 42190 7 81,195,53,61,20,104
2618 39902 7 18,61,10,184,81
15391 20910 5 42,109,47,39,118,68,85
19550 41806 5 66,67
36976 10792 7 108,135,14,47
10755 44184 7 16,83,156,209
38495 1297 7 60,211,23
28255 40039 5 63,62,52,15,56,52,131
40820 5624 7 61,12,39,30
17980 41077 6 104,32,90
22447 23721 5 161,15,58,53,179
20880 4699 7 58,83,60,53
19737 1430 5 26,65,184
17220 30372 7 34,133,48,14,8,25,184
35800 24158 6 129,36,81,163
2796 32452 5 102,62,11
42188 21620 6 83,178,163,66,65,83
19264 43807 7 130,43,62,48,120,64,16
44045 36300 5 185,149,49,23,21
9871 26392 5 52,44,185,37,21
15750 21868 7 90,49,48,50,53,85,40
42088 11258 5 29,64,185,169,21
14280 19791 5 40,60
40951 24099 6 20,182,130,49,35,115
28816 13403 6 10,53
42648 40684 7 62,47,154,35,149,87,82
37838 40322 5 63,104,81,109,51,71
2250 10637 6 156,119
13884 19176 5 103,84,91,7,60,50,140,49
42948 40743 7 19,65,48,65,18,44
9628 8678 6 52,139,41,149,154,59
32653 3666 7 60,182,30,120
41512 5994 6 58,85,83,75
8926 45601 7 18,166,53,78
36460 14916 5 44,53
33475 29619 7 91,57,163,83,110
19403 13493 6 134,63,83,119
37545 34205 7 41,185
38326 7380 5 118,62,104,129,20,129,104
11058 36802 6 41,47
43476 27415 7 39,19,78,29,24,179,14,185
15416 6977 5 68,84,169,21,49,120,146
36578 45319 7 193,65
32600 45312 7 119,35,53,119,36,63
21719 44044 5 48,46
16795 13635 5 18,178,109,40,51
24047 25277 7 10,63,119
16311 13363 6 109,44,49,67,108,13
2169 33894 6 67,28,18
37274 41005 5 184,109,64,132,112
23341 36893 6 66,83,49,37,49,53,21
9746 25829 7 104,156,108,62
15127 36236 7 105,120
41715 37024 7 119,21,55,61
28849 29827 7 37,111,69,87,21,83,10,112
15324 44493 6 108,178,45,216,143
7912 9521 7 49,62,96,87,132,96
37057 32398 6 41,51,14
15907 17488 7 194,211,42,119,69,17,185,46
27655 27319 7 29,116,143
29606 24777 7 102,53
38594 35908 6 104,128,87,103,160,51,41,38
42432 15299 7 48,64,83
12289 36722 7 62,140,153,156
34415 40687 7 26,104,194,85
41651 11119 7 49,115,39,181,51
15712 38543 6 102,65,28,85,128,91,149,42
964 44193 6 65,89
10426 766 6 22,56,130,33,142,57
14067 22475 5 105,211,19,129,36,178
9487 25813 5 131,22,7,18,64,9,129
30280 33007 6 160,101,37,45
7716 33495 7 185,184,37,49,104,59
27312 36788 6 107,59,107,84,149,169,142
6103 33306 7 46,18,145,18
18493 2660 6 146,104,24,19
33588 37495 7 50,185,169
32262 1093 7 109,130
4128 14780 7 101,119,23,60,103,58
17557 39539 6 68,10,104,31,58,179,116
43188 33924 7 54,83,49,146,65
27949 13076 5 163,25,42,10
29054 30888 7 129,129,119,104,162,49,120,65
11242 25906 5 66,65,185,32,59
36530 10093 5 19,49
31345 23562 6 12,23,194,8,146
45622 19750 7 35,20,131,91,51,32,49,49
31260 37032 7 152,64,10,163,22,177
8932 5 5 106,114
11251 36447 7 64,34,102,106
19796 39973 7 23,49,48,49
18699 11589 6 62,142,102
31026 29193 5 118,194,15,45,10,143,194
20986 7714 5 9,37
41264 28346 7 163,194,51,85,20,27
2712 30715 5 18,69
27091 11886 6 144,83,91
9941 36056 6 39,180,48,40,68,54,169
35565 36323 6 200,62,111,37,114,42,61
44339 44802 6 61,114,10,102,80,66,185,113
30547 7520 5 132,41,12,182,211
1622 26408 7 83,48,129,185,50,104,128
22384 29365 6 61,48,178,113,67,20
41780 22700 6 162,55,41,69
11137 12074 5 103,185,61,107,54
998 45684 7 7,55,26,18,7,132,85,49
6360 33169 6 156,43,85,80,178,9,52
8442 18695 5 82,85,36,54,133,65
29625 23903 7 67,67,49,163,195,36
26424 27164 6 39,181,58,109,22
19024 9810 7 22,65
40887 11350 6 25,101,169,142
4690 3919 5 116,146,38,87
12302 10678 5 185,48
28661 24714 6 119,104,44,133,53,96
44395 36837 6 184,30,43
29648 41120 5 33,51,23,82,104,58,130,49
27602 29044 7 84,163,49,60,81,194,103,23
32369 40298 5 136,58,12,74
3584 6374 7 118,119
25523 2899 5 58,45
16171 40711 5 25,63,185,106,44,103
14098 44190 7 85,108,49,21,21,27,140
41949 37636 5 136,31,119,119,52
16910 26057 7 163,58
1183 20080 7 132,57,162,118,41,100,182
25000 6767 5 34,85,129
34294 14468 7 83,81,158
10733 34313 7 129,58,9,144,58,54
25760 27231 5 142,54,194,62,102,58,42,85
44414 28496 7 49,182,66,208,61,128,85,20
39772 26135 6 38,28,184,185,10,169,129
20322 45208 6 21,63
36536 10576 6 45,129,78,26,185,58,83
13516 29773 6 48,36,61,183,60,112,7
17372 17801 7 183,23,24,35,79,129,68
9338 7969 7 19,129
20709 14153 5 61,65,61,105,169,101,10,119
5730 14714 7 18,21,52,22,91,59,68,82
36457 45416 6 107,91,116,83,32,160,140
19084 24263 6 185,65,119,103
22964 8182 6 101,63,181,62
20542 33436 6 85,50,31,36,48,63
41376 38329 7 28,128,51,178,177,23
28968 1231 7 169,149,143,48,83
5569 14611 6 182,69,55,46,119,58,144,30
23482 19004 7 61,45
8108 30190 7 58,53,140,10,8,50,47
27740 26422 5 45,112,84,44,118
31396 15508 7 48,102,149,115,179,64,130
42524 1131 5 109,102
30896 2205 7 28,60,54
30766 22215 7 61,28,178,119,103,46,44
16183 1818 7 36,185,83,169,184
30728 17588 7 17,48,185,44,20,85,87,10
32666 18623 7 66,83
14801 29081 6 87,105,139
28551 40028 5 179,49,82,84,102
15871 5199 7 62,62
14113 29519 7 63,59,100
1145 12629 5 101,47,69,68
4850 31503 7 69,135,120,129,115,133,87
15468 6931 7 169,36,67,163,39,49,91,69
5428 34099 7 83,211,87,67,48
24177 7741 6 104,56,155,169,20,120,28,126
26107 27027 5 15,117
622 43514 7 8,129,101,103
28129 546 7 119,195,87,132,103,78,51,146
30938 14949 5 36,83,48,104,18
40388 2956 6 111,23,101,143
35265 8131 7 44,21,49,163
33669 27648 5 80,101
43754 33024 7 61,103,35,25,141
21420 45278 6 20,48,19,119,106,54,63
8711 34118 5 49,83,56,10
21097 12429 6 131,185,216,27,23
31522 28027 7 12,70,66,60,116,178,14
7333 27376 7 59,84,115
18691 20922 6 8,135,132,12
1418 17516 5 183,58
15731 15914 5 181,48,90,83,39
23157 6198 6 49,62,20,129,118,104
29847 44689 6 178,185,84
11440 5416 7 103,14,36,119
34741 41202 6 118,104,104,49,177
35021 45075 7 34,63,117
24685 8725 5 132,21,21,129,185
131 34287 7 23,115,163
2007 39114 6 60,91
12861 14826 7 30,18,113,58,128
23041 15567 5 14,90
18829 42637 5 104,65,69,21,8,144
16501 37305 5 154,87
17888 12586 5 143,117
18927 624 5 54,38,185,47,134
7421 5998 6 48,34,32,48,194,179,100,52
1330 17586 7 62,107,103,66
43797 42795 5 26,83,130,60,156
1264 11932 5 130,46,130,42,36
35102 28291 5 19,105,156,8
21011 4122 6 104,29,129,29
13656 30412 5 104,41,83,131,58,117
17733 16989 5 82,69,64,19
25954 43129 6 57,114,85,18
1502 38535 5 29,16,14
3378 37759 7 104,21,49,104
40421 6389 6 153,21,131,79
25073 452 5 185,37,116,184,28,119,140,59
27820 6097 7 183,48,106,22,183
15713 25395 5 53,65
25222 17697 7 49,101,38,82,114,48,56,145
30870 12114 7 184,102,18,40,103
7364 13145 6 24,9,16
2363 45245 5 36,41
38357 39737 7 105,134,81,55
3906 33532 6 112,118,42,104,42,32
42484 8194 5 34,82,21,46,63,20,102,49
15434 17259 5 101,184
23663 38877 5 145,66,48,24,178
23605 18823 5 128,65,49,82,194,152,22
13960 12414 6 138,48
15158 18795 6 49,48,63,91,178,48
43282 2490 7 17,59,132,53,185,179
30142 27265 6 114,36
4895 16272 6 107,65
12714 11624 7 133,156
8423 31102 5 18,63,14,47,54,69,19
29059 32004 7 181,102,112
38174 8082 7 115,9,80,117,38,102,139,108
30728 29868 7 62,18
29508 45261 6 29,103,58,14,133
18728 140 5 129,84
45014 22049 7 130,144,105,84,62,83,128
25470 26708 5 45,112,110,61,12,134,18,28
798 35587 7 26,119,40,106,20,20,58
44666 19487 6 19,82,104,113,91,67,47,49
43476 33636 5 179,105,178,10
21736 33061 6 177,105,8,130,28,201,53
25532 30580 5 53,44,87,130,60,58,107,22
9486 20183 6 67,56,141,31,10,76,69
42876 33459 6 21,119
35937 27686 5 20,50,160,14
15697 24598 6 63,106,8,19,134,183,20,32
9435 21935 5 10,40,20,21,59,12,24,119
10570 25521 6 46,194,8,16,92,185
7991 10332 7 141,65,136,104
43743 10665 6 78,112,184
7389 44647 6 28,116,68
42179 21506 6 69,209,21,135,117,182,78,52
3210 19975 7 39,44
34120 8245 6 144,182,51,23
14575 26901 5 160,45,10,15
17112 37967 7 83,32,61,66,54,82
10185 40591 5 87,53
37367 28396 7 38,49,21,84,24
42707 22932 6 58,45,7,62,100,84,16,183
45627 44411 5 185,8,101
37150 20523 7 119,61
8196 34230 6 143,10,32,113
25121 45597 5 9,56,161,153,28,185,76,183
41615 37113 6 104,182,129
18495 21522 5 44,112,83
15523 41790 7 53,107,55,153,58
34049 13972 5 135,111,46,61,8,54
16879 4238 6 15,110,178,38,48,30
36897 20762 7 83,61,14,62,32,61,108
45147 7119 6 66,45,48,132,167,54,42,21
36736 39940 6 104,179,58,49
18211 17457 7 167,146,104,65
32536 3004 6 24,16,16,101
792 21584 7 130,30,45,141,83
4250 13779 6 59,106,110
16582 13922 5 65,30,18,21,143,53
26851 10997 5 90,56,25,65,23,185,30
45780 43862 6 56,96,29,109
8450 30652 6 109,30,53,20
22736 28099 7 28,10,31,63
19511 25281 5 130,109
35783 6043 7 17,83,184,38,7,19
7816 20960 7 102,113
28022 31338 5 132,185,27,35,135,152,109
2977 6329 6 135,81,132,132,54,24,63
4692 35725 7 115,25,177,54,32,46,85,49
3176 31475 6 48,49,131,53,146,29,85
36511 21001 6 169,111,17,152,116,84,16
3533 30184 6 63,118,102
809 19852 5 41,24,162,10,49,84,8,54
9189 11926 5 18,103,64,102,24,48,119,100
4043 44954 6 19,144,110,19,102
1600 35790 7 129,129,185,117,20,163,44,41
30034 4285 7 139,48
16285 39953 5 64,35,28,129
24081 43764 5 112,209,55,116,185,151
23695 27948 5 185,47,169,62,61,42,35
32040 22158 5 145,119,16,22,160,185,107
28493 17407 6 50,33,7,75
21237 10473 5 57,10,136,142,162,24
12890 6076 7 9,156,36,129,54,131,101,129
28752 45260 6 113,58,16,130,179,91,110
33913 36187 7 129,156
1758 2553 5 16,66,51,62,14,114,21,130
39752 40913 6 55,143,114,47,156,118,91
31428 29253 6 116,56,143,82,12,87,51
40418 33411 7 68,101,35,37,184,60
21705 38092 6 132,62,21
20791 23686 5 41,49,63,82,178,10,109,117
25834 7696 5 141,182,95,118,194,52
31893 34072 7 54,44,51,128,35
40185 41248 7 19,61,105,156,29,83
13185 26521 6 57,82,184,130
21115 28137 6 136,20,194
14519 39626 5 66,50,149,129,53
42937 28676 7 106,131,48,25,11,81,63
36050 25737 6 49,14,85,65,60,53,59
45415 26657 7 36,87
14483 41388 7 62,109,105
15490 5094 6 18,111,50,36,194,103,20
10167 38088 5 81,29,152,29,185,44
34514 31805 7 48,47,19,69,120
6137 42239 7 59,143
34411 44061 5 64,49,85,102,91,47
18762 37740 6 129,9,39
11790 12906 5 12,163,36,152,58
10564 20900 5 17,141,58,140,22,20,141
28139 22979 6 47,20,185,29,109,74,37,102
4342 22260 6 67,58,61,19,110
43527 7923 7 36,87,84,19,38,163,136
16844 8416 5 64,120,129,111
14102 30264 5 87,40,66
18355 32023 7 203,110,120,21
39429 20648 5 96,131,34
18233 1365 6 50,78,65,53,54,49,117,41
3496 37772 7 60,65,65
19490 30634 7 102,21
29559 11699 6 19,43,181,136,52
33722 7436 7 10,85
6629 38913 6 59,90,17,63,35,178,63
39651 29711 5 110,45,30,56
13736 42690 5 130,57
549 5189 7 132,130,14,129,31,104,130
38867 33711 7 119,140,49,66,12,101,8,20
39523 9999 6 81,60,51,44,45,129,26,178
18273 23561 6 110,56
1813 29410 5 43,128,109,79,185
19384 33775 6 38,67,59,117,66,53,194,84
26662 3573 7 60,106,21,145
26567 10942 5 115,47,112
34154 17246 5 129,178,104,65,83,129,35,141
19781 28379 7 185,211,53,56,68,21,44,143
22015 31706 6 101,103,115,185
33085 28695 7 49,54,112,104,140,58
24902 16701 5 49,23
6384 45700 7 48,53,62,184
35737 35253 7 129,185,49
16676 22860 5 77,62,144,156,169,19,62,115
25418 7687 6 38,8,20,30,50,113,78
37940 23053 7 163,194,113,69,20
7862 13179 7 44,45,19,34,204,110
39258 32013 6 47,28,110,156,16,22
44052 31727 7 104,113,65,19,48
3882 3383 7 79,131,184,49,24,34
14715 37845 6 42,129,61,39,110,46,16,156
15707 24902 6 18,81,134
33628 9003 7 41,16
17870 5691 7 82,63,103,52
11276 37563 5 146,37
18457 31548 7 103,61,154,149,60,184,59,49
28907 20728 7 22,65,48,61,163,45,40
17846 31028 7 48,9,39,143
21189 3385 5 101,110,83,83,185,20
14485 14966 6 178,17,63,28,104,15,64,84
37513 14780 6 50,84,65,68,181,9,48,185
22367 16098 7 18,100
15966 31680 7 48,36,134,105
35610 35038 5 149,61,130,38,63
27806 10754 6 14,62,53
29641 3735 7 103,22,58,160
14170 10900 5 129,163,19,143,103
39955 28456 5 20,14,25,60,77,38,154,25
1101 19160 5 162,58,18,40,83,82,47
22340 8550 5 117,10
9704 21579 5 87,62,41,28,185,23
19463 12576 7 50,51,185,39,63,120,113,108
30384 36076 7 41,66,119
26601 24896 6 53,58,84,63,49
15268 7142 7 38,118,81
23783 31866 5 115,20
20641 19021 7 37,82,48,69,162,91,132,17
22127 33812 5 105,83,67
12350 13992 5 134,132,58
19421 44741 7 112,128,104,42
40772 18660 7 43,115
1954 43673 7 53,62,8,58,156
42351 31799 6 21,66
12154 3184 6 144,58,103,21,129,60,91
6929 45685 7 15,64,59,106,34,61,34
26156 8986 7 117,15,83,59
32603 12508 6 144,40,194,19,179,68,29,45
16712 39231 7 26,185,49,56,61
21339 21536 7 113,102,30,55
43860 8487 5 194,120,102,60,131,87
13552 42022 7 103,58,47,60,24,140,63,181
27931 9497 7 101,131,106,118,64
25523 29696 6 90,10
10406 22615 5 52,47,185
36664 25069 7 104,32
21150 39686 5 37,119,48,69,61,112,23
28531 31647 6 27,156
19868 37253 6 53,80,58,39
14510 36793 7 21,119,22
12995 20487 5 136,57,110,116,65,179,84
6636 11391 7 49,85,116
43628 5892 6 59,112,169,49,104
38456 33627 6 185,120,28,152,23
12310 6150 7 62,63,117,55
3578 34547 5 120,20
6568 3590 7 58,61,128,44
4426 11293 6 25,104,29,9
32087 3910 7 67,115,156,28,163,36,113,31
40655 17578 5 62,184
19993 40614 5 51,12,178,21,59,63,64,9
37557 14805 7 61,84,34,41,48,156,48,132
9921 18470 5 57,49
40000 23047 7 112,115,68,100
19710 33444 7 113,67,27,117,107,145,191,111
37237 2686 7 130,107,52,145,51
37701 39465 5 41,57,130,56,162,83
4190 31337 7 73,111,75,7
27090 42612 6 60,61,93,119,177,69
3787 4631 7 37,113,81,120
11828 27004 5 109,102,69,50,44,87,9
15021 36392 7 101,181,38,69,59,22
6020 3459 5 11,129
2541 27913 7 129,116,21,185,120
11556 10176 6 52,105,169,185,185,83
37169 36518 7 21,59,75
21834 31902 6 83,50,64,157,16,49
9358 32229 5 118,103
37967 23185 6 18,178,63,61,61
27577 20641 7 130,60,83
34400 33057 6 22,83,39,119,17
5191 39403 5 120,149,39,19
40994 26090 5 33,63,60,65,21,158,8,185
6603 3473 7 65,66,25,15
17193 29541 6 127,108,139,50,185,17
24741 28546 5 49,129,59,61,130,129,26,185
18661 35060 5 132,110,185,84
34079 12015 6 61,44,20,103,83
2726 3634 5 21,119,132,16
13561 28051 7 17,130,63,87,53,114
13124 10814 6 25,82,101,53
33291 13731 7 38,10,15,129,55,10
20278 8184 6 82,21,87,102,21,10,60,57
14882 13270 7 102,63
1995 10297 6 60,83,146,58,35,19,15,146
21685 14718 6 141,48,110,97
33378 39559 7 67,79,22,49,134,141
44016 38596 5 19,12,163,84,130,182
39495 1402 6 79,83,9,51,102,54
8572 25462 6 69,182,129
44484 29290 6 84,32,137,160,47
5426 9742 6 31,165,40,65,111,24,129
36675 23845 6 32,103,49,142,129,129,83,42
20915 40681 5 87,112,49,163,43
16502 15943 5 25,48
10945 28124 6 102,20,37
1845 4741 5 27,83
39169 29545 7 18,134,109,51,132
44415 10797 7 18,152,49,22,183,83,54
27663 42783 6 83,102,21,60,103
38488 21053 6 162,48,81,194
45347 36146 5 41,116,62,28,160,29,58
44028 31981 6 54,14,185,105,116,19
13425 34014 7 184,184
43375 28259 6 52,20,41,40,184,25,25
31893 37096 7 119,119
33681 18037 5 62,46,163,185,184,132
17723 45455 6 102,146,177,119,79,64,9
19134 9950 7 132,81,21,102,194,116,56
19869 25724 7 40,85,159
42983 27870 5 61,21,76
31768 19722 5 40,61,128,63,38,81,83,58
14675 12019 6 8,29,19,8
43096 40221 7 129,66,163,174,17,30,18
35453 41703 5 26,117,25,56,185
23480 2328 5 115,162,12,49,30
31468 28795 6 59,131
44477 16712 5 185,104
37262 24092 5 182,41,118,185,185,83
37289 28328 7 120,119,104,177,52,119
8795 27961 6 162,64,38,65
21741 610 7 169,63,51,42,141,59,84
3300 45274 7 21,63,160,184,67,44
1297 26419 5 55,92,19,152
3114 5549 7 163,21,163,23
22322 31971 5 15,89,50,37,10,21,35
23997 14268 7 20,105,36,21,62,16
1203 43625 6 15,34,128
40299 10181 7 209,34,119,83,53
43110 13547 6 21,110,36,135,185,39
6682 25518 7 42,46,136,18
6651 26690 6 142,91,91,131,45,30
26868 12983 5 100,55,54,40,58,69
16706 34486 5 48,49,64,95,20
33144 5369 7 15,83,117,69,116,20
4327 31490 5 162,179
1218 25868 7 50,61,136,115
6108 28926 7 18,163,64,109,53,52,23
2917 45018 6 23,59,36,43
4964 33638 6 49,52,79,91,104,119
16060 9987 6 19,102,24,58
23555 1671 6 118,48,61,117
22459 34034 5 20,83,61,163,63,194,79,47
38282 12856 6 98,120,40,49,45
39716 20099 5 132,100,83
41342 15074 6 29,16
22367 17665 5 104,152
9884 15049 7 51,114,109,29
28149 6945 7 38,141,80,10
35727 11523 7 131,104,119,10,51,179
16263 30194 5 91,61,25,60,39,9,91,27
41237 11115 6 144,57,128,23,17
29175 37838 6 21,61,26,83,20,60
6485 24726 5 84,33,49,62,162,61
10421 38902 6 49,61,31
26571 43412 5 31,162
28648 21133 7 139,48,30,169
21003 32686 5 19,49,178,15,101
34160 32753 6 82,17,152,102,49,33,135
42192 34700 7 41,30
5760 42145 6 36,112,136,135,91,26
43752 19157 7 169,104,119,106
23148 27729 6 103,107,169
36837 36854 7 8,103,82,10
6422 26537 5 20,47
20213 11302 5 48,114,115,65,65,83,15
26835 39183 5 39,61,40,60,30
5889 4391 6 78,80,27,144,45,130
33446 27325 6 66,47,185,17,65,63
18241 42721 5 117,104,65,59
31221 25690 7 59,103,39,14,57,164
31547 37831 7 141,136,38,53,129,102,106
41806 17322 7 60,90,14,30,85,43,58,62
17694 28104 7 77,62,47,10
39588 18253 5 25,21
44634 26345 6 49,64,194,48,58,83
42631 29181 6 172,177,82,81
9934 36984 6 25,29,15,143,53,131,140,119
43601 41921 7 185,45,60
25282 15148 6 22,60,112
41834 29661 5 104,22,33,182,63,59,65
13315 27199 5 10,107
6064 14991 6 129,82
27078 42400 5 45,152,116,100,178,33,22
20883 45279 7 49,120,36,48,43,177
15502 34109 7 58,110
32302 4480 6 22,49,93,109
28770 3993 6 85,46,112,51,87,135,49,20
14467 38129 7 83,119,131,106,83,29
8200 4568 5 58,57,41,103
18575 26380 5 181,60
44243 19442 7 63,108,119,135
6597 18405 5 23,85,44,38,129,181,44,15
19350 3686 7 47,154,39,128,22,52,104,136
4485 2926 7 144,42,184,79,42,119,163,104
8440 33962 5 130,21,66,194,82,102,20
6984 40564 7 104,32,194,58
19746 25210 6 49,68,9,92,163
30878 26309 7 83,162,68,42,64,112,50
23068 32489 5 30,96,115,22,50
27523 4698 5 62,30,185
21335 34212 7 130,49
11423 31921 7 80,30,64,162,40,33
23347 28747 7 104,44,109,162
33421 34329 7 24,116,91,55
45526 22085 5 35,112,181,85,59
15556 11232 7 184,103,29
23810 14503 5 118,194,119,63,129,163,104
39802 26427 7 58,136,57,181,56,40
39831 44530 5 39,128,21,83,185,83,181,103
5239 21629 5 42,145,7,18,68,83
30713 29813 5 60,28,56,84,102,49
958 5101 5 21,83,31,18,58,120,162
15358 25537 5 25,78,185,20,80
44814 41940 5 58,27,103,83,114,117,135,19
43433 33831 5 28,56,169,20,45,60
5449 43261 6 67,83,25,117,49,169
23566 40230 5 33,61,8,130,15,149,87
8806 5333 7 12,119
41135 18892 7 54,82,36,132
24376 38620 7 36,126,22,163,57,60,104
45156 9690 7 162,116
34651 6003 5 40,144
9494 12642 7 101,184,39,84,52
36194 35907 6 45,113,18,81
19185 24678 5 119,25,185
4240 35589 5 57,21,182,7,46,65
42949 8059 6 120,156,131,35,23,118,64
41551 5034 7 109,119,37,38,20,184,37,145
4227 21628 5 25,83,44,49,48,84
7927 9385 7 178,62,83,59,98
2483 20860 5 21,41,101,54,14,179,115
264 10630 6 25,195,162,185,82,8,62,119
3506 39656 6 58,16,10,194,43,136,160,102
13015 11111 6 68,18,104,19,135,39
43343 9487 6 136,69,50
9497 11255 6 50,177,185
12123 27849 5 119,62,64,33
3139 17306 6 84,49,63,119,82,21
23236 5739 7 58,60
22454 40877 7 14,10,39
28424 13982 6 94,102,63,115
23131 2956 5 32,134,61,34,42,36
41802 23707 5 50,58,43,136,45,37,7,18
20544 12967 6 129,48
28134 29053 7 29,34,42,33,64
8456 16900 6 62,141,177,46,76,65,152,39
27061 33897 5 44,117
11688 37165 7 129,83,110,107,104,36
44748 12618 7 87,109,60,15
32419 12987 6 40,21,28,12,22,59,194
44919 27660 6 184,185,40,7
10804 26174 6 96,179
34541 43433 6 149,41
401 23573 5 55,103,58,109,108
45202 22709 5 118,177,52,63,13,58,59,54
2463 18441 6 19,84,120,165,179,129,69
14506 29877 7 66,66
2743 10837 6 102,146
12852 44963 6 78,48
35196 19318 6 77,128,58,14,10,58
17400 2000 7 58,78,149,56,119,141
30121 38261 7 49,20,162,61,24,65
39207 10325 6 160,55,185,12,40
32974 27920 6 67,85,120,178,85
12794 10516 6 63,211,48,7,111,28,58
36704 37307 6 68,39,18,83,61,135
43954 23486 6 85,144,46,204,131,129
3629 43242 6 156,162,80
17561 24205 7 14,55
4202 755 6 63,38,141,64,23
5691 1785 6 33,119,83
7498 29720 5 139,142,83,113,157,83,149
2944 33841 6 51,83,45,141
32971 14678 5 17,117,29,119,152,182,130
3031 12025 6 109,108
18431 1736 7 28,30,57,163,49,61,126
38686 21943 5 58,52
19511 8532 6 84,160,104,50,103,116,20
31483 43142 7 12,56
38841 1907 5 133,60,132,10,169,7
2165 9989 7 10,204
42469 33024 7 110,156,119,83,23,116
27803 44467 6 134,44,64,42,181,42,85
16204 37758 6 16,25,135
626 32957 5 60,204,59
6512 28713 5 184,105,43,48
9245 43427 6 60,32,20,48,30,68,60,56
27067 1571 5 113,31
40548 10865 6 51,67,110,83
44373 6878 6 81,49
40492 27521 6 49,105,41,47,63,81,51,47
43874 24459 6 18,181,32,81,9,7,119
23745 16153 5 130,53
31620 5083 7 129,61,35,100,55
34236 17278 7 61,136,30,102,24
7435 29325 6 181,14,156,61,21,42
7363 23492 6 35,78,19,60,19,83,58
43355 29290 6 113,183,41
43319 34814 7 44,195,134,135
35570 3736 5 103,21,45,145,130,181,119,69
14813 44682 6 40,103,54,151,87,130,18,185
35055 8179 5 83,79,83,50,65,84,41
35209 10068 5 8,39,29,130,101,38,27
5490 899 6 102,12,49,53,130
1872 30206 7 18,10,58,149,53,32
27144 25097 6 136,48,104
25431 4804 6 36,146,57,30,118
14190 11195 6 96,149,37,59,85,19
10145 28704 5 181,119,142,66
3222 4742 6 22,41,162,44
28639 30373 6 19,43,101,109,57,40,34
30781 45590 7 24,22,102,18,63,102,67
2055 2642 6 56,194,21,58,49,104,18
19515 35972 7 65,129
27846 23575 5 118,83,114
18637 22784 6 116,85
441 27957 5 124,81,112,104,130,65,37
25065 22448 7 34,39,25,23,39,20,163,84
34028 30064 5 169,31,44,105,100,81,184
19326 39952 5 115,104,23
34444 14108 6 23,181,49,69
42315 39229 6 23,25,52,14,156,16
34905 39253 7 54,64,144,83,16
43071 14426 6 161,18,12,49,182,42,53,81
18690 31727 5 156,69,114,25
14795 34365 5 131,55
42953 25839 7 62,119,69,56
14090 25675 6 104,29,16,59,177,63
40492 27087 6 135,65,52,15
32204 27506 6 27,41,106
18134 43976 7 87,42,59,107,21,102
28380 34048 7 20,134,14,30,67,43,106,56
33548 32976 5 102,113,60,47,185,120
14388 19740 7 15,23
42420 1869 5 45,81,184,9
6217 42848 6 48,185,8,163,35,19,81,63
33373 28104 7 18,9,34,29,15,32
11041 41231 6 101,120,53,83,104,145,7
27817 10630 7 10,177,119,117,149
11954 41063 6 81,21,119,48
40736 4515 6 101,119,32
4232 16308 5 68,24,45,42
35720 29332 5 131,104,51,200,106
43656 14416 7 113,146,37,101,105,25,146
41080 34034 5 49,35
33163 39867 5 10,49,185,49,116,20,62,69
38470 4191 7 39,29,58,140,43,55
15341 20749 6 65,63,64,51,48,24,44
10201 27506 6 87,61,17,59,37,59,162
42466 3620 5 69,107,51
30395 2850 6 106,194,67,48,179,87,114
43904 38378 7 108,185,77,8
31741 44863 7 52,145,30,27,53
11215 33440 7 184,10,50,181,41
20627 19049 5 129,53,12,157,63,63,160
2437 26071 5 96,185,17,102,28,67,57,19
39245 2693 5 50,39,62,14,119,181,26,68
31708 4287 6 10,66,63,21,78
41992 17443 6 68,131,18,81,15,54,39
11867 6015 5 44,136
43297 15156 5 55,59,49,82,7,91,112
12743 37192 5 50,146,149,36,111,101
7993 16855 7 129,54,114,65,19,116,81,61
38134 40980 6 106,58,185
32871 42147 7 21,38
33682 12867 7 119,52,118,61,211,119
17865 21217 6 9,102
40630 38388 5 61,68,104,35,100,117,37,118
32907 1279 7 39,61,58,142,128
33548 44033 5 14,81,129,129,53,61,84,114
40532 41944 6 24,57,104,114
13238 13213 5 131,117
23828 17268 7 39,142,47,117
13367 37533 7 160,49,102,130,136,156,63
38078 18848 7 108,21,34
22919 43784 6 41,32,7,66,7
8838 35594 5 101,149,42
39109 45355 5 142,30,18,149,116,46
35854 40201 7 83,10,107,138,77,83,112
16706 18170 7 117,26
1115 26127 7 143,18,111,83
2515 34502 5 114,119
9727 23186 5 169,104,116,119,7
14641 4303 6 119,132,24
32336 9336 5 63,152,83,7,199,10
35332 29877 7 130,19,60,52,104
6787 8011 7 85,104,84,129,129
6246 28955 5 12,49,39,62,58,68,53,177
44716 31733 5 48,48,83,51
14326 7172 5 18,60,18,87,129
14654 1070 7 61,58,104,104,81,67,163,62
10266 24037 7 16,129,118
23512 37588 5 117,46,48,101,87,20,55
41914 6541 5 112,103,19,15
34335 25877 5 15,58,184,83,78
13241 20836 6 61,195,110,83,57,18,51,130
13740 35813 6 34,126,50,37,136
12079 39584 7 149,28,19,90
43332 24359 6 48,83,87
42087 13441 6 41,104
7500 27395 7 10,53,104,45,67,63,156
38016 35545 6 53,84,64,69,104
13058 12566 5 120,105,56,37,82
9583 12620 6 85,67,19
18676 24049 6 60,104,52,81,184,128,108
43264 43869 6 63,67,184
36000 36782 5 54,152,58,38,115
32549 28933 7 36,63,129,135,50,87,28,103
21792 12416 6 18,131,65,179
9221 13440 6 68,49,21,102
2097 26383 5 58,106,103,7,128,101,34,132
38149 18652 6 7,51,19,18,54,80,82,56
9640 41412 5 87,179,43,44
3617 432 6 58,82,139
20367 23702 6 104,136,61
3299 35918 7 61,136
235 32193 5 182,85,20,93,50,19
15626 43111 6 185,63,131,68,19
24919 35086 7 33,53,26,49,182,45,21
27582 27314 6 48,51,61,181
40173 9412 5 58,91,39
7543 8129 5 59,53,10,66,63,154
6588 14716 7 140,63,32,79,14,185,41
4310 40086 5 85,114,104,24,39,52
38733 18032 5 51,104,184,28,114,118,114,161
17585 39725 5 63,18,33,62,49,33
12855 22834 5 112,181
9050 25375 5 84,83,101,30,130,132,49
8808 29561 6 182,39,104,80,55
37142 45707 6 21,57,16,33,84
11126 27137 5 10,21,169,8
26829 20105 7 169,59,50,58,40,10,20,65
10846 31908 6 49,141,162,49,137,21,66,159
44698 1895 5 48,8
17040 9320 6 95,43,106,177,24,59,104
100 21451 7 135,54,67,105,95,102,12,21
13107 43416 6 61,211,142,62,64
17612 11714 5 26,21,185,44
16901 41704 5 55,16
8613 8873 5 84,22,53,19,66,38,30,128
33518 15289 5 23,36
36296 2392 6 19,49
11292 45128 6 40,114,48,82,29,150
30674 5819 5 19,182,17,60,15,63,36,57
44080 16936 6 59,105,37,69
17122 36429 5 21,149,28
45564 14634 7 102,140,41,108,18
24217 16851 7 112,111,39,102,45,133
42721 6528 5 50,61,108
5354 33599 7 17,204,9,156,48
9818 24436 6 49,62,103,7,185,43,107,143
8174 26339 5 111,85,179,80
6675 23401 6 107,85,131,65,44,63,129,49
31526 33705 5 14,63,68,130,67,179,57,56
33208 24663 6 30,179,161,149,60,17
25755 28984 7 19,37,129,119,127
1342 24013 7 61,36,50,7
35187 39767 7 81,48
37422 22292 5 66,85,40
36505 14184 5 104,135
7758 21610 6 60,42,185,63,21
23745 17822 6 68,52,29,47
37883 25026 6 156,8
8582 27008 6 169,87,52,85,83,54
37202 31588 7 83,134,61,162
32516 34953 6 136,49,99,33,119,29
11559 10000 7 104,156,56,42,35
13131 40308 6 104,120
36958 19337 6 82,169,46,163
15990 7319 6 22,39,47,38,102
28404 27865 5 149,58,16,39
11175 29640 5 156,106,178,47
2434 34947 7 66,38,104,56,185,85
16931 7484 7 103,48,57,21,52
23858 10853 6 37,58,10
8414 34808 5 83,115,181,56,30,28,31,114
28596 44327 7 85,49,57,83
33246 16696 7 44,119,83
32836 16358 7 35,58,58,184,61,38,107,134
27138 38158 5 107,116,119,185,20,181
10332 44096 6 91,21,131,133,185,162,28,21
18901 24866 7 104,128,70,47,113,48
8748 39022 5 179,107,136,54,49
35176 30223 6 141,58,100,146,14,185,21,62
2352 19175 5 15,49,149,17,110
42592 16306 6 129,19
42893 13105 5 179,63,181,82,63
31336 38072 6 114,104,120
41606 5836 5 19,96,57
20849 10537 5 83,17,17,129,55,30,16
3804 34411 6 117,48,17
12427 41221 6 163,21,8,32,120,91
32186 7515 5 18,82,20,83,211,116
15851 1868 6 21,132,64,24
16826 30906 7 62,56,68,100,21
23452 43428 6 20,21,133,60,63
2256 42859 7 68,65,82,18,58
41552 3823 7 92,135,49,169,201,82,56
35698 41587 5 15,119
1519 35385 5 10,115
16406 29323 7 100,48,16,36,134,47,18,216
6903 13213 7 17,64,109,67,55,79,15
22286 18336 7 184,42,53,25,54,81
34478 36091 5 10,182,135
10809 31930 5 50,177,117
5731 45057 5 46,69,112,111,63,20,59
7875 42596 5 15,76,23,17,114,182,101,42
23471 33651 7 152,55,63,63,101,106,109,87
11926 42918 7 62,129,31,104,59,185
14204 33628 6 130,177,43,43,169
19711 33433 7 28,163,55,119,145,130
14509 23051 7 12,50,60,34,61
23265 138 7 54,34,25,110,30,16,38
17117 19370 7 144,48
31807 7263 7 28,28,129,193,40,52,19
43944 8113 6 81,47,53,63,115,49,66
12109 17556 5 16,179,14,59,129,136,62,143
24011 7312 7 87,65,52
13015 26515 6 184,80,26,130,68,50,83,47
33527 39502 6 62,83,20,184,43
38756 41089 7 185,128,119,17,108,181,163,20
31827 35421 7 179,109
22341 3678 7 103,7,130,104,120,91
42103 9494 7 129,53,67,163,15,63,129,20
39505 6815 6 21,20,31,14
29503 29652 5 21,53,61,49,37,43,49
29848 31470 7 25,53,45,108,104
26478 21753 5 38,57,28,120
29782 21534 5 56,36,131,102,119,169,112
4682 25022 7 42,78,130,79,16,144,9,129
16602 10048 5 54,7
41005 24888 5 110,184,104,61,49,185
15366 22984 5 55,41,64,7,85,141,82
24771 35395 5 83,149,10,114,28,55,12
45584 9220 7 119,102,14,178,45
39246 7261 7 19,9,184,132,69
34535 29038 7 7,65,104,91
14772 37854 5 163,45,17,185,60,62,61
29994 17735 6 12,85,43,91,18,177
3781 22929 6 49,102,19,33,37
36549 25415 5 65,104,21,19
7074 15539 5 112,181,81,119,119
11087 31920 7 16,83,44,129,184,7,101
28104 28591 7 61,103,194,119,83
3701 21655 5 53,106,50,37,40,21,163,46
27630 7899 7 119,59,52,22,135,21,69,32
637 28867 7 67,126,185,185,105,185
4999 6594 6 194,34,49,47,8,104,20,10
3490 61 6 59,19
7102 19440 5 20,20,107,38,21,133,146
2322 17357 6 54,204,102,59,83
38015 475 6 142,184,107
2872 31659 6 28,120,85,83,53,62,129
23671 35696 7 22,49,55,136,33,130,8,20
29109 43816 7 69,103
39406 34349 6 195,34,117,119
28727 27047 5 53,48,104,61
26413 41216 7 146,45,169,35,135,102,49,42
26949 17697 7 63,182,182,83,194,32,53
14826 6729 7 132,143,120,21,103
24723 42103 7 69,91,18
44944 7578 6 61,60,10,29,24,111,105,110
2165 15296 7 185,14,119,119,179,47
34035 14224 5 87,169,85,76,162,12
34194 15505 6 37,102,32,65,106,135,20
42351 9639 6 83,53,113,54,42,82,7,104
18845 12278 5 63,47,181,87,119
4621 22184 7 51,60,113,104
26543 42483 6 103,81,16,61
4550 37453 5 184,29,47,133,19
3809 29007 7 107,54,185,47,83
36504 990 5 53,81,113,79,118,58,43
35564 43699 6 25,109,54,28
18188 27144 7 53,21
7094 18598 7 104,129,183,79,36,119
10835 8888 6 113,36,162,55,23,49,103,118
6853 21018 5 113,185,46,169
21740 27882 5 64,52,129,19,18,56,53
6033 40704 7 104,92,181
34086 45338 5 21,109,104,84,49,10
36111 40959 6 55,17,48,104,49,109,22,111
28405 37409 6 103,12
624 11940 5 177,49
26694 17312 5 23,111,85
28935 25139 6 116,31,48,115,19
22522 2938 6 39,46,36
11078 18346 5 135,58,85,9,81,53,120,81
3452 10479 6 119,64
38285 7908 6 62,91,135,87
17915 14463 5 163,30,129
412 37182 6 106,81
377 219 6 181,16,146,112,24,80,59,54
25993 13232 7 112,23,107
13348 40662 7 185,116,184,46,58,103,56,59
42398 5936 5 8,20,43,108,136,44,25
24161 44753 6 178,9,83,65,103,65,87
821 34833 7 22,62,114,54
26866 1128 6 46,16,60
8902 45026 7 133,99,119,132
15528 1986 5 142,37,50,142,29,59
22621 14483 6 48,12
29162 15394 5 129,16,128
2146 1301 6 83,184,32
5018 16663 6 100,50,64,85
20813 26229 7 131,44,65,144,8,51,39
26014 29329 5 12,110,83,18,185,49,129
38455 32852 5 97,55,65,36,179,102,84,115
1995 955 7 61,68,104,129,58,140,18
19123 9728 7 185,52,54,18,108
23320 23283 6 69,59,19,44,185,49
7204 40698 5 185,51,34,76,194
18147 13052 7 117,40,177
23021 36109 6 119,27,135,25
39625 21840 7 102,10
17876 12697 7 104,118
35228 12346 7 10,28,61
13399 27133 7 37,50,83,136,68,34,58,60
11840 7451 5 59,63,23,114,61
37754 27083 6 19,81,185,115,17,87
32799 36267 7 84,153,35,182,83,50,118,45
13208 13499 6 143,118
9217 41627 5 82,22,185,62,119,83,163
39026 5776 7 18,115,84,58,108,29
16005 21470 6 106,118,45,113,49,24,103,79
9181 16191 7 45,120,179,64,22,114
42255 42529 7 25,112,29,136
14733 23558 6 177,119,113,194,177,63
39059 33626 5 110,18,69,96,35,10,60
38412 32867 5 80,65,132,49,20,110
27084 37058 7 21,91
30257 29333 5 21,104,37,27
13559 23583 6 20,128
36818 3813 5 81,45,65,194
33822 26505 7 143,49
19417 16546 7 41,51,135,28,51
38735 6632 5 185,63,35,63,83,16,182,117
20250 4806 6 27,28,28,59,19,62,32
19531 12631 7 60,36
39964 35051 7 63,185,82
42614 10744 6 21,134
29122 20632 5 140,185,7,42,203,108
20376 45601 7 179,52
24899 38238 5 57,45,67,21,108,21
19019 2832 6 42,87,184,16
39738 20309 5 69,160,56,60,62,14
22457 14910 6 194,62,63
14249 7028 6 66,182,10,45
29155 19785 7 162,119,49,184,85,120,204
9121 31802 5 85,94,6,129,101,15
12401 34199 6 40,58
29353 16358 7 46,87,20,30,24,104
20577 17859 7 23,43,25,63,80,49
7814 27770 6 20,81,34,53,119,181,194
7556 28291 7 30,10,29,62,53,77,160,184
23977 15264 5 42,78,119,100,129,81,84,67
37044 2901 6 58,23,169,8,184,34,82
32004 43477 7 18,19,113,19,33
27795 42960 7 87,101,119,145,194,18,128
30878 13727 7 60,181,66,63,177,185,55
6488 20074 7 9,108,51,142,146
4903 30434 7 162,41,51,81,136,21,104
22662 17158 5 46,84,83
12069 16578 6 104,41,84,7,45,27,46,38
37384 6313 7 116,82,22,80
15329 32565 7 102,9,181,42,20,18,169,51
34612 20818 5 58,83
28018 8001 5 54,182,32
22479 11507 6 132,40
24689 690 5 10,111,85,21,169,87,116
23661 10800 6 27,85
25379 29212 7 94,60
10443 35206 7 194,21,61
38964 37045 5 14,29,182
38956 18253 7 28,136,155,65
3596 28301 5 51,183,38,201,111,49
41761 36269 5 82,57,78,84,82,15,57
40452 45508 5 107,178,40,24,108
40947 2439 5 58,65,103
41675 33199 6 51,119,43,21,108,36,77
43142 38805 6 61,35,10,82,43,156,104,117
11045 42251 5 62,179,163
42575 28161 5 24,136,146,66,66,119,54,20
27562 38158 6 64,33,69,182,16,53,50,181
16616 3280 7 115,22,34,178,54,130
32972 5244 6 9,102,185,157,8,66,130,61
29365 36102 6 50,83,36,15,69,25,63,182
23655 31907 5 108,131,165,113
39313 7745 5 194,12
26125 22590 6 83,37,32,129,64,111,185
31783 7262 6 117,76,103,36,183,58
26957 42920 7 83,84,26,71
39555 21089 5 63,102,114,39,16
25390 6899 6 44,132,140,155
45674 44139 5 50,144,115,51,179,78,104,130
39190 28435 6 33,163,54,83,81,63,163
4207 37741 7 30,21,33,62,56,58,21
19446 9626 6 56,12
39702 41609 6 15,109
13105 23274 7 130,103,34,87,22,185,9
3900 22119 5 36,115
9571 4001 7 184,19
13806 18238 7 59,129,19,156,106,178,28,24
29865 20506 7 32,62,115
8842 6239 6 12,101,68,129
22957 21562 5 114,40,58,21
19486 29568 5 48,9,30,104,7,102,48
21058 39964 7 111,194,15,179,41,65
43496 3997 5 29,113,182,163,136,56,178
15028 13357 5 53,69,111
9681 8743 5 87,129,103
33109 14615 5 69,102,129,18,79,178
41988 15880 6 104,17,35,49
22398 26588 7 21,19,152
24565 32086 6 39,116,49
32410 2118 5 119,129,85
7860 12839 6 61,60
13864 37899 6 67,29,103,21,169
41893 39332 6 42,103,143
33858 41630 5 20,101,69,192,65,142,83,104
17801 41080 7 69,194,130,120,53,189,22,90
37060 37380 6 85,134,44,105
17523 41112 5 61,130,42,12,45,129
26716 21699 6 34,30,39,85,59,182
18928 7397 7 194,81,81
23903 26945 5 48,155,142,116,128
39259 14411 5 85,85,179,83,21,60,87
12689 3045 5 62,18,35,43,61
30147 37452 7 63,102,21,140,135
11978 26370 7 8,119,133,14,57,105,157,65
5687 42901 6 96,42,127
19587 31233 6 132,52,10,112,10,83,49
14371 2553 5 59,45,42,40,130,109,10
5348 33038 5 101,162,145,45,14,28,20,23
11560 17105 6 117,54,131,18,8,48,178,102
24757 37659 5 104,66,131,49,163,16,7
11576 2280 7 132,91,129,55,48
8189 30536 7 179,36,91
29353 33998 6 83,196,64,184,65,98
37651 28972 6 63,20,117,21,17,53,60,67
15234 5169 6 136,109,20
23750 2891 6 47,184,119,66,116,146
40244 29913 7 60,53
40166 25980 7 87,22,22,78,21,22,58
26468 39729 7 183,63,17,120,128,101,83,84
3511 31740 5 194,18,40,185,117,104,136
44849 31434 7 120,139
3841 38665 5 96,64
22960 6869 6 58,179
2678 4166 7 53,62,48,18,132,133,63
35575 12370 6 59,115,37,69,103,44
32376 30698 7 85,67
45164 20170 7 99,34,83,18,194,198,101,131
9216 14667 6 58,102,9,48,182,85,80
10158 38847 7 103,49,18,113,47,82,26,162
34890 5217 5 163,87,145,8,52,204,87
30277 9672 6 62,136,37,169,211,120
36345 4700 6 103,107
41189 12983 5 56,7,59
30273 33717 5 58,84,20
15801 22806 5 185,84,135,50,46,15,58
25923 32309 6 77,29,119
1619 8417 7 26,60,148
26579 38186 5 66,53,156,91
1247 24775 5 120,58,91,18,36,18
38129 42122 7 65,65,182
42750 355 7 104,48,152,163
45374 31665 7 117,51,142
2604 9763 5 42,83
31713 7612 6 169,117,17,20,109,87,10
26871 43670 6 102,12,63,111,108
39035 44661 7 211,103,112,156,49
34548 10436 5 83,33,38,113,14,54,16
8105 18667 5 58,129,19
17109 22716 7 87,85,21,130,21
42863 29958 5 103,84,18,50
33105 4521 6 17,102,21,146,34,58
25269 5869 7 61,68,181,109,78,84,49,47
4417 24568 7 111,22,19,136
18141 25384 7 129,58,109,16,63,31
14217 35119 5 80,80,8,62,92,10,102,129
29498 13362 6 22,27,60,55,110,12
31476 18725 5 185,52,131,21,56,130,44
22760 26162 7 12,194,114,61,25,116,152
20233 19697 5 12,59,43,109,92,120,19,61
38740 5063 7 129,105,118
577 12358 7 8,103
37749 43431 7 10,63,43,58
38332 23551 5 50,104,184,50,9,62,185
15688 20516 7 21,23
7894 32626 5 44,83,37,184,119,9
26663 11334 6 32,14,87,67
37647 35568 7 91,185,61
43532 9745 6 8,96
7044 17554 6 66,29,14,85,69,15
5736 10843 6 153,54
16739 25805 6 216,59
17656 35555 5 19,20,50,160,109,117,131,69
493 38752 5 183,108,10,33
7550 26330 7 50,65,29,109,179,51,48
6039 941 6 145,18
41195 10851 7 64,104,21,109,57,15
7228 3548 7 137,67,68
21390 18293 6 53,60,183,22,132
19163 22546 7 119,39,105
37863 14737 6 81,142
31484 44322 6 91,62,118
4920 12808 6 29,36,30,179
8213 44235 5 102,58
22162 40663 7 108,160,63,57,14
43867 10758 7 108,21,162,62,83,185,87
41333 2064 7 93,48,80,181,185,49,8
8775 8876 6 12,128,69
21168 23755 6 7,178,6,29
30025 4906 6 45,83,117,15,33,37,18,51
6318 39394 6 60,47,63,96
28678 7619 5 78,130,59,68,48,105,69
3424 4735 5 69,134,83,21,183,47
12 30308 7 63,129,24,7,32,62
37622 38903 6 211,51,129,53,65,53,106
37385 22678 7 103,102,80,12,18,119,44
27290 20922 7 117,87,104,163,55
273 36438 6 156,194,116,163,30
44118 13122 5 99,69,62,112,49,160,185
10827 21110 5 195,51,105,102,34
22905 6012 6 119,184,66,194,120,81,179
7874 8387 5 10,96
8156 30906 5 87,59,66,96,142,157,138,19
36309 22303 6 103,184,17,44,15
14337 10940 6 9,184,200,95,153,126,65
14693 31529 5 89,8,194,32
23126 37759 6 50,20,37
33708 29100 6 47,182,103,35,65,58,143,58
5269 3344 7 84,12,134,84
10646 37931 7 58,104
26527 45374 5 7,41,194,143,59,32,194,49
16993 647 6 46,69,134,130,54,113,119,17
35406 39901 6 17,169,46,18,117,12
1624 33486 6 8,68,104
6784 43835 6 102,152,12,27,83
41827 23999 5 118,83
767 16769 5 91,58,104,25
9892 12021 5 178,53,64,57,51,27
7946 35497 6 10,163,113,44
1801 12122 6 185,184,30,83,15,41
17765 28191 6 129,110,102,34
5085 32622 7 42,103
7524 45176 5 19,102,85,60,58
26455 29271 6 91,44
10599 10028 5 136,43,160,162,7,7,182
43680 5027 7 48,143,110,65,57,69,47
5959 36619 6 40,23,54,169,80,18,117,169
1650 34320 7 51,129,50,102,152,52
25274 26889 7 22,65,178,40,60
16546 32114 6 141,21,92,53
17168 10218 7 182,16,83,38,29,26
35376 37186 7 40,185,69,28
17838 15523 6 60,53,59,53
20884 27867 7 82,114,184,136,31,104
40947 7219 5 182,102,63,85,146,28,113,185
42430 45723 7 109,111,65,81,134,48,144
15410 15370 5 114,96,59,83,185
12185 25603 7 10,185,18,41,103,99
1681 20669 6 18,21,37,48,136,64,7
10307 15534 5 130,49,83,146,46,115,19,113
27508 38540 7 39,29,112,53,39
23805 25424 5 194,16,103,63,23,62,83,194
12556 16076 5 141,10,16,101,38
28695 44924 5 102,58,20,45,48,194,63,47
11342 20808 6 182,59,21
37843 34221 5 14,134
9435 33887 6 111,21,119,18,127,106,104
38705 21885 7 65,21,48,58,59,51,12,30
39567 23786 7 33,37,14,136,179,52,85
14716 2719 7 60,119,140,129
10368 18837 6 194,182
8916 36609 6 84,22,54
27340 35033 7 145,104,119,56,19,81
991 35567 5 40,82,135,21
23918 25899 7 184,21,8,144,48,162
23156 43661 7 110,101,24,56,41,60,62
39340 39351 7 83,56,37,64,58,49,58
33255 16590 7 129,63,19,182,19,9
3814 7940 5 91,23,75,25
3002 11889 5 149,118,53,9,20,119,84,181
34330 1895 7 117,179
17157 16302 5 39,8
31043 537 7 19,113,118,189,185,116
14257 4174 5 7,85,47,63,18
9899 7754 6 136,53,113,194,182
30963 10884 6 66,91,129,131,149,109
1107 25691 5 92,20,49,21,178,29,113
42117 13975 7 27,60,81,9
2213 12483 5 114,20
32422 27475 7 23,182,129,101,28,118,51
39376 44636 7 53,29
13111 7646 6 179,36,113,83
3797 35361 5 129,53,194,209,145,21
13588 26963 5 28,120,92,185,83,19,10,60
41188 23626 6 132,104
30246 16469 5 10,80,100,110,82,184
34979 37921 7 83,43,83
22742 9623 5 48,104,43,181
15714 4827 7 64,14
36586 12979 5 9,83,21,129,83
41348 29346 6 47,17
39815 15204 5 183,19,49,25,119
11750 2504 5 130,36,104,69,104,169,140
42440 25607 7 163,58,109,10,93
14551 39495 5 51,87
32581 37826 5 109,116,24,34,41,23
15855 16994 5 25,69,149,22,184,55,99
38136 27280 6 56,16,129,45,178,103,21
44701 29282 6 169,87,128,104,47
1865 43162 6 130,19,129,50,83,47,69
4275 1717 7 96,46,49,49,78,85
38957 18855 5 65,60
23877 410 5 102,57,200,138,66,116,105
7908 38611 6 195,67,102,63,169,63,9
43789 20099 6 19,169,81,62,49,10,95,59
33072 37477 6 131,102,163
662 28876 7 41,7,139,128,22,161
29949 25601 5 65,68
30111 37218 5 102,101,65,109,118,101
1700 31383 6 111,181,59,72
43812 18130 5 49,82,44,54,51,178,112,62
32144 11419 7 101,61,109,85,91,85,52,119
11300 30715 6 20,56,34,129,18,79,61
2971 16030 7 81,58
6143 28182 5 58,82,146,28,42,84,119
43996 20990 5 65,21,138,90,30,27,49
23833 7426 7 91,23,34,49,27
40186 750 5 37,27,16,130,178,90,194,10
2124 3353 6 30,119,60
32909 20552 5 185,55
18427 32433 6 12,129,110,53,23,111,104,132
32748 3401 6 82,49,131,24,22
5981 39595 6 85,58
35605 15215 6 63,49,60
38091 2647 6 18,104,84,115
37028 2271 6 10,17
36814 30213 5 128,109,85,115
44312 45041 5 67,69,194,34,21
42755 25318 6 35,61,33,56
39039 5198 5 39,181,9,63,42,50,149
34158 15455 7 119,54,58,83,83,103
21278 43336 7 17,38,195,131,163,113
21103 10657 6 117,59
23528 17411 7 20,101,63
9593 31492 5 104,148,53,61
8631 31950 6 24,87,8
23126 20382 5 100,105
16106 7650 5 28,54
6624 37244 7 7,120
41584 12962 7 55,49
25836 45607 7 58,51
34126 28052 6 58,48,194
3463 10349 5 102,83
44320 44559 6 20,69,40
23895 2238 5 116,15,69,38,106
6905 3704 7 33,18,20
18454 12701 7 34,28,18,114,95,39
11823 2395 7 116,143
41311 28384 6 90,12,59,179,117,140
17142 20047 7 27,156,49
34190 9728 6 115,62
39465 23944 7 185,104,183,185,49,114
24408 34811 6 10,33
23170 3891 7 145,84,66,130,49,40,7,54
36904 22574 5 64,80,83,194,104,83
4642 10830 6 30,160,43,20,48
9375 33567 5 98,65,49,20,28,31,181
2349 17653 6 41,51,68,78
42828 2665 6 144,54,24,133,52
21186 14146 7 181,15,34,149,22,85,59
19977 27213 7 69,185,130,110
38147 25525 7 19,20,101,131
12794 15585 5 30,58,56,120,66
41721 11410 5 62,10,79,83
29071 39023 5 21,47,182,43,104
23678 26793 7 119,38
31536 44525 6 144,49,59,102,53,21,81,20
27715 43451 7 25,105,46,113
40694 38927 6 109,52,141
31109 13328 5 83,81,32,118,44,58,112,129
35789 30920 7 23,68,83,45,105,118,47,108
28584 39338 5 7,182,179,143,129
2862 27085 5 7,68,104,103,104,83,34
28252 18065 5 114,10,91
30665 40165 7 33,130,35,64,149,111
34862 5991 6 131,56,29,118,45,162,58,102
26930 31658 5 55,132,144,68,109,151,10,129
17404 29360 5 104,109,104,93,194,35
40885 41711 5 129,146,19,60,18,184,61,23
21022 2243 5 83,194,20,105,87,96
27454 20591 6 16,17
18932 32861 5 24,62,84,100,25,116,31
34952 18793 5 129,129,108,169,34,91
28369 39855 5 20,109
33094 2318 5 52,67,65
21127 36111 7 141,21,58,53,79,17
27691 13875 6 69,22,111,133,61,45
17952 16866 5 103,109,67,48,102,85,129
33823 41183 7 40,38,109,30,48,57,64
28744 3355 5 156,135,43,18,183,104,24,112
37824 19697 6 116,45,129,48,9
44761 19217 6 117,103
37612 45125 7 63,108,63,69,141,115,81,53
19992 39913 6 60,179,58
8978 35316 5 23,87,82
43065 37827 6 80,53,22,169,81,49,10
27957 14567 7 145,28
40754 33384 5 114,20,163,82,84,194,87
6538 27942 7 65,37,69,54
10981 12121 6 185,49,102,69,41,61,18
19943 35041 7 42,109,66,179,87,132,103,113
31287 32159 5 116,19,33,66,185,65,104,143
1901 25071 5 69,131,44,102,102,21
13771 15344 6 62,163,72,67,107,30,81,33
40554 29896 6 68,129,81,102,56,106
35310 36226 7 146,21,83,112,49,87
39641 2433 7 102,49,178,63
31554 45306 6 109,17,179,80,90,17
20593 22059 6 12,92,48
29866 35064 5 10,141,169,179
25078 10202 7 109,102,59,95
840 18298 5 41,69,49,60,83,6,16
35368 38193 7 185,18,83,103
5860 22279 7 63,36,40,163,185,179,178
22948 28416 5 23,35
4965 24503 7 7,104,23,135
24504 40928 7 20,23,51,10,182,16,104,129
27997 39382 7 21,120,51,185,131,48,119,181
25524 30443 7 33,142,20,40,36,81,58
25697 28774 5 113,50,146
35104 11483 5 194,136,45
41978 10294 6 62,113,67
43808 15257 6 68,45
10892 29494 6 57,12
32893 37353 5 27,41
3385 31657 6 23,67,108,58,132,149
25952 25402 7 141,132,49,194
11358 24458 7 37,109,45
232 5756 5 36,136,139,129,69
43236 34696 5 103,20,112,132,49,32,83
2171 11481 7 182,8,119,64,185,162,10
19894 10847 6 15,49,120
16505 13495 6 32,39,23,35,49,185,119
42499 19171 6 117,14,102,7,44,102,129
45751 41401 6 130,37
24757 31353 6 103,21,19,10,103,50,63
28115 21328 6 33,119,93,116,64,21
32095 42022 6 48,21,59,60,129,182,102,104
23266 13455 5 120,8,84,195,124
22517 24960 7 14,201,146,110,185,8,59
16423 38924 6 145,134,64,177,25
36038 34767 6 42,111,130
33794 4785 7 65,108,49,21,163,17
5900 38771 5 53,50,129,22,67,156,129
24533 239 5 103,104,143,30,23,16
7192 3853 7 58,178
13280 38290 5 62,39,143,117,51,99,67,56
24872 31223 6 24,194,9,80,21,61
1959 36069 6 65,21,12,55,149,40
18587 9407 7 120,58,93,25,56,35
11810 34187 6 82,120,29,103,112,163,115,83
22112 34550 7 61,64,129,21,34
7879 1974 5 19,41,6,52,20
33762 22909 7 83,181,119,10,51,58
38023 3347 6 49,129
4808 23564 5 47,21,14,110,48
36755 18729 7 50,16,16,143,64,20,112,65
34268 6564 6 139,114,112,146,83,169,47,130
24092 18135 6 47,69
36835 26442 5 19,62,63,114,9,118,21
21897 33446 6 129,44,10,82,110
7662 8597 7 55,59,83
35186 45654 7 83,104,21,132,28,163
30338 4960 5 58,54
30942 17963 7 185,23,21,103,18,145,8
5770 27639 6 185,178
27652 33804 5 82,105,20,119
7537 9847 6 119,80,63,113,48,211
9720 38844 6 24,10,18,91
5528 42640 7 17,129,53,109,41,66,69
1858 11669 7 131,7,181,59,100,128
35640 15704 6 184,112,110,119,117,49,14
26594 11638 7 194,115,87,47,87
14466 34047 6 101,69
808 9432 6 17,169,31,15,141,33
3628 28564 6 49,101,50,60
37117 38560 7 117,81
44228 16006 6 79,93
16241 22741 6 178,101,115,109
11038 44422 5 34,163,67
1020 25809 7 30,26
43699 9530 5 9,102,182,113,19,119,129,38
14658 23642 7 64,19,109,53,106,143
40623 10647 5 54,25,21,15,109
17012 15830 6 25,141,128,63,30,102
10861 13911 7 66,163,185,154
21139 4282 5 145,29
36927 11971 5 22,112,63,81,79
6720 8492 7 36,85,81,80,193,118,87,169
43233 4226 5 69,23,25,67,42,136
37739 3686 7 162,37,142,60,62,129
6622 10190 5 102,64,177,25
14874 23166 5 63,143,49,58,181,10,68
21109 682 6 184,58,93,10
35406 38770 5 34,32,40,40,32,48
40589 41712 5 142,163,85,81,81,107,17
20101 39892 6 84,47,83,22,42
5699 23639 6 115,16,49,134
26504 36170 6 129,77,77,127,22,33
30471 36530 6 61,22,62
34474 42909 7 25,163,130,91,61
35622 5616 6 25,59,106,7,113,29
36368 44977 7 22,28,83,104,19,105
14508 3703 5 194,108,65,10,132
27394 6291 7 119,130,49,20
8791 25406 6 91,51,161,7,144,182,184
22230 15255 7 104,57,87,79
41745 20176 5 31,194,142
29905 27732 7 111,85,65,132
29243 4063 6 21,181
13801 4793 5 87,91,63,8
13262 25802 7 83,119
3850 24020 5 21,57,22,21,43,9,61
12330 33678 6 7,19,177
13141 15135 7 22,176,184,57,87,63,18,35
23299 41897 6 191,9,112,62,181,84,36
12496 6527 7 33,60,130,63,110,46
32415 2202 5 185,119,104,22,69,169,116,42
20421 6621 6 38,106,54,83,53
30846 18803 6 83,20,102
14842 32228 6 41,114,119,115,180,58,113
31119 6971 5 61,90,194,68,23
37940 31372 6 82,57,185,37,17
7721 34177 6 34,21,58,115,21,35,61,61
43541 43975 7 41,109,130,128,113
36826 9371 7 30,36,19,69,68
39590 2135 7 112,63,18
32081 2991 6 29,83,162,157
13067 11177 5 62,62,149,117,111
19883 19456 7 119,58
26875 11177 7 108,69,53,49,131,7,120,104
2391 4834 5 162,79,63,82,28
10879 39796 7 19,44,25,156,152,100
4776 19216 7 110,133,87,35,51,52,109
35451 43190 5 39,119,185
37115 30404 5 20,194,185,10,49
34355 15070 5 15,166
15775 25187 5 129,132,185,49,119,104,35,60
29190 26578 6 61,36,37,29,194
38984 19608 6 146,163,129
1868 11071 5 130,169,58,58,36,7
19698 32679 7 8,15,81,53,104,82,18,24
42015 36488 6 119,103,8,68,146,29,60,64
640 6906 5 143,58
11899 13583 7 119,179
23361 38453 6 30,49,87,46
14323 12702 7 101,21,28,142,103,63
28315 25878 7 32,58,50,16,107
13579 10046 5 45,22,82,104,85,101
34863 38961 6 83,113,19,110,48,185,32
38940 9051 5 36,158,156,29,108,103,136
2684 18858 6 134,58,28,93
9525 8191 5 101,129,66
2193 32435 7 19,46,104,35,82,152,102
23973 9020 6 116,19,113,47,32,185,128,135
13384 33748 7 33,113,82,44,115,102,178
25291 8603 6 45,52,49,30
5324 25681 7 8,24,62,108,85
21458 37535 5 83,64
39750 28671 5 179,105,83,23,184,69,179
803 37383 7 118,7,83,107,35
18305 33176 6 43,111,114,63,8,58,52,83
28286 34802 6 109,18,66,53,185
16028 13064 7 112,48,63,62,119
34651 36217 6 58,104,110
15038 13065 6 129,178,81,177
10846 31789 5 49,53,65,79,109,112,83
6944 15309 6 119,37,104,163,152
42409 3087 7 68,134,136,84,16,104,107,63
30123 17665 6 16,30,156,48,51,10,153
7869 18575 5 112,146,162,80,62
29932 40722 7 119,35,58,184,22
24441 13407 5 56,106,66,26,91
1291 25366 6 120,65,60,53,138,136,55,109
5436 2105 7 16,87,61,132,61,119,50,169
33996 14157 7 136,61,80,58,66,185,69,54
6810 35407 6 140,129,136,38,40,58
37451 36897 7 149,115,136,20,12,179,41
4335 25565 6 159,182,59,68,129
43456 30073 5 49,41,132
13564 9766 7 113,49,91,81,24,59,182,185
17415 23905 6 129,185,112,194,53,181,6
19535 24561 7 81,45
43505 787 6 129,116,30
40103 9235 6 54,135,69,118,44,185,29
11313 8970 6 47,62,66,47
42778 37751 5 128,25,57,44,107,26,59,12
24721 13462 7 85,53
2924 45481 5 146,162,104
42075 22486 6 45,30,35
41577 2137 7 24,63,107,8
27271 18143 5 136,39
40326 14872 7 29,17,83,115,20,53
6669 19815 6 28,35,15,48,132,63
27368 19681 5 59,44,61,182,49,53,15
11234 17773 6 50,211,49,169,111,116
18816 36419 6 62,53,104,56,23,43,84
14460 15607 6 115,63
38916 4734 5 21,61,69,48,184,60,104
30841 12003 5 109,145,55,129
40309 30743 5 49,140,104,25,144
19569 10871 7 195,102,136,84
29783 39742 6 20,85,130,82,80,146,163
22013 2850 5 40,61,22,91,41,104,69,65
20571 33845 6 83,145
3865 23445 7 113,106,182,185,140,49
29517 44922 5 160,19,44,58,83,44,185,18
11195 27565 6 58,60,20
9013 20253 7 60,80
1554 31229 7 69,53,51,44
8605 40018 5 102,31,39,52,27,8
23006 11792 7 63,64,58,49,60,184,83,47
17652 27325 5 45,51,41,50
45561 30828 5 53,67
19960 16277 7 10,9,19,54,23
44422 18516 7 53,19,162,83,131,56,106
43507 20010 6 154,184,120,96
20383 26652 5 154,120,146,8
5200 12989 7 115,59,103,48,142,51,44
548 31360 5 20,105,56,18,7,185
42117 22122 6 119,64,35,67
35617 39314 5 20,104
9488 3568 6 83,52,63,130,78
22339 33198 6 83,117,141,194,91
10128 22158 7 104,58,83,179
8597 39338 6 58,64,101,39,35,63,184
29890 29492 5 55,48,67,103
10416 10589 5 27,24,129,37
11522 39624 7 48,49,19,59,19,48,19,62
20550 14254 7 44,49,9,39,114,69
40613 10209 6 49,84,30
33389 10016 6 38,184,47,101,19
13185 7952 5 120,34,62,177,83,45,162,48
20557 6169 6 48,48,83,22,119,119,142,102
34284 2412 6 179,58,49,87,21,112,49,129
45173 16065 7 82,80,133,12,61,60,20
26674 4411 7 20,192,61,41
20932 19728 7 65,46
26934 35236 6 28,85,42,104,158
4448 41772 6 37,145,58
8532 26609 5 144,108
18763 4814 7 98,61,84,81,25,59,43,25
36645 27900 5 20,59
25882 7788 7 28,103,19
26814 29597 5 162,184,135,16
37633 40133 5 102,129,47,56
2711 43166 5 83,83,105,163,55,8,16
32692 4496 7 144,108,132,18,53
45735 28871 5 149,21,185,132,51,95,33,104
30064 12670 7 21,179,112,103,101
9886 31607 5 48,69,103,194,87,59,163
9937 20746 7 44,113
5274 16531 5 110,194,178,21,176,67
16760 19088 6 10,81,119,115,83,56,181
37274 45007 7 62,58,15,54,30,119,56
36475 13577 6 37,160,21,23,22
15563 16616 6 83,66,109,141,26,102,55
22191 32965 6 85,63,116
2552 7651 7 185,46,41,46,43,104,119
29517 14650 7 156,130,51,184,91,10
17322 24645 7 24,52
44315 27877 6 39,49,8,17
20656 45392 6 60,136,15
24751 5690 7 18,52,112,85
33880 37781 5 104,31,175
12603 31467 5 63,36,132
37748 5359 7 17,28,83,60,31,129,24
14834 3032 7 111,91
6872 30931 7 53,65,60,19
16175 34461 5 59,129,119,177
43852 12925 5 106,138,107,54,19,112
15199 24657 5 58,18,182
9729 38205 5 35,31,169,110,49,10,60
31810 43703 5 102,119,110
43956 10536 6 184,102,27,61
15624 39777 6 21,55,87,82,55,110,64,140
36405 38238 7 20,48,163,60,50
5334 17108 6 102,38,33,25,129,29
12195 6726 6 81,85,64,93,53,28
29575 35204 7 28,51,84
16661 35307 7 56,185
28834 29812 5 60,25,81,37,20
34718 37658 6 111,131,120,130,104
33176 7828 5 104,92,58,49,179,76,14
28567 2810 6 23,36,61
15509 30007 6 23,58,17,179,182
26122 11554 5 67,62,105,87
19838 25856 6 119,141,109,23
3108 9313 7 30,53,104,69
38644 23443 5 104,110
13990 30716 5 38,117,58
35252 32981 6 133,204
35867 18442 6 145,14,20,96,132,48,85
32450 33713 5 60,48,68,87,48,84,131
11338 19474 6 12,10,194,58,109,80,83
29332 44010 5 68,79,135,38,83,59
35343 26937 7 83,194,114,24,9
16683 9636 6 52,136,119,153,129,179,85,136
11768 44698 6 24,136,119,96,129,42,102,34
19076 25523 7 112,22,130,110,134,185
23168 12978 7 129,19,60
28569 23173 6 53,135,104,32,84,63,120,65
13963 877 5 58,104,119,163,61
17573 41693 7 129,15,144,146
13284 44579 6 85,56,184,83,39,61
12718 30661 6 119,15,156,18,83
11937 17818 5 129,83,120,63,185,21,61,105
9780 20150 6 63,107
537 39607 5 39,128
29693 21969 6 51,33,20,15
19627 8773 6 30,53,193,110,53,179
6946 29487 6 104,46,83,58,136
38198 22846 7 82,9,54,68
403 39268 6 129,29
24701 16088 5 104,53,34,143,69
40600 8397 7 114,65,64,130,49,36,20
14838 27830 5 112,132,51,116
31869 2752 7 178,184,80
819 34947 7 81,113,56,135
31381 611 7 61,58
42138 26513 6 132,20,105,84,25,68
2065 1000 7 106,51,59,22,113,185,28
12188 10842 7 104,48
238 27029 7 67,48
10391 11337 5 104,82,49,49,104,87
14090 19533 5 131,128,22,14
1076 10401 7 57,62,62,28,181,84,94,115
36400 6861 7 66,144,58,58,65,37,58
3340 25126 7 101,16,49,149,50,131,10
33275 41472 5 104,118
37308 43435 7 29,185,178,85,30,60,53,83
3813 27851 5 104,178,116,42,60,55,14
34577 25100 5 53,131,23,110,116,149
17193 20481 6 53,17,29,50,169,119,58
4723 11580 7 15,209,15,131,91,34,24,182
13074 30354 7 110,69,81,134
17099 41515 5 20,179,46,102,27,85
45727 9072 7 163,9,132,109,58,87
29678 14769 5 18,48,27,61,146,132
41691 19388 5 23,57,119,81,105
7074 38921 7 182,91,91,35,179,50,132,60
11891 28852 7 154,51,181,133,211,58
43171 37425 7 108,176,156,60,66,135,185
628 11786 6 58,109,21,120
25165 18737 7 119,105,22,66
45528 6533 5 129,117,59,129
6860 5029 7 60,51,69
41338 16098 7 89,18
38187 44699 7 85,114,29,156,144,69,120
18070 40292 7 69,108,83,16,53
41395 1009 5 36,108,136,84,28
27284 9201 7 7,129,39,129,80,63
43455 44702 5 40,60,81,182,64
3002 39496 7 16,49,163,19,15,96
14984 38117 5 119,106,134
18356 26273 6 44,104,152,46,194
13783 6562 5 80,130,181,60,104,91,185
2912 39933 5 34,35,109,60
11538 22701 5 19,45,162,182
16585 43278 6 50,104,68,117,83,55
5141 37273 6 8,83,7,120,30,99,144,63
15243 15436 7 25,104,92,25,30,39
19114 23894 5 49,182
39919 45075 7 7,69,56,53,27,117
7136 40225 7 156,9,140,64
14663 1159 5 118,80,48,8,87,47,59,136
36761 23845 5 104,46,47,87,62,126
17711 31059 6 58,94,81,55,113,144,42
30298 9587 6 104,19,194
42561 18537 6 149,142,21,10
7792 9216 7 60,37,9,162,55,61,145
20805 35119 5 152,118,20
29548 12595 6 194,184,31,185
2060 9913 5 18,17
40249 14362 6 177,85,57,158,130,61,62
14557 42036 5 117,25,66,48,102
1057 5059 5 40,101,84
32691 30388 6 97,56
16066 39998 5 38,28
19645 38127 5 22,62,135,179,83
35520 18010 7 55,40,47,185,40
31949 1006 5 104,82,103,18,10,58,63
16672 15249 6 14,12,58,142,8
17717 20085 7 183,41,114,129,91,113,185,48
27185 31080 5 24,182,182,149,75,184
20575 15037 5 45,47
44890 8993 7 65,83,146,177
45231 23527 7 56,163,63,18,160,20
39331 10179 6 91,85,24,131,48,83,79
21616 15565 6 49,119,87,129,184,84,78,40
23966 37217 7 61,20,18,128
21423 31492 7 28,58,85,110,23
11994 26473 6 48,34,61,59,51,21,17
9051 7580 6 48,53,108,138,63,8,114,60
42707 16438 7 110,49,52,52,58,17,179,57
14204 6788 7 129,20,38,82,49
4191 1390 7 58,34,49,48,48,27,181
21806 21737 5 91,185,49
14315 36445 7 106,74
29553 21964 7 106,117,30,48,182,101,69
5960 41401 5 169,81
9777 43771 5 9,119,115,7,34,41
45618 5362 5 49,53
4481 37934 7 77,50,104,18
20730 36274 6 185,113,118,20,118
37127 10126 6 59,59,10,22,31,132,83
31000 11778 6 24,109
22387 35487 7 129,103,67,178
8208 24878 6 65,111,50
27323 33477 6 47,49,83
10638 10118 5 103,57,47,29,179,58,50,58
21628 32029 6 82,109,49,60,49
15814 17617 5 24,156,15,132,83,185,47,30
39492 13722 7 12,29
36537 34462 5 103,82,21,50,119
44948 40501 7 63,114,20
40117 41040 7 53,87,110,100,143,35,25
4436 44529 5 53,211,91,55,61,162,80,30
21192 34802 7 179,17,50,178,19,83,138
20537 43240 7 162,30,19,61,58
13985 37703 5 20,63,139,48,61
45133 30626 6 30,106,10,104,20,89,109,83
8992 23575 5 113,111,27,15,64
45368 24868 5 149,91,133,109,185,181,66
24156 1215 5 63,54
17267 24811 7 109,58,50
44853 39265 7 52,81,104,120,70,45,221,23
31678 28057 6 33,141
14498 12705 7 185,178,53,19,19,129,82
41791 19350 5 185,185,101
15578 13738 7 43,55,50
14825 12429 5 119,115,177,18,7,116
14207 18818 6 128,8,103,119,131
26816 6725 5 115,42,19,150,59
41970 12850 6 85,12
21801 38598 5 19,62,53,43
16243 15702 6 149,31,107,87,129
2674 6926 5 62,46,109,87
23162 13099 6 100,18
27327 783 5 90,185,64
3626 27129 7 60,59,130,83
20071 32524 6 120,19,135,35
23068 34704 6 83,48,142,181
20336 41200 5 61,54,189,91,130,44,184,82
44295 3240 7 144,111
29682 14446 6 65,118,83,46,51,67,117,49
34544 17256 7 113,58,20,45
20307 39490 5 85,162,152,107,185,182,142,67
39405 31969 6 162,61,182,63,38,65,114,12
42541 44102 7 119,185,79,14,33,185,181
8718 3285 5 33,163
19349 34163 5 45,85,130,59
8233 22928 5 14,49,179,182,85
4321 26495 7 49,56,41,65,102,58,120
34569 12630 6 24,17,61,109
43728 41114 6 46,130
29087 21812 6 46,51,41,154,184,128,110
1439 20215 7 41,82,113
8477 7881 5 60,15,46,40,130,156
32010 8884 6 59,136
9359 34302 7 49,64
33063 36584 6 58,34,46,60,84,118
32168 17931 6 15,62,63,97,59,179,56
4689 2885 7 21,149,146,19,118,44,129
4737 22346 5 8,24,118,54,162,129,63
23386 20077 5 21,62,45,21,48,111
23457 37516 5 61,19
45086 3249 5 41,201,149,49,120
23878 3089 7 143,20,18,91,83
12039 42376 6 102,69,18,104,112,117
22118 2640 6 61,194,146,48,54,69,134,117
37846 38619 5 15,144
18815 21167 6 61,128,83,28
800 24425 7 24,101,145,60
14106 12567 7 162,10,25,201,135,111,107,162
13664 6790 5 48,62,7,21,19,69,169
24159 2762 7 55,48,31,79,83,178
37792 30029 6 194,144,68,108,105,181
43010 18495 6 49,149,63,60
19961 33102 6 131,91,21
23758 9980 6 64,85,48,163,102,110,114
13033 36245 5 183,103,32,36,179,185,14
10943 23959 5 82,48,163
9549 32721 6 112,152,107,67,53,140,18
43502 14425 7 48,99,49,85,28,58
12501 47 5 46,65,20,107,47,85,15,133
6183 12568 5 120,103,130,17,48,9
14135 32202 6 34,56,163,26,20,22,62
20142 7890 5 28,185
31820 18067 6 143,181,131,47,82
45807 40729 5 112,85,200,163,163,194
11859 14852 5 39,91,119
16290 1406 6 39,53,87,62,66,39,184
11061 19619 7 72,46,131,25,53,194,118,37
24578 24985 5 18,34,102
36288 43488 6 132,21,81,56,16,118,18
28389 16285 7 47,66,10,62,66,130,43
40837 20279 7 85,159,145,102,104
1077 36544 6 43,149,20,149,52
29381 9841 5 75,23,146,61,204,119,64
29137 3290 6 83,85,130
26813 34708 6 116,146
1784 30464 5 24,158,14,185,169,45,103
1092 38894 6 68,16
1494 41424 5 101,129
37701 20254 6 69,95,119,185,119
41237 1982 6 115,46,28,90,185,21,178
42800 35756 6 83,65,179,104,144
42050 37847 7 143,36,46,53
21927 28752 7 146,43
16546 31376 5 65,7,149,152,39,58,109,103
20901 15478 7 182,51,37,81,194,108,19,48
8937 1738 7 83,24
38168 6948 5 16,20,130,61,45,156
4531 35707 6 134,68,59,151,12
11477 19671 6 48,62
20520 25725 7 39,161,82,53,185,46
23222 19795 7 48,106,117,130,146
21054 16338 7 48,145,112,194,119,127
33148 23860 6 111,101,23,81,19,104,160,78
7783 38 5 115,60,51
43290 40461 7 95,33,7,181,82,163
17531 613 6 119,55,113,65,21
41094 21395 5 91,132,84,181,50,28
1244 35158 6 216,18,68
23311 14868 7 151,55,129
31859 38184 5 114,91,68
6158 25437 5 54,58
12724 6184 7 104,22,131,127,54
11013 44464 5 18,55
6857 19786 7 41,152,46,15,16
413 39991 7 63,104,10,129
10078 35159 5 56,211
10024 21515 6 149,58,16,62,184,9,83,9
1452 5369 5 46,66,146,179,179,185,30,156
7995 42285 7 132,169,33,143
10642 44574 6 141,20,69,58
43489 25794 5 36,81,58,20,58,23
24755 12222 7 110,69
40023 16226 7 57,49,53,102,131,163,114,104
21092 15720 5 102,47,185,98,163
12492 11913 5 156,56,62,36
19712 19602 5 82,15
28642 45457 5 80,114,37,16,18,37
42362 17803 7 10,162,48,143,22,40,131
12672 27106 6 48,37
38616 39028 5 39,54,41,185
6701 248 5 57,194,24,120,40
5109 3125 5 65,22,8,114
1723 34755 7 52,179,117,10,63,58
14542 33727 7 113,63,48,8,43,128,16,182
1643 41714 7 49,35,128
42803 35752 5 59,65,185,178,115,7,79,54
1571 40469 6 48,28,8,44
38189 13047 6 178,139,58,118,31,15,31
3681 15491 6 23,185,64,61,62,49,105
26676 21437 6 114,116,19,56
26790 77 7 95,140,81,185,58
19145 31105 5 59,128
32561 13993 6 184,41,96
40500 16125 7 43,17,15
31506 17898 6 28,16
41553 27420 7 107,21,49,20
4101 28716 5 36,59,17,30
24366 22292 7 112,145,55,85,185,116
7202 15353 7 178,64,62
19999 14579 5 102,135,44,65,56
11256 43986 7 42,117,119
28590 1418 7 108,65,54,118,38,184,83
40196 42182 6 131,163,108,115
23339 4370 5 110,94,52,156
10984 38653 6 106,61,18,60,61,109,136
16403 45035 7 60,63
26896 30063 5 20,184,128,69,19,117,21,69
11289 35569 6 54,103,43,84,135,104,104,17
8794 37307 7 119,67,82,57
33962 22060 7 29,55,49,116,141,163
16881 30789 7 63,61,78,105,65,104,130,119
24106 39807 6 129,120,67,21
17492 5322 5 51,185
7202 12650 6 21,81,83
21836 33438 7 49,71,130
32554 34079 5 57,182,44
43519 30956 6 117,49,143,83,25
33391 23606 7 132,41
36239 43280 7 56,83,146,129
21754 13645 7 136,69,132,83
33761 637 5 106,101,30,182,64,111,41
19758 39198 5 16,50,54,182,7,22
327 37156 6 169,26,118,51,21,53,83
43511 1822 7 158,63,61
4934 41024 6 42,116,148
31977 11986 7 80,48,21,61,85
44439 43702 7 109,45,49
27454 35342 5 37,39,66
6011 1524 6 60,42,116,60,112,32,163
24007 4928 7 102,130
22447 27613 7 119,31,63,23,48,133,87,18
44418 2597 7 104,103,181,139,149,38,14,194
1485 5695 5 114,21,149,138,78
324 20365 7 48,44,146,169,110
73 3515 5 23,103,26
4206 31500 5 83,33,84,19,81,131
38344 45090 6 129,185,68,160,9,62
26865 38323 6 84,72,130,49
36559 9916 5 133,111,136,111,53,54,49
18863 27820 7 105,8
45523 40042 7 45,100,47,129,21
34453 13867 7 52,53
32721 21665 6 48,114,132,85,103,24
32620 6631 6 33,44,83,109,46,177
45351 11230 7 49,102,104,15,43,30,162
37762 957 6 60,179,175,182,184,169,69
17789 970 5 21,66,51
6936 25086 5 49,119,46,59,17
15932 29506 7 156,28,20,120,37,108,49
20780 37400 5 87,108,194
36681 25657 6 134,83,53,28,19,104
8827 39605 7 115,87,18
9218 44570 7 17,22,119,200,141
5273 21060 7 91,92,83,81,108
30796 2964 6 69,63,58,119
45698 35469 5 120,67,44,49,108,114
27250 32766 5 66,43,129
43564 15528 7 18,60
17137 6148 7 163,109,17,106
31282 25015 7 111,43,40,149,16,85,47,44
43091 4782 5 53,63,114,109,178
19063 31062 5 14,67,145,119,10,32,25,42
12259 4900 7 104,42,131,132,182,17,38
42816 40472 6 16,50,108,104
1508 44330 7 194,83,81
11699 13035 7 90,112
13951 32160 5 91,14,16
42514 21550 7 102,10,18
41871 8953 5 66,83
34191 45803 5 109,120,44,54,169,119,62
1957 36488 7 18,118,53,63,65,67,7,156
820 16856 6 20,51,55,69,129,52,129
39256 32526 6 30,7,132,62,101
31279 12953 7 101,7,69,63,109,149
27162 2304 6 40,120,179
24797 11098 5 130,53
14144 23745 7 179,129,113,22,141,16,103
3789 16443 6 21,8,163,40,184,39
43454 17292 7 131,131
5746 25758 5 85,40,148,69
12891 35850 5 63,57,29,21
2568 34461 7 102,87,102,60,17
20124 5341 6 44,40,192,104
15580 20421 5 184,21
10440 44899 7 50,57
22066 33874 7 69,63,80,59
15721 38564 7 181,146,107,136,17,160
31742 21876 7 62,37,15
22280 12202 6 185,119,20,59,222,50,120,31
4149 40345 7 56,30,49,19,81,182
39630 2951 5 129,138,24,65,22,59,48,56
15526 8063 5 29,9
13779 24796 7 133,53,120,40,132,18,62,62
28531 41036 6 44,38,114,69,60
15081 18769 7 45,64,144
22716 30513 6 95,169
43328 6500 7 140,119,103,104,58
34346 6307 5 15,53,77,102,19,182
26247 30601 7 135,42,109,114,65,91,108,139
38638 26663 5 103,19,114,84,25
37231 36801 7 22,117,28,83,40,99,160,102
39537 21542 7 24,48,68,26,131,183,83
4066 10582 6 144,83,53,128,161,52,65
44623 7994 7 108,19,41,53,16,145
13796 22416 5 47,78,137,63
24451 38947 6 42,151,52,109,48
16328 27003 6 169,119
11502 8762 7 112,97,8,64,35,48,116,117
14455 23772 7 102,30,18,149,28,194,82
43729 32530 5 115,120
15195 8688 5 69,50,19,45,141,36
2614 36937 7 81,104,82,62
26537 1613 7 91,163,96,22,87,56
30233 2955 7 132,185,79,28
10617 42909 5 40,169,24,18,60,18,65,45
481 3787 5 194,113,82,185,49,129,57
10562 19261 6 130,163
6753 43452 5 169,120,136,130
2020 40865 7 15,10
40219 24683 7 61,63,209
38115 35603 7 50,103
966 26258 6 33,181,116
5543 25422 5 51,52,20,85,61
37298 21146 5 61,184,65,62,141,61,67,39
36723 7034 6 138,30,110,82,7,52,178
23839 44786 6 185,58
27374 939 6 10,185,58
13234 44988 6 52,103,109,110,28,61,42,21
4690 9790 6 80,53,33,18,132,91,58
20127 23924 7 84,163,76,21
6128 35495 7 51,37,178,113,22,58,45
27288 42346 5 148,43,20
38985 10529 5 182,53,112,7,83,103,65
24326 31185 7 41,162,19
8232 20391 7 134,183,109,10,182,18,12,106
38156 44710 6 133,116,58
30295 22056 7 35,30,58,28,47,194,32
32944 11843 5 131,83,156,35,33,60,83
11404 41007 5 61,84,31,61,85
15748 875 7 111,79,184,194,141,102
25074 11545 7 14,85,51,47,120,41,19,131
7865 20802 5 60,19,17,23,49
1584 30596 7 18,40
35493 36495 6 116,35,177,69
871 30020 6 52,23,59,81,163,141,118,32
22971 40593 6 91,111,53,20,131,106,181,81
20642 39468 5 40,43,55,56,82,158,81,116
24159 15740 7 115,24,19,51,103,56,63
29029 39811 5 45,112,119,105,28,146,60,102
37156 37658 7 84,204,209,108,17,63,106
38078 19555 7 119,185,83,82
7878 28777 7 119,34,33,128,107,36,46,113
39942 12452 7 85,81
21312 32609 7 68,120,111,39,144
18986 16074 5 181,29,142,62
39347 33925 5 119,194,21
2629 13014 6 49,55,21,33
5852 4733 6 109,129,10
27359 27438 5 130,35,60,29,40,132
24238 34249 7 66,56,48
1751 2356 6 185,51,183,20
39685 931 5 25,81,63,83,98,116
2868 24560 6 58,142,115,119,10,60
8195 15504 6 119,25,85,117
30608 43169 5 43,58,91,8,64
44923 44965 6 10,108,12,129,69,18,42,162
29170 29589 6 22,100,83,216,130,62,107,60
45740 27822 5 68,44,60,53,53,43,49
7464 7332 7 20,36,43,43,182
42498 17841 5 107,12,91,20,62,66,45,10
30835 38087 7 30,185,15,87,59
27547 30381 5 62,68
29883 9170 6 133,30,7,166,104,40
20946 22042 6 161,60,58
36604 34983 6 53,15,87,40,146,194,14
22845 43814 5 120,51,36,103,18
40398 43333 6 10,192
11457 23391 5 63,26,79
45123 16707 5 83,130,37,12,57,57,19
6265 34771 7 7,47
38034 7748 5 48,63,63,142,23,82
40843 13906 6 100,102,153
24995 41706 5 61,132,77,84,68,48
33327 602 7 53,104
40548 38359 5 40,18
40181 15106 6 134,58,7
41923 38922 5 60,61,155
33191 12385 7 109,61,159,178,62,60
6786 280 6 66,106
37829 44068 7 35,85
40332 41719 5 104,66,185,87,50
35504 13858 5 30,132,58,83,130,67,64
11622 26030 6 37,69,17,50,67,107,46
12451 784 5 144,117,43,120,51,84
31979 8950 5 56,104,111,18,48
28634 24472 5 108,136,119,156,162
15944 18913 5 105,48,87,12,84,111,136
7937 20600 5 185,35,37,162,21,23,80
45160 37365 7 91,113,21,140,110
24359 2507 7 114,107
34110 12283 5 41,36,53,101,60,184,129,23
5610 36037 5 49,43,130
3958 37356 5 146,185,146,51,136,112,65,46
1224 3844 5 82,181
10719 6250 7 138,129
6817 11489 7 17,119,130,67
38538 21951 7 17,120,16
1944 26797 5 102,65,62,194
3608 11104 7 18,80,83,69,49,102,143,20
38243 4152 6 51,185,105,91,111,49
25687 30546 5 35,79,35,178
7465 35428 6 19,66,111,129
41110 18362 7 19,83,60,63,104,134
20797 15589 7 119,60,110,48,16
27502 32065 6 149,129,200,48,19,128,46
39313 11610 7 58,56,10,10
37126 19246 6 19,104,211,45,44,17,56
1280 3257 7 83,60,195,163
9644 10949 5 24,15,20,117,120,65
24117 43003 6 20,62,61,33,169
22625 5571 5 27,36,53
20866 10369 7 191,63,18,30,82,114,141,82
39595 18712 7 20,185,65,179,66,65
17866 16501 5 149,44,169
2405 38593 6 21,194,110,185,119
11704 45297 5 104,9,40,19,41,68
30701 32020 7 81,81
33365 1513 6 131,17,63,14,104,47,52,132
17903 39769 6 143,43,20,83,15,105
34146 30384 7 109,84,43,58,20
959 42362 7 37,209,148,48,185,169,178
39530 16814 5 58,15
34037 24412 6 131,52,49
24563 4901 7 184,185,20,95,30,24,140
42589 40692 6 104,163
11283 34855 7 132,132,53,110,64
43832 18440 7 181,19,54,101
21356 10644 5 194,110,119,28,19,177
28385 30388 5 60,31,24,35,83
23526 41501 5 83,63,83,49,48,91,65
15941 35288 6 102,163,179,113,15
45375 15833 5 39,136,55
44431 35086 5 194,12,111,58,57,200,24,46
28530 35885 6 81,63,63
14511 30125 5 184,105,142,135,195,22,100,68
31264 39041 5 17,76,19,64,52,21,15,20
5649 15449 5 59,99,14,42,129
38941 42858 5 13,57,129,55,24,109
11394 3692 5 130,149,108,52,55,107,67,33
1362 23019 5 34,11,64
2443 18960 7 26,61,134,29,8,21,63
12183 19549 6 24,112
32692 28264 6 10,185,10,119,53,77
1845 29822 6 130,119,59,52,116,107,45,81
6902 2735 5 129,83,35,47,114,102,82,17
45773 17844 5 30,24,41,25,39,45,53
35251 17324 6 19,129,80,62,30,24
21958 20868 6 59,38,209
10046 15081 5 7,117
19796 44409 5 114,63,179,194,82,135
25493 4405 6 47,117,43,19,18
31846 37402 6 18,112,8,44,58,21
5352 14545 6 129,85,80
39970 27260 6 19,114,65,110,58,58,100
36781 42451 7 194,178,116,119
43552 27580 6 54,49,37,145,107
18834 42991 6 169,29,145,10
8395 28806 6 119,60
7278 12724 5 91,60,104,10,68,84,131
424 42937 6 65,63,156,63,118,20
8458 2508 6 25,53,102,144,47
7743 24875 7 54,65,91,55
22541 37270 6 12,132,91
7804 6285 5 183,119,181,110,12
4170 45226 5 38,47
15144 6970 7 19,56,48
14724 12667 5 104,53
22122 41000 5 78,104,47,59
37608 39648 7 110,53,61,59,30,77
31860 13030 7 129,85,56,129,115,67,85
35112 23307 6 117,87,19,138,112
31304 29341 6 10,58,145,136,54,23,20
28730 42683 5 119,57
35320 38991 7 76,163,178,63,136,18
34303 28139 6 21,108,109,59,112,87
41388 9726 7 81,120,18,195,111,39,81
611 31669 7 38,136,69,177,61,61,83
11145 20914 6 18,28,181,18,25,58,179
8370 14873 6 10,46
19407 25583 7 146,14,47,130,84,40,120,119
8945 13251 5 50,8,35,106,162,39
3870 27157 5 66,19,119,22,83,34
30234 20707 5 12,119,34,63,42,54,60,20
42553 32204 6 50,65,163,18
1348 30571 5 104,128,15,54
4977 22222 5 85,115
10608 3727 5 21,140,46
43479 12180 7 143,18,19
38265 34781 7 48,9,21,40,24,10,16,119
19170 20635 6 37,83,65,91,60,129,140
21552 21910 6 185,61
32875 33342 5 177,110,128,20,54,163,25,51
20970 41142 6 51,61,181,16,55,44,53,145
40043 37104 7 131,126
2385 7467 6 69,19
17177 36470 7 56,194,221,91,104,114,37,50
2995 32108 7 63,120,48,194,179,146
2055 5695 6 60,48,52,118,120,22,160,100
43182 2630 5 14,45,44
30406 38909 7 64,91,44,45,14,119
44946 41384 7 69,129,36,47,87,101,30,83
3747 44080 5 119,116,179
7488 32058 5 104,194,42,53,109,120
7527 40241 6 91,66,9,37,81,136
339 44322 6 36,62,38,60,182,111
37405 26340 5 104,195,185,23,37
21732 38822 5 30,59,23,39
8421 18631 6 115,81,130
37457 14679 6 28,65,37,129
41676 30907 7 183,83,19,37,104,128,40
11843 2226 7 103,81,15,104,83
15501 7255 5 101,62,41,59
17374 27988 7 50,182,106,119
37135 1346 5 18,111,33,119,33,53,112,19
17145 9466 5 100,10,80,185,83,179,185
39898 21998 6 12,49,130,115
42069 11826 6 110,46,83
36903 30015 5 59,128,132,63,135,20,105,137
22568 4224 5 182,79
42123 18108 6 65,37,102,91,8
9628 16535 6 129,14,18
26909 20545 6 60,20,33,105,54,56
32889 846 5 145,38,58,102
13271 41612 7 55,48,54
4485 22842 5 93,69,19,120,46,49,29,53
21346 33692 5 111,182,134,38,48,117
37757 30550 7 185,83,59,65,12
9957 4933 5 181,131,156,17,47,42,22,84
43391 44190 5 108,136,162,182,59,46
37591 4048 5 105,82,101,114,46,117,44
15109 26417 6 19,114,35,119,108,118
10896 43986 7 159,35,129,91,118,61,149,29
1599 8672 5 83,83,19,98,59,116,45
31097 38653 7 17,142,119,119,129,42,50,65
15253 23701 6 185,46,14,83,20,117,102,45
2125 21257 5 29,24
23921 15608 7 83,103,66,30,49,46,103
21477 17384 6 57,183,81
35600 28308 6 63,67,178,163,104,127,15
27642 28301 5 102,69,129,115,181,116,39,49
43400 34823 5 68,48,95,68,19,179,101
41318 35368 6 28,108,116
40943 45560 7 47,141
20243 13906 6 53,182,81,160,81
17040 40104 7 52,178,55,14,21
13002 34789 6 58,84,53,135,119,23,41,9
8219 3475 6 7,43,39,18
11771 43340 6 50,50,19,9,62,104,44
37368 21197 5 149,104,110
42912 13786 6 56,57,27,118,51,185,83,50
29398 33506 7 152,203,43,35,52,47,40
10885 36495 7 194,104,17,33,52,59,63,136
23734 43177 6 35,61,111,163,181
23175 34339 6 130,16,65
41808 14752 6 104,53,32,137,74,96,68
27037 10624 7 112,131
31120 40214 5 183,21,130,18
18076 24939 6 169,52,65,65,185
42835 22607 6 9,10
14435 24663 7 60,34,56,131,18,61,169
24443 16267 7 40,216
342 28649 7 82,17
7177 27525 5 85,58
11364 23545 7 133,104,16
4206 3731 5 152,130,185,140,18,17,114,103
1308 4382 6 112,19,51,29,38,22,120,194
21175 11922 5 194,38,62,49,42
34243 7904 7 48,45,18
25482 22953 6 55,129,33
28401 45757 6 8,109,39,131
8453 33975 5 8,65,20,10,62,179,21
9794 20684 7 22,64,20,128,53,60,162
34815 6808 5 66,108,130,182,48,17,33,25
14512 27641 5 46,21,15,58,104
3910 29884 7 63,128,131,179,96,31,63,17
8887 26424 7 49,32,128
2866 39583 6 32,156,32,34,84
23654 25544 6 81,45,57,45,43
44968 8519 7 19,184,184,119
12738 41381 5 59,87,49,28,129,133,18
16978 27760 7 128,69,45,181
39631 41848 5 49,104,48,102,39,151,129
43765 3688 5 109,61,67,131,163
38965 1685 7 185,216,41,200,130
16655 1991 7 22,104,9,17,58,18,38,33
18905 43439 7 142,48,185,50
6124 36753 5 100,162,15,14,19,22,167
1235 30981 6 105,129,22,178,20,35,58,85
16013 5688 6 8,26,162,119,22,42
10212 45615 6 178,144,65,102
25709 2575 6 136,30,132,178,18
39614 16771 6 53,45,83,132,31
9399 41929 6 63,28,177,87
13331 18461 5 53,136,8,49,119,132,182,60
31821 1194 6 96,28,68,46,57,84
6485 16638 6 20,62,20
30830 19592 6 10,134,216,201,112,52,15
30528 42831 6 36,109,15,118,32,178,16,85
17930 12913 7 55,91
35878 16239 6 178,119
31910 7081 5 29,87,49
41540 40102 5 64,129,119,115,179,103,82,14
4416 7212 6 111,169,19
24745 10189 5 181,50,112,15,17,209,135
1445 45336 5 63,22,142,179,163,40,112,36
33101 21938 5 82,108
15392 41722 6 120,104,61,48
45524 14118 6 185,101,110,201,7
25726 44930 5 132,28,85,104,21,194,60,39
19914 1021 6 127,60,85,111,48,12,132
28356 23277 7 58,62
44696 16711 5 192,99,87,63,142,19,61
3321 25448 7 211,28,50,60,91,12
23704 8472 5 42,44,194,163,85,19
26139 30765 7 103,106,61,19
18922 25998 7 37,42,104,103
4858 16505 7 33,62,145,20,102,16
40104 36012 5 61,136
32178 37851 7 21,97,200,106,26
35722 172 7 74,24,118,81,114,129,19,64
2957 25076 6 26,49,61,162,58,79,108
19910 27032 6 12,127
23247 25947 6 41,29
3869 8658 7 8,18,83
5755 10037 6 193,91,143,103,143,132,69,177
13955 39672 7 41,129,53,130,19,46
27046 12845 5 130,21,35
18720 18010 6 50,59,42,21,169,52
3579 16671 7 116,137,38,185,185,201
9221 7605 7 29,61
10316 16098 7 129,119,117,48,29
2086 31485 6 87,50,144,58
25142 27248 5 9,131,63,81
31248 22825 6 129,10,142,52,169,12
39428 32219 6 185,81,44,113,16,35,162
9282 40578 6 116,119,132,139,185,129,182
15740 8942 5 104,182,42,17,120
39693 37547 7 104,65,17,108,54,169
7872 1959 6 58,63
41780 22189 5 14,115,55,53,23,112
25812 36175 5 22,61,20
25655 19059 6 194,133
25397 16073 6 61,178,67,26,10,84,114,37
12267 42451 6 21,111
11323 11143 7 104,49
11577 23709 7 113,21,25,143,118,36,194
43721 12913 5 130,51
24927 39191 6 80,185,60,178,23
24299 13390 5 43,99,14
28577 15679 5 12,130,91,48,79,179,115,134
6200 43381 6 50,69,104,14
32945 3667 5 18,105,35,62,25,20
12534 35574 7 44,61,66
36231 31524 6 129,29,51,112
16044 9044 6 57,81,63,78,184,22,41
7788 16732 7 55,22,53,82,85
9250 32777 5 25,22
28569 40324 7 169,53,38,30
2255 464 7 84,19
12933 39727 6 156,130,169,76,31
23345 1581 6 61,29,81,40
12245 26534 6 63,82,63
28679 14922 5 15,57,136,136,132
34745 39374 6 84,18,91,24,58,128,110
36215 40469 7 141,69,20
29485 3073 5 163,87,37
8264 24972 6 129,129,42,37
40766 1883 6 129,9,140,93
21895 29307 6 156,48,178,182,194
2962 14193 7 51,108,85,25,194,61,182,212
36068 45179 7 10,49,104,49
6422 21367 6 58,42,14,42,129,30,20,53
23878 33472 5 85,58,87,117,105
43355 1071 7 83,83,185
26754 8751 6 15,96,141,118,101,53,48,58
3501 25658 6 48,8,19,10,152,64,166
14731 16658 7 9,30,185,82
12155 39855 6 14,182
34866 25947 7 64,32,67,42,45,20,48,105
22060 17253 5 136,28,178,66,129
9279 27133 5 169,46,115,120,20,56,129,142
23602 45670 6 156,81,54
22947 41758 6 53,129,41
40575 35498 7 67,47
32245 15249 6 37,41,104,30
37070 9146 6 109,103,129,142
24965 16179 6 84,17,103,18,182,10,18,84
2334 6980 7 20,103
41438 31221 7 136,58,182,64,113,43,66,149
40594 32796 6 46,9
8484 40007 7 119,7,184,63
28476 2619 7 131,151,143
11841 5881 7 48,9,91,40,84,7
31211 39816 6 83,85,87,130,222
24461 7135 6 10,19
14873 27623 7 116,54,63,91,57,49,180
21888 31659 5 25,38,34,49,45,21
5790 25989 5 35,85,16
40167 36826 6 112,184,21,104
44503 37963 5 120,34,58,81,67,132,61
20376 5882 5 135,50,40
15210 25840 5 181,156,18,178,152
9902 17890 7 59,21,47,81,156
37752 30213 5 83,63,179,108
15955 36703 5 56,177
10792 19446 5 116,87
30969 43596 5 57,156,44,23,131,47,142
13462 14316 6 111,103,146,106,114
29281 43507 6 117,23,26,109,103,49
8740 38680 6 35,118,84,160,132,104,22,55
45275 7302 7 28,49
18746 43297 6 85,178,9,41,58,85,101
6598 14970 7 108,177,58,185,90,91,9
21454 39503 7 58,129,20,59
34416 22092 5 119,47,34,19
31648 18358 5 104,95
38454 39714 7 21,69,111,163,39
20148 22792 5 10,104,131,136,179,102,104,129
44500 28172 6 19,60,50
12058 14731 7 25,120,109,156
14979 21643 7 185,10
42970 38317 6 65,10,16,61,144
36321 25508 7 58,182
40720 26583 7 156,84,59,45,194,129,185,156
2513 20650 6 38,152,103,53,83,55
20886 20345 7 49,58,61,117,43,48,115
4981 32291 7 66,21,216,111,30
2375 18858 5 81,108,162
37073 9901 5 26,58
35228 11336 6 154,117,130,109,61,33,120,58
6706 17454 7 68,28,28
41660 7675 6 194,26,83
18140 597 5 53,106,63,144,83,82
23039 3299 5 179,136,46
16782 42461 7 129,131,160,211,22,54,162
45174 34929 6 15,10,194
4479 6171 5 132,117,54,14,37,51,57
35641 18192 7 110,83,128,18,26,18,40,133
38561 5224 7 40,110,29,48,63
30722 33911 6 22,48,10
32823 7361 6 50,104,61,81
815 17628 7 41,113,49,29,110,56
22505 10704 6 41,119,119,84,57,48,20
28338 32678 5 49,59,111,46,103,36,102
30567 11864 5 85,103,20,58,183,56,113,45
21337 35213 7 136,46,68,182,79,108
14162 8359 7 63,80,129,27
27684 2315 6 54,52,120,21,44,91,101
8445 38466 7 119,67
14014 15598 5 138,33
35094 35662 6 16,129,85,141,34,18
11676 3461 5 182,107,51,20,59,63
5497 2086 7 104,58
39581 36739 6 69,156,37,39,113,85,82
21409 45001 6 62,111,59,91
263 22294 6 45,67,81,12,61
38180 41516 7 47,58,177
10822 41322 5 131,115,102,83,12,85,62
27630 13029 7 182,52
28141 43134 7 57,185
21317 16737 7 119,181,177,30,118,120,29
45033 2351 5 23,80,169
37809 16019 5 47,87,163,181,185
44153 25211 6 107,85,103
1633 26333 6 81,185,69,44,44,45,63
43469 6738 7 181,25,30,21,146
14965 13812 6 16,27
29167 3109 7 83,118,135,52,163,120
29797 43851 5 55,132,85,183,142,43,111,119
42746 32225 7 184,31
20065 30176 5 15,67
24673 32240 7 63,45,79,97,107,116,184,63
45112 23667 6 61,130
13552 5746 5 185,102,149
35957 30213 5 41,181,69,104,89,20,60,143
32434 19122 5 132,156,22,169,149
25401 13799 7 111,105,129
16675 8541 6 81,25,102,80,59,141,37,84
43813 38499 6 61,12,66,39,47,108,61
36915 44172 7 20,85,130,27,83
24129 45031 6 66,58,162,61,105,14,101
43326 32899 7 52,117
7135 608 5 129,31
1268 34713 6 20,49,62,10,10,60
27175 35170 5 61,67,129,18,39,117
31349 44429 6 105,87,108,177,116,169,50,106
26901 6171 5 179,10
39705 37618 5 60,67,21,156,58,182,147
21315 27597 6 16,66,16,56,59,146,135
6762 45698 6 67,17,135,185,91,24,43,191
36550 38609 5 17,120,30,129,10,53,44
42143 7795 5 66,142,114,60,16,57,27
38789 13110 7 112,32,38,119
19152 43664 6 119,53,41,64,191
24406 5399 5 21,156,185,66,194,25,146,12
14525 27597 6 62,50
16485 13353 6 83,23,61,129
38669 6376 7 115,152,63,84,49,10,185
16438 20341 7 130,84,177,82,142,185,133
29111 45695 6 103,139,49,163,130,129,112
38320 12623 6 182,113,60,46,60,59
30436 24036 6 28,66
502 18043 7 28,47,82,40
45074 11982 7 45,141,20,156,19,52,23
12740 32884 6 113,53,134,45,8
26737 35356 5 185,120,49,53,163,111,142,33
14224 15806 5 142,49,83,83
4365 35942 7 85,46,4,162,27,85,62
43660 24396 6 69,41,34,87,160,83,82
3012 28927 7 179,64,41,40,184,16
161 6952 7 8,131,46,136,184,30
11543 44363 5 26,64,58,135
6169 14125 7 61,64
23069 7382 6 119,60
36509 21883 7 59,110,25,58,120,39
31644 22708 7 20,115,131,136,83
31388 40478 5 116,49,102
34218 7705 5 114,96,129,104,154,194
6771 22288 6 40,183,21,117,131
21711 12691 7 27,182,43
23776 8446 5 211,59,152,49,49,146,39
30504 42754 5 91,58,61,69
3614 564 6 52,50,66,48,24,139,114
32083 21654 7 40,66,80,58,104
35793 3084 7 132,69,39,41
11899 15778 6 58,46,46,47
5280 45157 6 32,142,103,8
20028 2822 6 129,38,27,18,41,42,26
44537 21724 7 152,50,49,146
12156 8968 5 45,65,44,63
34829 45281 5 158,49,184,32
5085 642 5 132,61,19,117,182
26378 3225 7 112,35,83,119,92,50
3927 37295 7 167,20,54,7,47,109,18
40274 18651 5 62,16,41,105,102,104
3110 30497 6 36,194,49,83,132,100
29788 26514 6 44,61,83,143,60
27067 14590 7 18,130,34,40,12,12
33651 27793 6 52,141,20,51
12823 25091 7 117,31,10,64,54,27
28119 37404 6 62,112,18
13944 21775 5 131,18,178,18,61
25898 15606 5 20,31,178,58
28974 42476 7 178,106,108,53
28317 37338 6 66,146
19599 32719 7 48,40,67,120
40905 42295 6 10,114,45,141,108,56,102,77
2798 1838 7 107,135,136
23767 44511 7 45,82,185,129,84,52,60,34
11517 24898 7 211,135,145
37991 31658 6 101,58,59,91,103,18
42149 31781 5 60,39,156,105,48,17,169,51
37638 6105 5 136,44
19294 41047 5 58,185,179,83,54
962 15719 5 131,120
16092 5198 5 49,181,49,21,66,102
13476 30323 6 106,63,78,62,130,182,32,119
22742 2829 7 80,10,32,12,19,130,63
41791 37430 6 48,108
24018 18018 6 51,130,46,104,130,44,96
8522 14274 6 136,12,25,63,185,38,18,222
32894 13703 5 67,57,22
32994 4068 5 56,129,33,185,146
36290 20366 6 114,58,182,163,8,194
16851 16911 6 149,66,59,104
8417 22261 5 29,39,9,34,23,108,91,142
686 41683 6 185,104,113,82,104
29039 14317 5 109,21,65,20,103,127
4458 11360 6 66,104,60,43,38,91,60
43070 28863 6 185,34,24,118,200,134,104
3936 41320 6 108,55,179,33,10
20145 42533 5 179,169,185,79,36,156,29
2334 2380 7 182,156,57,132
38948 35661 6 120,81
26504 24959 5 45,163,96,40,82,182,101
28515 4351 7 104,44,49,35,63,9,119
40 8213 6 10,114,79
21757 38606 6 22,182,104,44
9884 11311 5 59,25,64,131,30,116,63,62
10553 17273 6 18,83,14,142,179
42842 21801 7 68,22,58,103,152,83
38485 28631 6 19,118,21,25,20
32094 40226 6 49,63,183,19,64,20
21052 39699 5 19,35,34
408 35456 6 182,33,63,105,61,49,47,30
6078 10156 6 91,129,43,47,48
23626 22288 6 69,112,81
25591 30885 7 69,118
43778 16715 6 27,29,56,32
247 39846 6 54,19
14742 15224 7 34,194,120,112
7695 31548 6 53,52,132,132,83,49,82,22
40373 24366 6 45,7,51,49,10,21,179
38714 39213 5 146,185,111,142,102,100
20595 13215 5 178,61,50,59,26,102,33
21288 45531 5 91,19,162,61,68,185
38909 32226 7 79,184,49,37,146,129
28218 35660 6 31,60,169
27542 26894 7 68,109,67
38422 23403 7 80,163,64
1251 22370 6 101,17,38,66,87,185,185,133
28331 34854 7 136,33
15229 5828 6 63,163,49,19,134,110,185,181
12375 14731 5 31,47
4331 13412 5 143,69,110,101,40,7
10214 44423 5 184,18,53,119
334 35472 5 58,136,29,114
1371 13148 7 110,21,53,24
38761 783 7 47,119,185,108,85,29
16740 17950 5 41,63,80,60,100,130,104,110
35967 29102 7 30,178,194
7649 30552 7 185,163,103,20,52,28,80
17418 15334 5 80,104,104,66
45704 27639 7 113,52,156
23845 42716 5 47,59,58,185,80,114,169
24383 7198 7 51,178
9359 37809 5 38,57,104,111
16297 43986 7 49,169,153,49,64
20509 24205 7 130,185,87,44,53,87
43494 41887 5 82,108,56,42
4632 26103 7 15,21,177,25,103,54,120,24
45169 28274 6 34,32,10,116,79,119,49,131
29635 13526 5 47,21
36633 25228 6 115,19,22,20,19,112,185
25281 32065 6 110,163,38,61,65
296 486 5 47,45,182,62,169,66,10
22981 39689 6 129,102,56,21
36814 7916 5 114,40,132,163,7
45184 35935 7 141,68
7873 2050 5 76,211,185,19,34,119
21345 23415 7 116,177
35707 39956 7 10,130,136,53,129,20
22625 30321 7 143,104,19,204,109,163,17,184
39423 17729 5 129,38,100,21,181,142
9385 1985 7 45,126,58,58,102,85,65,163
25579 37171 5 109,23,67,49,119,108,105
1417 13759 5 118,129,179,132,40,55
12545 4366 6 85,66,141,136
38822 14398 7 48,8,160,104,14
13341 44563 7 185,102,69
27183 32034 7 129,45,185,109,84,61,37
845 16426 5 146,112,19,38,69
33526 8273 5 84,48,49,65
10923 19756 5 29,143
26858 44017 5 140,17,50,28,60
26122 17413 7 184,79,85,130,158
31345 15603 5 83,81,183,119
34652 44147 5 50,149,87
18706 14231 7 158,20,142,30,69,160
36349 28680 5 103,41,53
15653 29967 5 20,35,40,35
2906 36737 7 141,117,15,60,56,149,178
19088 43840 6 128,38,22,40,62,84
36919 32288 7 64,117,49,33,156,183,54,111
38299 45116 7 13,57
16244 26015 5 29,20,48,177,49,24
11101 16990 5 163,135,46,65,177,117
41152 23537 5 19,39,24,178,104,155,49
7831 45106 7 22,33
28763 37308 6 53,24,169
24126 16119 6 21,7,110,84,182,83,85
41805 28048 5 185,24,81,119
8342 10802 6 56,59,48,41,113
12275 1071 5 83,19,49,84,22,45,110,10
18539 15653 7 65,104,17,53,35,101,109
35196 16238 7 48,9,36,48
21523 40588 5 40,114,62,29
18008 23009 6 37,132,69
43257 5938 5 185,16,112,64,113
10473 22568 7 48,44,25,56
952 23023 5 45,82
6250 42647 6 109,58,14,54,178,119
17661 44385 7 10,119,141,61
2966 14094 5 184,21,58,58,30
42274 8079 5 117,48,83,118,37,108
12423 16083 7 48,62,160,42,23,43
20582 21293 6 118,21
14847 21550 5 145,160,49,152,51,67
14406 40260 5 31,141,113,87,55,106
30650 2577 5 114,53
35433 30181 6 185,106,61,20,83
31958 19554 6 163,63,163,49,88,108,19,85
2995 38996 6 38,17,82,133,133,119
40929 39786 7 119,52,20,46,163,169
38081 44347 7 49,84,9,64,18,58
3474 40248 7 54,22,117,104,56,65
26284 3952 6 55,61,49,64,83,76,20
22920 31255 7 107,60,115,213,17,58
31656 26065 7 66,18,32,26,40,32
36815 31571 7 112,104,53,49,48,10
34014 1861 7 7,104
19434 8566 5 43,84,106,55,107
14389 17687 6 21,87,16,50,87,39,49,60
17670 12238 7 19,118,185,144,29
7382 8412 7 15,179,56,50,104,80,87
4864 15434 7 57,140,15,119,104
12828 3853 7 116,8,83,25,58,16,85,161
34536 25303 5 62,120,107,58,160,21,179
11029 996 6 24,19,104,49,101,25,129,84
15399 11803 6 181,28,73,141,83,58
41487 37784 5 69,63,178,31,118,65
9762 19842 7 85,129,152,12
18867 13660 5 34,162,51,45
43428 35812 6 117,149,178,91,62,129,55
23786 20258 7 109,144,119,142,30
24879 23327 6 102,31,60,49,9,67,24
27438 32614 5 84,19,63,55,64,119,85,149
24349 41700 7 45,107,58,145,58
33305 22487 6 46,119,114,47
39118 16700 6 116,17,20,46
8126 12900 7 7,56,67,119,146,194,67,84
19026 36544 5 54,28,16,185,49
13546 45342 6 62,83,63,163,108,9,78,145
19082 36542 6 139,63,48,66,57,19
14780 12079 6 10,69,193,10,41
7781 11973 7 91,8,8,112
20554 27550 6 135,39,58,61,31,129,109,149
9701 14965 6 185,114,91,68
19371 32593 7 48,53,29,142
25146 12155 5 185,214
17578 27884 7 119,105
16338 6371 5 194,119,211,32,20,85,39
21075 17077 7 118,184,119,163,62
31400 37288 7 21,15
30300 45202 5 47,33,106,63,26,149
33127 40707 5 103,194,62,28,185,65,216
37658 17174 6 149,20,102,9,18,65
36843 36775 7 16,108,21,21,184,114,54
6695 18568 5 118,48,184,102,129
4328 17151 6 46,15,145,18,16,7,69,115
5189 34481 7 30,63
12870 36092 7 135,81,67,8
11935 45692 5 62,83
14315 11890 5 179,24,81
26219 20678 6 28,83,114,103,179,33,66,41
6147 39121 6 68,21,31
16528 38325 6 87,54,158,102,63,37,211
19996 5151 7 106,19,82,146,84,102,23
25014 36913 6 19,14,71,182,58,102,108,48
36554 32025 5 68,145,105,103
31052 13464 5 65,119,28
6989 33203 5 62,35,44,14,47,61,120
7368 37253 7 178,60,36,25,10
45585 9372 6 48,49,120,12,69,107,30
27399 44935 6 19,85,142,20,27,87
35165 35519 6 67,95
34587 45357 5 142,44,129,57,109,22,160
41633 45672 5 69,120
23960 21043 5 195,34,57,194,146,63
28352 26173 7 184,111,185,83,53,80,83
7289 20257 5 42,79,96,136
9248 30149 7 79,129,184,54,51,156
6600 15611 5 52,66,85,185,119,8,57
6844 9269 6 56,129,101,42
33539 43368 6 84,17,20
21343 17630 5 48,119,28,209,38,29
41880 7051 5 59,162,10,54,23,54,60
33759 6382 6 39,114,61
26380 601 5 80,178,119,48,61,194,129
21997 39652 7 78,10,103,22
23156 5899 7 107,182,34,91,135
32727 37183 7 208,10,102
1016 178 7 11,49
11766 30931 5 41,81,185,47,30
1359 27062 5 28,85,16,82,60,194
13715 2420 7 100,19,104,104,58
3210 6254 7 47,52,36
11560 16733 5 130,21,120,101,63,111,182
19737 14351 7 162,49,48,63,144,44,14,144
40000 12583 5 105,144,58,184,84
7193 41154 5 178,178
34626 18369 7 48,53,111,39,59,163,10
32882 35565 5 24,136,87,21,110,73
37848 28901 6 45,104,14,19,19,166,102
6188 31031 6 158,59,118,77,54
27753 36005 5 18,87,38,50,80,119
19686 29100 7 15,54,156,58,51
44212 9083 7 117,49
40780 7286 7 126,38,21,87,116,101
15271 36463 7 118,29,152,183,78,21,116
9843 30998 5 181,47,36,61
18617 21806 6 130,85,53,105,9,129
22129 33048 5 108,144,102
5995 33939 5 28,102,100,105,149,66,143
13385 36601 6 110,49,18,110
45048 33954 6 25,37,118,145,73
31199 17358 6 178,112,58,102,20,181,58
21264 42608 7 143,118,32
16025 19425 6 57,67,48,117,85
38280 27430 6 48,133,149,87,95
1504 26608 7 22,85,81,30,16
23697 26942 6 46,29,143,21,48,185
29583 22342 7 194,83,62
12639 23200 7 49,62,45,18,167
12676 12569 5 152,24,38,117,49,81,104
6735 7162 7 20,10,111,47,129,41
2619 34718 6 114,82,49,100
14559 36570 6 183,10,62
7458 18713 5 58,42,50,119,48,83,152
15260 18357 6 149,184
1861 32478 5 84,133,42
1415 30211 5 61,156,114
13542 24977 5 110,104,82,163
23682 39601 7 185,107
9497 22098 5 39,64,63,21,116,100,128,104
17541 42738 5 36,129,73,41,65,117,27,84
38252 26954 7 61,48,120,85,53
4336 5170 6 120,46,184,169
41303 5787 6 21,83
10476 12381 7 45,119,108,87,69,21,85,41
24431 22565 7 129,66,10,83,156,87
19041 40818 7 185,56,104
39649 29858 5 152,79,27,184,55,118,169
32028 15284 6 59,49,40,96,25,114,63
20780 44165 6 16,96,50,156,8,177
19367 15225 5 152,62,62,28,63,9,53,62
648 10925 6 163,59,85,35,209,66,111,57
33724 6684 7 185,105,38,46,49,181,22
19320 19347 7 61,19,182,10
32520 3423 7 34,184,177,101
19894 3798 7 169,117,14,103
8291 9776 6 110,194,27,48
34847 17881 6 15,18,49
38207 23830 5 20,29,59,83,185
42894 12071 7 41,194,104,108,100
12333 29649 5 39,35,37,15,200,31,183,64
40602 3819 6 181,85,61,87,87,141,185
9040 18084 5 23,129,111,106,43
30066 43230 6 116,103
8888 9129 6 80,35,53,183,126,132,83,37
23082 44128 5 52,114,104,91,91,18,129
3822 9309 5 110,82,51,129,179
16333 44786 5 16,38
19862 34232 7 163,103,107,181,85,91
41201 5321 7 20,83,178,91,105,9
33104 31621 6 24,110,130,185,51
9139 11408 7 21,39
39030 29899 5 97,119,17,67,156,103,15
41982 18970 5 49,81,119,136,81,152,108,20
32751 34602 6 20,48,65
24581 20279 7 132,61,83,19
28834 36010 5 20,19
24857 24491 5 129,107
7287 30878 5 101,85,58
1132 39162 7 129,113,181,68,20,21,185,23
34610 9252 5 178,113,103,145,115,18
12302 18582 6 155,8,68
34838 5200 6 84,117,8
16370 36762 7 34,83,85,184,119,82,56,48
39932 40581 5 25,60,34,10,17
34088 11703 5 102,130,129,185,107,104,59
27932 4743 6 132,12,44,22,53
35373 37689 6 49,116,14,42,56,27
23004 25370 6 128,63
35185 4643 6 19,10,129,178,131,18,22
17277 16920 6 61,19,69,17,60
37415 34782 5 16,65,52,35,96,169,16,39
28855 19939 7 81,119
20931 17935 6 85,115,120
27134 34757 5 55,108,149
34669 2232 5 179,23,158,84,104,185,181
28243 23765 6 129,10,46,63,115,179
5075 32049 6 129,113,84
33904 40785 5 53,62,105,68,61,110
17228 87 7 25,42,13,55,15
40718 22295 5 83,66,119,59,114,38,113
2158 15362 7 33,18,14,117,52,19,62
5475 21295 7 42,14,119,132,184,130,169
34 6151 5 13,104,20,49,113,69,185
34580 44623 6 63,48,79
18802 18247 7 60,19,204,83,34,52,129,21
19879 45272 6 35,117,140,101,30,63,120
20844 23207 6 21,81,49
27730 15586 6 29,96,30
12167 21251 6 47,110,25,131,119,85,83,7
6884 40829 7 79,185,129
17682 20098 7 110,62,30,115,142,58,19,63
19662 19948 7 44,48
15433 19765 7 48,21,58,28,58,18,45
18536 43935 5 24,54,119,104,120,95,120
21793 17994 7 140,156
5925 35685 5 128,146,58,18,194
3102 38222 6 90,163,40,111,20,183
30212 11208 5 49,58,52,102,108,49,120,33
14210 21999 7 120,123,146,131,28,68
15891 37569 5 33,119,67,48,29,63,49
35330 13580 5 78,118,61
10458 37111 5 38,15,45,119,103,20
27171 13557 6 21,50,7,185,18,96,104
7118 44180 7 149,20,184
44967 38074 5 109,103,20
25885 45133 7 28,117,104,60,21
4281 25715 7 62,93,36,87,59,143,185
4947 43344 5 25,41,62,160,7,24,185,22
42480 8433 7 195,184,49,40,46
4412 36382 6 60,28,53,156
32992 19229 7 56,28,140
22964 6837 7 129,53,179,18,54,156
29673 41780 5 106,104,48
12361 10696 7 62,169,68,50
24391 31020 5 36,58,20,81,163
31111 38549 5 44,85,49
15947 16447 6 129,41
43035 5902 5 50,12,15,33
39483 6162 5 133,21
1664 40196 5 48,44,19,83,111
34008 39052 6 58,44,58,56,49,12,38
34679 39961 6 37,160
12423 8351 7 68,177,63
31843 28924 7 45,117,129
31033 14400 7 21,112,130
5440 34588 7 41,160,160,82
2020 38026 7 110,185,158,110,21
10925 21529 6 54,65,18,108,22,58,51,162
24801 5431 6 149,130,19,184,119,21,21
36905 951 5 46,156
20147 13059 5 130,28,9
12403 31396 6 63,185,8,23,49,14
4294 44779 6 53,83,81,18
41772 45495 5 48,8,19
12576 13453 6 51,53
40363 38673 7 136,69,128,67,136,162
19224 45194 5 83,58,31,49,101,12
3584 28027 7 83,83,35,25,130,33,185,66
28053 1112 5 185,42,66,108,49,130,83
27850 36428 7 120,146
22287 5267 6 85,60,60,68,18,9,53,58
31460 38984 5 17,20,152
1851 30141 6 19,128,95,156
15954 5788 5 110,44,132,111,45,83,134,177
4684 2458 6 102,12,104,47,58
30987 10421 5 185,110,142,47,183,8,58
15199 45228 7 37,19,61,138,30,45
26797 20540 6 135,27,60
19449 13014 5 96,58
6274 6878 7 14,37,98,53
12580 18189 7 179,53
43356 7845 7 183,60,84,20,103,53,145
43166 12970 7 46,20,132,83,82
5 40095 5 112,12,21
13324 37582 7 68,166,14
10316 25160 7 83,103,61
5707 23320 7 134,55,128,129
16198 39401 7 63,185
43929 3146 5 111,155,118,57,58,151,102
9560 28330 5 49,20,120,58,27
36632 25968 5 22,47,94
2309 558 7 194,63,111,184,21,21
6514 28564 6 132,83,41,140,34
45218 33558 5 50,58
17330 7331 6 101,117
14791 45207 5 46,117,129,47
14159 14550 7 140,142,144,163,195,33,58,167
28099 28870 7 103,19
20686 18719 5 149,111,16,32,84,37
38355 32870 7 130,54,59,185,84,28,145,10
35081 41174 6 126,102,162,46,45,59,81,38
26265 4160 7 92,38,49
10070 11087 5 184,49,160,39,41,145,59,107
17535 4080 6 109,61
10315 22761 6 36,67,64,85,60,163
40185 24765 7 42,57
42295 8411 6 109,85,102
21657 27952 7 14,36,34,100,128
34687 27651 6 129,58,83,56,162
30945 16267 5 149,102
21001 43095 5 169,15,21,22,120
33986 15547 6 100,118,104,194
1654 26240 7 64,61,36,46,58
26259 11121 5 66,114,90,15,45,42,63,194
13702 39252 7 110,83,10,84,69,115,20,84
34789 24715 7 44,32,163
42511 39879 6 102,130,185,29,40,20,156
20498 20816 5 116,141
21467 5471 7 116,184,36,185,129,59
20110 8180 6 104,106,108,104,62,169,46
43877 23725 7 49,28,120
23611 43141 7 87,60,23,129,59,105,43
12197 21920 6 53,46,152
36566 23247 7 81,35,149,34,43
3444 21672 7 63,104
28909 14971 5 8,115,194
9646 7385 7 21,28,28,112,136,26,66,30
19354 18994 5 158,208,18,49,179,59,46,19
45068 40395 6 24,15,163,91,25,84,149,65
37197 1980 6 65,42,101,80,103,34
13850 23210 5 54,24,45,63,162,105,67,18
43165 7456 5 129,156,20,119,19,40,111,119
2903 6216 5 56,99,35,82,58,120
26479 27548 7 185,61
45129 18913 7 69,53,83,49
30354 13374 5 117,118,116,45,51,194,113
13261 35466 5 119,66
11687 5290 7 201,103,59,182,119,24,112
30943 19409 6 108,185,61,117,23,39,106,112
2993 26133 7 18,16,78,22,130,65,49,37
44184 41335 6 7,48,17
27531 45254 6 7,112,103,82,20,146,22
6567 24743 5 22,68,83
38693 6364 7 105,15,62,116,18,104
19117 40464 5 179,21
41332 5626 5 129,110,17
22797 30160 7 49,21,50
6249 27294 6 27,51,56,102,76,87
33804 26331 5 182,160,29,80
20382 27845 5 52,44,143,46,119,21,21
15391 27421 5 53,45,24,104,160,156,161
24600 29889 5 12,61,63,50,9,67
26456 16694 6 18,60,54,22,55
13249 38507 5 36,54
5913 25920 5 7,163,62,104,102,41,138,48
9564 44985 7 80,14,185,169,113,58
36602 9910 7 82,48,87,112,48,63
31565 16325 7 63,87,144
13568 12784 7 129,14
6695 21520 5 82,104,179,51,24
40644 14665 7 28,29,61,27,21
13592 28265 7 41,134,39,56,64,85,37,101
8025 5357 6 22,184,119,64
20291 29310 7 140,29
31769 14875 5 39,184,105,131,28,54,35,117
37734 44494 6 185,83,51,118,12
832 27096 6 104,59,53
31131 31333 5 21,83,185,19
17476 21966 6 185,83,59,59,48,131
11157 21906 5 32,19,117,15,148,46
19226 8830 5 54,29,133
3426 40268 5 37,114
2878 27230 5 102,21,119,138,45,129
2978 38012 5 115,130,68,101,60
8611 14336 5 12,21,20,47
39199 7190 7 29,39,61,58,80,9,104
6884 28749 5 59,41,50,106
26998 31817 5 45,8,32,49,53,27,142,47
44171 34744 7 57,25,140,60
19476 30936 5 83,22,65,142,39,65,21,19
9649 10435 7 50,80,184,65,8,120,101
14617 20939 5 119,91,105,136,28,34
19294 24206 5 66,16,62,45,57,34,81,48
39322 25300 6 140,35,178,31,92
26489 39949 5 20,81
7861 28114 7 113,136,54,145,201
29888 42650 5 82,129,29,29
13761 40406 6 49,49,25,103,17
1310 11796 5 12,134
7134 6605 6 109,104,58,113
37698 19968 6 49,129
36661 43311 5 115,59,21,85
25691 13502 5 152,83,87,57,163
26172 7014 7 109,21,82
33345 1144 6 83,82,62,30
43699 39562 6 160,7
23008 26993 5 7,44,59
25868 9897 5 83,61,48,144,55,119
1134 8638 7 57,104
35805 17785 5 18,183,194,113,56,67,184,60
7786 37676 6 120,130,57,85,63
15751 41347 5 139,146,119,84,169,111,61,23
34921 4053 7 163,194
28333 18442 5 48,28
10664 17230 7 45,46,50,84,58,81,85
38682 28442 6 59,104,46,177,182
37694 6277 6 130,184,113,185,149,45,53
31457 18015 7 58,53,178,116,100,129,87,19
7444 41848 7 35,61,48,116
8172 11568 6 63,130,136,15,152,87,108
27492 26725 7 45,16,104,133,16,69,156,102
6910 6938 7 114,83,119,81
20723 4826 7 58,58,108,30
43705 3518 7 25,177,109,48,128
31946 7384 6 163,48,194,64,154
27730 16604 7 54,87
41707 2901 6 143,32,63,20,26
18222 33204 5 12,60,28,61,58
780 26900 5 141,21
14390 32201 6 50,19,48,69,54,100,136,140
21701 26804 6 24,119,45,81,15
23115 42039 6 20,104,55,8,116,41
5308 2482 7 146,20,38,17,30,68,29
40478 6966 5 48,54
32308 6681 7 152,34,12,143,120,144,102
8763 44290 7 108,25,83,111,25,120
41579 30213 5 63,61,63,28
4643 6450 7 56,130,80,169,49,87
6070 44509 6 56,130,142,56
37711 22964 5 67,48,91
2162 2375 5 40,53,48,12
43137 8361 7 50,143
31302 16517 6 40,59,36,61,103,60,146
37039 4044 7 58,56
3166 24842 5 128,63
16145 14720 5 104,65
21613 35399 6 129,53,179,116,54
13892 25807 7 132,128,19
37904 24567 5 194,29,20,116,83
305 43453 7 84,60,66,142,63,60,63
43724 33580 6 46,84,10,63,46,68,49
23609 14323 7 21,105,12,44,7
37555 21750 6 113,144,18,83,134,178,63,30
37890 27924 6 62,33,130,160,83
11016 30456 6 194,45,185
15779 29759 6 44,184,100,169,91,66,179
25680 43656 6 113,91,59
17892 34674 5 49,164,37,49,82,114,36
12360 3270 6 48,132
26568 39404 6 176,30
30042 16335 5 140,68,17
20300 32316 5 39,54
37259 7480 6 22,11,80,21,23,52
9360 40921 6 29,16,53,109,20
38842 26905 6 118,58,31
35653 6938 7 56,13,21,102,62,194,101,69
17316 10949 7 20,104,109,106,34,21
26757 37257 7 53,158
24973 1841 6 61,104,79,185,20
35756 4644 7 46,119,21,33,102,82,83,52
29331 11495 7 45,53,185,169
4073 9288 6 156,69,53
42016 3387 5 8,179,18,36,21,195,179,83
19117 23717 5 54,129,142,120,194,9,36,29
4716 36188 6 58,194,49
45715 30277 5 37,87
42004 12536 5 143,108
17827 37363 6 104,54,46
23756 6196 6 22,9,47,143,142
3452 40074 6 100,49
35158 15854 7 99,58,27,106,22,185,40,28
40561 26480 5 21,152,153,100,8
13714 8147 5 101,49,116
21666 42731 7 28,53,85,29,142,137,48,82
19990 31498 5 65,204,83,96,118,9,26,49
41371 37434 5 81,83,101,191,181
43117 8907 6 22,115,184,63,106
853 10222 5 156,27,22,49,38,29
21619 4556 5 21,183,55,62
13434 32085 7 61,40,10,10,61,54
41769 11938 5 47,47,129,69,104,103,96
23612 13041 5 22,211
5588 20186 6 136,58,52,120,54,110
29233 43712 7 184,177,84,66,142,107
44360 34430 7 84,41,185
20916 23907 7 58,83,60,29,12
11643 19447 6 37,184,61,48,10,138,104,156
38703 26863 7 185,8
40717 827 6 59,185,19,103,114,52,81
43256 31646 7 34,44,69,40,162,184,18,194
33865 45683 7 100,62,161,83,95,109
11637 6867 5 66,19,178,194,18,117,49,183
620 8881 6 85,91,94
34316 15311 7 184,7,10
2184 10521 6 64,17
39671 6175 7 27,194,129,9,65
15501 16266 7 26,119,135,66
26588 44327 7 54,141
44278 39550 6 16,44
28088 5720 5 116,65,10,69
40074 37971 6 82,81
2863 44182 6 85,49,83,41,65,19
20676 26834 6 60,10,117,51,91
12447 23178 7 83,78
20188 43391 6 64,99
44743 33053 5 83,104,111,69,34,82,111
22175 21671 7 103,139,44,57
9528 8892 7 179,45
35183 2560 6 181,108
31795 22854 7 113,120,103,12,114,119,178,160
2833 1601 5 53,39
31279 17785 6 69,99,25,129,154,129,83
9705 15639 5 104,61,14,185,19,21,185,48
22040 39592 7 28,58,49,185,185,48,160
42993 6742 6 57,10,169,128,106,83,52,194
41640 38164 7 195,82,183,35,13
38861 4382 7 137,62,84,49,21,16
37642 33032 7 61,55,48
9384 42956 7 130,128,80
21139 32097 7 17,80,146
27705 44571 6 120,162,149,185
44244 28832 5 36,21,142,102,130
18009 25316 7 62,49,102,55,104,118,58
5590 42315 6 128,102,81,119,129,43
41169 23616 6 33,54,7
3055 9048 5 163,58,66,160,178,79
43027 31167 7 55,119
21814 5483 6 143,142,159,33,60,36
44342 21675 7 53,169,129
11409 17095 6 62,105,62,58,51,126,185,26
22292 15011 7 65,60,44,185,27,161,119,100
8837 3769 7 55,49,163,81,57
44200 23042 7 12,108,117,110
10412 34159 7 66,23,56,49,58
6163 10053 6 39,82,66,10,24,53,48
18817 9276 5 53,58,46,91,93
37460 4692 7 49,182,57,104,35,25,53
17265 33290 7 105,18,63,110,62,85,65,38
29448 31629 7 21,163,160,54,109
113 40683 5 45,26,56,135,58,28,33,22
2706 10153 5 25,23,61,83,182,39,146,80
23574 2933 5 19,8,40
32367 9046 7 178,160,34,102
13877 30464 5 25,106,21,47,33,130,18
21550 33078 5 63,41,15,53,62,8,184,21
6087 36215 5 60,51,91,118,49,61,179,63
19373 30439 7 110,85,84
22521 11392 7 20,35,29,45,76,79,37,106
12944 41179 6 30,100,194,129,152
42521 9019 7 48,111,177,51,16,43,181
3898 44963 6 42,23,194
10262 25073 5 135,103,21,85
36177 38421 7 60,19,9,144,83,37,152
8284 18979 7 120,53,163
11340 2964 6 179,62,120,49,104,83
28360 32879 6 128,19,77,43,185,185,22
38984 27441 7 129,129,110,29,25,55
3601 2660 5 101,42,55,69,100,60,139,10
27108 9205 5 7,27,104
15285 42854 7 153,64,182,21,153,44,77,104
1416 44062 7 107,18,144,41,113,185
36826 41444 7 82,131,35,53,61,66,58,150
19756 342 7 112,130,40,113
29066 32291 6 42,114,36,163,54,84,23
43409 6260 5 49,185,58,38,104
13848 8966 7 21,127
3012 43058 5 79,130,114,39,181,91,34,34
36694 599 7 41,156,34,61,110,169
45332 13803 6 24,132,133,131,58,194
2921 24373 7 114,78
23274 15827 7 65,32
9041 18237 5 62,113
26820 14851 6 156,152,119,91,79,60,64,115
42164 15951 5 58,35,110,21,101,69,177,46
23079 4370 6 60,143,29
17349 38512 6 21,178,111,108,8,67
7951 12569 6 85,66,64,143,48,113,62
44632 38254 6 120,30,58,151
30152 13019 6 48,62,16,21,84
27189 34771 7 182,103,67
19630 25154 5 110,143
18848 22515 7 32,59,85,40,103,67,27
39095 11248 6 67,185,163,20
1767 34604 6 144,66,101,49,102,195,51,104
18148 9782 7 85,52,37,146,104,42,119
21753 6328 6 8,105,14
41538 13486 6 19,136,184,40,62,154,81
38385 44853 5 112,47
30436 21689 7 63,109,85,40,18,48
17993 42805 6 62,119,182,16,43,30,179
29513 29205 7 69,59,10,85,118
21800 20459 5 104,79,62,42,42,107
40541 26598 5 181,21,118,129,179,141,83,119
21520 28949 7 113,136,136,20,55
40474 22182 6 66,125,194,21,41,58
26124 42844 5 153,146,44,27,15,178,184
35811 33589 5 141,140,81,21,38,117,19
19098 11650 6 55,112,25,44,102
5723 34546 6 104,95
20166 28313 6 7,88,49
14922 37857 5 179,136,119,52
29515 13442 6 152,104
42802 1454 7 163,105
43237 44812 5 79,39,36
16984 42913 5 58,37,18,6,116
6774 22527 5 27,41,131,43,95,17,18,144
40279 24408 6 10,36,25,58,44,61
12870 8182 5 185,179,44,55,62
11297 20507 5 24,163,140,35,41
21252 19501 6 28,23,103,67,26,14,140,22
714 22315 6 53,18,179,146,66,185,47
20738 1483 5 12,37,19,35,179,10
24829 1701 7 113,69,66,39,169,84,54,66
41820 36680 7 49,65,20
31380 24124 5 181,107
32554 20656 7 120,48,63,52
6230 2431 5 17,9,149
1631 16697 7 15,129,69,18
17933 24348 5 83,51,100,80
22133 25366 7 77,110,181,209
45717 31347 5 19,46,24,58,113
14400 30399 7 61,46,135
26516 28799 5 18,50
6634 39754 7 42,16,81,54
43671 27747 5 169,54,185,53,109,105,63
37913 24240 5 9,216,48
36090 35560 7 49,35,12,49,46,49,20
33803 5886 5 30,211,179
1430 21412 7 105,185,163,78,24,64,31
41295 38218 6 45,65,163,181,24,183,211,113
40967 43415 5 45,130,109,15
33826 40638 7 163,14,29
11644 25388 7 47,56
4162 24643 7 17,66,77,62,58
41261 37691 7 61,184,101,116,79
45594 20552 6 140,39,65,47,28
15964 861 7 40,51,62,80,149
27177 9254 6 21,15,17,84,10,63,32
32582 12459 5 53,60,46,155,58,10
5458 38647 7 116,49,119,10,138,178,66
20242 36564 5 120,181,110,61,128
29293 42467 6 29,111,69,59,130
44288 11835 5 64,29,45,182
4066 20486 5 55,182,46,117,135,115,178
12443 29352 5 169,119,169
24209 5513 7 42,131,118,69,107,129,63
1334 35864 5 19,110,55,142
36412 40142 5 62,19,184,104,51,110
42382 11237 7 41,35
40602 26441 7 129,65,21,129
43538 9927 7 104,16,9,36,83,81,56,23
1388 27387 7 108,68,110,58,49,7,48
14961 2397 7 103,211,195
34085 30192 5 31,47,62,185,33
38098 21365 6 109,46
33356 43005 5 60,29,145,25
11140 31056 5 162,84,158,130,81,49,37
10609 39387 6 10,136,60
43667 1372 6 116,65
33593 44297 7 51,104,179,53,104
17568 45782 5 18,29
44062 31892 7 53,8,82,129,60,177
35367 45790 5 67,26
7579 17480 7 102,48,64,68,17,131,18
27848 45808 6 113,52,66
41648 42060 7 14,63,65,51,62,49
13940 21066 5 116,114,112,185,54
8240 20773 5 105,29,104,24,113,181,53,127
35872 10981 5 47,14,61,130,52,58
12550 43892 5 18,63,39,91,57,38,7,62
1592 36922 6 18,185,22,58,184,16,29,68
27285 8638 7 68,53,66,23,20,181
42726 27509 6 119,81,46,56,184,58,60
31031 42106 5 53,183,58,85,83,81,179
12084 3139 7 63,108,27,30,184,84,66,47
23681 16650 6 7,182,141,33,85
24517 4404 7 18,23
5963 468 7 28,109,24
4259 2315 6 183,41,205,136,119,85,40,58
16810 1216 6 107,156,140,25,169,65
16205 30458 7 10,107
7868 13322 7 45,69
23617 17032 5 135,87,128,83,29,17,44
5988 40470 5 17,35,43,29,67
12602 14836 5 48,195,104,162,18,144,49
9215 9492 6 40,24,45,29,58
40194 9247 7 81,142
21595 44829 5 185,63,129,118,60
8146 24879 5 63,43,181,47,83
11384 41730 6 44,131,114,160
4507 38492 6 51,27,36
41594 38482 6 132,135,22,69
33833 3444 6 184,58,73,33,136
37383 38312 7 81,83,60,129
29288 32680 5 82,20,63,84
9176 10361 7 67,129,61
33207 24455 6 120,21,64,141,10
36671 1330 7 113,18
45514 31318 7 66,194,129,131,118,184
22608 31812 7 143,110,143,136,49,49,15
15564 23315 6 19,58,28,137,129,107
20698 21277 5 50,136,61,48,21,119
18069 4105 6 21,43,66,130,17,112,31
6672 27404 6 154,67,87
35864 115 5 83,116,96,102
24873 20137 6 14,135,27,65
26044 7512 6 37,58,163
45085 36183 5 83,178,163,111,113,119
18166 3031 7 169,24,83,40,131,19
6281 38850 5 32,56,129,24,48,87
6935 38967 6 15,37,138,48,55,61
20808 45032 7 50,138,109,24,63,37
35193 15241 7 109,20,96,145
8900 5979 7 169,120,31,81,15,55,118,59
31543 28922 6 87,104
3383 38548 5 62,59
35784 10368 5 62,133,109,149
5537 8348 5 104,83
15092 618 6 42,63,21,179,85,194
641 37802 6 58,143,63,35,55,66,82,71
14381 35088 7 85,66,14,22
41724 42612 7 63,52,182,49,143,23
23861 21754 5 61,17
21687 14113 7 85,63,51,30,69,149
40519 31852 7 56,21,162,14,65,179,38,96
9039 21943 7 114,129,33,64
4172 40161 7 84,53,105,59
19072 34320 6 149,49,20,116,146,49
30284 26528 6 194,99,56,48,103,47,7,110
33885 9461 6 132,7,53,107,138,103
32457 28279 7 90,179
17157 43940 6 33,53
7036 15939 7 83,136
22148 6345 5 33,79,45,117,59,62,118,39
14638 23190 7 51,130,131,78,130,113,29
14273 33551 5 63,19
16661 14877 5 65,49,41,145,52,83
2598 33969 7 54,52,66,182,58,103,34,135
35944 45672 7 129,119,61
27116 16690 7 82,30,9
38417 10987 5 178,48,15,54,60,117
34029 12500 7 41,77,24
27958 17019 7 30,169,194,39,63,49,119,185
1671 9413 7 64,56,37,65,53,48
22783 20098 5 24,179,87,140,36,83
40869 2968 5 132,83,53,117,178
26581 32315 7 132,53,29,63,179,49,129
19016 39827 6 30,132,61,65
37945 19973 6 163,127,81,178
16129 45314 5 136,116,146,102,141
29199 15922 5 84,130,178,104,63,120
29578 38923 6 129,109,49,48,104,53
13794 9573 6 20,119,132,61,18,83,119,63
17330 27535 7 80,50
16634 42583 6 112,185,84,141,49,105
24902 28426 6 185,34,183
18412 33567 7 15,163
30183 31200 6 7,91,144
6497 35829 6 16,149
27634 15258 7 77,143,128,38,61
32328 32723 6 48,128,44,111
26893 13734 7 61,37,48,7,107,65
39420 14252 7 10,104,39,130,178
931 27529 5 62,201,42,21
20154 37190 7 30,181,65,51,58,21
30508 13080 5 82,16,85,59,139,36
9850 33466 7 61,185
25245 44380 6 25,43,178,22,21,14
25546 11592 6 67,42,130,133
24440 11806 7 24,59,59,7,84,56
19832 16138 5 43,19,136
30981 33781 6 23,53,53,54
35009 40238 5 191,129
21851 12782 5 104,182,69,145
45111 38677 7 34,30,91
19171 29540 7 60,6
8923 40394 6 23,65,107,29,57,10,102,104
8096 33145 7 57,52,101,117,53,102
4088 39347 7 21,185,177,113,100,146,169
37156 26987 7 108,41,84,63,100,111
15184 20623 5 45,37,185,138,42,84
39895 9209 6 59,101,111,63,32,169
2737 5189 7 83,130,53,19
27762 22640 5 20,8,204,63,83,85
44770 41406 5 66,105,82,7
10195 27626 6 35,105,149
11068 29036 7 100,15,32
35858 11116 7 62,185
25218 38537 5 51,55,54,58,179,9
36695 40846 5 49,182,55
6641 44948 7 116,51,115,54,136
41495 2873 5 115,118,102,40,181
7521 22320 7 20,54,50,21
13107 29928 7 140,119,20,185
35698 9371 6 59,184,61,100,129,20
41234 30804 7 131,61,35,163,45,114,79,50
912 21833 6 21,119
45669 7395 7 7,156
13501 5184 6 100,128,58,81,104,107,41,185
20454 6119 5 63,64,62,55,15,48,103
6284 19334 6 30,45,195,194,116,21,10,109
30488 20387 7 30,119,163,128,119,36,104,134
44766 38076 7 59,110,17,116,60,49,153,42
30477 1110 5 195,23,177,49
32464 26674 7 61,68,16,84
28094 15715 6 123,113,16,119,108
37991 2708 7 102,24,109,83,22
36732 14119 6 8,52,91,61,35
21205 9384 6 28,104,178,157
1827 41481 6 111,66,49,83,17
43482 41263 6 46,15,185,131,100,15,9
41844 2241 7 104,49,49,169,58,129
729 34893 5 16,44,34
22799 16817 7 12,54,87,22,185
16215 11818 7 18,23,204,131,60,156,62
11073 30784 7 120,119,67,149,119,153
34806 21691 7 83,61,58,139
19830 38388 6 109,80
41025 2073 5 83,48,47,48
42856 40907 7 116,58,104,62
2583 21947 6 66,37,162,205
4512 19428 7 119,35,142,81,49,49,120
16877 19400 6 60,120,162,56
38234 22734 5 14,129,35,144,50
14230 24110 5 103,10,144,33,61,45,51
23300 21839 5 134,15,9
25366 30034 6 181,50
6013 12671 6 83,25
3012 43359 7 104,10,22,160,64,19,19,17
23532 30097 6 67,67,83,101,34,31,57
24568 20839 5 51,25,26,104,19,63,18,111
32472 30923 5 52,41,21,49,129,146
29410 9960 7 62,82,62
42437 44504 6 21,50,19,95,53,104
32623 23760 7 42,82,9
16900 8025 5 49,151,136
40613 23462 5 41,49,84,38,15,55,15
11668 37947 5 59,129
25248 39524 5 182,66,84,83,51
13133 30979 6 62,63,50,73,132,81,79
40881 4211 7 48,131,48,129,63,81,80
37333 22945 6 10,62,58,30,108,119,21
8727 463 6 85,68,162,83,129
8681 21147 5 49,53
41071 11824 5 111,84,195,29,120,101
32255 8491 6 110,57,53,34,104,82,127
22361 3529 7 64,19,109
19970 5897 5 69,20,103,169,19,83,36
26436 17615 5 111,52
43063 16937 6 80,50,44,24
30495 36984 5 50,53,178,56
12636 28195 5 134,34,109,146,48,184
803 5817 7 19,177,34,49
2292 18699 5 163,18,119,81,62,48,59,153
14876 33236 6 63,36,45,21,44,65
40238 24622 7 91,103,115,181,36,113,47,47
15168 19099 5 19,47,58,101,130
20952 12673 6 62,45,69,48,30
31806 19976 6 129,67
14888 626 7 15,52,61
21668 23016 7 53,58,38,81,112,182,79
30478 24489 7 142,19,60,102
3263 19084 6 105,82,178
8219 22820 6 48,53,28,33,76,18,178,101
23924 35186 5 130,130,108
24368 26041 6 52,55,113,100,64
3032 33864 6 77,185,37,24,113,148,62,8
37603 35179 6 12,182,20,22,36,128,47,58
27297 4692 5 53,40,58,58,21,45,9,56
30235 44067 7 20,69,112,211,20
40695 16960 7 118,19,81,57,84,57,136,64
111 28555 7 65,103,178
17258 30468 6 149,49,130,109,96
24344 2751 5 169,49,185,20,51,177
28043 36328 7 177,51,120,20,216,40
3161 17931 5 59,131,48,104
43385 5902 5 140,50,61,19,10,134
19277 9482 7 41,91,62
763 34257 5 84,138,111,18,103
4663 9108 6 108,28,28,131,126
23208 15352 7 109,63,81,57,120,25,179
26727 37531 5 129,178,58,83,140,10
18023 10790 7 30,67,15,130,144,51,106
20910 8236 5 169,63,194,69,76,60,156
6261 24233 7 184,149,48,129,26
11874 28509 6 56,83,14,160
19640 9607 5 162,23,10,10,118,177
30481 19540 6 32,49,21
41671 2044 7 56,141,108,49,7,103
15010 37033 6 65,163
37628 34701 5 82,63,179,110
32095 27686 5 47,92,185,55,163,48,178,109
7587 38730 6 19,56
24274 45734 6 83,128,141
21924 11171 6 194,63,16,149,19,50
27293 1615 5 81,44,18,149,182
20986 45628 5 113,91,56,60
23745 3903 7 31,65,101,69
14137 45390 7 20,6,182,58,53,87
40214 9619 7 38,58
40895 43948 7 110,85,65,60
20100 6429 5 21,7,179
44392 31734 6 81,59
13933 20651 6 30,69,87,55,44,14,21
31927 12006 5 105,36,181,62,45
1699 41345 6 49,84,119,52,169,109
27734 7383 7 60,111,185,104,7,21
18256 12054 5 12,104
41702 12996 5 179,81,17,81,110,63
24216 39048 6 8,128,83
25992 13545 7 201,21,47,143,102
29529 13210 7 131,179,119,145,53,22,98
5321 14541 5 17,57,48,146
7770 27857 6 119,104,83,113,78,65,59
36313 6383 7 106,169,194,19,80,50,83
7916 41007 6 76,117,19,152,66,66,44,24
29535 12572 6 101,120,25,39,48,128,39,96
35268 10004 5 104,10,112,111,63,60,36
25273 23521 6 58,104,119,87,21,118,63
45695 6888 6 10,142
22565 3794 6 47,31,104,21
35255 34701 6 21,60,53,54,16,58,66
17278 12050 7 41,120,181,62,24,115,114
23630 31143 5 52,30,87,50,83,61,168
11834 11115 5 84,10,57,158,108,9
13592 7360 6 56,65,182,116,69,129,10,120
29003 9075 6 23,7,62,54,69
43591 15691 6 67,119,119,37
43093 3131 7 65,169,64
14910 43437 7 182,162,24
31148 19435 7 115,60,7,19,83
4008 40976 7 84,185,107,62,136,17
20875 24735 5 119,114,53,144,57
6300 25813 6 136,61,45,34,34,21,110,33
37955 11732 5 18,103,184
27976 10697 7 132,18,54,24,108,14,143,108
3326 33689 5 64,83,41,41,10,64,62,8
34220 6169 6 108,120,53,119
29944 12222 5 59,61,83,117,85,185,69,14
18749 45203 6 145,211,177
44040 29566 6 105,63
11721 39345 6 117,40,133
8449 20328 5 23,181
579 7726 7 102,62,156,67,49,50,118,46
42308 17952 5 116,62,58,58,63
36029 39069 7 17,62,184
28991 8101 5 59,29,7,200,17,30
17948 44148 7 104,51,184,42
28692 2131 7 83,49,10
27573 40915 6 159,30
5255 24655 5 144,47,105,160,43
28636 44372 5 109,102,138,23,23
43843 14883 6 43,104,103,110,132,49,9
14001 27519 6 58,82,211,89,182,20,185
41895 11052 7 114,18,20,85
8316 18605 7 48,17,12,59,156,56
33528 16178 5 82,67
28772 32827 6 53,184,16
7682 40341 5 139,19,108,179,50,133,82
27467 38694 7 106,155,39,194,182,63
39463 33102 6 106,102,83,169,48,129,111,113
14579 30767 6 116,38,62,130,12
33528 26673 5 144,102,84,10,131,126
31364 28653 7 96,7,149,95
25393 43481 6 45,91,132,181
21565 31516 6 20,7,21
23510 39871 7 10,63,51
4396 38068 5 83,194,109
23219 18205 6 19,21,53
20575 20454 5 20,118,25,104,176
26518 25895 7 26,60,179,82,91,136,39,185
23544 45422 7 19,7
14199 5703 7 83,63,58,18
20609 552 7 68,20,169,58,162
12190 27536 7 84,56,120,62,48,104,68,43
39375 27751 7 21,60,63,194
42670 36911 7 135,81,49,85
42084 35237 5 24,178,102,62,60,20,62,49
19939 18634 6 184,68,49,84,119
20317 1358 5 179,106,107,163,15,82,54
21920 13113 5 63,21,135
7625 41405 7 9,131,33,52,44,51,163
7449 8726 5 91,18
1736 45366 6 46,129,47
20617 40616 5 103,105,64,69,58
1080 23895 6 25,20,178
43156 15874 6 132,16,104,85,118,68,62,34
43535 15686 6 61,103
8690 23253 5 36,7,31,143,143,185,177
35967 37650 6 108,104,78,106,129
36250 6851 5 119,9,48,85,102,120,181
4450 19670 5 18,102
28535 823 7 120,65
12533 13328 5 178,179,46
34115 18208 5 51,84,62,79,118
38439 28255 7 66,82,149
9517 5989 6 23,62
6525 15948 6 129,30,41
5062 17729 5 83,35,59,68,84,87,178
30385 31729 7 56,185,60,29,102,21,47
37218 30059 7 105,134
14166 5106 5 68,44,59
12258 39886 6 31,104,83
19495 30692 7 49,66,67,28
13056 13463 7 21,130,57,37
12619 16423 7 163,131
7307 42931 6 19,110,26
13000 24713 5 183,102,117,120,91,32,49
38874 12228 7 28,105,116,78,145,40,41,44
4876 44542 7 131,50,10,130,112
20827 34196 5 32,59,81,36,50
40201 3961 5 185,129,66,25,23
3957 27547 6 9,104
23664 19706 6 10,53,134,63,103,20,64,12
39635 35055 6 66,33,28
40035 15075 7 20,48,47,132,155,111
12118 9272 6 57,129,63,10
43584 14653 6 45,118,111,61,18
6751 16513 6 83,48,46,61,55,103
44168 9574 6 103,181
35273 41838 5 105,104,40,185,163,28
1717 746 6 41,132,41,8,120
40157 5125 5 85,7,20,45,17,17
10197 39000 7 131,136,49,68,65,85,112
31895 13765 5 14,85
14924 9255 5 44,119,145,39
16871 1161 7 45,48
27481 37483 5 47,69,87,25
10955 12974 6 109,53,102,58,59
40089 20562 5 136,185,53,130,61,184
1246 36186 7 58,30,37
1587 3290 5 85,154,7
24629 14069 7 25,178,59,35,31,14,84,130
17174 13668 5 48,41,61
12351 8061 6 56,85,20,42,26,9,136,65
36586 9259 5 28,169,109,182,162,22,81
20573 25419 6 95,108,131
21547 9823 7 113,109
22205 21896 7 17,115
37200 13789 7 115,49,14,129,185,146,20,44
2956 33440 7 12,63,44,64,31,66
25421 39071 5 66,156,82,61,111,65,35,102
20419 39832 6 119,17,52
12161 4443 6 129,117,20,177,16,129
10115 15966 7 61,7,129,104,10,132,136,49
14934 34170 5 184,17
13315 35713 6 18,55,60,56,16,56
3069 3963 6 49,20,19,119,185,33,27
15541 28096 5 184,41,62,93,52,136,49
26176 13801 5 109,84
29257 30377 7 49,129,120
1796 28659 6 46,81,83,17,21,185
39159 19875 5 60,20,132
31500 4775 7 97,111,84
31387 17579 5 111,81,136,105,120
20033 35089 6 102,62,194,44,116,14
30946 2444 7 112,117,85
17678 3722 6 10,63
34372 190 5 57,8,54,83,65,129,169,65
19258 26500 6 50,163,109
20353 37091 6 38,53,58,43,111,7,8,50
42710 31133 5 25,37,14,49,81,49,120
17036 19447 5 128,113,64,130,67
559 28171 6 96,163,34
37921 24651 5 21,179,84,17,114,38,7,16
33451 25878 5 98,78,178,142,91,50
32256 44244 7 67,58
21232 43323 7 53,134,26,35,26,34
27430 19249 6 62,10,60,58,140,51
30871 14421 7 45,37,183,39,55,28
12197 9368 6 29,58,62,104,65,40
12707 42180 5 18,181,113
3296 4662 5 49,29,39,106
40108 33785 7 55,61,118,143,55,58,137,45
12111 12827 7 69,25
9135 37016 7 104,84,38,61,21
14908 13342 5 17,18
3770 18310 7 14,56
7680 30644 7 109,185,37,112,20,21,68,179
2685 1193 6 82,131,84,119
3929 32228 6 82,62
37282 1934 5 154,17,48,118
42619 5222 6 63,53,138,91
1873 32920 6 69,181,20,194,111,23,83
2918 40807 6 128,66,105,52
45341 6255 7 114,65,135,29
34881 18988 6 25,46,77,22,130,111,64,107
8644 12320 7 185,186,106,91,102,10
19540 4790 6 21,59
15367 11036 6 7,113,109
26423 11812 5 21,45
25075 27987 6 42,129,100,110,104,62,60
12479 1570 7 113,116,57,18,64
41346 19635 5 130,144,58,149,84,43,131,35
35631 35793 5 178,56,132,129,103
11811 16951 5 129,128,163,21
17302 39611 5 156,84,135,91
1978 45445 7 62,161,61
38175 31062 6 51,17,49,117,23
43100 20293 7 43,165,85,138
425 33742 7 61,177,60,132,130,44,53
25527 29961 5 52,104,82,61,119,17,8,144
7469 3211 5 58,108,119,181
11066 3992 5 103,66,61
41135 31808 7 64,69
21822 26997 7 20,7,7,54,66
32638 13487 7 118,21,42,112,141,80,59
24804 33095 7 18,87,102,103,9,10,50
15367 12702 6 60,52,109
26135 29745 5 81,24,32,185,56,162,48
38426 43642 7 61,44,54,10,117
43704 29416 5 58,54
6720 10549 6 23,179,103,39,25,69,12
45320 43867 5 46,17,43,100
15186 15572 5 15,44,83,68,179,110
37241 2479 6 84,133
25679 45368 6 59,123,83,65,44
9315 5863 7 62,19,82,47
32491 11832 7 37,111
35390 19608 5 51,130,130,29,10,48,83
453 13345 6 14,21,28
39466 13401 5 135,66,154,63,81,67,113,7
3004 56 7 63,53,81,61
7506 23126 6 16,112,21,103,21
10203 5911 6 48,55
30753 29680 6 120,39,83,20,129,58,34
2243 42401 5 145,36
583 13603 5 65,111
32490 25843 6 107,141
29027 6089 7 182,69,29,33,64,30,40
36143 34159 5 22,23,129
40495 21743 7 41,104,63,185,54,25,65,48
12739 5048 6 80,46,29,21,41,83,119
21121 11485 5 103,19,119,56,53
22205 44045 7 69,19,48
41288 2516 6 62,58,44,211
15340 45368 5 49,178,178,110,64,49,51
2 38292 5 68,163,54,82
44681 42038 5 20,18
42106 21623 5 184,44
38229 41672 7 56,66,104,58
14867 30941 6 55,47,81,103,119,185,47,55
20080 8041 5 33,116,60,66,96,106
11314 26420 6 32,67,38,133,156,20,83
14037 7448 7 81,60,82,103
39621 2688 7 163,29,40,144,60,46,16
3803 34808 7 177,82,82,25
16057 34507 6 84,54,195,19
42432 7143 5 146,141,185,19,114
16204 26038 6 145,51,182,58,84,185
42929 25543 5 135,48,58,62
8707 36427 5 155,104,58,62,185,19,120,81
32407 43007 5 128,131,132
20276 28934 7 30,84,106,7,60
3735 6048 7 64,58,151,53,19,179,19
23026 9891 6 54,59,104,85
101 6856 5 16,17,53,77,106,34,83,117
16071 38531 5 117,82,105
29163 7013 6 9,61,84,83
9797 43593 6 103,64,39
23130 22357 6 39,169
19759 37811 7 9,36,103,66,129
27001 12743 5 28,111,16,58,129,58
35058 43954 6 136,114,57,46,12,142,14
32694 34413 7 58,141,181,184,23,87,8,35
3561 21210 7 142,23,114
12556 13178 7 44,132,52,136,27,115
38372 11463 5 129,113,87,60,48,49,109
29722 591 5 160,82,49,112,129
4486 41469 5 115,22
34992 32283 6 38,65,28,113,157
43816 67 7 101,68
5064 31752 5 87,51,185,53,10,45
19492 15560 6 47,182,119,162
28595 5064 6 63,210,79,45,51,47
17207 5741 6 107,194,30,57,144,30,115,36
41972 20022 7 14,119
40615 25675 7 116,83,67,51,119,182,44,60
28354 31609 6 115,111,117,36,101,184,129
15508 36416 7 57,83,8,19
8261 9628 6 42,132,24,34,66,129
21473 10630 6 45,7,102,8,62,48,142
4083 33514 6 50,47,63
30048 10472 5 98,132,128,128,7,47
10128 28226 7 110,111,85,87,29,82
19982 15771 5 37,83
39285 14990 7 80,23,112,29,185,87,101
35937 31591 5 64,163,25,119,19,111,130,104
42951 5888 5 102,156,80,68,64,60
25198 22363 5 115,30,84,7,59,179,54,85
31764 10750 6 48,30,108,30,114
35574 44360 7 85,40,185,37,54,9
19328 5507 7 39,13,103,110,78,52
22710 37385 6 41,57,144,20,52,68,152
19079 4105 6 120,112,100,182,169,51,118,93
23805 10400 6 101,112
27032 1676 6 61,48,18,116,132
7039 9533 7 54,35,49,58,66
8758 6008 6 216,28,152,129,59,200,59
40756 41176 5 104,112,66
4607 23118 5 129,108,120,19,62,105
34975 39868 7 58,25,51
5900 41845 7 58,105,49,132,119,61,101,48
14033 18178 5 54,33,41,133,23
41903 5093 7 23,17,95
33296 2378 6 144,63,113,119,104,58,111,10
28312 41506 6 163,130,107,131,9,178
6919 19986 6 113,61,131
34420 16034 7 62,21,131,62,163
19059 9394 5 107,44,139
36649 33378 5 85,20,117,37,55,19,128,44
660 17167 5 169,119,83,67,85
19240 40611 6 11,25
44759 13105 6 185,56,61,35,119,102,129
43573 28724 5 82,32,49,49,119,103,59
7453 14465 6 20,62,131,53,16,19,182,43
9392 34432 5 80,62,109,7
35703 37706 5 41,69,129
21881 34989 6 116,7,81,163,20
1694 15302 6 65,53,51,141,54,162
5365 40795 6 49,45,18,20,63,82,120
15755 12315 6 21,110,115,15,115
38646 10699 5 65,163
36072 21211 6 68,104,185,119
31977 22440 5 68,49,30,18,135,113,108,140
42870 17700 5 18,42,65,44,20
6185 28295 6 112,8,65,143,38
1043 23964 6 105,200,40
35621 45131 6 129,63
32167 28298 6 46,61
39529 34211 7 49,63,31,43,109,81,61,82
40855 45336 6 49,53,84,95,32,10,45,29
21080 33971 7 53,131,80,38,45
3197 21987 6 62,114,58,8,15,194,129
44217 1261 7 66,21,35,126,184,19,15,25
14642 32377 5 184,108,53,15
29606 41751 7 129,136,126,55,163
17168 18282 5 67,33,32,116
20338 16643 7 134,54,110
2968 39535 7 21,63,20,24,48,120,27
27782 27518 5 85,41,178
7119 5885 5 22,12
9824 18770 5 81,178
6493 45702 5 111,68,9,182,83,103
25338 33401 5 78,129,47,33
40841 31114 7 21,131,14,105
40964 26969 6 152,68,178,101
15645 23039 6 179,27,32,146,119
31464 17233 6 20,49,102,78
30511 19842 5 17,114,185,111,22,20,110
25835 20924 7 58,42,140,87
10423 17828 7 49,152
21239 43319 6 52,117
27972 43238 6 144,58,82,133,18,63
37775 29644 5 85,104,17,105,130,91
30478 44225 6 47,76,69,48,19,18,25
25533 18637 6 63,162,32
38168 15187 7 113,20,10,91,55
41530 31459 7 67,38,61,114,85,19,66,153
14153 41300 6 61,27,138,49,56,49,29
1403 40617 6 42,48,10
15221 22866 5 85,116,185,119,50
14849 9120 5 20,107,91,118,49,22,49,162
9134 10391 6 63,15,45
3722 18127 7 101,58,85,28,17,134
9782 3338 6 157,104
42551 4924 6 49,185,26,21,83,23,41,163
22789 38868 5 143,110,130,129
19976 11302 5 50,135,136
37708 7745 5 55,129,46,48
17207 27967 5 110,69,51,58,64
21447 37837 7 118,21,114,27
9677 23147 6 25,49
19730 36652 6 81,156
23730 5262 5 41,16,50
345 42914 7 92,102
1835 2847 5 185,83,60,33,19,101,53
22626 40854 6 81,53,54,62,59
39946 1868 6 26,81,47,49,18
40007 15586 7 115,61
32125 45456 5 22,104
32232 32881 5 64,195,182
19389 41610 7 40,116,184,54,67,60
9731 36616 6 184,83,59,38,182,30,110
28885 41951 7 120,15,63,41,49
33809 9418 5 91,54,59,110,131
18960 30146 5 182,152
45128 25068 5 65,62,88,63,136,21,52,59
26948 29801 5 60,19
8054 2920 5 46,56,35,83,150,135,40
26919 7563 7 119,104,140,143,62,169,53,129
29349 15423 5 83,117,19,169,28
21152 30768 6 104,81
12747 27736 7 19,15
9384 8635 7 67,20,62,47,21
7834 9691 5 59,184
35927 14367 7 18,18,20,42,18,59,39,113
10283 42905 7 22,21,84,119
44933 45408 6 63,48,81,59,62
18472 9669 7 20,62,56,50,65
13367 15866 7 42,117,66,68,169,114,104
18598 14747 7 119,89,112,82,59
30219 39825 5 57,20,63,211,60,101,102,21
32557 32607 7 38,16
25862 39526 5 45,118,91,30,51,140,53
45084 25873 6 130,163,101,21
30673 34241 5 47,120
16734 43321 6 57,51,12,82,65,101,33
15124 42580 6 216,61,120,119,169,23
27154 44642 7 102,182,140,57,107
658 9830 6 129,91,131,112,40,85
12413 36310 7 35,19
24869 27040 6 112,85,15,143,29,105,130,152
32004 36264 5 81,116,42,9,48,63
35256 17642 7 103,63,68,19,24,146,80
7896 5370 6 114,54,95,65,61,162,222
38785 26425 6 53,56,111
2933 39572 7 81,60,83,51,80,117,45,53
15190 20945 7 82,65,105,145,69
16463 17005 6 111,139,116,60,64,61,10,54
34244 39408 7 104,68,19,45,114,38
39209 34187 6 48,130,144,9,42,156
36911 15501 6 38,55,78,20,67
17009 45304 5 117,56
30387 17097 5 30,48,105,58
13877 10549 5 131,52,20,80,38
28265 4045 5 183,181,105,113,58
6224 32139 6 9,111,35,39
29381 25896 5 65,102,38,163,146,83,140
25721 41496 6 184,68
34088 38004 7 83,57,20
37689 14433 7 49,69,99,135
19371 17954 5 57,30,81,108,55,162
43448 5577 6 143,82
44389 40218 7 31,18,44,17,79,114
25455 39532 5 178,112,119,61
17969 5717 5 60,80,95,35,61,48,82
14893 25547 5 152,15,112
40791 30348 6 62,53,12,25,22,184
20780 11737 6 101,15,21
5063 34961 7 7,130,40,39,16,44,38,16
15774 15097 6 181,18,102,61
14517 13171 6 61,58,131
14907 7668 5 58,69,101,156,34,108,20
18685 17976 6 195,48
4305 40970 6 82,60,177
41473 8574 5 146,20,120,184,102,53,7
28275 7859 6 45,39
39128 45187 6 12,129
40043 5173 6 83,39
31975 4189 5 119,41,35
6565 22430 6 103,115
41393 6649 5 53,184,184,91
33212 6278 5 136,185,129,154
30404 43234 5 35,130,35,98,63,37,57,20
6415 33388 6 141,58
13742 43129 7 185,23,211,25,65,184
13971 20767 5 129,151,178,143,36,9,54
37311 40141 6 31,50,51,44,66,185
29412 2161 6 129,195,31
26916 40538 6 53,58,60
24764 37370 6 54,21,63
16129 10804 6 23,216,120,21,146,82,116
19459 24719 5 61,62,20
23469 2454 5 59,49,52,102,104,139
12726 13011 5 130,60,130
24894 36278 5 66,91
5203 38339 6 184,146,75,107,28,119,21,95
22067 13162 6 28,17,83,59,43
19999 10544 7 9,129,48,142
25588 884 6 81,104,19,145,67
12411 7770 6 39,81,119,61,61
2782 2224 7 25,9,29,119,66,114,183
5850 23910 7 100,119,101
35119 19906 7 58,19,195,26
8093 17753 7 48,129
2540 13530 6 115,179,83,194,62,184,178
9191 43011 7 62,114,102,103
6808 39686 6 115,18,20
24003 16773 6 80,47,53,41,146,119
36161 22601 6 20,110,68
42420 45754 6 7,141,53,184,112,63,96
44905 3832 7 162,29,159,22,48,101,12
13427 8810 5 45,56,60,160,40,36,10,20
10105 37936 5 85,109,22,78,50,15,183
4170 35210 7 33,50,68,179,185,96
34179 11632 5 130,7
34456 29876 5 36,20,85
7235 21985 5 16,135,62
29497 23441 5 102,59
45450 15202 7 130,118
7989 43602 6 16,22,195,99,17
4501 22883 6 105,22,83,41,62,129,111
9001 40009 7 94,55,55,49,113,36,19,105
26655 34761 6 129,21,25,129,37
20497 1488 6 129,58,185
29613 11810 6 62,110
3250 4508 7 111,67
35872 35516 5 49,149
40813 45487 6 130,63
27076 26653 6 20,10,59,82,61,177,182
13970 23089 7 211,119,120,36,52
8226 29838 5 37,132,7,182,117,40
16681 35065 6 20,128,83
7173 12023 5 20,48,12,69,140,21,113,126
2568 1272 7 10,17,135,32,64
26450 22514 6 118,24,59,30,51
6366 4906 7 58,112,18,68,65,149,19,34
42289 3765 6 182,73,87,95,101,77
44993 20801 6 15,29
33799 33153 6 58,145,169,130,8
28912 18917 5 91,102,103,108
36463 38061 5 10,7,146,27,154,25
25241 38765 6 116,104,10,21,49,85,12,111
42141 33476 5 49,200,143,41,19,21,194
42005 370 5 50,12,62,60,83,55,60,133
10233 6914 6 42,66,22,35,13,47,51
16496 35591 7 119,17
35821 18313 7 35,40
6708 17179 6 60,156,55,21,104,104,54,84
7483 21157 6 200,43,15,19,60,20
20812 5848 6 45,169,83,23,113,49,23,119
31317 16008 6 211,83,66,79
29159 14468 6 134,85
36457 18483 6 76,61,84,178,84,132,48,111
25476 17383 5 132,102,84,108,49
33154 6138 7 102,48,120,40,63
36906 25709 6 9,181,136,185
24922 28927 7 156,162,110,183,14
3309 5296 7 106,67,19,119,185,185,60,67
43442 6156 6 15,87,185,57
45666 24029 6 20,116,81,57,80
16700 4143 7 49,56,62,67,14
4427 32535 5 101,85,57,33,61
32909 36678 7 21,142,15
24955 21191 6 138,97,35,103,114,45
43014 9813 7 144,102,80,34
27507 37441 6 104,15,48
30797 10077 5 102,119,27,101
8889 37461 6 20,119,36
36163 31584 5 129,79,119,178,39,182
32733 33784 5 77,9,57
31214 2289 6 64,131,29,110,23
1678 2291 5 16,162,96,129
6472 2268 5 62,103,116,36,23,111,83,156
9434 4220 6 49,183,104
14302 6509 5 60,102,50,53,101,106
16247 832 5 43,20
37640 41666 6 87,129,128,163,178,65
25877 34430 7 25,45,21,21,38,149,52,109
36820 27676 6 118,49,66,169,179,50,49
35413 12532 6 43,22,84,23,66
40792 5559 7 61,47
41205 18871 6 132,69,19,24,78,14,58,104
44492 31131 5 182,130,53,119,163,10,49,82
33532 41191 6 46,59,47
29541 10340 7 19,59,102,82,104,80,49,14
37193 2641 7 83,35
4993 1646 6 156,56,41,119,21,119,77
40505 41071 5 182,22,58
40836 37553 7 131,130
5143 14923 7 178,68
26732 30854 6 162,96,28,141
30027 10329 6 59,104,24,44,132,58,179,83
17162 33962 5 53,17
25933 22933 7 59,68,66,98,19,18,61,69
6938 6802 7 44,61,103,49,113
9579 565 5 21,38,21,130,110,50
18563 38747 6 80,119
44960 39532 5 48,131,141,9,44,103,37
35489 38196 6 102,178,162
45199 7087 5 64,18,78
18455 8436 7 85,36,83,61,23
887 32344 6 15,149,69,29,96,130,21,18
30342 22101 6 51,61,32,33
5002 39041 5 111,130,113,84,142,62,22,163
3659 23703 5 57,107,111,119,47
12052 31779 6 36,87,130,181
42447 31026 5 82,61,19
39724 1118 6 20,48,37
34610 21093 5 111,12,128,48
29028 14583 7 28,162,40,20,46,185,118,61
24784 16987 7 77,91,18,131,58,131,16,179
23465 17097 5 38,28,23,115,52,59,156
947 16206 7 118,60,69,44
41450 34269 6 178,149,101,57,135,9,40
38678 42607 6 111,87,211,69,216,119,143,64
11095 34504 6 39,178,68,68,58,63,53
44349 8219 6 204,17,179
16719 11436 7 20,204,65,185,64
31899 2682 7 17,118,12,9
10531 41882 6 91,77,23,112,12
5719 3040 5 27,132,47,57,55
11787 42329 6 48,68,49,48,101,17,48
30884 18072 6 60,136,41,131,184,55,104,15
27964 1663 7 49,41,162,49
6871 16263 5 53,140
5329 34512 6 60,136,7,45,185,119,104
25185 2714 5 62,185,53,114,118,43
15391 1011 7 17,22,132,81,194,185
19906 35179 7 34,184,104,67,49,65,65
8112 23250 5 53,106,44,143
5188 16994 7 24,51
28712 30069 6 69,67,100,184,135,181,102
18022 20860 7 156,108,162,25,120,38,34
29054 38148 7 184,82,10,113,39
44647 13500 5 129,184,20,59,163,63,30
38621 10373 5 59,26
24065 2744 5 63,119
25422 21762 7 129,51,46,8,140
40342 33188 5 28,20,119,128,179,81
27205 8709 5 18,8
17625 31709 5 76,65,185
43841 728 7 69,185,85,10,83,49,110
41895 39214 6 47,144,113
8415 38394 5 37,103,23,37,34,129,83,53
32253 38470 5 33,7,110,51,10
32487 6753 7 115,48,120,42,194,104,153
27740 40769 6 96,67,69,138,185
33334 18427 7 52,132,30,28
8782 42962 7 63,66,113,21,37,132
18887 12722 6 185,55,54,20,133,145
38410 791 6 41,155,14
38500 32846 6 163,117,81,45,68,23
25036 14909 6 26,25,103,178
29338 19616 7 140,116,33,92,35
16083 45554 6 95,108,177,194,16
37569 41201 7 37,194,47,63
11778 13443 5 55,35,17,26,61,185,33,184
1709 37714 6 149,48,162
43445 14630 7 136,69,103,7,136,18,111
9378 17262 6 39,40,115,114
13243 40505 6 152,59,194
34462 22317 7 158,65,211,39,101,67,57,39
16999 2740 5 185,129,109,68,111
4202 19330 5 12,100,27,32,29,49,67
1650 16844 6 32,25,104
14177 26822 5 17,10,160,104
32901 25669 5 18,104,19
12187 11121 6 163,162,9
24745 19940 6 28,52,106,130,163,162
41431 13897 5 61,136,119,61,145,69
11467 16258 5 116,163,133,129,44,19,185,20
43152 16058 5 53,104,23,59,18,56,62,61
17552 44572 5 66,129,119,65,177,119,119
42980 21568 6 21,68,8,144,152
14590 20851 7 56,34
2174 42254 6 83,112,61,49,48,178,162
34007 1624 6 12,43,114
37755 21889 6 60,16,129,62,116
38723 20275 5 54,27,108,63,119
18273 42465 5 87,183,191
27518 11295 7 108,85,14,10,130
12497 16535 6 101,156,185
4679 7874 7 49,38,137,17,113,30,67
20296 15000 7 53,85,81,16
12592 17401 7 58,115,216,52,58,82
21259 35799 7 100,131,62,109,162,47
23044 13581 6 37,49,185,129
10867 45306 7 19,83,103,54,21,64,189
10265 36534 7 22,43,102,25,194,185,117,49
42859 3416 7 50,149,81
35074 3335 5 120,18,181,116,18
45395 13666 5 56,48,21
22047 8272 5 29,58,115,34
466 45061 6 132,183,119,152,7,37,8
21743 1916 7 85,22,50,59,41,15
7615 20637 6 103,15,44,106,120
41525 30207 6 60,129,20
37954 16241 6 59,108,53,15,66,106
13737 6404 7 47,106,100,46,128,21
39255 42008 5 61,56,138
28178 19140 7 59,83,19,57,19,100,68,48
15839 3977 7 129,82
1332 43448 6 25,129,194,90,22,87,33
18013 17593 6 149,142,162,67,52
18327 9454 7 36,34,163
10107 9840 5 8,10,20,68,21
782 43494 5 103,140,120,66
2732 44358 5 136,103,63,130,185,77,12,20
19403 30840 5 49,156,55,163,10
28847 44273 7 40,46,69,119,189,155,25
24585 23938 7 169,133,156,16
25133 32820 5 23,36,63
8454 28706 6 185,23,57,85,138,54,136,63
25185 30860 6 132,104,76,10,130
34002 44936 6 36,65,194,120,82
23107 31160 5 60,82,10,47,60
30925 7286 7 129,64
27128 36163 6 34,178,60
10650 30347 6 108,103
18794 31621 7 118,185,85,135,47,10,95
20736 40026 7 10,195,84,192,146,50,32
24367 3816 7 15,112,162,182,91
39696 29884 5 16,179,62,102,40
19584 27530 6 185,41,106
37471 2930 5 98,119,104,102,33
39667 29495 6 62,43,68,46,21
28128 6062 6 61,83,32,119
36442 10741 5 182,63,106,19,60,21,140
25237 37251 7 130,115,152,17,47,58
17713 20414 5 115,16,46
12025 26078 6 179,184,58,35,60
4959 20235 6 65,119,131,118,129
18011 32471 5 58,9,103,28,135,185
11145 11450 7 64,38,104,24,28,19,63
34705 3704 7 67,61,61,27,130,102
554 38112 5 163,61,119,120
22417 35086 7 109,29,149,160,69,85,182,82
19230 3331 6 59,60,81,116,181
552 33416 7 48,48,144,12,21
42635 25610 6 182,51,143,47,53,184,65
43440 3098 6 81,39,167,44,162
5475 22960 7 63,21,63
26244 21681 6 20,108,120
24567 19439 5 129,83,101
31000 43307 6 182,10,142,33,163,20
33172 12108 6 185,28,110,46,49,54,99
7340 10204 6 23,113
17487 42608 7 120,43,25,50,129
9913 41986 5 97,182,119
39314 35389 5 21,34
18006 5610 6 115,65,44,20,185
13352 36093 5 49,129,22,113,49
8287 41088 7 111,108,22,53,41,54,107
30957 9131 7 106,46
24922 43575 5 40,181,30,61
8023 29005 6 111,40,101,20,57,138,91
30819 28631 5 45,185,7,14
11912 843 5 83,85,111,38
43392 33801 7 52,58,63,57,42,44,194,45
19209 28694 5 162,82,81,60,15,45,43,63
19194 22401 7 143,184
16121 21224 5 104,106,22,61,43,28
6798 12730 6 39,68,43,73,91
19003 43583 5 38,63,103
2692 32426 6 178,129,129,112,185
36718 43224 6 83,49,142,181,87,102,129,63
37862 22633 5 81,177,119,142,184
44618 20369 7 17,120,64,61,179
24676 38021 5 104,21,62
2128 24374 5 17,85,115
14109 19616 6 81,68
34353 44222 6 50,185,185
32362 28795 7 49,144,119,50,63,50,35,91
24371 28937 6 194,31,48,68
36189 22659 6 20,104,33,15,44
21952 573 5 46,54,106,46,49,141,18
35217 25069 6 30,49,116
30617 40104 6 20,87,64,163,125,38
42591 20121 7 106,102,115,19,59,33,50
12640 21268 5 112,163
8389 17528 5 82,35,103,102,211,41
31262 39807 6 140,53,111,62,41,10,108
12327 40989 5 177,57,99,84,29
14342 14184 7 47,48,102
16761 10394 7 160,7,130,55,39,49,26,185
8085 25739 6 34,8,55,128,135
27332 2737 5 42,8,127,62,39
40232 27625 5 114,118,46,118,149,120,177
44887 31827 7 37,19,87,120,99,110,145
24714 40227 7 14,12
40639 2413 5 34,58,116,20,54
10044 36342 6 8,82,177,58,45,85,181,67
38268 8450 5 85,52,28
27808 28839 7 105,66,100,63,160
13399 626 5 37,17,102,104,131
35550 25337 7 156,104
41985 30010 6 110,135,7,146,52,61,40
22755 10773 7 13,91,49,35,30
31183 36566 7 57,104,53
34111 17660 6 29,178,136
30764 17161 7 56,82,63
13016 41310 6 103,81,10
15805 37622 5 21,163,67,101,25,91,181,120
5865 37404 6 54,129
1461 33735 5 132,14,140,49,149,87,36,64
37712 24415 5 102,23,15,12,58,119,155
11610 14271 5 40,27,19,111
30234 45784 7 133,58,45,21,185,131,180,18
45099 44946 6 18,116,48,84,131,60,182,52
3901 33321 5 20,103,20,21,35
12790 5637 7 130,22,6,9,108
39899 15733 6 55,9,60
40138 5048 5 80,51,129,67,59
43806 29378 6 62,55,91,114
38532 19461 6 40,59,81,149,87,112,67,12
36038 12529 7 156,115,93,45,102,21,105,106
29322 10555 6 53,50,59,41
8221 24754 7 109,117,40
37954 10183 6 46,10,44,130,120,119,50,46
12817 25591 6 26,81,102,53,17
11009 3925 7 18,59,63,63
4420 27439 5 119,59,40,24,18,135
6380 40983 6 61,109,36,136,129,51,39
32083 35453 5 7,119,145,185,38,54,68
19584 736 6 55,53,102,48,41,60
14317 14778 6 130,112,49,169,29,68,60
25460 44325 6 38,63,7,118,39
11485 22639 6 52,7,140,48,103,46,195,119
29994 34636 7 119,49,58,79,36,51,68
31762 34941 6 7,66,29,104,106,52,17
26213 17270 6 38,40,120,49
33977 38140 7 49,129,60,219,37,183,59,216
26340 7638 5 169,65,182,51,82,83,30
11669 29197 5 116,105,152,81
23297 27681 7 53,29
21355 41178 7 21,10,204,61,61
38169 43476 5 18,17,62,131,139,158,110,60
42332 44697 5 46,101
44530 12663 5 201,110,57,114,7,42,156,114
24877 38218 5 126,117,26,143
13284 41687 5 12,134,181
26309 22479 5 91,69,63
15421 1728 5 52,177,136
7831 38618 7 32,8,65,14,44,63
4707 31811 7 10,127,16,50,33,104
14180 42803 5 113,21,28,9,135,41,118,87
4285 29513 6 33,12,19,194,64,194
37348 31048 5 113,35,20,184,23,102
27875 35477 7 148,129,119,48,181,47
4535 2551 6 96,21,182,141
25336 21481 7 80,45,35,28
28037 19466 6 65,87
38952 41016 6 64,20,69,120,85,84,12
31793 10330 5 20,53,33
43635 11609 5 118,136
13206 13181 5 60,101
14988 45230 6 134,184,193,65,53,83,65,26
19515 13674 5 20,119,119,62,62,104,34
24441 1040 6 49,103,28,115,141,144
10309 35833 5 163,129,179,22,48,104,112,119
803 16520 7 54,82,194,142,40,81,49,116
5774 1215 7 14,62,184,104
37527 501 7 81,152,112,54,57,56,25,111
2593 39800 5 53,116
37649 19458 7 143,46,44,52,113
41952 28578 5 60,106,129,61
112 8503 7 130,102,104,139
38818 25527 7 182,117,104,30
9353 38416 7 54,182,185,78,91,83
913 33740 6 103,21,134,52,19
2178 38765 6 144,136,50,160,136,106,85
33884 44540 6 9,51,116,41
41348 14164 6 117,39,156,53
18467 11320 7 12,62,111,118,136,61,60,19
38885 43142 5 128,194,85,182,91,80,149
12679 35195 7 18,44,9,141
43182 3295 5 163,36,57,58,115,109,51
21086 8690 7 26,23,52
39812 30431 7 62,23,132,12,78
8046 44328 7 64,84,12
14727 36613 7 48,142,117,158,105
3153 35989 6 151,60,113,36,80,119,102
9339 33727 7 131,108,140,37,104,119,57,75
5892 24003 6 119,131,104,106,18
5027 23257 5 17,146,194
4937 34569 7 129,149,118,36,56,45,18
36267 38296 5 130,160
3475 295 5 103,152,27,46
27868 7192 5 29,118
19686 28404 6 59,129,102,194,18,176,47,34
8740 39426 6 51,35,14,136
37604 43098 6 130,48,39,30,85
42785 24948 6 119,136,141,143
1462 3716 6 29,119,119,38,19
44595 33665 6 132,129,29
26629 16367 7 10,82,113,108
38901 42230 7 20,85
41435 199 5 80,129,85,130,21,81,144,35
40160 24490 5 91,22,58,18
23899 33086 5 8,45
23664 15734 6 85,81,48,48,49,139,22,136
6451 38926 6 143,61,195,102,178,178,18
5111 43635 5 37,61,79,104,40,21,211
12752 5582 6 162,162
44711 33462 7 185,115,46,149
44913 11730 7 82,184,39,201,63,42,182,104
30370 26833 6 22,39,184,46,137
23640 30995 7 129,67,58,56
29726 1843 6 159,119,19,18
10747 15406 7 50,21,66
44561 27762 7 47,103,21
12670 31941 6 83,102,51,33,44
23518 35127 5 134,7
156 31147 7 64,41,130,178,130,111,27
34100 26103 5 19,194,103,53,59,169,112
11803 39970 5 21,48,156,163,58,83
29699 21144 5 40,103
38139 2238 5 19,28
20597 18687 7 149,24,129,59,9,20,19,21
40679 20085 5 68,48,9,169,182,47,118
26171 39529 7 100,15,19,54,20,6,131,130
23894 34959 5 194,185,163,43,78,61
1313 4116 7 41,113,55,146,35,62,179
13553 33857 6 36,84,55,22,30,54,50,108
29813 41991 7 100,87,103,67,17,29,119
20838 18508 5 62,129,82,103,62,51,114
31115 1789 6 10,69,49,47,19,28,143
32573 16809 6 51,118
1181 5382 5 47,24,47,29,21
44192 14608 5 48,83,81,120,36,69
28613 45522 7 30,120,51,118,22,68,49,53
18756 30897 7 145,82,23,12,25,62,65,185
10169 10511 5 54,62
18855 34969 7 155,23,65,18,84,119,113,58
37946 35764 6 9,14,61,142,52
21176 41257 6 111,10,178,84,66,182,66,91
33104 40458 6 184,17,23,18,58,70,55,149
16522 13769 5 128,34,105,104,46,61
38316 21277 7 44,24,57
14672 35111 7 94,96,63,83,181
41694 31843 7 132,12,107,44,22,181,177
34859 1245 5 94,134
21384 20215 7 130,162,66,20,83,50,114
17266 44309 6 20,103,101,119,69
34360 16902 6 149,16,104,61,20,44,53,83
3655 31454 5 35,48,17
10325 9568 5 24,108,177,42,79,69,79
10418 17602 7 102,31
42931 34547 5 49,85,49,35,47,10,21,114
34208 3989 7 99,87,110,185
32012 44350 5 101,90,131,130,17,144
24404 11463 7 52,69,27,102,136,29,162,17
13952 41229 7 184,116,75,211,185,136
15668 24419 7 111,12,24,21
21198 10765 7 83,69,85,101,117,82,103
37275 27115 5 184,58,29
38606 35870 7 162,93,130,85
3048 1367 5 194,184,14,115,31,47
11909 19610 7 14,104,40,21,21,108,185,59
16376 21668 6 41,48,129,77
5742 43131 5 61,119,143
43603 19237 6 132,216,65,124,110
25612 30999 6 64,66,39,16
25086 19292 7 129,58,19,117,24,56
43845 44790 5 112,39,114
41943 42554 6 14,61,56,194,102
39747 3802 5 160,53,36
12586 15481 5 142,55
14885 22016 5 120,128,48,20
38798 39342 5 78,38,108,136
12113 5753 5 81,66,9,179,9,94,185,30
26151 8017 5 119,93,129,49
42253 439 7 101,112,102
11666 6667 6 81,59
41498 38791 7 68,43,111,20,54
16710 5298 7 65,63,101
32916 18637 6 110,82,63,81
41682 22122 5 178,16,43,21,163,10
33055 23361 7 19,30,165,37,163,47,24,61
25842 20060 7 41,105,116
30354 35741 7 103,63,146
8107 33056 6 139,19
45199 23243 6 103,21,14
1865 39672 7 41,48
11663 9254 5 83,44,129,58,49,119
14730 11449 5 77,25,185,20,24
42761 34119 6 59,63,30,59,40
22503 38354 6 53,14,41,37,18
17686 43824 5 20,83,29,25,51,35,52,58
24774 38967 5 53,59
39741 43536 5 45,113,32
33734 16237 7 156,67,204,66,63
22336 7214 7 47,130,141,163,49,152
22300 42445 7 179,50,68,163,19,52,179,38
45230 38410 7 10,83,101,12
2152 24880 6 68,177,19,129
766 10369 5 37,69,216,67
18251 22360 6 55,185,39,158,131,8
6048 2124 7 108,169
33930 5317 5 119,101,44,8,14,49,58
20155 38626 5 53,40,82,130,49,40,82,64
28964 26155 7 67,104,64,83,153,149,33
3074 35573 5 119,56,79,185,35,18,60
7581 24984 6 119,10,80
25646 31901 7 58,87,53,113,77,102,103
11150 7943 7 53,41,45,63,109
43364 11641 7 63,20,59,29,178
3519 37877 5 178,184,9,60,131,39
902 40288 6 51,48,127,82
3182 41305 6 20,108,191,45,60,49,7
12214 18328 5 39,22,191,9,91,37,130
2979 1533 7 116,134,162,120,120,130,19
27445 35936 5 49,120,108,20,48,34,146
35476 12831 7 131,85,58,89
4124 21853 5 112,31,103,46,83
17516 39485 5 34,22,48,194,35
11789 19306 7 129,57
23942 38242 6 185,181,21
17694 35875 7 51,12,53,16,15,158,161
4016 3340 5 56,20,129,15,101,33
40724 1427 7 59,16,115,106
23402 20592 5 83,130,156,32,185
17324 26808 7 43,129,20
36563 3244 5 63,20,35,35,42,49,144,33
5269 17371 5 57,132,58,142,184,56,104,110
16998 6300 7 104,60,81,185,163,119,49,21
31911 19050 6 97,10,66,41,104,112,69
40160 1392 5 52,10,48,112,102,116,34,129
37638 32956 6 149,83,18,142
29062 823 6 59,39,85,20,29,104,66
6093 14934 6 132,50,183,26,29,61
560 31420 7 17,178,113,91,6,104,42
9796 44269 6 49,120,104,44,77,7,41
7721 39944 6 156,120,91,159,21,163,105,7
33516 1549 6 22,113
22449 32972 6 162,56,111,62,185,119,129,59
39134 27743 5 12,112
30806 42117 6 132,141
31442 30371 7 45,37,38,97,85,179,119
38733 1538 7 119,83
4896 18153 7 26,83,39
8576 30003 6 20,21,47,146,54,16
22380 43338 5 185,49,185,17,120,35
8876 6609 5 91,216
8132 21097 7 25,35,79,102,46,83,179
38485 7689 6 53,104,20,45
37795 45647 6 82,57,116,83
3680 8186 5 64,184,19,10,181,65,56
18571 1203 5 104,169,34,58,69,120,84
12241 37726 7 49,82,83,133
1257 37254 5 99,106
37188 24444 5 191,84,185,62,10,36,10,58
39905 2102 6 83,53,146,57,44,57,116,112
28727 26456 5 51,21,82,18,12,112,87
28598 20933 6 116,120,12,62,194,120
6989 36141 7 119,36,10,19
4251 31984 6 53,68,64
39549 41677 7 44,58
34610 20196 5 24,20,83,102,91,23
25605 18126 5 151,36,85,200,59,17
43314 33673 7 112,20,81,65,211,62,21,129
42626 101 6 10,132,163,83
16379 15313 6 58,66
22730 38425 5 181,14,10,95,184,24
12265 41517 6 106,34,68,55
26069 45810 5 49,47,80,41,31,131,18,19
11067 11796 7 57,69,145,17,18,130,64,138
9563 16011 7 104,67,25,83,85,144,80,9
2377 45682 5 56,104,24,156,87,63
22424 21221 5 128,194,21,24,58,63
11059 4167 5 178,183,181,33,101,85,119,26
12877 12379 7 10,162,63
30756 13526 5 62,49
32158 22790 7 61,38,169,119,178,63
27985 5129 7 105,65
21350 10976 7 45,55
45635 12169 7 36,10,59,115,111,38,52
37807 7970 7 21,19,12,12,144,41
27554 31182 5 85,128,49,163,105,86,61,194
44627 43669 7 60,169
12343 32982 7 119,83,105,14,130,14,143
1556 7746 5 65,55,129,29,179,48,58
29248 840 5 118,94,85
37073 21414 7 185,23,21,53,116,16,50
37348 6163 6 130,28,62,62,178,140
6878 21794 5 25,63,59
38371 3149 7 129,23,20,15,39,66,29,59
23859 28815 7 33,178,162,24,83,169,145
30579 37161 7 17,58,48,113,142
15493 22803 7 72,33
27553 39098 7 49,179,181,119,185,33,102
16959 19458 7 59,49,117,119,142,9,16
39350 8960 7 26,103
11448 16772 6 18,163
31088 45191 6 87,25,211,38,103
40043 18167 6 66,132,57,53,184,50,10,53
7758 13959 5 14,112,58,152
37234 4909 7 96,83,19,49,184,51,102
32741 38882 6 55,17
39288 35478 7 21,112
31820 4081 7 58,63,77,193,67,113
43560 5787 6 138,30,52
3679 17010 7 83,9
36040 40426 5 109,59,128,110
13116 19433 5 23,104,20,116,129,103,40
5860 18319 6 179,60
9967 28962 7 169,118,15,57,85,59,96,45
40790 36693 7 40,39,49,65
5107 9645 5 156,61
6823 28456 5 41,59,103
28750 12831 6 78,33,59,184
2105 38137 5 49,194,84,9,112,32
10515 24093 7 57,131
2515 33621 6 42,84,60,30,8
43721 29953 5 57,10,66,101
26005 6552 6 65,27,204,91,28,28,81,10
27137 15701 5 184,38,51,30
42792 41788 5 30,104,101,102,58,80,69,18
1799 38238 7 185,9,48,104,17,143,26,57
45205 43288 6 135,185,54,103
36766 12886 7 58,14,44,82
18901 20657 6 48,138,19,22
42850 17095 7 135,83,119,60,7,7,57
42760 6529 6 108,60,44,134,20,118
16547 23062 7 181,65,51,63
1097 37083 5 48,129,65,152,21,20
31363 19106 6 90,181,142,42,24
38937 20960 6 8,83,81,148,16,119,146,117
22394 31802 5 54,162,49,63,129
35626 5962 7 65,129,85,87,59
1232 18527 5 52,103,38,65,53
16245 25277 5 151,22,18,119,103,15,103,63
23876 11451 7 56,21,65,34,104,33,83,66
32 25204 5 36,48
15492 6349 6 109,16,169
20972 8637 7 104,97,35,34,177
23653 12003 5 61,10,94,156,111,149,12,146
23934 22967 7 58,25,129,61
39411 44449 5 131,49,104,37,179,162,22
45089 23514 7 112,152,48,22,163
11201 16919 6 87,46
27686 36058 7 49,24,145,16
45580 11751 6 62,53,178,61,63
3495 20850 6 51,78
11215 30593 7 49,116,42,20,80
1657 36621 5 182,63,58
35718 27021 7 51,109,10,21,135,79
31406 36073 6 132,48,116,45,104,83,62
33457 39814 6 78,107,120,61,90,20
32382 12605 7 178,185
875 25347 6 119,93,179,91,135,101,156,12
26716 206 5 104,82,120,60,62,99,7
43305 39099 6 118,21,49,41,10,51,54
19700 7779 7 136,100,109,110,29,45,50,141
4845 31932 7 15,141,103,111,10,152,7,83
28304 44315 6 80,144,82,27,140,46
16271 23387 6 163,24,154,30
2123 22408 7 108,58,146,65
7640 41041 7 102,129,21,83,63
29730 6337 7 15,19,65,119
13955 14594 5 22,81
11476 13970 7 103,53,51
43269 30815 6 120,58,118,27
7854 4347 7 47,65,101
13067 38276 7 184,19
38010 42579 7 41,185,59,103,119,55,145
32997 17036 7 103,55,101,104,185,61,19,67
39108 1105 5 103,177,112,24,185
22687 35155 7 12,128
19622 23511 5 152,14,129
29544 45581 5 107,62,63,19,65,101,118,47
79 6481 5 39,110,9
28949 40620 5 119,115,40
9586 17132 5 85,57,59,15
39750 39725 7 48,80,23,37,131,80,130
36496 30544 5 39,10
15629 39330 7 28,130
42969 44952 7 115,87,83
9428 25156 6 216,104,113,12,65,64,61
29576 26549 6 39,149,144,119
43590 7127 6 38,103,56,63,179,130
7647 43085 6 115,37,56
8454 23045 5 112,69
30812 27095 5 63,43,25
31084 39976 5 45,69,97,113,118,7,85
35011 44102 6 154,184,105,63,185,20,109,60
14306 37636 7 211,35,10
2607 23408 6 169,21,52
30629 31462 7 102,109,50,191,27
28001 43869 7 53,29,128,111,65,21
35686 43236 6 91,43,40,108
24527 1435 6 130,9,16,102,14,62,21
25160 31148 7 190,142,21,38
23057 21612 6 81,179,113,178,37,60,84,163
29420 20632 5 9,52,61,64,15
24828 43291 6 37,113,48
823 12053 5 91,81,116
35175 14431 6 84,136,102,18,110,103,162
1576 6431 5 132,16
14351 25293 7 18,107,129,57,30,185,146
20120 40298 6 51,87,24,50,105,21,41,59
42599 11015 5 185,101,81,18,178,131,82,149
30287 8597 5 195,107,21
27360 32214 5 179,110,63,114,115,65
36615 1810 6 131,149,66,59,104,45,49,115
6781 39870 5 104,114
2570 13253 5 64,81,91,103
17022 12994 7 143,49,131,50,46,160,15
38433 39368 6 68,114
2845 26785 5 129,128,29,140
41013 29830 5 49,84,36,31,104
38859 34977 6 167,64,50
35155 16576 7 19,128,14,38,118,105,148
43789 1656 7 41,32,28,118,120,181
43650 23653 7 34,69,41,49,44,191,63,83
8180 45021 7 194,53,48,60,119,61,56
3939 38039 7 48,111,85,178,57,129,9
19631 38267 6 45,35
42978 34494 5 131,114
17727 24073 6 106,21
19292 18884 7 146,19,48,36,17,47,47,37
19992 3534 6 117,20,102,84,49
18414 30853 7 130,50,63,50,36,49,139,106
29021 35508 5 181,69,14,52,59
29946 35881 5 41,50
5260 34787 5 62,18,5,49
40600 21878 6 117,104,16,105
35674 22143 7 27,34,18,67
5751 10951 5 181,146,60,49,8,48
12612 34015 6 91,119,131,120,20
42168 45520 7 181,45,129,38,120
34329 27894 7 16,18,40,31,50,68
7298 4835 6 42,51,128,103,106,128,34
22031 15653 7 58,136,114,110,83,112,48
969 11501 7 108,67,118
45261 13359 7 79,20
22462 6921 7 23,45,21,21,131,64,51
13215 22713 7 20,65
44245 2771 5 116,82,130,58,117,61,106,9
34950 1899 6 8,9,130,85
38759 4136 6 66,118
43294 22207 6 91,30
26716 26218 7 39,44
30341 957 5 96,10,114,51,181
10967 14097 6 59,35,21
11303 44374 7 113,49,21
14955 22404 6 118,141,120,81,58,87
12610 23407 7 185,33,177,177,95,146,164,142
7854 38735 6 59,84,17,54
25822 30563 5 50,60,178,29,184,33
9088 26329 5 18,14,58,112
41951 25976 7 91,177
28829 9091 5 10,43,17,119,17,52
15971 2920 6 58,69,22,60
8908 36930 7 52,163,136,151,175,104,18,20
38899 19460 5 20,141,109,69,15,193
1170 27499 6 30,118,185,109
39591 8885 5 163,71
45181 40668 7 47,49
20075 550 6 82,25
44399 1191 7 157,179,63,120,102,52
3573 30482 7 132,68,109,110,103
24854 16680 5 102,185,129,129,103
18416 34075 6 185,142,104
26328 21426 6 184,179,83,48
2999 30503 5 53,185,183,83
31930 19515 6 83,19,104,29,195,129
8439 18585 6 156,33,120,54,49
16361 28563 5 131,102,114,58,28,44,82,41
34707 6285 6 10,36
25080 1340 7 68,14
40184 16635 7 37,36,152,163,20,15,69,14
7834 133 5 48,10,51,46,67,59
14529 40292 5 163,132,57,40,85,15,82,64
33955 39399 6 41,42,60,79,143
26637 35758 5 44,194,63
7810 7614 5 19,109,156
24752 10729 6 163,45,44,62,61
26367 28665 6 120,134,58,184,68,130,48
18476 4954 7 49,84,102,33
4280 2852 6 25,7,50,131,136,19,49,46
31352 4875 6 44,82,38,40,109,96,179,93
4352 22559 6 57,169,156
40387 25913 5 10,211,56,80
31271 8552 5 23,17,61,87
7075 17226 6 129,29,119
33372 44116 7 87,108,129,83,177,83,119
4547 14485 5 46,25
16527 44929 5 182,85,184
4083 24217 7 115,55,85,181,169,119,12,132
22249 18584 7 49,201,136,130
15506 34803 6 42,43,10,83,155,63
2302 12788 5 44,184
3274 26621 7 29,34
7911 25339 5 104,178,45,113
32883 43301 7 17,53,12
18455 2406 5 61,184,48
24135 12026 7 38,57,36,34
26597 22527 5 102,131,182,10,10,109
10303 5762 7 35,108,54,109,66,24,146
29886 3777 7 34,60,119,96,117,19,64
13448 18157 5 20,21,66,105,43,129,40,103
16287 25906 6 49,32
13327 12492 7 100,43,104,162,19
25553 2726 7 51,19,105,49,29,61
12477 42770 6 69,59,65,119,118,50
28429 11714 7 21,21,50,194,106,69,36,10
34542 18745 5 184,160,41,51,132
25534 12753 6 47,62,65,28,105
24349 20244 6 64,35,23,21
42156 5235 7 129,84,49,50,194,30,139
18415 40938 6 84,19,130,141,143
29667 19106 7 127,83
15327 7855 6 21,129,48,59,9,38,179,67
9622 31940 5 16,116,38
26696 9636 5 47,49,85,37,109
35998 8917 7 49,16,117,60,133,44,33,102
36054 18287 5 20,24,60,59,46
40792 25865 6 10,102,55,10,128
31119 38003 6 50,44,194,38,48,83
29183 29733 5 48,101,141,65,118,18,113,114
28201 1757 7 22,184
17096 14927 6 112,129,181,104,44,112
37076 40206 7 79,112,103
41641 30057 6 57,119
40548 21775 7 145,194,28,84,30,79,119,104
43292 15026 6 119,92,111,64
26523 20869 7 29,181,106,135,129
22064 32353 5 112,20,114,48
29864 42829 5 110,162,142,91,177,80,49
19865 38799 6 185,44,30,23
6946 12013 5 77,178,109,33,49,84,18,84
43863 34205 5 69,53,194,167,7,26,61,69
8609 5213 5 44,144
26212 22346 6 9,129
41516 36972 5 155,108,53
15675 41198 5 120,36,66
23228 9153 5 110,10,24,47,81,25
22173 25389 6 20,50,135,63,112,83
41835 11585 7 84,61,119,184
19307 15329 6 179,24,9,184,200
9087 8918 7 134,66,104,130
10669 9860 6 53,45,30,129
29731 16110 7 48,154,201
24003 9835 6 179,100
32141 16749 6 51,82,24,24,163,109,20,152
16471 37703 5 63,44,10,194,41,15,52
8910 11858 7 67,106
33136 17298 6 108,58,119,184,34,14,29
37442 31859 6 61,169,10,21
32792 14514 5 106,162,92
10329 5877 7 111,53,28,134,20
15199 16469 7 59,53,52,18,49,149
7341 33754 5 53,183,77,68,145
44494 37669 5 43,58,24,185
8477 36179 5 52,10,120
16144 9012 6 158,128,32
28294 40593 7 146,28,66,36
41709 31120 5 85,185,54,104,59,105,24,20
4910 33236 5 10,24,41,14,178
32051 8730 5 104,22,112,65,39
30484 21732 5 30,104
17099 30579 6 22,103,33,156,90,52,185,193
23635 22065 6 43,82,18,49,68
27464 5302 7 22,58,68,43,45
6574 10410 7 33,53,62
22079 13610 6 36,46,102,181,39
24652 2024 5 43,184,104,68,66,62
9647 8977 7 7,169,130,69,141,63
281 19147 7 136,119
14839 20276 5 200,169,60,36
3880 38675 5 52,9,104,77,25,178
41768 8168 5 65,53
44573 32719 6 65,182,183,41,115,49,131
3632 43952 5 83,113,106,14,44,8,192,25
4060 25546 5 119,185,49
24902 37769 6 130,129,28,19
17481 11513 6 82,52,46,120,49,49
7903 31614 6 104,63,49
1141 13134 6 64,119,66,65,10,65,10
6752 23927 6 76,10
6831 20927 5 62,103,102
10690 128 5 52,108,179,104,59,117,56,21
25719 38591 7 82,163,79,81,131
21625 43965 5 119,101,85
36111 23414 5 65,48,140,50
4055 9066 5 87,62,30,112,20,138
19219 43349 5 140,144,146
6089 20838 5 30,23,104,134,85,185,33,128
35074 18589 7 58,91,87,25,8,163
26661 288 5 87,25,18
45134 33772 7 27,48,82,44,49,104,108
4798 12610 6 101,63,51,67,48,20
3430 43902 7 10,80,83
11830 19894 6 105,149,16,20,25,146,21,105
26777 40098 5 63,104,87,38,134,48,43
10048 7481 7 46,83,82,43,23,131
11396 31310 6 194,142,9,19,23,38
36717 39606 5 62,48,103,20,41,201
2823 6369 5 49,128,105,104,102
37763 31389 6 17,107,79,62
2188 10038 7 51,64,21,23,87,17,41,63
5227 32950 5 46,185
20321 45330 6 120,116,181,17,34
30767 34655 7 106,182,83,54,58,20,65,59
17138 29707 6 23,102,178,114,107
39862 30980 7 69,119,132
21901 41682 7 17,68,109,61,185
30914 14105 6 25,163,55,21,6
36650 29951 6 64,179,62
23804 1348 5 89,120,169,50,181
5064 28244 5 87,66,23,41
9685 43320 5 100,182,63,194,63,61,182
6399 39510 6 103,42,63
3264 16393 7 169,129,112,118,41,42,162,68
2621 13537 6 56,44,103,163,142,181,61
33938 18879 6 21,53,134,14
42081 5139 7 114,181,116,142,119,138,27
6068 45380 6 55,58,83,184,50,57
18082 27207 7 85,116,103,19,22
40195 25573 6 58,85,19,28,119,56,42
5986 33349 5 181,65,34,51,65,36
10648 14147 6 102,69,101,136,58
30328 39832 5 32,19,37,49,49,62
27378 38101 6 41,103,182,20
7820 11020 6 112,113,184,10,181,60,63
27544 43078 5 18,54,83,17
38647 10377 6 52,102,129,34,8,82,55
15207 31641 5 30,161,61,49,47,45,61,43
29695 23926 5 128,60,53,132
17726 35338 6 20,104,183,56,61,179,181
6478 5959 5 104,146,84,201,55,107,120
11444 649 5 10,103,28,63,28
40787 26725 7 48,85,51,62,69
7734 43039 7 29,36,105,115,36,12,146,143
5839 37004 6 129,28,31,65,9
23495 13283 7 145,87
5100 22903 6 181,40
14886 37843 7 142,14,20,169,39,131,102,128
30671 840 6 108,99,45,66,51,41,52,184
1113 44312 7 19,129
2366 43589 5 119,110,54,109,66,110,7
11437 30627 5 22,49,34,29
33940 32012 7 194,181,84,54,120
801 19441 6 49,81
45362 28879 6 134,21,185,63
257 31943 5 104,83,18,194,61,185,103,85
27102 44594 7 103,25,17,10,113
39284 26360 7 119,44
43763 8466 5 117,83,69,25,113,59,31,108
42482 25100 5 64,114,103
3621 17672 5 182,126,118
39580 40955 5 36,58,163,61,102,29,35
8591 20065 6 119,59,78,58,105,64,152
44542 8819 5 131,140,183,83,32
119 9375 7 184,20,145,48,17,67,54,25
27398 2936 6 120,39,105,181,181,91,10
44638 42112 7 21,21,34,103,58,184,135,145
29086 4324 7 63,130,32
42213 11920 5 53,35,58,48,49
21861 32958 5 20,63,48,37,43,28
30771 1250 5 63,101,18
29412 15212 7 54,182,32,105,53
2067 35711 7 21,131,183,94,65
32844 5868 5 129,152,18,65,39,191,65
26241 31410 5 46,87,22,101,183,10
5629 19063 7 58,20,119,117
35571 6389 5 155,33,111,195,163,211,21
2514 24653 6 101,58,48,44,103
43379 23346 6 110,169,27,65,162,59,104,48
37826 7001 5 179,178,59,59,49,111,21
24692 19232 5 185,151,19,162,104,149,117
20059 34049 6 129,59,23
5294 22241 6 63,68,83,129,23,46
17375 41132 6 128,53,49,63,17,78
41258 19112 5 130,110
21713 22660 7 163,129,27,152,176,81,129,110
20312 29131 5 49,120,62,91,64
11165 36719 6 25,81,135,49,60,10
3287 33981 7 62,21,111,50,145,144
29062 38150 7 50,24
36504 44412 7 18,108,20,105,103,142
39965 23664 5 105,204,80,113,143,162,109,36
7213 39866 7 135,16,44
5724 27507 6 104,177,43,104
38623 22292 7 194,29,78,120,111,184,21,194
10934 34250 6 182,20,19,49
40826 15155 6 59,162,69,63,28
20585 26793 6 120,113,17,55,20,101
24699 32528 5 23,185
19779 27655 7 59,142,76,19,49,103,68,47
25992 42462 6 65,48,20,54,55,161,40
12455 28280 7 48,20
27250 1867 7 136,179,25,102,25,10
14046 27220 7 53,107
21753 40169 7 119,52,18
23405 5863 5 12,36,108,63,185,82
26293 45098 7 194,84,48,60,134,185,58
30242 38212 6 57,18,91,114
22051 11122 5 120,106
7214 2344 6 163,10,51,48,25,84,102,48
5433 13900 7 141,55,24,62,60,10,48,159
45300 18644 6 49,104,185,128,129
23889 14555 6 162,134,16,58
16593 19560 5 179,64,119,160
10653 30099 6 18,83,144,35,19
15022 28881 7 104,113
6632 14211 7 83,58,48,44,131,162,149,91
35284 18128 5 67,60
6195 45304 6 201,20,32
30991 35289 7 83,83,110,53,83,176,118,38
43133 20792 5 106,85,43,57,111
13311 35500 5 65,20,80,48,53
28513 10648 5 44,104,111
26884 20636 7 12,21
7617 5840 7 45,130,64,44,102,119,179,129
34190 969 5 105,57,119,163
44563 403 5 60,49,184
13688 26871 7 80,118,21,140
24537 35587 5 20,53,38,30,52,149,49
18010 23930 7 81,195,91,40,108,127,163
30314 3244 6 57,8,102,40,21,69,119,20
26894 33669 5 85,130
1241 9410 6 8,113,110,44,120
11376 25105 6 49,104
30713 34376 6 53,59,28,25
43765 33636 5 28,18,10
43592 35233 5 181,185,149,119,62,116,104,51
34565 25629 5 53,85,49,42,14,40,83
9627 12034 7 129,63,65,135,184,83
41273 19489 5 119,52
21700 14667 5 36,162,49,20,40,45,43,193
8498 25699 5 69,136,183
15184 22589 6 103,37,120,102,120
35427 463 7 177,101,44
7571 32308 5 68,20,49,41,83
10692 30108 7 116,48,58
27112 18594 7 149,38,39,14,119,14,35
20936 28797 7 102,49
40167 24997 5 77,182,65
10776 25204 5 146,120,14,45,102
8884 29450 5 29,63,114,47,7
32013 14218 6 47,58,119,110,61,47,44
3539 8751 5 129,134,116,31,30
22637 12945 7 35,141,42
32806 35801 5 49,17,15,16,35,58,113
19734 3937 5 30,104,53,10,52,85,107,20
15341 17625 7 12,103,139,169,9,68,84,84
32416 4455 6 21,35,24,115,56
2453 25436 7 63,83,23
17235 36228 7 210,185,21,35,44,63
35849 16714 6 30,63,156
772 25264 7 135,7,30,10,10,85,19,33
45280 4130 5 114,37,163,35
34655 10105 6 32,60,85,38,163,104,34,65
12172 702 7 83,144,102
31692 45037 5 61,129
4955 43837 6 83,40,129,114,79
36787 38535 7 29,20,40,65,39
15315 6154 7 140,97,31,14,115,18
532 4746 7 7,12,120,85,111,80,41
17033 1814 6 12,129,21,132
20164 8078 6 182,145,120,28,59,58,15
27668 22850 7 62,129,39,118,10
40552 21504 5 182,63,18
41277 35983 7 53,45,62,113,16,140,119,117
8006 19868 7 49,200,51
488 44248 7 185,63,136,128,10,28,70
10616 29126 6 145,20
27495 780 6 119,64,49,65,10
14984 7191 6 19,111,20
14461 3089 7 169,109,51,63,131,82,69,8
35508 37934 5 48,84,82,184,29
30113 44725 7 156,145
44992 19229 5 63,40,58,19,119
22091 28952 7 42,131,10,134
9059 11489 7 42,118,23,49,48,60,113,19
16540 42886 6 50,135,49,59,61
32282 4383 6 49,194,100,49
34966 6316 5 194,12,102
18195 12031 5 106,156,108,83,69,163,84,55
40194 12589 7 52,45,18,62
39365 4399 6 52,53
7519 10550 7 30,36,115
26073 43481 7 39,104,135,18,177,59
29013 8878 7 63,110,182
9875 22615 5 58,29,51,40,60,178,119
20178 3411 7 63,80,41,183,15
19719 44463 6 41,161,25,44
21568 25620 5 84,10,67,20,163,46,39,81
15445 30417 5 179,46,18,185,45,69
25074 18225 5 54,12,18,67,112,10,131,103
31809 5718 6 56,177,54,51,63
24844 20385 5 53,91,103,57
20384 35933 7 108,63,104,119,9,82
44945 44915 7 22,194,38,58,91,60,118
8787 27920 7 84,56,40
16883 23958 5 109,35,195
14970 30142 5 105,91,48
35819 16053 5 105,10,53,30,36
38729 16548 7 63,20,45,35,61,18,50,118
37220 39694 5 10,117
51 23003 6 79,185,81,12,27,20,62
35694 12221 6 163,183,56,26
13557 24236 5 7,183,50,12,17
30027 8662 5 104,48,33,9,184,144,80,92
37844 7492 6 169,194
13548 9785 7 59,38,49,62,15
21095 21776 6 185,50,216,91,103
13852 20794 7 119,91
35820 30233 5 109,23,142,84,63,21,18,81
1062 8983 6 48,68,45,10
12335 15487 6 52,53,63,146,102,60,119,22
7329 15636 6 184,49,47,185,63,50,104
9587 22127 7 153,35
30845 18532 6 18,191,119
9174 23210 6 80,194,139,54,61
39997 10799 7 111,114,195,169,184
16736 21721 5 8,96,184,67
18402 1700 5 18,128,66,10
43681 43141 5 107,59,60,106,58,136
30517 4100 6 15,19,18,67,14,14,133
7107 2084 5 25,66,10,194,113,30,118,48
7946 45809 6 22,84,205,107,153,18,167,80
7518 1111 5 57,60,66,112,49,101,65,178
6663 30124 7 18,179
40076 9572 6 60,104,116,49,39,53,62
42760 6357 5 194,63,103
15468 17353 6 133,57,116,83,57,17
45100 2364 5 8,185,129,106,30,51
37574 37119 6 36,32,129,7,149
42121 34375 5 61,132,109,51,37,26
853 6217 5 22,60,84,54
30663 23884 5 104,132,163,119,169,44,18
24262 16832 6 143,114,47,58,143,17,63
20058 28530 5 12,130,22,104,181,47
19957 367 5 30,35,48,117,36
147 43436 6 37,160,178,184,33,177
13011 14160 5 184,39,63,19,53,21
20214 22371 6 47,112,103
5289 26509 6 60,9,83
39937 43825 7 8,47,185
33037 31634 6 20,35,18
35240 4115 6 181,22,49,63,59,35,113
141 44002 7 87,14,185,22,59,146
42577 43684 7 59,59,115,19,102,91,36
14352 27038 6 112,91,55,63
30397 30015 6 65,160,129
7592 10276 6 80,136,17,56,85,14,45
8683 21563 7 21,24,82,61,68
19741 28436 6 87,10,14
30413 6084 5 128,103
43540 25542 5 106,49,17
26870 10392 6 12,48,84,61,47,21,116
19213 21064 7 118,43,26,49,40
20137 25857 6 102,21,178,99,128,21,35,104
18504 15791 5 129,45,83,39
1344 43410 7 102,56
25410 2113 6 134,110,102,146
29785 39583 6 169,24,34,39,49,60
24350 31386 7 43,7,12,62,49,98
42655 5896 5 183,185,83,19,28,99,21
30973 35448 5 113,18,182
28517 32675 5 138,32,61,37
7208 32204 6 63,104,55,52,178,185
6854 43185 5 17,108,58,26,194,118,184,110
23886 36403 6 51,163,132,53,140,85
37195 14293 5 7,82,40,110
13710 9975 7 20,144,136,105,19
16546 44720 6 102,53
28770 14900 7 26,83,115,55,104,83,118,104
40319 13966 5 66,89,41,78,129
13758 13716 7 49,48,22,156,32,35
24374 15098 5 56,21,15,151,116,129,131,30
34424 21351 6 47,63,85,156,49
17642 25899 5 21,37,151,57,16
44960 17170 7 64,114,85,54,136,113,104,112
14494 29494 5 41,45
41610 29096 7 8,28,48
32175 9648 6 117,83,53,87,129
34363 11643 7 25,17,111,59
44965 34463 6 27,105,10,25,58,47,19
28480 32699 7 39,109,7
9742 28710 6 47,129,64
5814 9281 6 120,49,37,106,107,38,181
5399 94 6 37,57,11,162,144
14305 6133 7 47,182,53,57
311 18405 6 22,61,120,149,52
14509 43472 6 112,129,10,19,103
33453 7800 7 130,30,87,10,18,107
755 9428 7 56,114,68,87,114
11914 28031 7 47,57,6,60,106
31600 18441 5 182,130,136,30,84,58
32513 24449 6 146,49,169,19,61,181,59
5459 35872 6 113,110
9037 9963 5 119,49,109,50,19,55,84,24
43714 35387 7 91,21,110,9
41090 4398 5 119,182,182
30136 7262 5 65,10,39,163,63
36567 25998 6 156,119,58,142
2621 794 6 8,66,36,211
19229 38219 6 114,64,60,102,24
2509 9099 7 120,18,10,64,35,26,58,18
26938 22112 7 169,58,129,40,185,109,12,108
20719 12217 7 20,59,64,9,12
34992 31322 5 181,129,211,100
4126 11341 5 58,80,45,104,136,85,149,48
44001 9446 6 62,23,119,119
23540 35042 6 104,20,105
42973 7038 6 141,58,21,25,184,68,60,25
10631 4022 5 119,62,104
6653 43083 5 20,156,194,54,119,21,185,132
24264 40679 5 18,120,46
9001 72 6 61,58,163
21198 18362 7 22,102,116,194,37
29472 38538 7 58,27,185,17,119,22,60
33977 44092 6 87,65,131,61,119,69,55,182
7723 42562 6 23,119,40,64,146
24497 11412 6 101,20,59,48,145,163
5260 36152 7 163,48,113,119
2189 34870 6 69,58,24,23,60
23089 14451 5 65,216
43198 35419 6 116,104,68
16590 4464 7 136,47,43
24968 18909 6 181,163,9,21,116,131,46
21804 13917 7 24,64,21,211,85,194,113,153
6152 35082 7 44,19,51
39853 17521 6 106,28,47,30
6044 21313 7 99,149,34
8195 17087 7 60,109
35689 33977 5 113,185
1317 43500 6 163,52,112,128
37192 14921 5 42,160,33
23953 24726 5 114,26,31,183,120,108,129,136
13771 4902 7 114,21,149,64,184,20,115
24428 16599 6 184,48,25,60,98,57
45602 16829 6 58,46
33652 4610 6 18,17,14,63
28466 6867 7 85,57,83,25,59,169
24133 7639 6 85,63,77,21,44
21286 16091 6 129,101,98,117,119
37749 17693 6 18,54,27,10,79,66,49,58
8292 5920 7 66,46,185,130,83,42,84
8731 27495 7 62,44,20,139,61,24
10410 29398 5 64,113,146,87,87,132
34816 16466 6 139,37,39,43
4925 5852 7 38,53,118,81,32,103,182
8913 23248 5 93,59,181,103,53
29532 28800 5 64,18,130,87,185
8974 24356 7 28,64,120,129,109,184,130,94
1079 35095 6 56,60,49,61,62,51
18795 41695 7 116,26,96,185,69,64,135,87
16805 26178 6 82,49,58,178,16,47,185,112
5967 18288 6 52,31,21,13,118,48,182,149
32728 33274 7 19,130
14403 8204 6 119,38,12,119,37,14
33463 23298 5 60,61,46,90
14713 30531 6 50,54,15,142,116
27689 39172 7 106,184,21,181,21,51
1785 20108 5 182,120,30,43,128,19
11317 36859 5 21,178,7,184,103,177
35946 45739 7 79,185,181,132,91,46
9021 28123 5 83,36,138,158,56,36
27782 26292 5 101,7,84,162,194,160,39,194
6520 43240 7 144,185
1736 34168 6 130,83,157,55,64,36,58
34883 10333 5 49,64,83,30,25
19933 31539 5 12,131,61,108,64
43416 28363 6 115,178,46,45,149,109,129,22
7739 24726 7 128,51,37,131,19
715 18026 7 22,132,81
13765 30538 7 116,146,18,47,23,82,82,145
43370 16781 5 40,102,44,103,8,81,119
37457 27820 7 27,104,20
5847 38645 5 119,84,87,18,44,160,58,104
44367 37561 7 63,58,48
830 43857 6 136,20
36913 28002 6 119,103
24066 42606 7 39,19,102,108
9298 36343 6 136,113,17,21,116,23
40093 11905 7 48,194,39,12,113,10,113,114
41820 13056 7 22,57,185
17749 33741 7 143,103,21
4612 38572 5 39,62,24,29,77
10089 29850 7 41,58,56
42170 27579 7 146,61,14,101,134,62,194,63
7213 22363 5 67,118,62,118,36,37,130,66
39606 36762 6 102,39,36,58,25
28065 40389 6 194,21,142,182
41724 22327 6 216,24,96,34,21,114
5485 7157 7 62,134,59,78,104,102,62,58
10460 32026 5 57,48,51,7,136
16492 39297 6 160,91,16,209,30,149,36
30696 13009 6 119,58,28,68,23,80
29082 32911 5 110,41,61,58,105
36606 7361 7 25,120,162,50
28028 12662 7 21,101,116,52
12583 27684 7 120,144,20
13420 4384 6 61,107,141
3736 44752 5 128,62
31407 38839 7 129,54,65,63,66,65
25792 9058 6 53,60,20,101,64,44
138 11665 7 48,20
7143 33924 6 101,111,35,12,129,18,82
26187 33248 6 53,115,60,104
11700 35102 7 112,177,9,116,110
32938 37403 7 67,139,117,65,63,87
42751 35633 6 67,102,62
7701 4281 6 7,63,91,136,36
32981 3527 7 114,66,18,105
42359 11927 5 18,17,51,33,14,83,83,85
29562 31960 7 80,10,83,61,49,156,104,194
27230 527 7 19,7,41,179,118,107
44762 39154 7 103,40,21
14372 42701 6 156,64,37,41,83
19 40185 5 102,20,132
41912 32717 5 48,139,61,42,185,24,22,37
34777 37571 5 61,130
18758 25961 5 163,25
45482 18472 7 48,55
17692 2372 6 114,104,61
24741 31044 7 45,66,27,19,104,29
43085 45711 5 14,136,63,179,19,81
19918 14790 7 10,146,102,96,55,112,69,81
18461 45602 5 37,119,132,101,111
27187 28756 6 169,79,120,36
40933 25034 7 119,50,20,36,115
278 959 5 83,81
1647 8108 7 20,55
30545 9187 6 54,58,109,35,45,84,120,130
5756 8017 7 119,35,102,59,19,87,79
31414 32314 6 103,129,30,23,119,19
33167 13157 5 51,96,47,50,63,177,66,25
41242 22694 5 46,67,83,163
32229 25671 6 178,9,200
24819 14638 6 163,185,21,129,60,163,42,47
25933 6692 5 146,119,82,143,16,102,47,62
6568 17851 5 145,119
20306 15706 7 20,136,53,82,112,33,110
35165 36599 6 30,129,32,103,156
18197 39602 6 80,134,194,57,111
31712 28289 6 22,61,92,24,110,93,63
17627 33621 5 114,84
8842 30428 7 42,179,18,104
25507 37432 6 50,27,51,37
14665 34157 5 61,102,145,144,115
34041 34493 5 26,21
2557 29711 6 21,28,104,135,104,130
8870 44393 5 45,132,93,115
27368 15485 7 19,39
1701 24272 6 87,116,162,107,58,62,52,105
1991 502 7 36,50
1400 31766 6 56,185
19093 5010 6 104,115,40,136,48,129,139
27311 30799 7 51,44
35165 32540 5 21,163,16,129,46,178,146,61
40037 4703 5 129,106,12,19,10,104,119,120
40028 20041 7 50,105
35247 23111 6 184,12,62,48,8,36,148
40942 3024 7 185,182,128,18,54,152
41890 20396 6 35,48,110,39,53,45
29770 41753 7 184,120,12,128,81,182,179,179
33634 22011 6 68,40
4658 32044 5 163,194,129,54,59,182,58,65
35745 25899 7 66,62
32231 11726 5 66,40,114,83
38170 7921 6 9,27,116,204,61,20,50
33598 22854 7 149,37,50,57,20,57
19077 21035 7 37,78,84,111
1253 25440 5 106,53,84,44,103,149,24
20604 37194 5 117,22,43,36
38122 550 6 52,110,184,119
36103 37373 5 130,169,144,63,61,19
44825 3699 5 100,56,109,127,116,119,21
23711 8978 5 81,16,63,115,108,81
5141 39744 7 60,8,84,78
15021 16514 5 87,117
25454 1991 7 80,65,126,119,194
12817 36358 5 53,10,128,81
26773 41553 5 48,56,83,106,20,179
19148 44216 7 146,95,21,83,60
34618 27839 7 19,119,19,83
28213 10032 5 49,109,183
23227 16791 5 151,63,131,185,39,68,23,136
38769 44642 7 61,96,161,35,31,162
40224 14369 7 19,216,27,34,184,79,116,129
28639 40462 6 16,119,130,83
2077 25089 6 182,22
30324 42896 7 46,69,83,46,46,136,132
42499 15081 5 59,50,165,141
35283 41038 5 51,50,58,16,185,58,37,179
22652 45253 7 131,144,55,32
6476 7574 5 146,129,50,47,91,49,83
23291 30931 7 154,20,64
14384 14613 6 156,54,62,128,144,185,79,52
8576 6609 5 142,25,31,57
32415 45436 7 178,53,85,156,39,85,60,23
4063 23412 7 153,148
17340 28581 7 40,7,61,19
42809 38459 6 8,201,109,12,25,59,66,7
754 14056 6 83,48,132,50,84
3624 35559 5 211,101,116,64
11521 6645 7 41,87,149
31452 21561 5 103,28,37,185
45620 10741 6 114,64,130
17531 44179 6 185,119
25161 25154 7 36,18,184
14242 44469 7 33,104,34,146,132,120,118
9138 5705 5 41,38,60
41508 36578 5 53,136,52,153,66,102
22562 34165 7 43,61,58,49,177,103,15
29877 9854 7 62,181
28286 4855 7 10,130,119,211,96,133,169,20
375 5205 5 91,29,101,49,66
44557 5656 7 141,69,85,154,24
9726 5605 6 181,48,116,160,156,68,9,131
9764 8129 7 85,66
18401 28719 5 44,19,45,20,108
27484 7458 6 68,35,87,7,28
16045 43001 6 7,34,38,133,36
30814 27737 5 184,119
38098 25394 7 96,194,185,179
36535 9342 5 85,22,57,63,178,62,183
34728 31204 5 53,60,19,184
5008 40489 7 185,29,65
28564 16954 5 109,181,18,146
22830 8366 5 60,23,28,9,46,149
37212 12415 7 20,67,32,19,68,142
25671 37642 7 81,117,49,49,184,34,104
10259 16954 6 65,117,50
22010 41062 7 60,107,45,51,64,14,133
38879 26103 6 57,120,49,61,25
10203 42842 6 108,37,45,66,45,33,160
42559 15546 5 104,108,84
26322 22574 6 58,184,182,45,51,55,117
35762 11783 6 104,152
36426 687 5 39,23,18
8809 31380 5 195,21,104,85,103
15897 45717 5 130,55,146
6404 25857 5 50,85,84
3977 5481 6 102,42,156,23
10124 25476 7 169,67
36833 3904 6 102,49,22,8,100,120
22418 16420 7 69,84
27684 14589 7 149,38,142,59,156,49,60,112
10510 10575 7 7,179,15,85,57,62
2590 23654 6 67,179,120,129
25482 26348 5 32,102
13371 22329 5 63,134,169,19,48,87,48
17574 36145 7 57,10,118,100
18715 7154 6 59,100,52
40679 33630 5 67,104,118,16,22
12168 34305 6 39,48,81,49,60,18,135,104
17470 16249 7 152,63,20
5378 6551 7 49,47,53,185,18,57,100
42174 16329 6 104,110,38,37,36,65,112
367 41895 7 65,87,10,143,179,55
22482 6381 7 95,63,56,58,63
26773 24078 6 60,105,194,132
19151 6509 7 111,23,40,143,84,100,14,56
45220 38879 5 144,53,177,44,194,119,108,104
9258 28860 6 60,10,67,139,37,117,84,58
5611 3395 7 82,169,42,108
25577 33009 6 60,60,83
36554 4492 5 136,37,9,8
13910 18254 6 200,24,182,178,119,184,26,53
38804 38100 5 119,83,6,21,83,44
636 32674 7 182,21,152,41,24,18,141
14850 17544 7 58,22,156,109,101,179
4586 30883 6 156,35,102
3603 15686 7 19,84,83,42
13992 41025 5 102,57
15213 43066 6 46,34,54,115
35002 14706 7 10,14,59,18,58,60,116
9929 25314 5 108,91
37514 10990 6 42,104,83,10,18,44,63,10
30395 42319 7 20,114,135,49,19,162,63
21951 33330 7 110,49,63
37023 34907 6 129,87,102,104,60
38755 20981 5 182,87,48,166,51,179
9154 4763 6 119,9,45,102
16670 10308 7 16,34,163,115,59,117,61
21010 37579 6 49,117
39674 42131 5 129,119,48
1849 27809 6 17,50,14
38800 9343 7 40,22,33,194,104
1250 412 5 10,20,104,49,34
26302 23679 6 21,131,65,81,49,9
44106 14178 6 130,58,114,77,69,54,58,94
6553 40134 6 64,145,14,28,62,100,169
19838 21142 5 30,46,163,65,62,111
10229 12607 5 129,51,85,146,102,184
3799 41509 7 178,64,36
34679 5181 6 9,129,51,109,129,35
18514 25257 7 8,128,49
43776 3875 6 154,16,101,47,18,36,64
39679 4366 7 18,161
17764 22740 7 129,110,28,107
39353 7830 6 83,82,42,20,163,87
21567 33694 7 185,131,182,38,22,91,116,40
36125 23175 5 16,28,49,20,59,22
9405 21582 7 23,53,107,28,102
7686 23917 7 66,153,10,49
29456 657 6 85,63
32376 7767 5 118,128,56,49,60,102
11657 19523 6 48,142,28,29,104,114
28919 29226 7 8,60,57,179,118,48,48
7834 43763 7 25,136,63,18,108,58,29
14 29552 5 140,49
34518 28772 6 128,15,67,178,91,146,194
15367 36260 7 119,67
2858 16280 6 185,185,87,16,85,44,58,25
5109 5851 7 101,81,108,58,124,59,41,21
40233 3379 5 182,180,109,105,39,162
31728 7885 5 63,113
10148 14674 6 61,38,179
7130 27803 5 31,83
23349 10010 6 29,49,116,101,163,129
35791 41348 7 68,93,65,136
13663 9392 7 62,104,18
11928 13939 7 169,67,85,68,119,61,55,39
9902 37073 6 130,102,50,22,39,118,60,52
14049 26637 5 18,120,29,50,38,61,34,85
17283 29041 5 40,68,163
41327 38627 5 28,37,35,30,106,28,25
12319 31176 7 163,108,61,40,87
29451 44036 5 116,201,44,119
31006 20299 7 81,184,53,63,67
24297 26206 5 182,111,91,128,39,179
36364 43163 5 33,28,119,216,21
19047 40832 7 10,28,52,49,84,46,42,18
38178 26327 7 60,58
16464 32201 5 16,14,119
44113 30603 5 56,104,194
2928 26297 7 67,63,118,119
37911 37060 7 119,56,20,16,181,49
973 14000 7 49,129,146,26,54,77,24
3066 25504 6 82,145,58,16,61,58
28161 32340 7 17,192,131
45786 45308 7 52,19,49,110,62,36,57,51
22714 8031 6 59,141,156,134
11231 29713 6 136,64,53
44079 42183 5 57,48,8,18
3095 29985 5 210,146,61
31763 38831 6 45,28,59,117,104
36053 37560 6 19,39,84
29917 35181 6 40,120,211,28,130,28,62
43220 39839 5 35,108,130
34282 3454 5 42,28,62,19,18,181,40
10996 37708 6 149,104,134
13656 26069 7 45,185,38,38,132,109
14640 21200 5 48,40,185,58
14937 3967 6 51,163,44,50,48,30,134,46
20549 38548 6 69,46,102
28026 11436 5 184,28,21,17,48
21666 3633 7 49,163,8,17,65
45459 40533 5 47,181,104
34241 19859 7 64,113,131,182,115
14859 4289 6 84,140,106,119,131,14,185
13905 42327 5 178,45,61,136
27333 13494 6 48,185,60,141,62,193,55
43081 35736 6 105,66,185,163
22552 17358 6 133,110,182,129,203
7953 15297 6 36,51,116,83,48
33468 34938 7 24,9,49,37,14,118,115,129
32732 26551 5 163,61
30558 31429 5 85,21,63,61,81,87
18663 19327 7 163,23,163,101,111,48
42806 35555 5 102,105,135,104,28
14811 37774 7 91,149
28020 45501 6 145,194,181,21,21,181
33365 619 7 8,69,18,19,129,22
23704 41463 6 179,104,36,114,129,84,102,36
42812 38800 5 62,53,104
30424 45436 7 44,110,61,36,59
11836 41500 5 48,46,80,58,58,117
8349 19369 6 21,10,39,32,130
33912 38360 5 23,20,20,90
4524 34413 7 108,60,143,134,113,181,28
43420 16335 7 118,10,53,131,40,82
10199 42008 7 79,169,55,162,131,178
42590 15942 7 63,82,8,83,117
25901 12020 5 49,98,49
44245 910 7 140,63,47,105,63,20
6645 23111 5 42,106,130,104
36684 36311 5 185,63,54
33160 35396 7 10,185,63,60,194,21,118,65
43860 2413 6 106,156,149
34614 30231 6 42,18,184,19,52,16,27,45
3825 14264 5 129,56
9804 24200 5 53,49,48
44176 14140 6 44,58,106,20,25
23410 2728 6 104,120,102,29,103
28052 9644 7 55,63,17,64,118
24738 1571 7 58,53,83,58,116,128,18
24845 30652 6 67,49,101,48,104,77,112
26957 21677 7 216,140,109,53
21755 32766 7 53,10,18
21745 20932 5 103,79,18,119,15,60,57
3722 12628 6 136,20,48,83
4821 3674 5 146,131,84
28865 31207 6 64,82,19,156,49,157,69,141
27911 43656 6 185,39,6
33288 21550 7 194,49,20,85,60,104,21
31350 40836 6 114,61,182,55,31
6473 41980 6 104,47,217
18639 44459 5 111,22,82,183,182,79
11889 30389 7 111,115,27,49,85,57,60,45
41955 15865 6 104,52,119,129
23433 14387 6 49,104,51,60,194,69,83
34672 45682 6 39,142,69,39
9142 9192 5 61,60
36310 22879 7 101,43,110,49
16768 9522 5 7,61,25,58
44082 27794 5 129,33,101,60,146
23589 13927 5 156,87,83,83,62,113,185,130
7882 22099 5 62,141,181,143
42351 38336 7 40,20,33,182,149,129
20375 9898 7 48,102,109,22,81,101
41083 37780 6 104,18,92,8,38
19783 1599 6 106,112,105,102,194
45408 22342 6 15,46,135
41776 10707 7 45,28,57,21,103,23,130
25217 16006 7 115,59,37,12,19
14417 19037 5 81,21
4168 36690 5 210,119,83,19,51
19234 19084 5 184,111,58,141,179,42
3303 36990 5 43,64,87,21,153
36178 35432 7 185,117,20
4526 4479 5 58,44,56,146,69
19601 38071 5 83,53
31857 8847 7 10,62,182,75,14,195,63,23
32523 9345 6 130,106,29,111,185,110
35931 23900 7 17,83,85
30539 36882 7 28,49,29,128,119,116,85
44338 44129 7 102,62,140
4998 25378 6 29,84,24
31930 24506 7 118,145,152,22,41,79,66,103
30847 23415 5 99,78,66,185,21,62,162
1178 2204 7 61,120,139,17,30
34876 33629 6 67,51,179
14024 30303 5 181,49,69
16852 34021 6 20,63
23406 31594 6 87,24,106,81,39,82
31100 37886 6 103,81
15943 1346 6 56,14,107,43,163
26352 10498 6 41,68,87,31
44108 42885 7 49,103,49,18,181
37821 211 5 58,112,179,130,18,114,25,27
30377 18167 7 53,106
12949 39513 5 162,60
19157 35935 6 84,42,43,12
21057 35281 5 21,96,41
41945 5346 7 79,65,87,58,67,119,160
43976 33993 6 14,56,21,56,40
3429 14325 6 49,42,44,185,69
14847 26336 5 112,65
23400 15479 5 161,104,10
4274 41267 6 181,182,37,115
44191 33723 5 83,84,65,104,135
39264 40974 5 102,19,169,136,140,66,30
29573 36797 5 45,30,47,24,179,24,12,58
44431 44225 5 35,163,217,184
3185 33058 6 130,181,101,63,56,83,110,134
24927 37793 6 37,62,20,184,29,48
19956 6209 7 181,55,152,102
29746 43220 7 35,156,178,194,56,54,106
19257 26858 7 20,184,46,104,138
24671 481 5 129,28,64,29,79
29612 19191 6 53,63,179
3577 23188 7 83,69,129,114,169
22830 7034 6 177,10,114,69,141
6317 12374 6 169,132,81,75,10
4610 12973 7 118,45,21,20,112
1324 19722 5 9,136,146,179,162,51
6082 2970 5 104,151,144,58,118,39
16507 31639 5 51,69,31,204,25,194,115,9
35861 8622 5 48,129,110,49,52,15,169
40525 24635 7 79,50,163
39851 36076 7 49,162,184,59
21954 25705 5 58,58,60,39,107,85,22,61
42268 14176 5 56,21,47,184,119,58,141
13564 5472 7 103,83
39709 5755 7 58,145,66
23556 36205 5 194,106,145,160,149,101
20812 21630 5 46,67,114,21
7991 9284 5 120,28,53
22860 29682 7 59,101,128,35,66,178,44
5516 6233 7 136,45
22012 40470 5 103,21,61,131,117,119,129
23465 43691 7 58,21,135
38999 25018 7 131,113,46,83,59,50
19489 33269 5 120,178,82,67,149
2925 24304 6 120,60
18026 21177 5 114,108,162,58,184,108,185,104
30311 25557 5 64,128,182,116,129,179,117,63
16060 43224 7 36,118,163,115,142,22,87,48
41016 20897 7 57,61,91,126,144,23
28274 5688 6 12,111,129,39,69,14,120,37
38104 34382 5 163,118,58,21,106,50,16,158
19354 35004 6 83,44,34,17
30065 33701 6 119,119,65,50,163,60
16154 27939 6 58,119,20
9117 1989 6 119,208
12211 37276 5 107,183,52,44,20,59
39056 44232 6 58,20,82,135,58,61,29,15
12848 28605 5 133,46,50,49,87
16746 29628 7 149,58,51,83,109
44194 23988 5 40,109,102,22,104,8,35
25119 43639 6 128,7,91,21,21,37,54
1004 15126 7 160,91,136
24998 13653 6 19,8,41,103,32
11189 1716 6 67,162,48,9
39299 22992 7 35,105,58,67,20,48,25,143
45188 24650 5 104,132,135,76,46,103
33110 38728 7 130,87,62,83,83,56,132
30422 4611 5 60,63,54,36,23,119
1624 2189 6 113,45,185,105,76,46,28,84
24058 45701 7 58,25
3663 19971 7 102,58,44,23,61,112
17429 42950 5 117,22,20,25,189
41638 13114 5 18,37,52,130
16492 35437 7 128,178,41,94,16
26098 17790 7 49,211,14,40,40,103,128,9
33676 16939 7 48,60
19295 18721 5 181,42,110,145,114,24,8
45683 36087 6 132,20,107,104
14362 40209 7 42,62,99,102
4563 15515 6 28,58,58,58,61,24
27104 28874 5 67,57,182,104,65,87
30590 32165 5 160,182,18,163,57,81
10137 38990 5 84,111
41967 19513 7 8,34,87,116,104
42461 8304 7 119,64,21,13,145,17
3421 11235 6 145,62,17,45,43,53,21,55
15904 44534 6 120,183,93,7,120,110
614 33563 7 162,10,34
12255 33389 6 41,195
12625 28836 5 14,52,19,66,65,131,194
31064 20278 5 81,119,10,117,156,130,34,45
110 36723 5 63,110,83,81,145
6644 36005 5 108,59,55,169,91,59
36150 40018 7 18,130,156,50,52,27,20
18405 5897 6 185,37
44993 6356 7 49,182,69,49,119,83
11124 21031 6 83,82,18,169,102,81
14601 40898 6 18,116,119,81,141,49
36711 14668 7 76,49,76,83
28655 25309 6 129,108,17,184,109,24
43659 1439 5 185,24
29352 9769 7 136,54,117,57
9192 2162 6 21,82
11152 25003 5 63,63,133,27,129,116,97,20
39129 9263 5 84,79,28,25,138,80
29546 28947 5 55,61,39
32638 8523 6 41,91,21
19819 18866 6 9,91,69
43888 9281 6 104,113
36579 11060 7 56,156,85,87,28,31
14966 8868 6 56,24,120,65,106
45123 28344 7 58,155,184,35,12,119,36
18586 23494 5 83,149
6480 18375 5 108,50,149,55,113,142,61
14841 7099 6 52,84,46,81,9,185,69
312 30289 5 43,169,23,28,64,14,39,33
43296 40373 5 21,83,146,50,184,26
39535 41266 6 33,60,118,101,136,53,119,19
6685 29376 7 28,63
1256 18729 6 58,53
16313 30336 5 18,91,184,194
15045 2498 5 28,65,107,21,25,103
25390 1001 5 18,10,30,50
35988 22973 6 47,38,87
35156 15762 6 195,19,106
28134 7400 6 119,15,29,119,20,110,33,15
6471 36903 5 185,69,21,58
1558 17289 6 85,67,35,130,144
21584 43550 6 31,105,43,62,8,22,107,104
5502 27834 5 129,32,58,55,163,65,51
22079 16733 6 104,19,43,129,79,102
36567 32874 5 184,42,135,163
13322 39534 7 48,23
13402 22009 7 28,7,65
3595 31805 5 49,114,110
11941 19965 5 118,112,83,129,7
19345 34091 6 117,88
12868 610 5 103,17
1647 37219 6 135,59,21,9,178,62,60
7236 709 7 185,27,169,118,81
24850 13572 7 140,45,162,83
44084 21903 6 32,62,37,85,181,104,102,59
17215 1820 6 152,49,24
38749 42520 7 19,159,66,10,108,22,142
31479 18136 7 52,15
33112 7849 5 181,163,28
9780 8653 6 23,104,48,157,61,100,9,185
9829 855 5 104,58,83,104
24311 32286 5 84,10,37,58,32,49
13344 9571 6 66,119,10,21,65,144
7927 45015 5 46,91,140
1047 3968 7 21,81
20655 34218 5 83,23,21,58
3558 16243 5 64,109,24,7
5830 16716 7 104,18,18,40,100,52,25,139
589 24835 5 68,109,56
38104 42312 5 76,67,16,65,37,14,120,179
27509 3940 6 104,148,49,51,194,9,194,53
38951 24823 5 81,40
5691 42568 7 63,65,133,47,160
36 39530 6 109,64
8449 3682 6 67,104,50,136,58
21815 8482 7 95,110,18,82,24,136
7837 45043 7 67,108,85,17,66,82,9
26637 41549 6 134,111,146,119,14
24733 31844 5 129,103,49,136,83,62,36
28676 7234 5 34,111
25102 37595 5 29,61,45
13824 12019 5 9,119
29997 35466 7 136,21,148,106,136,37
25422 38345 7 129,109,77,14,119,84
9804 45077 7 81,67,211,115,60,194,25
31915 6619 5 135,54,20
15346 33616 6 101,185,48
21888 28731 5 45,29,12
41072 40299 7 67,46
24083 38520 5 44,60,83,37
25451 2773 7 144,64,58,42,30,181
3067 32912 6 25,54,47,34
42012 3907 5 149,61,91,7,43,129
4082 16272 5 98,132,78,28,140,29
44534 6157 5 105,142,91,10,29,32,87,56
39722 7475 6 18,49,110,83
38311 29142 5 63,61,19,102,63,58,58,49
18860 28027 7 132,53,41
8310 14071 7 63,80,77,61,143,83,130,34
31723 44245 6 59,104,51,62,82,97,25,31
11220 43554 7 18,81,127,179,65,53,23
38560 24680 7 58,85,108,41,65
40413 41923 5 111,182
13848 43877 6 10,52,60
45164 8800 7 129,104,106,51,182,156,61,60
12753 28471 6 41,103
7190 16669 5 133,133,67,107,96,129
6830 43707 5 115,91,12,142,45,10,18,59
33082 5411 5 182,67,109,48,185,48,145,162
27666 38764 6 181,185,49,19,216,117,39
43324 3610 5 103,104,53,118,16,47,59,42
24662 8398 6 101,82,136,47,30,161
43106 1379 6 21,120,115,103
8406 6477 7 42,54,110,114
43007 20069 6 19,36
38908 39269 5 20,47,114
28527 17795 6 110,19,53,146,20,47
20103 13624 6 18,84,111
45434 19148 6 179,128,91,156,44,31,87,113
4612 21104 6 24,43,177
23795 25062 6 68,68,59,67,60,65,61,24
20306 36481 6 101,34,135
7409 14709 5 182,135,104,194
3850 16474 5 166,109,15,178,116,61,61,128
898 39499 5 20,115,185,8,65,106,102
36633 12252 7 19,57,28,128,62
30836 20539 6 49,107,103,49,119,141,83
21709 35824 7 25,137,40,37,85
40023 10545 7 83,130,23,194,141
554 15976 6 115,30,51
44299 31870 7 84,135,118,91,111,32
30807 15358 6 9,194,49,115,39,29,129
33887 39669 7 35,156,14
27776 11471 6 140,48,108,45
45589 23849 5 62,119,108
45239 39335 7 105,58,143,60
7770 13059 6 40,115,83,69,38,56,45,111
13848 24560 5 57,104,118
41368 10804 6 31,185
20411 19659 7 20,113,146,24,131
10474 38109 5 59,42,32
15302 35647 6 30,131
45359 24059 6 54,46,82,66,14,64,79,83
36071 26047 6 63,145,8,145,80
4655 29921 6 179,47,115,83,58,49
2732 33723 7 43,20,26,16,14,105
4669 28128 7 60,59,96
22847 13127 6 15,88,119,90,61
38842 43767 7 39,114,25,116,7
38506 6213 7 56,15,23
41855 5474 5 21,52
14244 14870 5 28,48,15,84,62
15529 34083 7 50,19,58,109,96,58,23
15648 41595 7 135,120,185,49,28,81
6134 42040 5 37,142,105,94,59,110,68,39
900 38254 7 61,21,185
6115 20395 5 109,16
15823 37271 7 84,99
19968 21676 5 80,155,16,20
890 41801 7 163,36,62,68,20
21175 27880 7 185,25
35263 18773 5 136,83,44,118,21
22511 30043 5 31,104
1600 9634 7 47,131
8049 25364 5 83,132,106,113,17,111
18414 40682 6 117,182,129,108,62
31654 39604 5 177,20,48
35838 39075 6 169,79,41,7
37775 41566 6 131,152,136,60,87,110
1758 23773 6 101,43,21,12,9,52,119,35
40899 37313 6 69,110,104,132,56,30,152
22500 682 7 40,149,7,119,168
36540 4293 6 184,10,42,34,199
35874 33803 6 57,179,63,45,91,25,18,51
28082 162 7 83,67
1804 24253 5 185,61
12858 17517 5 58,63,14
23407 26120 6 115,7,112,140,29,29,83
29412 10238 5 65,62,40,105
209 36824 7 129,129,184,177,69,104,136
42416 13733 6 53,130,83,182,42
17555 17513 6 101,103,136,57,45,85,36
12106 30811 7 120,32,178,10,185,183
16481 4305 6 40,60,156
11733 36245 7 113,177,105
11886 21986 7 102,115,10,20,110
22075 29965 6 83,49,185,14,30,99
8525 38694 7 32,85,19
8991 3316 5 41,163,21,63,118,194,169,177
22803 13187 5 45,85,85,40,108,10
33525 838 6 101,67
4661 24099 6 130,21,102,116,50,169,22
44109 10411 7 60,10,58,44,185,104,18,20
8700 18180 7 63,120,59,194,91,68
16943 29185 6 182,49,184,53,129,51
13100 36580 6 102,54,185,33,81,108,43
1139 29460 5 48,149
22060 30006 5 62,102
10198 7317 7 119,49,82,30
24608 42939 6 181,94,102,24,199,56
6319 4081 6 49,129,134
37535 35002 7 87,68,139,45,133,183
14570 34049 6 21,44,47,53,20
9606 41075 5 52,131,52,84,160,185,59
41274 14864 6 114,44,112,119,51,109,149
30474 19823 6 166,79,21,182,185,129,58
21965 888 5 27,27
25028 14319 7 20,102,8,19,130,152,41,17
45535 45190 7 35,42,194,108
28704 31112 5 185,59,59,156,102,84,169
33764 33186 7 129,61,82,28,181,83
24806 29815 7 49,46,53,45,116,104,82,18
26703 29266 6 103,53,83
13087 39518 6 81,129,104
45720 19570 7 19,46,105,65
8969 39395 5 16,111,21,44,162
25119 5729 5 25,58
44118 41118 5 131,79,20,145
29811 40001 6 37,44,107,83,10,84
16328 1909 6 110,136,142,113
10211 10365 6 82,61,51,41,102,130,38
9253 44094 5 84,50,94,62,185,60,77
2058 35923 7 28,163,19
30357 8341 6 41,51
4912 41845 5 104,59,14,185,21
18125 10318 7 57,21
2530 7339 6 104,185
9839 15219 7 28,110,118,132,82
43248 37029 7 102,45,11
24362 35235 5 50,105,111,20,58,19,177
38935 1123 5 83,65
25144 4590 5 130,113,37,73,57
34884 12868 5 83,117,115,52,113,83,111,58
41938 8459 5 117,50,185
1149 38353 5 81,129
4971 44170 6 21,53
5307 16373 6 24,53,46,129,40
36865 24309 6 15,108
34593 16336 5 28,53,185,112,140,142,62
40612 2914 7 84,19
40085 31334 5 87,80,27,75,60,30
15196 24846 5 48,194,104,9,79,81,96
29260 5922 7 163,36,111,87,49
22749 14697 7 65,182,83
38472 33165 6 119,29
21990 20019 7 49,83
10225 18367 7 47,185,57,83,114,53
18916 37356 6 40,21,48,113,59
45309 16326 6 23,128,117,146,75,16,48,111
6756 34733 5 179,91,176,26,42,37,58,31
8972 43007 6 40,66,195
42403 12357 5 83,45,166,101,176,12,62
17893 10426 5 115,8,83
12679 30600 6 61,54,161,27,104,20
41087 8520 5 146,12,67,131
4907 20916 7 78,81
36048 15662 7 59,49,56,48,49,112,45,62
16820 7749 5 12,119
28293 39896 6 22,18,20,118
34813 4253 7 22,93,104,21,18,59,36,154
41806 7568 7 142,53,55,29,41,17,47
32852 13440 5 142,114,85,179
14239 40518 6 19,43,61,20,119,51,24,104
11421 13283 7 104,62,58,104,24,102,131,85
33044 34985 6 49,83,129,82,85,81,36
32283 43072 5 109,119,103,184
9278 3910 7 149,36,17,145,104,111,43,85
45426 37719 6 80,49,156,42,178,144,120,58
40426 13457 5 117,162,35,84
31555 3795 7 118,44,33,160
37514 32432 6 110,50
41621 40700 5 54,40,65,48,21
18555 35963 7 110,61
39159 40575 7 112,106,66,108,62,10,49,58
25000 6772 7 45,112,156,181,22,37,82
42691 28379 5 104,52,10,15,118,87,15,7
22152 1987 5 69,40,33,18
36082 12835 7 25,30,30,182,156,63,183,53
15149 32277 5 29,55,185,43,185,55,85,29
37094 13718 6 52,45,82,51,178,82,141,41
17256 3617 5 179,49,8,111
30682 2503 6 91,63,31,194,7,103,46
17834 32500 7 44,194,30,182
5627 11651 6 18,48,103
36472 37992 6 160,120,18,87,30
4204 21256 6 65,110
34662 3823 7 54,63
29329 7483 7 179,132,39,10,25,46
12109 26962 6 162,113,54,19,68
19687 38568 7 119,61,31
2797 8669 7 134,69,58,106,58,63
16916 13814 6 104,195
10259 4982 7 21,129
5680 23671 7 58,130,20,110
34820 41093 7 50,10,20
32216 42490 7 48,20,113,50,19
10337 10256 6 14,178,55,64,63,17,22,185
34471 23955 6 144,43,64
11455 44427 7 179,169,83,40,87,109
21052 8809 7 82,18,35,51
23630 5734 6 53,154,33,78,106,195
33217 45577 6 25,169,66,82,38,58,58
5464 7424 7 21,102,56,41,169,141
5449 43460 6 182,156
45033 4284 5 69,35,132,59,23,112,49
23785 30987 7 139,42,51,85,50,83,112
37390 16221 5 85,64,179,10,27,105,14,8
13698 17538 6 146,103
4573 21262 5 132,33,110,129,49,160,151
32074 20913 7 20,63,104
31325 12098 7 179,103,156
11320 41073 5 136,112,23,51,35,53,23
9171 44117 7 19,24,100,51,10,96,44
30339 12079 7 44,25,84,182
19334 21109 7 10,179,27,65,16
32346 29799 5 59,29,126,104
5029 1690 5 63,181
28974 34254 5 25,118,59,64,21,85,103,61
37417 14016 7 81,83,18,21,83,43,96
33378 25532 5 19,18,54,163
31447 18646 6 10,184,78,63,60,52,12
6152 37119 7 141,44,134
2182 2985 7 49,16,103,52,152
45172 632 5 120,185,110,120,48,181,63
26744 40328 5 178,50,10,163,63,91,185,152
28617 15673 5 100,18
44213 29208 5 177,10,106,10,146
32411 21278 7 129,136,21,19
13193 17731 6 24,65,62,155,59
21790 5941 5 117,160,16,111,119,118,109
33997 24478 6 55,153,63,36
7344 42380 6 41,20,181
23238 32150 5 61,27,185,58,19
41692 45070 5 116,54,129,194
45607 22821 7 69,60,53,7,66,129,91
35897 34206 5 154,27,104,35,65,194
12929 7398 6 49,60,38,52,116,54,80,46
6883 33812 5 39,35,92,12
44981 40786 6 91,60,104,43,100,154
38008 28129 6 21,63,70,84
38325 40504 5 16,90,83,116,110,60,65
39577 7860 6 178,20
36767 7786 5 118,47,102,64,119,194
2770 17069 7 15,46,35
30488 15678 7 37,58,149
30406 24018 7 53,55,40
30997 17483 5 12,33,16,39
10096 42552 6 53,27,23,20
17882 5484 7 163,104,143,42,163,49,69,144
27879 16879 7 32,32,185,182,63,179,118,49
10689 11915 6 43,66,179,113,116,16,53,114
10157 1789 7 63,91
37212 40519 6 119,163,128,32,194,87,48,60
4723 12680 6 156,149,49,134,62,8
27438 36187 7 141,60,8,34,15,39
10622 8732 5 21,133,7,58,130,85
7133 29665 6 185,99
7011 6551 6 14,29,131,39,66,109,16
38410 27948 6 52,14,27,151
7139 21722 6 69,25,45,163
17818 40475 6 182,135,144,64,49,32,50
45573 932 7 83,120
27770 20163 7 18,60,63,79,35,30,146,84
34100 9096 5 58,130,57,68,58,8,108
24386 14755 5 179,119,152,131,185,66,141
24252 9832 7 118,130
38492 17692 5 128,54,57,20,115,58,63,134
42590 8894 6 111,118,102,58,185,156,65,119
25090 33858 7 60,25,113
35588 31006 5 181,120,109,63,69,119,17
27358 17253 5 21,45,65,10,50,161
31000 31998 6 69,58,104,24,63,156,35
45356 2466 6 18,109
42210 45447 6 114,111,59,169,145
14756 33072 5 67,100,30,129,35,83
44772 3221 6 56,82,119,39,40,20
31380 10613 5 114,87,185,114,81,163,185,48
19200 37946 7 30,25,28,67,108,135,19
35278 36769 6 67,12,183,17,48,185,141
21937 1024 7 68,110,20,48,149
2595 32876 5 160,8,109,184,22,85
18184 39270 5 8,108,120,7,182,61,127
29896 16391 6 130,130,58,112,45,33,60
2624 9225 6 29,59,20,177,116,83,85,104
45249 7825 6 140,169,119
12289 16963 5 137,23,91,17,61
15555 8886 6 145,45,48,91,163,133
23909 40725 6 10,81,63,56,40
1788 13875 7 78,49,38,179,54,65,28
36661 34586 6 40,160
15438 14945 7 39,103,45,108,177,29,118
27202 23213 6 49,149,20
25685 39177 7 28,109,49,163,10,91,27,105
28491 39885 6 185,129,115,7,190,169
7754 27166 7 55,54,14
32222 7063 7 47,18,182,87,53,177,179,113
37325 12737 6 52,102,62,65,60,24
37688 40278 7 81,87,67,99,110
10545 29919 7 87,112,22,59
44168 33755 5 185,185,83,68,119,91,48
27263 32128 6 114,177,37,184,68,118
20884 17320 6 185,53,185
3296 24271 6 185,18,177,19,130,44,95
20721 44346 6 82,12,23
2282 15503 7 185,42,59
16749 10418 5 100,119,59
16258 4266 5 16,19,58,16,59,63,177
32703 38219 5 120,69,50,144,109,156,163
17526 45264 6 120,106,132,210,59,46
20910 761 5 132,61,131,49,103
10167 13954 5 34,14
17462 31263 7 69,185,60,61,12,163
11904 3908 7 114,50
15165 4074 5 194,35,162,106,62,130,107
25429 13726 5 130,138,104
29150 24931 6 85,115,160
4167 4715 7 21,113,44,66,163,132,114,63
2076 20984 6 21,119,146,49,34,16,111,178
29189 16055 5 20,8,177,106,48,95,144
12019 19930 5 62,56,211,80,53,103,61
37003 9148 7 65,113,16,120,64,12
16003 22294 6 104,42
44629 12808 6 53,65,142,114
18344 8495 5 59,12,136,45,45,58
31083 44322 7 23,112,128,36,61,113,28
20577 3132 7 109,68,130,15,177,110,55
8557 14819 5 102,21,119,118,8,119
35960 32840 5 15,185,20,82,82,131,51
863 4232 5 78,137,104,183,58,7,45
11368 38131 5 144,61,185,7,79,119
2993 11386 5 184,69,53,182,114,28,129
11104 44624 5 105,102,61,43,10,63,19
37471 4557 5 61,128,36,39
44122 871 7 105,113,84
43139 24173 5 144,49,63,62,7,60,56,15
45455 16093 7 8,154,184
45079 3126 5 62,104,135,112,139
19881 15320 5 53,152
30324 21796 6 108,102,35
41025 41728 5 30,109,49,9
21906 38369 7 87,7,118,83,48
29790 11840 5 104,47
37833 43882 6 58,87,32,84,120,16,16
5213 11887 6 7,182,103
4391 31406 7 94,9,110,103,67,18,52
26068 20639 7 55,169,179,27
9726 14423 7 41,178,40,60,50
25325 17766 6 149,54,67
25881 457 6 82,14,97
7762 13362 6 115,60,179,163,91,195,33
10893 11706 5 10,9,129
9608 3708 6 19,20,65,49,201,44,83,49
3756 43487 7 12,40,195
13347 42320 5 17,81,58,211,194,38
27029 19106 7 54,140,184
27167 41665 7 109,28,25,117,132
12228 7714 7 50,66,9,63,118,55
37609 11486 6 129,20,68,142
1734 34434 6 135,62,7,18,18,83,182,69
35377 17530 5 48,37,64,79,185
13041 32430 7 50,49
6284 45591 5 104,21,36,25
42590 34995 6 40,40,21
42329 31372 7 103,132,10,17,45,46,49
22519 23144 7 44,26,130,179,56,129
5118 37621 6 22,64,48,16,83,35,47
37802 342 7 118,56,14,129,179,142,135
21345 31175 7 129,64,194,58,40,24
16688 34006 7 65,48,82,83,48
39203 528 7 34,162,143,104
15865 43813 7 135,65,30,37,83,29
1747 16979 7 46,130
15311 17282 6 33,163,8,51
38691 3599 7 49,179,163,185
17186 4629 5 14,69,49,106,69,62,48,33
24505 13101 5 102,61
35068 39481 6 9,113,61,110,60,34,44
20187 31050 5 60,135,161,20,55,41
31694 6888 6 132,81,76,110,18
27907 11679 6 119,129,16,81,63,8,15
37416 631 6 117,149,21,67,156
6470 24080 5 65,102,85,52,130,83,33,14
25564 23016 5 194,17,10,61,116,181
43465 26352 7 156,139,11,23
2250 20557 5 113,85,24,111
33821 6227 6 101,67,126,50,163,157,108
14119 15505 6 54,129,176,60,49,106
30800 24580 6 133,48
31416 20838 5 14,29,43,141,105
31105 6829 7 61,41,15,156,151,62
34019 36530 7 185,106,156,10,39,185,162,44
42812 16115 5 46,119,64,104,59,58,58
14617 31596 5 179,42,185,16,82,106,130,35
6091 8610 7 90,49,58,36,129
22222 7379 5 107,61,49,46
4888 12238 5 8,23
29960 20530 5 46,114,142,64,153,25,47,108
43861 32353 7 139,49,69,107,21
16850 25456 7 84,85,185,63,7,156,52,184
35883 39443 6 194,49,16,204,37,103,105,51
42307 42869 5 19,59,60,15
3426 10154 5 62,17,100,185,13,21,60,130
13444 6167 5 27,142,179,33
2792 3629 5 57,84
45309 7939 6 84,45,12
3836 41420 7 83,23,194,111,87,115,177,110
16246 39027 7 78,24,194,16,43
34588 26119 5 100,83,111,39
17439 11257 5 34,141,21,76,120,52,17,48
1700 29889 7 83,43
44635 7001 5 163,17
20283 5125 6 49,101,68,129,68
37315 10627 6 50,63,140,21,40
41685 16079 5 83,184,135,91
8420 12569 6 60,65,118,114,40,85,62,129
2133 31681 6 40,28,50,54
35582 44719 6 18,185
22865 9649 6 9,104,120,48,49,33,145,85
23192 9932 5 111,17,44,82,17,21,47
24727 20383 5 18,134,78,62
43756 37646 6 82,64
44972 20665 7 63,185,18
45173 11291 6 60,21,194
3500 42365 5 62,83,46,6,181,61,129
26859 28330 5 18,21,18,114,53
45568 20007 7 40,115,109,32
22637 11734 6 112,61,8,59,118
13187 21294 7 117,66,56,119,35,183,7
41588 44952 5 117,48,48,104,19,18,66
24829 35001 6 109,130
26991 35687 6 181,115
23307 4919 7 80,148
26856 25245 7 134,55
18884 33037 6 61,54,100,143,20,80
20000 37072 7 143,117,67,182,47,109,163
16225 28036 7 57,49
2099 26728 7 57,42,85,163,41,58,28,48
39403 37430 6 25,8
34533 17222 7 59,62,33,153,194,58,85
26731 27468 5 18,146,18,49,82,83,116
27635 12434 7 50,44,33,19,10,40,49
29282 29759 5 110,58,83,50,119,148
40070 11025 6 37,58,162,149,119,84,85,49
30591 16408 5 141,158,103
18374 41135 5 211,178,110,34,43,59
15514 252 7 65,16
32202 27959 7 160,162,63,21,34,9,120
24070 24187 5 182,39,131,60,57,146,18,14
45525 5339 6 40,37,61,52,20,60,45,83
5330 35775 7 116,77
34752 15192 7 115,41,68,66,32,66,101
14740 5518 7 47,209,61
30682 41977 6 129,177,63,51
476 14466 5 66,10
10552 17721 5 118,82
35666 31468 7 87,10
14043 34376 7 97,109,23,65,83,51,116,156
38557 28137 5 141,17,61,163,9,109
11326 20364 5 182,47
43756 14313 7 81,130,32,12,60,141,181
16037 45485 5 118,104,183,106,27
36778 34681 5 117,104,105
17143 4705 5 115,45,183
14445 33491 5 34,63
34233 7985 5 80,10,45,63,64,103
42721 10076 5 130,40,185,8,26,9,156,38
32606 24097 7 141,17,35
3550 26707 6 16,69,83,63,81,60,65,18
45073 12680 6 162,111,61,185,38,54,68
23226 33249 6 48,194
28635 36683 7 151,30,177
6757 5 7 131,35
43725 28010 7 156,62,59,27,69,131,194,67
38527 19314 6 68,44,104,43,179
27053 41351 7 45,43,83,49
7202 41847 5 51,111
25491 2242 6 105,82,141,30,67
29013 16835 6 55,59,21
18972 29813 6 61,85,46,48,22,63,18,103
22219 24915 7 61,107,18,45,179
36073 15208 7 41,117,33,36,130,195,14
39706 20120 5 66,61,68,84,41,163,129
37057 16292 5 204,27,104,134,132
18538 431 5 81,57
43834 33219 6 17,16,119,181
7960 9802 5 46,34,19
28511 40397 5 46,104
45277 42318 5 112,56,32
11794 21491 5 49,62
14632 15389 5 96,40
33876 9456 5 10,185,63,160,65,83,8
11631 19210 5 114,104,54,82,101
30406 13478 5 108,21,17,63,17,160,61,83
34182 8823 5 185,119,66,42,136
31879 42337 7 19,68,83,119,49
26663 11715 6 43,156,103
6398 38412 7 47,16,48,156
30931 42501 5 58,49,185,38,12
10260 41336 6 162,34
22499 36255 5 162,135,20
4188 17512 5 83,18,106
34866 34525 5 102,28,128
39497 40898 7 136,14,28,118
38347 33270 6 109,58,7,83,118,104,67
22847 723 5 83,129,129
87 19563 6 29,143,83,129
19903 15494 6 103,49,179,60,80,105
29907 39964 6 104,104
16108 38207 5 54,104,40,43,32,43,31
37923 31603 6 120,185,7,120,117,16,114,69
30398 44594 5 19,102,180,48,58,42
9464 1095 5 58,104
41985 20089 5 23,31,119,112,104,120,104
17267 33599 6 119,54,89,7,113
36788 3549 6 58,59,102,19,83
9376 40107 6 49,129,15,185,169
11771 5559 6 181,44,185,60,177,69,58,151
8878 23134 6 49,93,119,83,132,115
22091 26408 5 140,45,84,83
16208 31837 5 83,17,182,126,37
27459 29268 5 10,117,119,49
4828 23023 7 91,59,65,55,58,102,47
12044 802 7 96,35,58,10
29085 37158 6 57,95,49,52,17,73,105,180
40842 26294 6 140,52,53,95,41
4022 45578 6 22,110,7,37,62
18236 22474 6 69,109,20,7,119,18,131
28997 45668 7 85,37,118,79,14,118,30
21183 31657 7 132,48,29,69,144,141,69,101
15884 17479 7 104,193,112,83
33063 12854 6 169,194
20405 12641 5 12,48,14,46,39
2732 33819 5 53,25,63,18,108,62
21907 43886 6 87,32,61,179,106,141,156
5846 33754 5 130,40,65,60,83,22,103,46
18410 44209 5 16,102
44517 33534 5 129,129,169,44,129,53,169
32711 11668 5 58,106,61,151,145
24740 42665 5 7,26,156,27,21,107
14052 13836 7 115,58,62,184
45736 3163 5 115,51,67,60,104,41,38
33810 37532 6 52,53,179,60,28,59
27231 10526 5 50,52,20,63
17332 19214 6 184,127,48,83,135,42,46
20213 6952 5 162,129,58,52,84,7,119
14007 24279 5 22,83,28,29
24805 34333 6 37,135,65
19849 4903 7 51,52,87
20777 38400 5 184,16,103,167,108,42
28940 29273 6 81,48,96,69,9,14,37
25985 38707 6 129,146,61,50
6317 23507 7 81,114,114
42707 23632 7 169,49,58,84,14,182,59,116
27220 5165 5 60,85,28,17,50
28509 691 6 19,108,185
5911 32478 5 49,62,46,104,63,126
30172 38733 7 185,14
8118 5491 7 60,19,65,37,184,117
41073 31429 7 103,185,81,185,143
6139 45093 6 58,185,130,57,135,181
39226 10468 7 21,130,16,82,48
20465 28952 5 178,96,49
20968 30056 7 185,18,20,40,16
17440 14559 5 58,14,91
42664 43490 6 44,63,130
37783 17518 6 61,30,169,66,10,41,56,113
8116 5666 5 31,101,91,60,58
18886 14721 5 87,52,8,61,26,19,48,135
13518 183 7 60,85
27145 32320 6 91,40
22071 19872 7 101,51,41,61,120,131
14333 34640 6 25,115,21,136
27419 39421 5 135,51,95
40226 24796 7 37,45,12,111,184
10190 40549 6 39,185,128,49,35,52
37854 45583 7 103,10,35,53
33034 23779 7 161,135,119,179,60,183,179
33618 10770 6 48,43,101
3636 31615 6 69,81,29,78,107,33,104,18
4623 32156 5 20,85,156,21,52,117,38,51
14748 27007 7 132,65,131
9293 14214 6 47,129
14908 35937 7 141,10,69,185,83,14
170 42370 5 24,162,169
43080 15629 6 24,59,28,184,156,169
27049 13394 7 185,30,65,185,49
35131 29873 7 42,23,47
30834 41742 6 185,24,108
22933 44542 5 87,30,185,25,46
24883 37118 6 54,142,182
16894 43347 5 49,28
15412 23139 5 119,25
11791 44192 7 51,32,29
39171 519 5 18,185,178,103,120,163,66
20039 10508 5 15,183,179,61,54,127,135,178
20941 15244 5 61,63,25,76,102,59,211
12057 43037 5 39,149,178,104,120,19
20199 28667 5 61,46,119,117,14,35,53,65
38386 37958 5 9,185
45381 44216 5 48,129,21,107,36,59,15,23
24896 26094 7 130,103,100,178
16444 4293 6 53,157,41,84,65,182,48,51
36586 37705 5 84,133,38,132,10,129,17
27112 22215 7 40,106,52,182,110
29613 31350 5 66,118,68,83,45,194
8531 6743 6 53,78,90,194,138,119,128
5952 33940 7 54,134,20
31544 31904 6 111,49,55
3646 24795 5 144,154
3692 22978 6 21,169,14,108,62
28635 6243 5 155,20,45
9198 13464 6 24,23,130,178,104
44769 7276 7 59,20,21,33,53,49,81
42668 6305 5 145,55,54,9,118
12430 22387 5 35,39,65,22
4535 40055 7 31,30,83,104
13741 13196 6 182,19
42447 8130 5 52,49
6562 35567 5 204,29,119,39,85,44,104,43
32870 28633 5 136,69,47,184
37259 9785 7 57,105,146,23,21,185,46
17878 20330 6 136,82,69,119
11739 15865 5 56,56,117,62,179,119,117,101
34398 43422 5 53,63,20,113,184,80,201,163
40983 37919 5 49,102,136,27,56,41,49,49
8830 34330 7 104,81,92
5813 285 5 83,136,63,78,149,30,61
19733 4569 6 119,108,162,111,129
11748 10825 7 110,130,114,8,52
24619 23499 7 135,109,65,64,25,100,78,179
21650 40479 7 140,134,16
44139 37467 6 85,185
14875 10180 5 136,142,185,120,108,16
28341 16856 6 65,56,87,135,19,139,138
3585 14992 7 60,17,185,8,28,84
2891 28740 5 36,129,83,154,27
40796 2941 5 81,82,44,57,108,28,118,22
26022 9076 7 8,119,49,144,15,83
7512 44369 6 142,81,8,44,104,83,116
39152 12313 7 18,40,34
6264 39038 7 50,178,109,15,179
7007 8448 5 24,69,59,162
27765 38699 6 105,130
33154 32979 6 169,119,119,182,83,113,120
2815 39041 5 133,23,136,143
27409 29111 6 14,79,35,34,9
7590 5059 6 130,128,26,163,108,34,91,22
33635 23317 5 132,10,59,48,28,58,45,56
15229 14159 5 24,59,120,177,65,144,129,40
18508 16551 7 69,182,62,42,76,113
14227 13950 7 112,146,49
1880 22058 6 169,17,20,185,131,59
13338 24203 7 34,63,91,194,83,84,119
30273 12870 7 27,17,103,35
25118 10558 7 50,80
35775 34004 7 49,33,61
23027 9838 7 146,24,135,46,49
35122 17013 5 185,49,163,59,136,120,41
42422 30186 7 69,163,25
19196 7586 6 104,54,35
24354 44494 7 42,20,204,65,103,66,49,14
7433 22648 5 16,60,23,58,111
28094 7745 5 130,48
11828 18107 6 105,184,22,61,82,19,68
38817 36948 7 103,182
35244 32285 6 58,101,103,110,46
35767 23727 5 21,169,58,87,152
43082 43114 5 82,53,163,20,103
9318 5315 6 46,87,178,51,15
2213 19025 5 182,23,18,53,109,10,85,130
35940 17104 6 179,61,51,82,149
9177 19079 5 144,81,156,70,109,54,26
15050 5898 6 46,49,181,17,132,63
36950 3753 5 57,44,120,29
23724 32763 6 81,39,83,103,47,21
20210 10066 6 52,28,16,56,119,130,143,8
17787 41703 7 59,43,38,104,104,60,53,132
26033 31843 7 53,28,50,106,63,90
17594 31385 7 36,44
38727 31776 6 132,68,9,34,67,53,178
8686 38328 5 134,48
36099 30579 7 129,81,83,116
10425 16270 6 115,49,23
43471 27479 7 27,84,104,58,61,26,40,117
11171 40536 7 102,41
37378 32848 6 67,53,105,10,129
5622 12897 5 185,78,20,10,129,19
11178 24917 7 182,61,37
21055 4070 6 50,48,14
1150 22464 7 37,49,16,129
20461 37155 7 83,61
3770 15193 6 163,56,119,184,69
23158 26723 5 80,119,143,104,129,102
24593 29839 6 209,160,87,119,62,53,43,90
34497 29723 5 58,62,54,56
33797 11779 7 105,117
39615 42072 7 69,79,27
43494 22769 5 56,30
12996 42383 7 42,34,169
13552 36981 6 136,53,185,154,67,66,144
19085 21564 6 56,129,63,33,179,136,69
18230 5935 6 18,19
18355 23436 5 49,55,20,150,84,57
34129 15607 6 129,185,35,20,29,60
7208 15551 6 119,48,117,14,144,27,104
13912 6470 6 194,20,63,49,49,22
38854 12735 5 119,30,178,18,113,152,135,28
29774 37000 7 87,13,19,81,132,100,113
36423 35167 7 116,60,132,132,49,64,155
19676 5027 6 208,69,156
10536 24888 6 152,119,44
25513 15631 7 117,82
29138 19754 6 19,12,33
36509 13466 7 131,152,35,22,115,54,60,17
17738 39244 5 41,92,39,17,110,133
7348 1585 5 135,118,61,183
21024 32220 6 41,40,56
12348 20176 7 128,107,83,106,115,25,39
2662 29555 7 119,79,130,22,32,111
5666 10509 7 120,56
16168 24478 5 14,111,10,160,60,30,58
17020 29783 6 65,80,25,53,51,12
27501 7963 7 118,115
5455 7120 5 103,49
20914 11165 5 119,183,27
29637 27506 7 82,165,31,85,23,81,17
19578 11169 7 179,25,163,62,44,142,107,129
29974 10231 5 85,178,35,47,60,46,115,143
25110 21148 6 134,107,8,65
44292 1756 7 136,20,44
42486 17832 5 104,8,36
41349 15225 7 48,185,15,38,140,104,53,34
45693 45801 7 113,56,132,20,28,27,48,87
34215 9040 5 58,119,46,136
38363 8729 5 116,184,143,184,23,16,113
26442 25148 5 179,10,145,185,185,69
33093 16009 5 103,35,38,58,63,50
17637 32286 6 58,21,44
7571 7477 5 16,58,109,53
38993 19533 6 53,62
24859 39841 5 58,54,104,40,204,69,65
7626 45725 5 109,129,128,36,49,85,49,46
11702 20389 7 114,15,103,106,57
6814 36748 7 111,60,111,131,182,40,136,184
20003 3875 7 169,115,27,114,61,63
32931 18826 5 63,23,52
1199 7944 6 17,69
5219 9908 7 63,69,146,53,110,91,61,100
778 41467 5 163,81,81,163,62
8276 3899 6 129,85
25798 37541 7 104,191,165,185,42
6304 30807 7 103,66,105
34224 35018 6 34,64,10
15776 21251 7 58,50,51,49,58,109
36990 10180 7 52,178,128
35787 40901 7 103,19,79,184,59,26,159,18
21496 43820 5 131,133
8680 37522 6 181,18,63,21
29054 20179 7 104,52,129,6
15775 17012 6 48,10,38,83,21,14,63,161
41435 24338 7 84,140,8,117,16,55,149,59
26217 6195 5 101,82,110,48
34676 26856 7 49,156,14,111,161,101,118,59
28995 23710 7 145,178,46,163,110,210
3876 40686 6 106,84,59,59
21132 38451 6 18,61,82,9,60
21714 40273 7 23,65,16
17846 7318 6 56,146,48,25,104
35619 29719 5 85,48,130,136,185
23739 44558 7 56,19,49,111,12,129
34827 2170 6 119,62,113,53
2518 30078 6 115,120,115,58,82,61,91
23975 41077 7 33,114,179,60,99,61
20415 21574 6 54,41,83,69
44106 589 5 179,81,68,163,52,54,29
29092 10830 7 120,185,136,101,104,34
30602 9341 6 37,56,7,112,185,17,113
14908 20991 6 51,132,128,49,49,145,104,160
7021 32065 6 56,152,181,41,16,96,113
26819 15793 6 178,59,45,22,85,68
16877 42650 6 69,179,87,40,120,26,160
15022 16187 6 49,49,63,20,69,68
38472 25444 6 136,85,65,48
29544 36643 5 146,9,119,63
318 14874 7 58,28,8,33,63
37713 42191 5 111,119,117,58
25258 3447 5 49,102,10,45,102
14414 513 5 50,20,182
26534 17163 5 21,63
27323 5289 7 18,20,87,64,55,10,58,69
38433 25907 6 130,51,52,8,178,99
1882 32606 7 38,22,36
36683 16384 6 102,18,59,132,40,83,118
8113 2314 7 128,18,169,14
17294 22842 5 54,149,20
42877 26714 6 83,37,18,20,194,41,49
22348 41941 7 53,114,144,119,65,21
8969 25455 7 19,34
13760 23266 6 107,101
8176 33331 5 82,156,65,64
21215 28335 5 45,152,56,34,79,17,129
16659 2474 7 48,31,28,132,169
9123 44363 6 146,136,47,194
8430 1041 5 24,53,83,64,60,25,63,87
30419 38839 5 87,20,181,62,104
12178 1516 7 96,21,58,14
35661 17401 6 56,62,142,104
29079 29765 6 87,9,138
24204 30953 7 65,178,21,76,85
25635 4742 7 104,50,108
20688 3668 6 104,48
5232 36065 5 114,14,19,131,19,35
36505 10801 7 57,80,119,16
22634 1999 6 106,17,75,10,160
44851 15920 5 17,64
44974 40371 7 50,179,112,87
2568 23518 6 120,49,56,21,87,58,114
19469 4096 5 130,40,50,211,19
26035 37029 6 65,19,144
4984 16964 6 63,9
29765 15967 5 10,27
39434 45677 5 80,80,82,20,162,140
4433 15485 5 162,146,67,182,181
6875 24086 7 22,49,179,103,85,46,47
40175 10730 7 59,62,163
5077 37182 6 20,145,113,178,51,138,141
6273 30952 5 185,60
32858 44022 6 10,185,54,66,114
21635 10739 5 15,55,131,51,44,103
8705 39462 6 69,50
12267 10476 6 85,19,131,161
34247 33408 5 18,161,118,132,21,66,64
21157 19283 6 104,140,185,21
27168 387 7 118,38
20600 43088 7 103,15,104
15579 12419 5 53,178,130
37551 38807 6 63,58
10645 1821 6 104,129,66,52,193
11937 42883 7 48,41,156,27,37,64,101
26880 22687 6 47,109,194,18,49
15731 44515 6 149,53,181,38,143,132,47
39290 45712 7 14,53,112,25,106,10,118,113
30123 40381 5 83,75,104,20,42,53,157,194
32571 24914 7 149,216,132,57
6346 30986 6 130,67,102,25,185
22427 2468 6 69,113,47,82,34
44613 16651 5 104,104,7
23492 39327 7 116,163,10
13906 36652 6 163,194,14,85
914 41352 6 72,91,111,20,116
29058 23078 5 49,179,66,66,59,62
42602 12560 5 61,60,69,66,181,130
14813 32099 7 21,64
21696 31522 5 65,50,30,20,67
14279 415 7 48,162,185
36376 8172 5 119,185,142
45386 1982 7 149,103,46
41070 28501 7 48,45
42272 19361 5 69,55,113
42302 20318 6 104,40,69
737 14468 7 117,114,63,185,19,115,119,18
13595 38505 7 30,129,105,20
2775 28463 5 60,84,184,55,106,60,15,48
44059 26902 7 53,48,50,110,24,34,59
39452 1038 6 8,108,36,20
38367 9707 6 80,57,53,119,48,183
9955 8575 5 67,17,82,110,62,136
32782 41861 5 52,80
98 42952 5 134,54,73,10,51,13
30020 15145 7 55,162,129
39051 14492 7 41,91,57,144,69
7371 20510 5 47,59,99,28,110
30498 11597 5 179,118
14791 18794 6 101,119,216
17879 8484 5 82,49,162,68,53,83
33285 24528 6 51,163,103,18
33539 26138 5 10,27,61
17152 10237 6 129,143,83,91,79,62,63
42188 18646 5 120,28
9700 10820 5 83,162
27190 41900 6 48,41,29,156,27,59,19,37
22250 37057 6 104,61
32960 15546 7 105,151,184,104
39465 25396 5 20,101,116,82
10127 8584 5 104,27,22,64,146,31,41,182
15118 15543 6 21,117,49
28145 8651 7 8,29,20,48,17,10,21,156
37292 1927 5 120,109,130,44
28258 32336 6 66,23,58,114,103,103,23
7176 24497 5 47,169,60,43
14585 37880 5 45,69,184,162,21,56
38899 27299 6 66,43,53
12428 22011 5 189,185,22,33,101
19586 23474 7 49,8,19,29,110,53
38168 39856 6 177,53
31111 27173 7 56,29,68
27911 21337 5 69,37
14253 33273 5 54,50,43,211,59
30061 43984 5 57,31,156,103
43350 22797 7 22,42,61,9,108,49,48,181
6589 34280 5 165,62,103,130
1690 3531 6 118,35
7950 10249 6 162,136
32073 17442 7 110,51,108,163,105,83,184,28
3810 8491 7 182,58,83,104,59
42139 43204 5 22,50,112,25
14872 13946 7 185,32
15424 33785 7 46,184,48,81,111,19
39194 32020 5 178,184,16,119,18,195
13291 39846 7 103,119,160,110,119
28830 35897 7 133,99,117,50
35382 4233 6 87,17
3614 39754 7 45,155,54,177,58,63,142,14
33689 10903 7 179,107,17
5764 16594 5 185,94,134,14,57,34,115,116
18576 6778 5 102,63,131,57
5747 15098 7 22,183,144,211,44,118,169,129
42707 8617 7 57,102,84,96,98
37154 33578 5 185,65,28,62,8
19010 21508 7 18,78,87
28967 14753 6 112,84,18,146,61,46,135
8418 12070 6 91,120,55,91,163,101,185
33205 4743 7 23,169,119,108,49
12953 813 7 61,113,112,163,10,82
9623 3621 7 20,22,104,119,33,84,114
40013 4940 7 110,184,131,42,132,53,21,17
24136 4067 6 48,169
29321 22844 6 62,132,178,18,59,184,63,181
24290 20634 5 16,194,133
45559 40061 7 152,81,62,37,119,129,106
26013 9024 7 47,85,51,49,152,57,107,118
14550 31421 5 57,48,42,104,120
44854 21489 6 185,105,49,104,21,19,156,141
10602 13006 6 7,35,35,57,18,152
23577 25756 7 119,35,65,64,216
40233 37249 6 59,19,85,194
12569 24896 7 149,131,143,156,144
18264 34571 7 129,46
31245 37452 7 46,48,51,56,114,48
12094 17529 6 130,59,104,40,112
17903 35484 6 46,119,130,58
35969 21053 7 65,109,19,30,7,222,20
17200 42566 5 83,8,21
29903 7983 6 32,107,7,136,133,54,100
28678 22879 6 130,128,87,58,49,185,53,50
42912 9171 5 118,111,185,69,60,184
44345 32445 6 64,39,36
16726 43403 6 49,115,104,21,83,21
34553 11419 5 85,54,69,37,44
20045 36238 5 162,32,103,9,26
12833 22301 5 129,78,107
25392 26139 7 46,185,131,34
22553 23514 7 43,133,109,20,66,183,20,14
37713 17010 5 59,48,44,54,46,62,61
12826 19751 6 22,108,145,52,58,156,38,50
8216 7865 6 19,19,104,54,23,10
42482 29692 6 83,21,9,21,55,53
1800 32731 6 34,149,31,50,12,58
26902 5662 5 141,63,77
40 10217 7 32,185,211,30,114,160
42337 3091 7 117,6,22,132,104,103,37,185
16477 15590 5 160,36,12,41,152,67,111
17831 39988 5 29,61,118
44683 17011 5 104,20,131,176
37890 20135 7 185,64,120,162
17628 25667 7 177,40
9507 24633 5 54,58,169,85
43539 7123 6 119,129,87,185,194
8535 13836 6 67,21,129,44,47,17
4892 20409 7 185,104,178,162
30422 16200 5 16,115
13886 30998 5 85,41,136
10710 12033 5 44,58
28131 8413 7 45,157,60,115,61,47,181
15179 23661 7 128,37
28704 8726 6 16,34,18,57,10,19,25,18
13644 22338 7 65,21,118,15,44
40324 33955 5 182,20,34,134,66,48,21
21517 20338 6 105,16,60,44,49,104
17443 32002 7 44,82,156,46,100,135,69
44293 25745 6 137,49,22
37751 20243 6 104,103,148,49,183,57
18784 37067 6 104,29
1827 32256 5 85,21,163,51,38,129,19,87
14046 12707 6 191,106,118,116,20,53,15,58
3062 4244 7 58,48,134,21
16231 29779 7 18,65,57,47
26998 36034 6 184,131,130,65,17,30
38207 34332 6 39,14,144,130,103,53
31233 37364 7 62,98,21,61,162,47
8821 13998 7 43,110,83,20,132,110
16240 19651 7 104,21,58,129,154,117,118,115
24402 22892 5 32,108,130,118,166,22,22,43
20416 15173 6 52,160,118,46,20,136,60,142
1929 3669 6 130,24,21,56
3 19834 7 48,114,35,102,149,10
5397 33248 5 56,19,12
15864 32026 5 103,58
12490 10529 6 48,65,83,43,58,113
39971 31348 6 48,64,69,30,102,62,181
44332 4386 7 64,64,91,58,110,35
19447 7893 6 185,129,139,63,102,41
9927 6333 5 129,7,15,51,161
13549 45286 6 66,85,113,156,87,61
4410 29309 7 40,61,87,38,178
34495 279 7 20,85,61,102,17,80,109,43
5562 26973 7 118,119,85,155,24,41,129,120
30358 31885 7 103,84,129,108,163,49,83
7913 6024 5 182,182,113,143,112,23,58,17
24528 31274 6 130,44,160,63,82,19
11564 30615 5 68,18,20,179,179,63,152,142
9614 28211 6 50,87,24,63,119,109
25651 33744 6 103,59,33,185,113
34590 11915 6 103,12,84,35
26404 38130 7 58,38
18646 35248 6 49,65,23,58,22,16,34
25510 28086 6 106,63
1927 25873 7 136,24,17,139,185,65,138
8810 37544 5 19,35,21
9694 20754 6 34,48
13618 14917 6 57,48,21
43598 2587 5 185,102,64,156,10,58
22490 31845 6 19,49,91,18,133,40
42366 6765 5 60,82,63,27,141,10
29508 14658 5 20,63,119,64,61,44,129
3785 11133 6 56,116,116,63,83,16,129,64
32873 42611 6 131,194
32352 13902 5 59,182
45294 32419 5 14,185,177
33592 30120 6 82,29
12981 26721 6 18,110,130,105,129,119,129
40536 23143 7 30,9
2848 16804 6 52,20,44
35936 27179 5 58,51
29314 24205 7 21,14,107,58
37697 26359 5 22,25,105,80,184,184,9
9069 32953 5 18,36,143,46
10473 40786 6 24,20,139,51,49
42128 13222 6 110,104
14874 31931 5 37,81,108,47
14932 18863 6 63,64,83,79,8,59,37
5742 5762 7 179,63
41305 32155 7 58,65,32,52,93,103,58
18073 30306 7 63,42,44,30,83,146
37009 2321 6 41,19,46,119,183
29354 27747 7 19,113,114,169,85
29817 28027 7 55,115,46,103
43308 44234 5 64,9,129,66,102,65
3002 21155 5 113,115,19,142,101
38699 35992 7 117,142,103,111,53,48,118,28
7890 11760 6 116,22,10
200 36582 7 69,66,194,90,107,12,82,184
3139 13481 7 10,17,101,20,112,8
12563 13962 5 152,68,162,182,163,31
36070 41964 5 57,136,51,185,112
43788 26946 5 133,28,28,132,133,18
43280 33283 6 21,142,178
5096 11328 7 24,184,119,44
20780 31262 7 130,115,162,29,21
19732 22944 7 37,25,201,24
13043 20162 5 134,106,47,143,49,65,135,52
19611 44368 5 46,53,100,169,49,50
9395 27892 6 58,22,55,110,55,81
39497 12306 7 27,12,103,104,59,24,35
36947 43115 7 30,22,54
39850 22975 7 10,87
27037 23895 6 21,67,144,128,60,29,145,18
7253 16028 7 17,68,115,119,31,179,83,19
39814 37935 6 112,105,184,184
19401 32802 6 118,116,53,49,102,14
18530 17659 5 133,25,100,178,129,12,84,14
22388 39189 6 22,79,111,16,104,42,10,179
24904 17555 5 74,103,162,163,9,128,60
25399 22390 7 179,102,23,10,128,110
42516 39190 6 79,47,52,103,61,136,113
16191 43118 6 12,169,61,56
32639 34841 7 115,146,134,53,10,210,66,19
11254 24370 5 119,16,19,39,129,60,113,15
8353 44163 5 19,20,91
25214 24163 7 62,15,106,28
24798 36147 6 129,58,45,24,108,120,59,83
25567 43890 5 83,28
15170 10434 5 67,60
19624 19968 5 83,10,25,43,60,129,24
11407 36682 5 53,15,81,156,59,16
24867 18258 5 91,104,185,169
15511 8870 5 82,181,129,102
10690 23348 7 194,178,144,130,108,109,18
1917 43184 7 41,109
34301 19282 5 22,69,18,85,118
31782 13181 5 101,182
37280 39483 7 104,38,58,15,59,49,163
19052 7967 6 41,69,102
38979 34951 7 66,136,42,67,135,101,98,47
30732 7128 7 136,135,59
30941 12147 6 160,19,116,80
7576 35577 7 48,92,39,58,130,53,117,68
42329 26250 6 48,53,46,92,83,102,20
7126 14472 6 19,24,34,179,55
20546 32071 7 102,110,17,16,83,16,83
18960 15550 7 131,102,81,155,102
20179 6850 6 110,130,84,66,194,185,9,120
42370 14147 7 192,177,152,104,47,105
13582 14052 5 118,129,184,52,49,62,20
10854 24801 7 18,91,141,46
30296 18477 5 162,67,111,162
17786 40314 5 177,28,19,82,182,45,83
343 8816 5 59,129
17806 32641 7 10,83,38,18,129,33,156
251 40620 7 120,178,97,12,10,194,101
7020 44083 7 83,34,109,115,26,19
35422 7401 5 128,118,28,87,112
41424 18124 6 129,113,20,119,185,59
27292 22607 7 18,81,46,41,28,131
45147 19235 6 112,65,23
11750 41917 7 49,65,10,66,182,21,131,55
25605 11793 5 29,146,53,140,45,91
14483 2471 7 21,134,46
9180 21585 5 53,140,104,84,52
8934 35669 7 104,108,49,179,47,145
20109 6818 6 81,82,58,36,40,9
1916 21004 7 81,15,185,132
6287 9466 7 48,83
24428 24329 5 32,23,185,54,68,111,49,130
28673 20040 5 16,103,85,194
7013 12229 5 49,62,103,156,10,60
32933 45197 5 119,46,15,37
25144 38418 7 58,58,62,120,33,120,146,47
11 34265 7 119,114
19080 29739 6 39,10,128,163,25,20
35402 10548 5 128,36,156
41690 13623 7 12,158
37024 30718 5 21,63,59,109,28
20278 3701 5 103,107,46
777 42147 5 116,24
7088 11637 6 20,163,129,62,59,129,46,7
10006 18586 6 18,9,43,20,153,154
26132 12249 6 108,53
42340 13370 6 164,119,116,58,61,10,83
41740 36656 7 67,82
10246 16990 7 156,42
33626 2836 6 49,184,119,7,19,46,25,8
2864 27139 5 20,131,87,91
23423 8800 7 83,83,40,37,182,119,149
2444 9197 6 61,182,49,33,21,48,80,159
2019 35041 5 179,115,178,184,21,169,67
21848 42829 7 46,119,115,52,108
40498 1733 6 185,68
12067 25595 6 94,18,60,64
19472 8865 7 62,194,143,62,60,61
17284 40852 7 66,185,109,59,136
5468 7601 7 42,63
35241 24405 6 28,119,46,52,59
38921 655 5 35,112,36,20,62
21139 8479 7 169,162
7955 29341 7 85,19,83,30,63,81,49
7601 45791 5 25,136,115,65,117
43660 25770 6 48,21,20,37,45,65
37193 31865 7 63,104,194,149
40834 5827 7 83,83,8,62,23
41949 36562 6 67,24,68,8,43,60
6807 43553 5 96,129,97,47,182,55,117,154
41944 12144 6 51,47,80,38,23
41636 23735 5 114,59,83,18,183,160,58,12
1 8329 6 113,105,126,179,47,141,154
29915 27 5 60,83,191,83
630 17627 6 85,21,50,61,40
2407 27660 7 194,136
10825 2195 6 57,49,129,60
30562 37648 5 21,106,162,41,28,14
14213 12334 7 103,59,15,52,29,60
25986 4764 5 130,107,104,32,153,10,54
1389 18046 6 22,129,115,201,181
40937 2186 5 42,48,69
11506 44427 6 49,50,134
44850 11920 7 33,49
42409 31449 5 87,78,169,47,103,58,30
27464 16924 7 163,45
6567 27312 5 144,49,26,182,195,16,118,16
34201 42348 6 163,185,53,83,28,104,113
32269 35279 6 46,57,48,61
26424 33514 6 131,105,47
7741 2302 5 136,91,36,54
16043 18198 6 185,177,83,36,118,36
2731 35498 5 59,63,91,50
22717 854 6 16,143,154,49,179
12140 29597 6 109,14,53,17,111,116,27
13061 26576 7 162,56,194,51,21,91,19,104
32290 37754 6 104,58,184,135,39,119
37369 43156 6 81,64
39971 32144 7 63,83,109,117,20,138,111
8884 26480 5 21,49
33899 13762 6 185,49,169,103,55
26434 39974 6 112,185,47,117,163,56,200,119
23622 15370 6 135,64,103,112,44,66
18865 31721 6 104,114,84,83,48,8,181
10638 15327 7 178,49
34410 14220 5 163,35,36,41,152,68
14113 5436 6 58,104,62,62,51,66
44408 22198 5 31,118,152,101,19,149
23142 11813 6 104,184,68,148,54
8014 33635 5 130,48,20,81,105,130,119,7
40699 41467 5 114,132,87,68,211,53,18
3566 32220 6 22,179,145,61
32918 13843 5 28,129
43480 21721 6 156,62,85,179,46,52,69
862 34820 7 113,62,58,29
28309 40892 5 65,49,129,103,193,32,69,146
23547 5572 5 10,40,152,132,106,131
17680 16634 6 8,91,134
24435 16594 7 53,40,182
34742 5864 5 60,161,133,47,24,42
3650 38273 6 146,83
25975 42685 5 85,194,44,160,119
12871 28422 5 129,151,182,129
26680 42185 6 65,185,129,61,83
4622 45411 6 18,98,129,53,81
38751 4614 6 64,105,160,36,101,62,138
41010 41097 7 32,102,82,15,35
16603 34319 5 69,46,106,54
43569 20067 5 22,135,50,55,113,59,82
5048 18213 7 133,179,106,133,128,131
44987 27560 6 67,90
18380 33995 6 181,49,9,115,20,169
9918 703 5 195,145,18,29,61,10
25984 45576 6 58,30
29820 34445 6 64,15,40,18,17,104
3129 33963 5 120,130,49,17
4902 41668 7 8,25,104,66,156
26979 30411 7 118,29,59,115,44,159,185
44902 22306 7 153,80,48,169,179,182
41533 5128 7 61,83,115,105,21,63,46
39983 45784 7 84,163,59,34,44,184
45528 9648 5 105,31,21,105,113,42,105
5658 13530 6 58,9,185,37,82
31038 6057 5 185,33,39,25,45,177,179
33116 42142 7 32,21
27592 35297 7 109,40,84,60,117
39287 8774 7 101,8,152,87,129,83,116,19
24473 33165 7 38,111,7,139,81,128,50
10422 6242 7 49,21,163,162,58,163,65,8
17610 27251 7 185,112,84,108,60
38623 19994 5 33,20,63,82,58
38364 18767 7 18,61,69,23
37189 42221 7 19,185,60,59,120
30875 8465 5 28,98,15,134,61,23,157
22991 40493 6 18,53,51,45,8,83
34625 21964 5 140,113,116
37149 35973 5 178,20
7958 44437 5 113,57,131,41,21,185
15283 7832 7 21,60,161
36121 26368 5 21,111,64
10744 43556 6 33,14,63,216,59,14,19
40588 28527 6 23,103,23,185,183,56,119
23327 2651 7 87,130,194,60
44706 1211 7 49,28,85,25,102,65,84,43
16253 45514 6 58,31,169
3282 5366 6 56,40,21
40189 33431 5 31,23
1883 5754 6 211,28,112,119,185,80,49
15672 41640 6 134,177,84
24090 32684 6 45,58,36
23706 679 6 8,211,30,16,104
45470 38005 6 184,114,63
35943 23299 6 46,45,182,20
8105 12500 5 119,53,8,17,120,136,118
299 14338 7 84,46,101,129,50,130
8515 2346 7 82,105,136
29716 45646 6 63,20,162,178,43,156
6690 4337 5 129,117,49,55,178
40501 24747 5 28,201,95,83,85
18876 38239 6 130,7,178,38
23648 4627 7 179,120,60,67,135,60,9
45794 24344 6 10,160
982 35547 7 77,80
1273 21642 7 103,36
29739 17432 5 16,20,18,65,129,51,10
17763 22092 5 21,149,80,120,104,169,115
20359 35837 6 194,85,49,18,58,59,101,120
25493 18647 6 25,185,12,108,119,37
16883 13102 6 62,20
9029 1759 6 116,6,132
16447 37231 6 149,58,80,61,21,58,85
6620 17448 7 40,47
31974 10300 6 129,26,21,179,163,62,21,82
37017 33565 5 111,84,19,56,49,49,14,48
11205 377 7 63,52,91,48,48,42
19804 2337 6 42,14,62,61,162,8
1983 37346 7 113,10,163,58
29927 36477 7 169,116,37,84
28675 15830 6 38,59,144,119,87,49,182,185
5271 2019 5 18,104,49,144,115,142
34150 7685 7 10,22,95,113,20
12651 24136 6 20,66,49,194,91,115,25
7112 39901 6 35,146,109,163
20151 18103 5 104,21
36339 23199 7 60,116,104,42,73,33,48,28
34082 39522 5 48,103,48,185,103,24,104,109
7192 7517 7 56,62,12,42
20149 44644 6 184,156,169,163,8,95,56
29605 28110 5 58,41,119,67,50
22726 22568 7 49,183,136,37,41
1846 18491 6 65,44,48,83
19417 12781 6 17,21,67,85,146
17963 16260 7 184,85
44063 8316 5 116,48,59,104,48,53,168,135
34791 2472 6 113,185,82,140,113,56
11195 36774 5 140,146
43096 431 5 178,91,67,33
1012 387 7 131,12,7,20,62,130
20244 43268 7 117,178
18482 45601 6 83,109,68,87,83
25207 14564 6 49,37,35,24,119,102,181
2480 44008 7 136,129,10
13091 94 5 119,55,114,33,80,120,119,169
15496 6036 7 48,194,110
6351 4223 6 21,35,49,16
7409 13740 7 61,22,179
31440 22679 7 49,193,144
19283 11147 6 143,103,17,80
36362 9927 7 104,44,62
9642 6704 7 82,61,55
14046 9783 5 21,112,48,15,48,18,49
36782 35153 6 35,49,19,66,36
38926 33115 5 67,10,162,130
19733 10013 7 14,83,169
32984 35811 5 49,19,169,194,133,21,110,130
36021 43387 7 29,21,21,7,156,185,54
26398 15325 5 14,78
23963 38171 5 149,29,18,103
3653 12606 5 102,111,132
21630 8147 5 81,53,156,64,91,18,61,130
10515 17060 5 149,47
2895 17656 7 53,40,141,17
27322 12739 5 129,48,83,54
29436 39572 6 66,83,98,43,22,116,61
4337 11886 6 120,103,119,68,91,20,7,14
37171 42082 5 185,129,65,129,24,34
37495 7514 6 48,156,35,53,184,15,54
39156 33554 7 55,156,53,49,181,114
31195 22010 7 113,118,69,142
1631 10426 6 58,132,39,142,131,53,104
20268 35333 5 98,54
21915 23769 7 58,62,76
24888 44028 5 107,146,67,48,129,119,107
40755 44922 5 100,195
38848 21364 6 31,47,84,19,50,60,185,83
14987 10439 6 48,185,112,13,40,146,58,21
9432 39487 6 47,102,37
24069 15424 5 50,63,8
5862 9661 7 59,35,45,129,110,21,83
10349 21950 6 42,182,82,22,115,58
20099 44701 5 145,34
37567 448 7 178,28,142,102,129
9778 32040 5 52,83,48
15443 23286 5 132,156,51
33710 18314 6 38,20,68,19,185,64,135
6291 28404 7 132,22
32458 28182 7 134,14,136,54
30230 12026 6 14,113,128,65,20,17,56
38256 26028 7 63,49,60,130,9,9,47,60
30784 19229 5 54,60
21050 45421 5 61,181,23,79,22
31684 29816 7 146,113,64,177,108,182,27
37099 33510 5 23,78,18,67,115,82
34373 41255 7 35,102,114,58,27,61
7909 3516 7 87,64,129
43957 29578 7 61,69,18,34,64,66,182,18
40712 12639 7 127,65
41509 40971 5 20,26
30449 30027 5 191,112,111
30507 43496 6 68,69,16,140
13189 25227 7 131,58,135,102,24,106,130
44695 28024 6 83,33,53,60,65,116,181,129
33714 18259 6 53,110,185
18765 27557 7 64,169,194,45,44
26332 3781 7 143,129,23,64
12183 43937 7 59,113,136
9909 40115 5 182,55,129,9,184,35,10
24698 42117 7 7,35,136
18738 14390 5 20,104
17938 28770 5 39,14,103,57,21,182,42,149
35669 41770 7 22,65,42,8
2235 7024 6 50,108,51,51
28878 21061 7 105,20
24241 14794 7 14,68,169,113,137
45639 8236 6 120,115,83,132,102,29
36706 36502 5 58,56,158
30706 1212 5 51,18,94,33,58,120,211
43623 44564 6 16,19,81,169,21
20585 6349 6 120,48,116,163,136
27537 31800 5 21,114,25,23,87,91,16,20
34276 11266 5 87,25
13148 12920 7 19,53,58
20273 19794 5 46,116,57,32,10,32,47,16
10567 38285 5 46,33,113,47,19,21,69
830 42305 5 129,87,69,30,82,129,179,37
41172 43444 5 119,83,59,184,85,182
11496 4924 5 61,103
29333 5669 5 184,16,39
1130 14017 7 55,58,104,110,48,120,194
4747 13876 6 29,184,59
33528 156 6 103,119
19329 18114 6 110,109,108
30663 21805 5 56,184,156,69,58,85,104,65
27055 9771 5 18,65,129,67,102,131,81
13112 4973 6 64,110
4973 41274 7 23,182,91,54,117,160,54
13577 34507 7 185,10,28
43746 5993 7 82,59,152,93,49
39811 16232 7 79,21,85,142,120,26
1031 24636 6 104,77
40300 7429 7 134,48,108,110,81,81,15,17
26357 33317 7 85,79
11207 17306 7 178,15,53,87,152,82,8,10
15990 13523 5 63,135,9,185,139,131,49,20
14571 18520 7 102,119,10,179,107,21,61,26
41427 24089 5 82,53
6926 17250 6 57,12,58,63,59
23684 33128 7 12,45,111,112,49,9,61,83
44192 38376 7 90,69
9860 21656 6 104,58,87,74,30,81,104,119
41998 37975 6 181,45
10102 19491 5 108,16,49,82,83
21586 38958 5 90,162,91,100
33168 45710 6 83,48,155
11762 20447 6 63,29,60,48,204,41
15806 33346 6 107,72,59,37
13643 24487 5 98,21,135,19,21,47,56,84
3288 38080 5 21,183,129,49,21,179
2887 26059 7 83,9,59,101,185,61
33286 26310 6 40,178,103,179,106,62,38,185
11395 19639 6 185,40,45,119,33
22500 31826 5 12,179,156,46
21118 40672 7 20,58,67,184,47,129
37658 44494 6 66,60,53,60
42666 32843 5 61,18
45165 37930 6 130,130,59
1350 11213 7 63,36,50
15914 32283 5 46,115,38,53,152
13281 5425 6 62,28,55
9914 15426 7 53,16,8,120,59,130,33
32006 12634 5 104,48
41927 20738 6 138,104,67,133,19,12
34741 26189 7 102,8,116,59
40043 40491 6 47,25
13125 35466 7 24,83,52,182,63,83,20
9166 43939 7 120,104
43769 36977 5 19,103,29,119,149,17
24785 44836 5 104,18,26,110,99,35,21
5821 39467 7 39,30,64,16,37,22,30,24
2535 31828 5 135,40,48,61,18,182,40,30
43389 29206 6 52,136,185,185,23,85,21,177
7809 29870 7 48,48,92,105,118,115
24901 41249 5 15,46,67,32,59,53,41
537 30385 7 100,53,83,46,24,19,146,146
17323 44804 7 61,21,21,18,81,68,60,184
8269 21548 7 104,62,169
13817 27770 6 49,63
15222 25344 5 18,56,181,119,35,59,141,194
253 19061 6 185,129,84
30228 9683 7 10,161,106,47,49,103,119,15
9827 36369 7 30,16,58,182,141,119,185
8730 42675 6 85,104,111,35,7
39925 13303 6 132,17,50,20
10941 5551 7 54,41,43,145,185
13060 6733 5 129,82,17,153,17,191
43124 44946 6 114,130,49
11436 2787 6 48,34
43834 3483 5 82,40,106
36673 28120 7 83,31,49,120,19,60,47,118
32275 27256 5 109,10,53,64,63,102,39
44560 31688 7 179,16,41,48,35,119
18352 37276 7 102,114
9746 45376 6 58,108,36
30405 28909 5 185,81,119
42615 44971 5 105,120,31,131,129,10,48
25164 24023 5 181,41,64
44936 7596 5 87,27,79,103,52,12,90
21592 14327 5 21,52
13221 34762 5 20,12,47
39475 12495 7 84,109,65,49
14617 19043 5 58,65,63,8,156,20,110
38055 416 5 102,104,25,191,91,184,20
30851 39570 5 62,32,179
1407 20347 6 45,87,182,87,29,29,15
10360 4261 6 39,104
27383 17100 5 216,83,60
21861 35316 7 18,18,58,27,194,36
42142 38729 7 128,42,104,24
7597 34150 5 63,57,85,23,24
12762 37350 6 58,152,14,146,117
5060 21954 5 116,43
36502 13954 7 9,82,56,49,144,179
37826 31610 7 20,43,126
1052 24156 6 45,66,118,21
28022 40582 5 30,132,111,116,105,106,62
44835 22221 5 111,142
35858 30180 7 120,64,37,184,14,90,78
35930 21346 5 67,194,38,50,40,17
8357 4920 7 143,63,116,67,114,64,53
9869 38012 6 102,62,20,39,54,211,119
30279 39572 7 59,102,61,10,49,60,47
6159 34350 6 65,40,19,129,10,20,87,119
22075 19226 7 19,29,83,60,49,21,34,23
15533 17512 6 80,185,163
44897 17099 7 194,109
40854 12919 5 36,158
25119 26872 5 43,41,10,20
17572 10596 5 40,41,82,130,156,47,104
30527 4821 7 21,67
14097 36530 6 141,111,60,57,42,146,56
29335 15218 7 136,63,14,15,42,20,62
21550 8963 6 142,131
25500 17354 7 112,185,87,8,20,53
27911 38728 6 49,55,185
30146 7490 5 20,83,49,33,53,62,54,145
27175 15100 7 19,67,14,103,52,26,21
8933 32275 6 156,19,50,68,27,10,7
21684 31332 5 143,34,169
23414 5775 6 47,23,99,176
35000 40556 5 194,30,114,60,66,96,56
19637 25877 6 54,16,182,129,80,108,10
14178 4226 7 104,65,184,169
16169 14816 6 35,10,48,42,38,31,21
14763 42733 7 83,40
39507 25151 5 50,33,119,51,116,185,22
28814 12599 7 20,59,101,82
36594 39270 5 104,20,185,19,111,21,65
38665 45122 7 145,64,85,80,66,49,58
41855 8767 5 107,165,59,49,136
43361 24105 6 42,140,103,179,110
32259 31465 5 62,135,181,25,119,53
6980 5057 6 178,65,24
7514 3129 6 30,64
32037 36197 7 144,60,20
12044 35764 5 15,83,112
35120 28749 5 113,45,91,210,20,60
18657 34034 5 92,28,44,14,105
27282 34065 7 95,40,39,62,130
21686 15180 6 87,59,157,81,113,181,81,51
23694 15886 6 49,47,182,21,12
43329 12580 6 136,82,179,82,15,156
16584 42345 5 59,51,131,45,82,11,106
21390 39510 6 45,10,113,117
27282 27245 7 111,101
29576 17367 7 19,163
37278 2727 6 109,83,136,114,80,47
35057 37058 7 59,14,45
13454 22450 5 82,39,14,10,110,102
22219 31252 5 49,45,116,104,145
9697 18821 6 18,113,104,30,139
26715 42742 7 68,131,63,49
11396 1512 5 118,46
33564 9276 6 14,118,10,8,185,119,132
28712 3000 6 144,62,120,120,49,68
29347 15691 5 10,195,27,34,49,8,16,135
42830 3512 7 55,111,119,120,46,53,47
30245 27584 5 29,55,37,130,16
2034 25799 7 7,57
9446 26861 6 62,49,8,20,85,59,53
4374 19087 6 61,104,117,209,84,132
29658 40727 7 114,58,120,104
44422 5700 7 48,60,19,83,53
23535 16134 7 113,47,8,46,82,169,113,50
17796 21907 6 45,84
21633 43670 7 42,44,58,24,31,66,29,83
41726 3416 7 50,84,68,132,117,55,21,129
23646 29742 7 59,21,113,69,100,8
23660 25154 5 103,65
29445 27174 7 46,63,104,104,69,68,91
17105 40654 6 8,31,146,119,57,62
20237 38246 6 131,142
24317 35373 7 40,35,21,109
17359 10878 6 113,91
21345 15684 6 113,67,81,47,65,159
25545 5445 5 63,24,185,104,84
27062 17752 6 184,177,116
9205 19503 7 184,181,101,194,85,102,57
11342 32682 5 18,9,91
30927 35669 5 101,25,25,103,184,38
6146 13314 7 66,46,61,129,21,60,56,36
30804 15247 7 8,119,102,45,71,47,144
14138 13770 6 82,48,118
27304 25290 5 19,19,84,56,109,53,178,185
44854 39721 6 108,194,155,83,131
6565 16880 7 20,29,39,169,52
24137 2462 5 16,38,66,26,104,48,182,142
11785 5891 5 63,84,7,33,103,50,51
43612 27792 6 67,67,82
3590 32593 7 21,142,67,128
14620 2358 7 182,106,119
44839 21291 5 69,97,17,18,177,17
39784 24298 6 184,102,184,194,78,42
22268 10179 7 129,53,120,65,16,35,43
28602 22765 7 119,12,80,19,119,60,120
32457 16306 5 12,63,183,8,16,26,36,77
16254 37438 7 194,128,182
40039 17224 7 48,44,87,48,20,185,38,49
23889 7462 5 118,82,79,56,57
18846 37065 7 139,119,35,64,67,55,25,107
11292 9504 5 44,48
8433 36056 7 129,128,29,47,20,119,59
42533 18626 7 82,135,194,109,104
14154 16517 5 19,177,83,8,128,10,18,55
45245 11739 5 104,52,10,181,185,106
30403 14108 5 129,18,52,59,85,18,178,34
2487 26735 7 30,60
27398 37208 5 91,12,140
7003 27718 5 91,79,26,66,136,103,58
38922 31751 7 84,80,65
45259 32084 5 93,185,119,21,26,104
5203 26926 5 162,18,185
20353 18482 5 58,182,9,10,109,51,136,85
39356 32432 7 117,194,111
37088 21912 5 12,10,59
34688 3610 5 36,129,194,91,49,140,110,95
1339 12866 7 66,9,56
5795 25121 6 114,41,16
25979 25736 6 179,18,44,69
25485 43128 5 22,112
15852 11943 5 37,104,81,135,69,129
18665 24476 5 179,116,169,144
31459 30125 7 75,103,21,63,21,56,149,8
14510 23279 7 61,63,106,179,144
4545 11506 7 38,44,47,119,65
42168 24346 5 58,109,17,163,140,8,131,20
21256 3661 5 9,82,14
6744 22800 5 67,48,117,194
25780 35952 5 46,62,91,48,104,8,118
11317 13528 6 99,42,160,19
31266 17405 6 113,51,53,75,61,38
5114 21949 5 12,111,149,95
15945 29669 7 25,47,106,120,113
33454 32537 7 61,34,62,17,53,141
39794 1960 7 128,163
12969 44268 6 106,156,54,22,83,81
16946 901 5 58,106,182,143
34805 31999 5 163,76,178,130,20,53
37911 8011 6 114,112,48,56,28,130,37,31
32050 38084 5 62,152,22,169,16,120,21
44120 11991 6 62,63,48,12,116,63
21197 35614 6 62,62,152,162,81,47
5302 28053 7 183,47,106,91,15,51,87,85
2208 42593 7 145,161,42,47,33,128
15653 14502 5 129,120,119
34278 44729 6 129,20,66,34,185,34,156
41241 12899 6 35,194,129
29183 38271 6 146,119,112,119
20277 24109 6 10,67,10,182
773 44023 6 9,19,114,179
9017 32804 7 185,130,10
25489 41339 7 44,20,18
4943 37222 7 129,12,87
43034 9911 7 113,29
20707 39168 6 80,17,110,82
15253 9738 7 98,63,21,56,26,80,50
7921 29089 6 31,19,169,101,84,108,119
29932 10070 7 87,120,134,85,9
25826 27211 5 131,116,85,119,20
30334 13296 7 118,46,14,128,118
12415 8937 5 32,83,29,18,104,106,101,119
24540 25577 7 46,84,180
11585 35891 6 39,10,144,21
36670 34801 7 21,67,130,49
6662 20691 7 21,100,106,57,178,169,129,25
8087 35682 5 7,61,103,179,9,38,23,48
41943 29098 6 143,20
8410 37762 7 89,149,97,144
38602 12792 5 15,15,115,21,119,44
20706 14072 7 49,87,134,17
23118 4731 7 179,6,144,185
20303 12597 7 59,120,108,62,36,61,94,167
30467 3627 5 48,91,116
2046 813 6 53,58,146,130,50
12259 26536 5 18,185,178
19471 14970 5 115,156,47,38,62,129,41,63
38472 22132 6 56,64,104,60,62,62,87,183
36554 5919 6 30,83,69,19,14,94
18453 44473 6 104,83,77,8,8,59
40453 3374 6 114,57,82,65,46
17430 24348 6 21,61,9,29,68,101,178
11951 42630 7 176,53,20,179,48,185
12722 11568 6 9,68,69
14003 8639 6 66,63,8
8506 8788 5 63,78,103,128,143,7
31513 949 6 119,24,194
41900 36401 7 110,107,62,53
13707 43428 5 143,63,43,134,185,12,95,185
43147 28704 6 28,58
38477 35600 5 33,37,51,53,49
42092 26824 7 119,68
24238 37905 7 29,101,23
25402 20122 6 128,112,85,31,112,21,111,60
45136 39016 7 119,113,149,60,67,84,63
23096 14635 6 120,15
42647 106 5 195,39,129,96,46,102
5622 33422 5 65,25,145,151,89,55
12366 45084 5 140,136
16027 4580 6 117,177,185,149,65
2116 8622 6 111,119,24,107,87,179,25
39898 22981 7 52,119,118,131,184,90,30,10
14443 14590 5 19,104,28,112,128,42,129
29024 540 7 19,146,76,8,129,82,119
36565 37095 7 20,30,56,78,178,182,38,104
22717 8643 5 34,43,59,20,14
5227 20760 6 36,80,83,10
15796 6087 7 17,36,10,28,61,144,37,185
8140 15951 6 129,53,65,12,10
26639 23220 7 130,136,101,101,45,10
38550 44189 5 34,169,184,103
14945 8050 6 24,83,145,68,23,45,61
39986 4472 6 85,149
29044 8293 5 61,28
17708 40645 7 35,14,11,14,179,58,34,53
43031 22276 7 62,169,132,156,16
32265 14488 7 52,56,33,194,21,69
34207 10232 5 54,58
24473 1583 6 53,21,105,48,48
5948 43324 5 129,62,114,19,142
40820 25327 7 36,7,103,69,18
32208 20852 5 69,30,17
33750 39794 7 177,66,111,163
32892 12645 7 45,179,113,18,77
11382 21101 7 100,65,185,49
41429 31141 5 53,131,90,58,21
39037 19167 6 16,119,179,85,61,156,140,68
16518 40232 7 114,106,104,179
42989 36876 6 57,35,87,135,45
32417 25258 7 33,10,91,85
19603 16545 5 58,49,49,33,119,34,12,56
782 45273 5 58,116
44963 6299 6 182,43,85,100,19
25154 608 5 83,65,55,35
10546 4360 5 101,49,112
1733 37765 7 58,25,116,169,67,24,129,83
14347 18486 6 26,21
21589 33758 7 163,131,169,56,7
8594 29082 7 20,68
32247 22661 5 84,81,30
14094 13757 7 185,21
14335 12517 5 36,102
35017 29239 5 119,61,111,26,67
24038 34269 6 49,178,102,46,21,12
34339 23222 5 117,144,63,169,54,42,51,44
36262 32358 5 17,184,37
12861 3687 7 141,91,87
38207 25585 5 18,178
42209 5372 7 49,51,103,169
1294 45712 6 185,49,130,185,182,48,37
12284 3434 5 177,44,114,49,85
7621 40910 6 129,18,25,58,80,29
22918 14135 6 161,142,20,77,47,21
42363 23761 6 51,16,101,52,48,53,61,83
8388 3440 5 83,105,10,109,102
6319 45486 7 53,103,46,130,56,83,81,138
2248 2429 6 119,95,48,97,204
1746 14771 5 59,57
1871 17643 6 58,46,194,68,184,115,169
13026 3197 5 34,37,210,65
4719 32259 5 64,103,30,76,19,117,65
43156 21632 5 39,119,58,177,113,136
1043 42863 7 29,45,91,185,110,42,143
33087 34343 7 15,57,14,195
31510 17489 5 40,102,179,120,178
17041 22183 6 35,36,162,83,43,10
5990 27238 7 26,36,41,83,39,83,27
13267 19707 6 156,128,49
11740 9710 5 114,104,49,105,37,82,41
27642 188 5 36,116,85,61,183
21229 18697 5 102,163,53,24,48,49,55,66
15642 15850 6 14,23,185,22,91,20,111
16359 37674 5 20,81,21,44,19,19,39
35261 41764 6 131,156
33291 20606 5 48,21
1220 17475 6 9,52,130,112,151,179
7471 22728 5 21,84,52,30,23,69,62
38239 31493 7 110,132,47
44608 30161 5 195,129,15,10,53
31001 11317 7 104,37,128
14952 27921 5 48,103,51,21,131
27740 16569 7 185,57,54,48
27458 40463 6 67,194,129,17,181,8,28
39940 10883 5 101,179,17
11905 31703 6 14,54,85,115,108,45
1962 19669 7 83,105,26,62,45
27194 42633 7 20,104,20
45421 818 6 182,43
40285 28695 5 82,24
25583 23303 7 83,83
42372 11174 7 58,54,145,43,169,169,63
4434 12967 5 118,94
3874 36017 6 24,57,60
30812 37955 7 10,50,119
7629 41150 5 156,59,182,87,58,60
35579 36490 5 100,54
41641 30179 5 133,103,63
30373 11313 5 41,185,30,45,18,47,91
12296 10357 6 91,81,104,85
19464 4713 5 15,82,15,14
9343 31671 6 184,136,156,103,103,111
24070 34847 5 119,54,17,7,129
30845 20082 7 29,82,62
8027 10337 7 82,22
27053 23754 7 49,96,53,23,25
12799 9895 5 21,21,85
44848 31271 5 44,130,184
164 37982 5 129,119,21,59
27111 38135 6 91,55,58,58
862 19425 5 83,44,61,211,143
40086 41084 6 80,16,119,14,85,139,132
29068 35398 7 103,129,169,30,58,61,54
41401 45279 6 93,181
33697 37944 7 87,62
41503 11156 5 102,72,185,52,106,19
34275 3672 7 64,119,85,130,50
35451 13882 5 41,21
38280 31599 6 84,111,15,26,169
8307 2492 5 141,48
5534 2521 6 63,139,145,154,91,7,53
15976 24011 5 106,72
2857 32395 5 182,201,18,63,19,185,33
14088 27407 5 149,84,103,57
41633 20743 6 177,37,84,109,65,65,42,20
34664 2959 7 14,20,53,119,48,194
5446 21847 7 54,84,133
38552 17512 7 69,194,102
16133 8418 7 105,104,101
36235 784 5 49,103,36,47
31039 18701 7 102,104,49,113,119,169,163,16
16940 17324 5 185,62,184,68,85
45646 38679 7 62,80,127,12,25,105
30522 19680 6 63,47,21,7
40216 22456 7 18,19,35,83,119,55,60,49
43356 10976 7 34,12,9
24515 24993 5 67,177,49,44,57,45
35801 23256 7 87,138,54,183
13160 465 6 142,17,75,23,104,82,156,57
35787 6687 7 57,178,112,116
16612 35264 6 58,117,10,40,57
30826 20143 6 8,194
2857 3503 5 62,87,57
19942 9788 7 106,52,99,32,22
26536 27334 7 39,41
36395 27286 6 103,139,84,19,204
10410 39496 6 21,57
16501 12292 6 184,109,178,40,142
6718 14746 7 38,81,30,62,35,60
31082 42503 6 20,83,91,81,69,91,80
27202 42738 5 42,115,7
28181 31928 5 65,21,185,7,62,59,104
3964 23447 5 16,63,67,24,37,63,129,40
6070 23309 5 131,60,38,159
38329 20168 5 50,102,53,184
27958 45734 6 130,107,52,111
37112 4593 6 34,47,68,17,67,132,184,138
29429 2980 7 182,102
30695 21121 6 162,16,83
38628 31863 7 32,185,145,106
24045 13364 7 42,119
24993 31276 6 179,132,28,169
31117 38143 5 107,35,79,141,133
31041 3432 7 80,151,7,144,68,113
29478 38290 6 62,47,54,129,119,91,68
45481 13864 7 48,23
31934 13914 5 49,100,101
11015 37051 7 20,81,119,41,119,105,17,136
29726 37237 7 109,47,55,194,139
22300 1075 5 82,162,179,48
44785 28463 7 130,139,160,9,14,9,35,181
39837 5802 5 67,36,59,48,82,119
15522 35976 6 131,37,34
36746 22144 5 138,181,87,46,120,119,61,131
26969 25793 7 169,104,104,39,28,19,43,130
29793 3159 7 83,191,59,120
16285 5487 7 143,38,61,106
10498 26503 7 61,18,185,145,126,58
8147 5444 5 156,25,60,119
23951 42782 6 103,25,160,185
28008 39303 7 64,34,69
31689 33741 6 41,21,81,84,29,62
109 166 5 39,103,81,81
12029 17410 6 48,177,130,83,17,183,58
30259 36767 7 58,85,9,179,120,120,29,44
5002 44808 6 10,15,49
31033 9723 7 87,16,43,182,38,69
32764 18858 5 118,119,177,16,114,104,45
20898 41852 5 66,50,194,65
29930 40667 5 50,59,146,120,18,44,29,9
3148 30118 6 32,119,185,108,115,66
25444 21045 7 60,107,65
2611 2841 6 82,100,91,58,81,24,56,120
14265 29792 6 19,62
9046 38903 7 128,60,34,36,119,136,15,10
7131 34739 7 41,60,84,54,115,54,108
33196 24242 6 21,21,156,119,106
30806 6337 5 63,156,63,24,59,104,19
15874 17457 6 85,116,92,69,216
22505 45200 7 179,160,25
29181 16968 7 163,59
30674 16353 7 18,49,28,15,184
10420 25821 5 103,146,152,114,185
28929 3247 6 83,110,18,44,36,20,82
13818 17470 7 22,162,25,84,23
30626 15755 7 163,132,63,63,21,179,100
19541 27319 7 9,58
40475 43113 5 104,53,12,129,30
40118 38909 7 19,48,162,81,53
11674 36832 5 117,135,143,182,39,49,110
26241 39772 7 100,10,52,182
42315 15994 7 117,178,113,182,128,62,61,185
8388 43944 6 10,55,7,22,36,87
32737 22775 7 135,107,18,163,44
12755 21670 5 78,55,44,61
3904 31135 6 109,14,120,10,23,32,68
28565 25914 5 27,83,66
41000 28647 5 143,104,113,22
11464 29910 7 80,159,85
42435 24275 7 55,44,10,54
18944 11576 7 87,20,112,155,59,104,45,116
6360 23068 5 81,83
9042 9379 6 61,59,11
17634 21475 5 33,64,63,104,104,58,63,143
35130 40327 5 63,30
35212 30501 5 59,63,101
18372 5014 5 54,36,19,21,41
5827 40608 6 7,113,136,18,66,36,29
26701 32811 6 57,83,53,110,85
38392 35071 7 32,21,24,181
15547 23909 5 21,53,63,31,129,58
8173 11532 5 146,82,169
9430 37373 6 48,111
29532 45398 6 103,108,51,81,48,63
11528 17495 7 104,93,11,15,20,104,65
19273 25985 6 109,44
41847 33806 7 29,157,105,53,100,177,101
16927 15194 7 91,15,58
2296 16338 6 46,110,19
41180 12482 7 181,119,145,9,91,194,87
8999 10959 6 7,130,120,177,32
3812 6151 5 102,59,40,57,37,10,23
23215 33361 6 143,17,47,98,60
14670 42566 7 58,20
33918 44152 6 177,7,21,104
8759 614 6 103,91,39,110,100
20658 7246 5 154,87,59,104,146,34,184,152
4058 7208 7 119,18,87,84,10,69
16348 4542 6 100,178,142,15,141,61,34,21
9531 41945 7 104,136,18
19173 25944 5 64,67,39,131,216,12
1889 5484 6 19,58
14031 4405 5 141,156,66,84,149,115,130
42412 20134 7 41,83,89,15
5873 35041 7 48,81,62,111,62
37256 12741 7 20,181,95,58,128,184
28292 32366 7 163,10,8,41,29,34,119,58
1605 5177 5 120,204,93,10,51
33107 37584 5 21,58,59,28,56
42964 14218 7 19,129,49,102,17,67
41933 40971 7 162,105,178
10294 14625 5 110,104,112,29,9,132,66
16705 35380 5 195,144,18,19
15252 40994 7 107,39
36811 461 7 83,45,58
5637 5220 7 56,133,104
43769 20033 6 84,87,171,119,129
36317 41692 7 106,38,56,62,18
43430 41971 5 17,119,148
17103 15271 6 87,136,58,62
10859 1886 5 166,128,49,133
10862 30205 6 63,184,69,23
35662 8681 6 163,81,45,50,55,194,48,60
4242 9998 5 109,178,48,131
968 32416 6 41,56
24088 37694 5 129,184,103,116,131,115
20642 3791 5 39,40,119,56,179
22954 22924 6 177,81,21,19,35
2553 37702 5 211,48,104
23444 15049 7 140,185,100,100,103
21798 41787 5 141,48,107,35
5617 18652 6 67,114,100
40957 28757 5 185,146,108,178
17493 26212 6 128,19,104,109,58,60
27176 35601 5 51,142,120,185,87,58,27
41136 27768 6 102,36
39018 44975 5 84,15,113
31122 7272 5 156,16,41
18505 30543 6 56,111,36,19,116,113,39,15
10643 33889 7 18,119,131,60,105,83
12528 17993 6 23,129,30,66,17
44460 18142 5 103,18,185,163,26
11503 43980 5 58,131
36261 7499 7 19,63,48,60,128,49
28324 33658 6 140,63,17,185,91,8
6924 28186 5 47,129,30,179,91,58,185
33595 9249 7 117,119,119,105,19,81,9,51
40359 24764 5 87,144,64,119,98
19842 32815 5 102,7,142,17,36,48,48
34793 3380 7 132,102
10034 39424 6 8,65,30,37,34
25735 27055 7 19,59,177,48
44606 2596 6 66,162,104,211,111,156,68,39
16348 45456 5 149,104,152,54,12,183,136,62
33676 44794 5 185,56,179,32
40278 27724 5 133,16,28
6796 14375 7 18,64,23,45,84
42183 35850 5 50,67,160,149,163
31425 20591 7 66,194,130,43,40,22,81,167
21393 12182 5 84,194,33,62,67,107,51,10
44098 4959 7 91,136
43616 15247 5 108,20
31125 20998 5 58,74,105,40,111
21816 10635 6 65,81,25,104,129,17,177,65
23289 27503 7 108,95,51
38332 4048 6 10,87,179,145
21779 40490 6 108,130,115,120,10
43279 33452 6 33,45,102,182,178,129,81,55
8758 681 5 119,14
8483 28213 5 118,50,40,66
37129 45550 7 53,63,25,106,53,116,63
23328 21416 5 109,63,23,83,21,49,78,63
3570 30869 6 130,9,118,185,59
24433 37856 7 133,21,119
27694 20160 6 51,58,152
34982 4758 5 129,136,20,30,152,51,19
43553 15497 5 179,48,62,68,145,61
37135 23543 6 169,105,129,18,101
36564 45146 6 53,156,59,117,49
31056 4766 7 146,185
21132 14142 7 84,39,63
39326 11080 5 49,118,10,69,65,10,39,16
9134 30174 7 29,42,42,60,48,113,49
42400 25204 7 53,104,184,58
1220 10769 7 91,16,145
12543 34206 5 25,81,29,119,44,41,143
32571 6530 7 61,60,41
16365 26264 6 64,113,64,129,18
5833 20431 5 181,21,14,49,61
19886 21332 7 120,111
5683 42466 5 110,10,106,35,12,21,84,58
42344 38733 5 49,185,7,129,162,113
5707 40340 6 9,87,81,48,84
33180 169 5 211,163,119
1239 4472 7 130,65
39302 22070 7 18,84,83,28,65,129,101
27958 5026 7 82,10,99,59,7
17897 19031 6 169,110,10,166,65,110
24675 30176 7 130,49,185,9,104,25,19
43173 17505 7 61,104,24,51,136
43815 5764 5 182,67,142,182,62
33030 38848 6 145,51,21,41
44226 8848 7 204,21,23,69,7,135,21
32791 31100 7 60,33,37,61,57,16
307 41436 7 44,25,29,8,21,61,48,52
41222 40480 7 57,55,40,152,179,21,117
9331 35064 5 152,47,61,129,110,79,103,120
31477 27851 6 156,91,110,84,109
1071 24522 5 61,41,58
39954 8285 7 65,38,35,82,169,145
11402 29508 7 101,43,69,79,44,87,109
45716 19057 5 162,119,62
9343 20185 7 60,34,15,16,91,128,8
31091 36776 5 35,48,79,129,109,64
5146 10860 5 104,119
1549 24206 6 21,31,104,22
39920 28402 6 109,137,105
1193 39761 6 143,84,103,54
45031 3820 7 25,141,136
32397 33258 5 81,118,129,50
3154 32174 5 56,132,19,156
42991 17645 7 55,114,185
37856 25886 7 36,62,69,87,181,34
9574 13367 7 142,69,60,18,23,58,54
15232 8557 6 129,130
31370 13359 7 169,53,44,48,8
22231 19394 7 18,67,34,114,35
10277 8454 5 132,134,133,7
17239 20432 6 82,113
40349 42060 6 185,91,120,102
38714 32437 6 130,142,41,104,28
39460 42057 5 49,85
14371 26450 5 143,130,40,112,119
36990 26887 6 55,60,160,51,51,28
16420 2148 6 56,33,8
42145 3499 7 40,119,85,141,39,38,128,60
39024 34801 6 177,19,129,129,24,48
9392 23570 6 185,62,53,84,16,129
585 933 6 162,10,58
4036 8097 6 14,110,8,156,10,127,34
36273 29365 5 51,55,35
8929 11557 5 179,163,62
45217 32324 6 46,82,105,129,46,36,23
43567 9741 5 83,15,17,103
308 33875 5 65,9,49,120,139,69,62
14413 32071 6 195,161
43953 27410 5 61,143,28,136
44297 2514 6 167,85,181,75,24,62,28,25
12245 19638 7 25,17,39,82,45,35,22,29
19530 15889 5 44,56,53,58
9413 27988 5 59,132,39,21,119
19620 31178 7 28,62,62,185,52
25697 40067 6 155,19,134
18668 16216 5 216,87,145
15232 44774 6 51,58,37,129,162,49,113,21
37166 43122 6 51,44,56,35,25
37232 17153 6 140,58,20,23
4648 24957 5 130,178,28,61,49
40532 45285 7 44,10,142,36,111,49,80
7093 37594 6 62,82,57,109
33274 36659 7 84,35,83,39,194,25,35,111
16395 21092 7 82,185,84,50
36340 30311 6 12,160,41,104,35,20,28
6124 10540 7 41,33,18,21,81,104,130,18
6967 24796 5 117,118,62,49,59,44,16
34269 16443 7 176,14,129,19
6628 36466 6 21,156,128,83,155,63,163,61
37649 23128 6 59,185,63,65
2858 5747 5 36,14
783 43412 5 14,35,153,185
39861 19782 7 112,59,83,120,85,63,55
43222 19376 6 58,60,36,102,62
40607 18345 6 129,48,117,16,82
13185 36328 5 81,39,116,17,30,61
38226 32043 5 82,185,78,47,182
26720 43953 5 85,44
23246 16683 5 158,119,40,18,39,129,60,61
11062 44739 7 46,145,111,83,61,184,178
5682 31341 6 49,19,8,178,19,44,58
30937 12983 5 30,45,132
23994 10467 7 182,7,181,129,59,43,20
37858 18486 6 115,29,104,28,103,116,118,183
2279 26753 5 163,184,120,136,63
11606 34319 7 87,29,57,83
31773 3826 5 19,184,30,201,162,30,117,42
7277 30275 6 62,20
29281 39632 5 21,96
6196 19989 7 133,82,42
11554 17297 5 109,102
25397 3087 5 38,83,21
31084 45012 5 40,98,76,106,84,84
10476 3713 5 29,18
36407 41381 7 144,65,110
21929 37326 7 60,30,131,145,49,8,110,53
28452 12288 5 131,22,62,27
26793 200 7 31,199,88,178,24
38582 22523 6 20,87,99,105,111
18193 21747 7 179,118,181,110,87
29947 34494 5 184,81,10,28,44,182,140,48
10815 21928 7 48,21,62,185,91,48,160
29276 13319 7 101,49
10190 26710 6 46,120,18,49,49
44564 18684 5 82,61
18853 6386 7 20,10,120,29
26931 9755 6 104,104,63
25698 35226 6 29,56,119,182,83,49,156
584 6894 5 57,22,182,9
16664 13361 6 30,41,105
36639 12173 7 106,162,152,51,42,17,63
31553 38777 6 17,130,103,149,30,48,41,108
15986 31722 5 63,27
37001 9386 6 149,185,81,103,69
41733 25218 6 44,57,21,146,27,15,140
30434 38279 5 14,178,51,185
18865 22566 5 179,130,105,35,50,103
2567 4659 7 79,129,61,104,146,84
33188 32105 7 87,61,104,63,178
33318 30838 5 10,109,108,55,85
4817 34182 5 16,39,116
21944 42752 6 131,101
19640 2660 6 107,179,34,52,120,82,104,45
19874 20115 6 185,106,46,83,20
749 2255 5 8,20,103
12343 36706 5 103,151,46,53,114
37340 27736 6 95,12,60,8,102,21,84,116
10215 35273 5 24,185,56,62,57
34505 15316 6 163,107,114,60,83
35475 31867 6 10,16,194,33,51,61,60
16434 17742 7 216,59,83,41
38569 13989 6 104,85,104,49,136,17,211,113
13856 28060 7 49,83,178,16,66,22,129
41583 15174 7 61,63,179,14,48
3756 8247 5 41,63,66,59,59,65,14
5834 39050 5 129,109,20,116,85,82
42645 29012 6 55,20,101,184,129
951 16124 5 185,50,139,128,18,103,48,102
18096 42168 6 38,113,8
7858 33070 7 68,105,101,64
19749 44269 6 111,10,85,136,43,32
16502 16324 5 49,20,57,118,54,64,18
22954 7613 6 48,163,77,111,127
4288 8360 5 85,134,47,18,58
7257 6587 6 34,106,109,83
20236 45674 7 52,69
37794 37830 6 181,42
4364 10521 5 104,42,80,113
43634 38851 7 35,181,15,129,103,144,23
32729 1905 7 12,20
38802 3786 5 18,34,160,37
5283 33575 5 104,66,142,144,49,101,89
559 40615 7 178,49,56
13494 17458 7 87,132,211,79,7,160,49,49
28589 43462 5 184,130,108,113,200
27782 19853 6 61,9,37,55
16886 9297 7 66,87,14,62
14755 24732 6 56,129,19,84,14
15266 4678 7 185,118,61
20576 33552 5 36,85
2763 30167 5 163,111,152,114,33,57,84
29897 815 7 119,132
42122 39143 5 135,14,91,119,45,132
20293 35715 7 19,52,40,94,178,60
16850 946 7 12,145,87,116,158
28450 4158 7 18,27,63,14,184,23,129,110
26893 17792 7 110,130,43,181
42861 20733 6 37,102,134,48,120,54
1658 12389 5 14,61,116,33,63,34,114
41309 3486 6 17,68,45,156,30,22,18
7567 284 7 178,60,119,120,179
15894 15072 5 160,81,105,81,182,135,9
970 23502 7 58,58,83,81
14376 1484 7 163,58
9194 7260 7 83,26,45,23,59,84,120,50
24608 26894 7 16,53,9,47,10,145,15,182
3636 7803 5 96,12,91,139,112,93,134,177
22169 36325 6 28,49,103,67
9631 10824 6 99,181,129,48,19,45
26655 9031 5 59,119,49
17317 12977 7 21,9,93,149,108,84
13747 38593 7 63,103,49,101
42129 7824 6 29,131,140
27566 29035 5 64,31
30584 41084 7 107,185,148,109,45,104,61,39
26703 3467 7 39,169,179,145,33,177
12517 21836 7 114,78,131,46
35151 19450 6 185,112,58,31,119,45,47
586 24212 5 61,52
3501 16870 5 108,68
11245 7526 6 28,87,62
6785 26314 6 104,182,145,44,178,50,101
6248 17622 7 14,56
34577 27153 7 14,56,30,15,48
21968 3951 6 41,83,132,146,104,60
21056 15305 7 136,66
40120 21810 6 37,90,179,46,160,80,151,41
291 1780 6 83,21
33391 41262 6 115,18,58,21,185,64,185,35
38515 38441 5 53,159,60,65
10617 28264 6 129,169,132,104,37,95,49
21764 37548 6 27,59,119,20,30,15,63
10046 7317 7 119,156,23,19,30,53
35795 36570 6 29,58,37,169,62,44
7225 33800 6 82,169,146,17,178
22492 11375 5 104,87
45062 10047 6 107,141
13273 4780 5 82,140,85,103,31,113
10748 17837 5 63,63,32,40,105,130,16
45532 37358 6 104,17
30550 24754 6 82,132
40608 41257 6 18,38,91,28,64
3569 1768 5 179,22
33241 34252 6 12,44,38,178,78
42764 31133 7 149,169,152,104,163,30,185,63
37795 40911 6 53,114,83,129,184,117,62
36677 6457 6 46,42,52,163,114,48
43767 21510 6 18,102,43,37
16469 38159 7 63,195
10759 34332 5 25,7
25368 21726 5 47,160,83,17,129
39516 44867 7 104,66,146,19,110
4169 43006 5 22,103,129,37,154,84,142
19201 13697 6 109,119
1633 11799 6 119,53,20,65
6089 43065 7 185,87,40,113,216,22,119,44
43441 17340 5 9,146,144,157
5049 39927 7 48,117,149,58,59
19517 33684 7 109,25
39456 7962 5 49,63,61,106,59,169
29045 38800 5 101,49,39,152
24339 41912 7 194,46
33366 24163 7 40,44,110,49,118
19282 41579 6 76,10,53,55,9,36,18
33703 10677 7 19,9,33,18,110,69,102
20903 28221 7 77,14,135,16,109,80,66
19373 13880 5 137,48,51,181
24819 10410 6 35,177,156,98,101,21
24252 21961 5 24,85,182,105,30,113,40
40025 30438 6 60,160,129,14,79,35,54
42583 15765 7 194,53,105,103,126,44,58,31
19775 38143 7 47,24,76,81,20,109
13168 12090 7 179,178
1769 28392 6 16,18,185,58,182,50
24995 30354 5 58,51,44,103,59,169,83,60
27465 530 7 20,103,144,103,49,9,200
22163 27403 5 46,17,14,54,18
15043 17907 5 81,24,45
14557 14048 6 104,108,64
95 8940 5 47,19
1563 40303 7 58,20,9,119,25,102
21568 22873 5 66,65,27,20,50,104,169
4611 16921 7 62,62,82,162,116,119
20011 14624 5 153,33,129,183
43170 7347 6 169,54,34,7,182,116
44908 42692 6 109,83,20
16634 45717 5 195,58,25,135,45,63
3432 19238 7 22,103,109,119,41,64
1516 28931 7 115,146,24,111,35,134,185,132
14741 14742 6 40,9,181,30,130,20,140,132
43523 44786 6 185,44,107,91,8,83,182
6186 28299 7 7,161,42,21,36,129
40323 33642 5 19,179,25,130
30615 28954 6 34,37,78,82,60,58
15881 24300 5 26,29,37,52,144,16
576 43253 7 48,39,83
24181 21692 7 49,82,61,100,61,64
9536 19020 5 21,85,68,45,52,69,29,60
10541 41152 5 110,42,27,16,64,30
29544 18802 7 48,16,52,117,29
20532 24987 5 24,89,104
40447 2021 7 103,39,83
665 13305 5 44,83,115,17,32,27,114
40805 17020 5 120,108,9,68,83,69,12,81
30210 6155 5 38,162
20759 23660 7 32,96,116,83,20,106,111,17
10675 39073 5 181,118,96,105,28,49,146
35499 36660 5 63,104
36240 24398 6 45,49,103,49
39450 34894 7 110,18,184,23,16,181,106,113
1802 10309 7 53,80,111,62,79,28,87
34297 11624 5 20,119,144
30092 38928 5 69,83,28,62,63,62,117,41
45197 40087 5 20,62,105,48,47,114
35937 37388 5 105,102,118,119,22
143 12440 6 44,199,109,42,143,40,179,82
17679 9931 7 194,111,52,185,135
943 2616 7 9,58,20,85,185,10,41
2196 27689 5 109,39
703 16858 7 46,105,85,8
25343 25207 6 185,62,113,40,91,69,40,83
7390 18049 6 103,83,15,66,52,101,178
15586 11736 7 161,179,14,119,120,119
523 5145 6 23,149,58,129
27609 5778 7 104,104,38
21762 32614 7 129,118,129,47,87
9083 19854 6 83,83,185,108,41,30,84
18706 32670 7 56,69,61,85,114,143
22480 45044 6 60,54,129,57,9,113,104,162
6694 6158 7 81,44,195,21,49,56,49,185
20088 6031 7 136,115,48,132,81,111,179
42748 4270 6 103,132,194,22,119,20,48,216
8173 41059 5 30,61,134,129,95,105
13134 43846 7 23,82,46,185,28
33120 29030 5 140,181,44,52,104,53,19,194
20776 43407 7 44,20,53,194,185
3263 20827 7 64,55,203,131,49,129,104,87
15314 14987 7 9,48,118,50,37,48,113,144
28709 4401 5 6,149,41,18,112,119,105
19722 39991 5 101,83,41,43,119,109,46
24554 11000 6 15,184,48,18,7,89,62,23
3716 28243 6 41,184,18,82,63,84,107
29100 42387 7 149,104
29854 3812 5 108,16,64,27,41,114,68,48
23605 18963 5 19,104,103,189,178,185
15087 37251 5 74,85,18,16,16,9
946 41858 7 163,50,48
29741 33122 5 84,188,53,26,178,129,194
18859 6115 7 44,111,109,48,134,48
28007 8598 6 85,12,105,142
18139 10865 5 106,45,136,144,177,114,118
13930 26501 6 24,195,162,24,85,111,14
9636 27157 6 35,133,120
36680 7107 5 169,12,128,156
31198 8326 6 23,63,119,69,48,179
36164 3344 5 184,60,23,118,42,112
15873 3474 5 85,183,114,35,105
28102 4457 6 98,63
22234 6998 6 101,87,66,63,65
5113 37144 6 83,15,51,135
41690 44562 5 181,38,59,50,64,48,37
33399 3736 5 54,30,10,62,169,49,31
28465 13180 6 8,39,61,18,162,44
28999 39256 5 185,69,179,53
44024 14880 7 47,16,184,15,46
18230 26176 5 18,211,181,29,58,103,178
40345 3082 5 177,39,19,102,185,103
15369 14123 5 69,12,62,56,67,163,48,33
35971 38006 7 141,69,18,85,183
21120 29011 5 129,18,21,57,63,12
5159 35027 6 80,36,62,36,60,14,185,21
31506 21634 5 183,27,129,56,57,102,129,69
31576 4074 5 19,65,33,23,63,87,129
811 23950 5 156,84,12,160
38055 28080 5 194,104,83,49
30566 37591 5 49,47,104
10995 44998 7 83,81
35402 42296 5 48,143,65,195,47,37
34444 43581 5 24,18
15500 22783 7 47,136,109,14,135
23259 34385 7 77,8,47,38,83,64,66
3827 15504 7 108,181,66,185,169,20,38
6167 37892 5 107,109,119,65,34,119,29
16974 13100 7 194,42,23,18,61,55
42827 10480 7 81,58,129,10,87,9,42
15218 15875 7 183,113,132,163,84,20,176,178
22139 6430 7 60,142,133,73,10,64
10144 37495 7 66,48,42,119,54,66
24348 28183 5 104,67,44,22,40,91
34282 10306 5 114,163,162,51,93,60,82
8751 13592 5 21,146,43,104
19245 17999 5 104,103,87,85,100,119
40825 18748 5 28,51,65
9744 14184 6 44,109,34,111,62,114,183
6351 22186 7 29,62,179,33,139,49,132,22
29963 7516 6 52,87,61,67
8427 35923 7 49,83
2301 36358 7 53,148
15895 13188 6 52,81,136,25,48
12068 16032 5 22,62
7074 8364 6 31,169,23,102,81
37563 1133 6 18,15
22968 19258 5 211,23,58,184,185,63,58
32041 16297 5 66,104,69,100,67,185,131
29564 44865 7 152,73,106,136,46,87,67
20854 21779 6 119,25,129,35,35,131,155,141
43366 21524 5 102,58,103,60,149,169,154,52
33793 38574 5 59,120
17290 21750 5 7,24,114
2002 42736 7 49,62,41,63
17238 34823 5 83,58,132,47,138,46,119
18533 29605 5 102,53,39
14358 38427 6 91,115,49,31
34113 40495 7 67,145,34,105,53,211,89
22177 35777 5 129,53,28
396 3097 5 103,81,102,47,96,22,66,129
28321 39252 5 58,63,20,119
45100 43402 7 65,26,54,10,64,108
2386 17428 6 10,142,15
31766 21660 7 43,22,14,61,130,185,7
44339 36864 7 105,48
35847 27860 6 103,10,20
30073 6360 7 15,62,162
2964 25050 5 113,102,162,51,34,66
40247 30459 6 30,82,34,12,31,23,129
43680 19132 5 33,32,178,20,28
10124 32715 5 39,57,104,104
23686 3865 6 61,184,183
3102 21443 7 20,142,179,21,131,9,185,20
8809 25269 6 17,26,135,95,63
528 21638 6 79,129,37,68,62,60
36414 447 6 58,82,63,129,119,52
35675 26935 7 29,185,53,185,49,39,19,82
21380 41556 6 128,37,50,97
9304 5216 5 185,146,44
26233 43044 5 52,48,83,16,129
19236 27101 5 25,60,63,29,21,21
13811 7376 5 104,132,84,113
3874 14252 5 23,19,156,58
41294 27734 6 54,42,50,163,158
27004 40148 5 139,45,84,45,19,31,119,37
35841 19755 6 110,25,110,120,28
38717 41061 5 83,68
5612 41085 7 21,53
1066 11120 5 41,57,129,85,22
7326 8892 6 35,83,120,131,7,184,34,53
14909 21842 5 39,131,185,90,79,58,131
22703 44183 7 31,7,23,157,103
1497 20930 7 194,61
2508 34391 6 27,64
27129 6287 5 113,135,26,49,108,119
1242 15970 7 84,152,156
24553 27147 5 45,35
39449 4510 6 37,17,69,33,18,83
26527 26812 7 113,9,178,192,16,67
